as_of_date,from_date,to_date,window_days,stock_id,name,rank_side,rank_no,broker_name,broker_id,buy_lot,sell_lot,net_lot,avg_price,source,source_url
2026-07-29,2026-07-01,2026-07-29,20,5227,立凱-KY,buy,1,摩根大通,8440,1726.0,1000.0,726.0,,moneydj,https://fubon-ebrokerdj.fbs.com.tw/z/zc/zco/zco.djhtm?a=5227&e=2026-7-1&f=2026-7-29
2026-07-29,2026-07-01,2026-07-29,20,5227,立凱-KY,sell,1,永豐金-南投,9A9M,2.0,1020.0,1018.0,,moneydj,https://fubon-ebrokerdj.fbs.com.tw/z/zc/zco/zco.djhtm?a=5227&e=2026-7-1&f=2026-7-29
2026-07-29,2026-07-01,2026-07-29,20,5227,立凱-KY,buy,2,國泰證券,8880,688.0,5.0,683.0,,moneydj,https://fubon-ebrokerdj.fbs.com.tw/z/zc/zco/zco.djhtm?a=5227&e=2026-7-1&f=2026-7-29
2026-07-29,2026-07-01,2026-07-29,20,5227,立凱-KY,sell,2,富邦-青埔,961N,3.0,589.0,586.0,,moneydj,https://fubon-ebrokerdj.fbs.com.tw/z/zc/zco/zco.djhtm?a=5227&e=2026-7-1&f=2026-7-29
2026-07-29,2026-07-01,2026-07-29,20,5227,立凱-KY,buy,3,台灣摩根士丹利,1470,878.0,319.0,559.0,,moneydj,https://fubon-ebrokerdj.fbs.com.tw/z/zc/zco/zco.djhtm?a=5227&e=2026-7-1&f=2026-7-29
2026-07-29,2026-07-01,2026-07-29,20,5227,立凱-KY,sell,3,第一金-台中,5382,63.0,491.0,428.0,,moneydj,https://fubon-ebrokerdj.fbs.com.tw/z/zc/zco/zco.djhtm?a=5227&e=2026-7-1&f=2026-7-29
2026-07-29,2026-07-01,2026-07-29,20,5227,立凱-KY,buy,4,致和-金華,7034,541.0,6.0,535.0,,moneydj,https://fubon-ebrokerdj.fbs.com.tw/z/zc/zco/zco.djhtm?a=5227&e=2026-7-1&f=2026-7-29
2026-07-29,2026-07-01,2026-07-29,20,5227,立凱-KY,sell,4,統一,5850,331.0,583.0,252.0,,moneydj,https://fubon-ebrokerdj.fbs.com.tw/z/zc/zco/zco.djhtm?a=5227&e=2026-7-1&f=2026-7-29
2026-07-29,2026-07-01,2026-07-29,20,5227,立凱-KY,buy,5,富邦-仁愛,9676,549.0,44.0,505.0,,moneydj,https://fubon-ebrokerdj.fbs.com.tw/z/zc/zco/zco.djhtm?a=5227&e=2026-7-1&f=2026-7-29
2026-07-29,2026-07-01,2026-07-29,20,5227,立凱-KY,sell,5,玉山證券,8840,12.0,243.0,231.0,,moneydj,https://fubon-ebrokerdj.fbs.com.tw/z/zc/zco/zco.djhtm?a=5227&e=2026-7-1&f=2026-7-29
2026-07-29,2026-07-01,2026-07-29,20,5227,立凱-KY,buy,6,中國信託-忠孝,6162,503.0,53.0,450.0,,moneydj,https://fubon-ebrokerdj.fbs.com.tw/z/zc/zco/zco.djhtm?a=5227&e=2026-7-1&f=2026-7-29
2026-07-29,2026-07-01,2026-07-29,20,5227,立凱-KY,sell,6,國泰-敦南,8888,217.0,446.0,229.0,,moneydj,https://fubon-ebrokerdj.fbs.com.tw/z/zc/zco/zco.djhtm?a=5227&e=2026-7-1&f=2026-7-29
2026-07-29,2026-07-01,2026-07-29,20,5227,立凱-KY,buy,7,群益金鼎-大安,918e,493.0,120.0,373.0,,moneydj,https://fubon-ebrokerdj.fbs.com.tw/z/zc/zco/zco.djhtm?a=5227&e=2026-7-1&f=2026-7-29
2026-07-29,2026-07-01,2026-07-29,20,5227,立凱-KY,sell,7,新光,8560,125.0,342.0,217.0,,moneydj,https://fubon-ebrokerdj.fbs.com.tw/z/zc/zco/zco.djhtm?a=5227&e=2026-7-1&f=2026-7-29
2026-07-29,2026-07-01,2026-07-29,20,5227,立凱-KY,buy,8,新加坡商瑞銀,1650,844.0,492.0,352.0,,moneydj,https://fubon-ebrokerdj.fbs.com.tw/z/zc/zco/zco.djhtm?a=5227&e=2026-7-1&f=2026-7-29
2026-07-29,2026-07-01,2026-07-29,20,5227,立凱-KY,sell,8,華南永昌-竹北,9339,2.0,205.0,203.0,,moneydj,https://fubon-ebrokerdj.fbs.com.tw/z/zc/zco/zco.djhtm?a=5227&e=2026-7-1&f=2026-7-29
2026-07-29,2026-07-01,2026-07-29,20,5227,立凱-KY,buy,9,港商野村,1560,415.0,64.0,351.0,,moneydj,https://fubon-ebrokerdj.fbs.com.tw/z/zc/zco/zco.djhtm?a=5227&e=2026-7-1&f=2026-7-29
2026-07-29,2026-07-01,2026-07-29,20,5227,立凱-KY,sell,9,宏遠-台南,126D,0.0,202.0,202.0,,moneydj,https://fubon-ebrokerdj.fbs.com.tw/z/zc/zco/zco.djhtm?a=5227&e=2026-7-1&f=2026-7-29
2026-07-29,2026-07-01,2026-07-29,20,5227,立凱-KY,buy,10,美商高盛,1480,497.0,151.0,346.0,,moneydj,https://fubon-ebrokerdj.fbs.com.tw/z/zc/zco/zco.djhtm?a=5227&e=2026-7-1&f=2026-7-29
2026-07-29,2026-07-01,2026-07-29,20,5227,立凱-KY,sell,10,土銀-台中,1031,0.0,193.0,193.0,,moneydj,https://fubon-ebrokerdj.fbs.com.tw/z/zc/zco/zco.djhtm?a=5227&e=2026-7-1&f=2026-7-29
2026-07-29,2026-07-01,2026-07-29,20,9958,世紀鋼,buy,1,統一-新竹,5857,947.0,373.0,574.0,,moneydj,https://fubon-ebrokerdj.fbs.com.tw/z/zc/zco/zco.djhtm?a=9958&e=2026-7-1&f=2026-7-29
2026-07-29,2026-07-01,2026-07-29,20,9958,世紀鋼,sell,1,台灣摩根士丹利,1470,1569.0,2519.0,950.0,,moneydj,https://fubon-ebrokerdj.fbs.com.tw/z/zc/zco/zco.djhtm?a=9958&e=2026-7-1&f=2026-7-29
2026-07-29,2026-07-01,2026-07-29,20,9958,世紀鋼,buy,2,美林,1440,939.0,487.0,452.0,,moneydj,https://fubon-ebrokerdj.fbs.com.tw/z/zc/zco/zco.djhtm?a=9958&e=2026-7-1&f=2026-7-29
2026-07-29,2026-07-01,2026-07-29,20,9958,世紀鋼,sell,2,元大-土城永寧,9875,23.0,815.0,792.0,,moneydj,https://fubon-ebrokerdj.fbs.com.tw/z/zc/zco/zco.djhtm?a=9958&e=2026-7-1&f=2026-7-29
2026-07-29,2026-07-01,2026-07-29,20,9958,世紀鋼,buy,3,元大證券,9800,2364.0,2025.0,339.0,,moneydj,https://fubon-ebrokerdj.fbs.com.tw/z/zc/zco/zco.djhtm?a=9958&e=2026-7-1&f=2026-7-29
2026-07-29,2026-07-01,2026-07-29,20,9958,世紀鋼,sell,3,宏遠證券,1260,10.0,530.0,520.0,,moneydj,https://fubon-ebrokerdj.fbs.com.tw/z/zc/zco/zco.djhtm?a=9958&e=2026-7-1&f=2026-7-29
2026-07-29,2026-07-01,2026-07-29,20,9958,世紀鋼,buy,4,花旗環球,1590,525.0,206.0,319.0,,moneydj,https://fubon-ebrokerdj.fbs.com.tw/z/zc/zco/zco.djhtm?a=9958&e=2026-7-1&f=2026-7-29
2026-07-29,2026-07-01,2026-07-29,20,9958,世紀鋼,sell,4,新加坡商瑞銀,1650,761.0,1064.0,303.0,,moneydj,https://fubon-ebrokerdj.fbs.com.tw/z/zc/zco/zco.djhtm?a=9958&e=2026-7-1&f=2026-7-29
2026-07-29,2026-07-01,2026-07-29,20,9958,世紀鋼,buy,5,台新,9B00,590.0,295.0,295.0,,moneydj,https://fubon-ebrokerdj.fbs.com.tw/z/zc/zco/zco.djhtm?a=9958&e=2026-7-1&f=2026-7-29
2026-07-29,2026-07-01,2026-07-29,20,9958,世紀鋼,sell,5,凱基-三重,9205,83.0,302.0,219.0,,moneydj,https://fubon-ebrokerdj.fbs.com.tw/z/zc/zco/zco.djhtm?a=9958&e=2026-7-1&f=2026-7-29
2026-07-29,2026-07-01,2026-07-29,20,9958,世紀鋼,buy,6,摩根大通,8440,1359.0,1070.0,289.0,,moneydj,https://fubon-ebrokerdj.fbs.com.tw/z/zc/zco/zco.djhtm?a=9958&e=2026-7-1&f=2026-7-29
2026-07-29,2026-07-01,2026-07-29,20,9958,世紀鋼,sell,6,永豐金-大園,9A98,77.0,244.0,167.0,,moneydj,https://fubon-ebrokerdj.fbs.com.tw/z/zc/zco/zco.djhtm?a=9958&e=2026-7-1&f=2026-7-29
2026-07-29,2026-07-01,2026-07-29,20,9958,世紀鋼,buy,7,元大-沙鹿,980d,200.0,48.0,152.0,,moneydj,https://fubon-ebrokerdj.fbs.com.tw/z/zc/zco/zco.djhtm?a=9958&e=2026-7-1&f=2026-7-29
2026-07-29,2026-07-01,2026-07-29,20,9958,世紀鋼,sell,7,第一金-忠孝,538D,15.0,179.0,164.0,,moneydj,https://fubon-ebrokerdj.fbs.com.tw/z/zc/zco/zco.djhtm?a=9958&e=2026-7-1&f=2026-7-29
2026-07-29,2026-07-01,2026-07-29,20,9958,世紀鋼,buy,8,永豐金證券,9A00,335.0,194.0,141.0,,moneydj,https://fubon-ebrokerdj.fbs.com.tw/z/zc/zco/zco.djhtm?a=9958&e=2026-7-1&f=2026-7-29
2026-07-29,2026-07-01,2026-07-29,20,9958,世紀鋼,sell,8,元大-土城,9897,60.0,209.0,149.0,,moneydj,https://fubon-ebrokerdj.fbs.com.tw/z/zc/zco/zco.djhtm?a=9958&e=2026-7-1&f=2026-7-29
2026-07-29,2026-07-01,2026-07-29,20,9958,世紀鋼,buy,9,(牛牛牛)亞-鑫豐,601d,270.0,129.0,141.0,,moneydj,https://fubon-ebrokerdj.fbs.com.tw/z/zc/zco/zco.djhtm?a=9958&e=2026-7-1&f=2026-7-29
2026-07-29,2026-07-01,2026-07-29,20,9958,世紀鋼,sell,9,永豐金-匯立,9A81,22.0,155.0,133.0,,moneydj,https://fubon-ebrokerdj.fbs.com.tw/z/zc/zco/zco.djhtm?a=9958&e=2026-7-1&f=2026-7-29
2026-07-29,2026-07-01,2026-07-29,20,9958,世紀鋼,buy,10,大昌-新店,6464,161.0,26.0,135.0,,moneydj,https://fubon-ebrokerdj.fbs.com.tw/z/zc/zco/zco.djhtm?a=9958&e=2026-7-1&f=2026-7-29
2026-07-29,2026-07-01,2026-07-29,20,9958,世紀鋼,sell,10,大昌-樹林,6461,17.0,138.0,121.0,,moneydj,https://fubon-ebrokerdj.fbs.com.tw/z/zc/zco/zco.djhtm?a=9958&e=2026-7-1&f=2026-7-29
2026-07-29,2026-07-01,2026-07-29,20,2880,華南金,buy,1,元大證券,9800,78552.0,17919.0,60633.0,,moneydj,https://fubon-ebrokerdj.fbs.com.tw/z/zc/zco/zco.djhtm?a=2880&e=2026-7-1&f=2026-7-29
2026-07-29,2026-07-01,2026-07-29,20,2880,華南金,sell,1,台灣摩根士丹利,1470,27979.0,63806.0,35827.0,,moneydj,https://fubon-ebrokerdj.fbs.com.tw/z/zc/zco/zco.djhtm?a=2880&e=2026-7-1&f=2026-7-29
2026-07-29,2026-07-01,2026-07-29,20,2880,華南金,buy,2,永豐金證券,9A00,38759.0,11907.0,26852.0,,moneydj,https://fubon-ebrokerdj.fbs.com.tw/z/zc/zco/zco.djhtm?a=2880&e=2026-7-1&f=2026-7-29
2026-07-29,2026-07-01,2026-07-29,20,2880,華南金,sell,2,台中銀-台北,6115,13.0,17127.0,17114.0,,moneydj,https://fubon-ebrokerdj.fbs.com.tw/z/zc/zco/zco.djhtm?a=2880&e=2026-7-1&f=2026-7-29
2026-07-29,2026-07-01,2026-07-29,20,2880,華南金,buy,3,富邦證券,9600,23517.0,2879.0,20638.0,,moneydj,https://fubon-ebrokerdj.fbs.com.tw/z/zc/zco/zco.djhtm?a=2880&e=2026-7-1&f=2026-7-29
2026-07-29,2026-07-01,2026-07-29,20,2880,華南金,sell,3,凱基-台北,9268,27427.0,38647.0,11220.0,,moneydj,https://fubon-ebrokerdj.fbs.com.tw/z/zc/zco/zco.djhtm?a=2880&e=2026-7-1&f=2026-7-29
2026-07-29,2026-07-01,2026-07-29,20,2880,華南金,buy,4,國泰證券,8880,19240.0,1380.0,17860.0,,moneydj,https://fubon-ebrokerdj.fbs.com.tw/z/zc/zco/zco.djhtm?a=2880&e=2026-7-1&f=2026-7-29
2026-07-29,2026-07-01,2026-07-29,20,2880,華南金,sell,4,美林,1440,12475.0,22003.0,9528.0,,moneydj,https://fubon-ebrokerdj.fbs.com.tw/z/zc/zco/zco.djhtm?a=2880&e=2026-7-1&f=2026-7-29
2026-07-29,2026-07-01,2026-07-29,20,2880,華南金,buy,5,土銀,1030,7281.0,28.0,7253.0,,moneydj,https://fubon-ebrokerdj.fbs.com.tw/z/zc/zco/zco.djhtm?a=2880&e=2026-7-1&f=2026-7-29
2026-07-29,2026-07-01,2026-07-29,20,2880,華南金,sell,5,摩根大通,8440,39363.0,43807.0,4444.0,,moneydj,https://fubon-ebrokerdj.fbs.com.tw/z/zc/zco/zco.djhtm?a=2880&e=2026-7-1&f=2026-7-29
2026-07-29,2026-07-01,2026-07-29,20,2880,華南金,buy,6,港商麥格理,1360,6199.0,463.0,5736.0,,moneydj,https://fubon-ebrokerdj.fbs.com.tw/z/zc/zco/zco.djhtm?a=2880&e=2026-7-1&f=2026-7-29
2026-07-29,2026-07-01,2026-07-29,20,2880,華南金,sell,6,美商高盛,1480,22440.0,26698.0,4258.0,,moneydj,https://fubon-ebrokerdj.fbs.com.tw/z/zc/zco/zco.djhtm?a=2880&e=2026-7-1&f=2026-7-29
2026-07-29,2026-07-01,2026-07-29,20,2880,華南金,buy,7,台新-台北,9B20,5546.0,91.0,5455.0,,moneydj,https://fubon-ebrokerdj.fbs.com.tw/z/zc/zco/zco.djhtm?a=2880&e=2026-7-1&f=2026-7-29
2026-07-29,2026-07-01,2026-07-29,20,2880,華南金,sell,7,香港上海匯豐,8960,2156.0,5015.0,2859.0,,moneydj,https://fubon-ebrokerdj.fbs.com.tw/z/zc/zco/zco.djhtm?a=2880&e=2026-7-1&f=2026-7-29
2026-07-29,2026-07-01,2026-07-29,20,2880,華南金,buy,8,群益金鼎,9100,9311.0,4342.0,4969.0,,moneydj,https://fubon-ebrokerdj.fbs.com.tw/z/zc/zco/zco.djhtm?a=2880&e=2026-7-1&f=2026-7-29
2026-07-29,2026-07-01,2026-07-29,20,2880,華南金,sell,8,玉山-左營,884D,56.0,1430.0,1374.0,,moneydj,https://fubon-ebrokerdj.fbs.com.tw/z/zc/zco/zco.djhtm?a=2880&e=2026-7-1&f=2026-7-29
2026-07-29,2026-07-01,2026-07-29,20,2880,華南金,buy,9,華南永昌,9300,5205.0,1550.0,3655.0,,moneydj,https://fubon-ebrokerdj.fbs.com.tw/z/zc/zco/zco.djhtm?a=2880&e=2026-7-1&f=2026-7-29
2026-07-29,2026-07-01,2026-07-29,20,2880,華南金,sell,9,華南永昌-桃園,9352,61.0,1419.0,1358.0,,moneydj,https://fubon-ebrokerdj.fbs.com.tw/z/zc/zco/zco.djhtm?a=2880&e=2026-7-1&f=2026-7-29
2026-07-29,2026-07-01,2026-07-29,20,2880,華南金,buy,10,臺銀,1040,3564.0,286.0,3278.0,,moneydj,https://fubon-ebrokerdj.fbs.com.tw/z/zc/zco/zco.djhtm?a=2880&e=2026-7-1&f=2026-7-29
2026-07-29,2026-07-01,2026-07-29,20,2880,華南金,sell,10,合庫證券,1020,120.0,1360.0,1240.0,,moneydj,https://fubon-ebrokerdj.fbs.com.tw/z/zc/zco/zco.djhtm?a=2880&e=2026-7-1&f=2026-7-29
2026-07-29,2026-07-01,2026-07-29,20,1799,易威,buy,1,元大-金門,981N,321.0,91.0,230.0,,moneydj,https://fubon-ebrokerdj.fbs.com.tw/z/zc/zco/zco.djhtm?a=1799&e=2026-7-1&f=2026-7-29
2026-07-29,2026-07-01,2026-07-29,20,1799,易威,sell,1,德信,6910,2.0,166.0,164.0,,moneydj,https://fubon-ebrokerdj.fbs.com.tw/z/zc/zco/zco.djhtm?a=1799&e=2026-7-1&f=2026-7-29
2026-07-29,2026-07-01,2026-07-29,20,1799,易威,buy,2,合庫-鳳山,1029,152.0,0.0,152.0,,moneydj,https://fubon-ebrokerdj.fbs.com.tw/z/zc/zco/zco.djhtm?a=1799&e=2026-7-1&f=2026-7-29
2026-07-29,2026-07-01,2026-07-29,20,1799,易威,sell,2,富邦-北港,969C,11.0,121.0,110.0,,moneydj,https://fubon-ebrokerdj.fbs.com.tw/z/zc/zco/zco.djhtm?a=1799&e=2026-7-1&f=2026-7-29
2026-07-29,2026-07-01,2026-07-29,20,1799,易威,buy,3,凱基-永華,9235,149.0,0.0,149.0,,moneydj,https://fubon-ebrokerdj.fbs.com.tw/z/zc/zco/zco.djhtm?a=1799&e=2026-7-1&f=2026-7-29
2026-07-29,2026-07-01,2026-07-29,20,1799,易威,sell,3,美林,1440,189.0,294.0,105.0,,moneydj,https://fubon-ebrokerdj.fbs.com.tw/z/zc/zco/zco.djhtm?a=1799&e=2026-7-1&f=2026-7-29
2026-07-29,2026-07-01,2026-07-29,20,1799,易威,buy,4,國泰-高雄,8881,102.0,0.0,102.0,,moneydj,https://fubon-ebrokerdj.fbs.com.tw/z/zc/zco/zco.djhtm?a=1799&e=2026-7-1&f=2026-7-29
2026-07-29,2026-07-01,2026-07-29,20,1799,易威,sell,4,富邦-三重,9677,1.0,74.0,73.0,,moneydj,https://fubon-ebrokerdj.fbs.com.tw/z/zc/zco/zco.djhtm?a=1799&e=2026-7-1&f=2026-7-29
2026-07-29,2026-07-01,2026-07-29,20,1799,易威,buy,5,群益金鼎-嘉義,918M,73.0,0.0,73.0,,moneydj,https://fubon-ebrokerdj.fbs.com.tw/z/zc/zco/zco.djhtm?a=1799&e=2026-7-1&f=2026-7-29
2026-07-29,2026-07-01,2026-07-29,20,1799,易威,sell,5,元大-文心,9868,22.0,83.0,61.0,,moneydj,https://fubon-ebrokerdj.fbs.com.tw/z/zc/zco/zco.djhtm?a=1799&e=2026-7-1&f=2026-7-29
2026-07-29,2026-07-01,2026-07-29,20,1799,易威,buy,6,中國信託-嘉義,6168,70.0,0.0,70.0,,moneydj,https://fubon-ebrokerdj.fbs.com.tw/z/zc/zco/zco.djhtm?a=1799&e=2026-7-1&f=2026-7-29
2026-07-29,2026-07-01,2026-07-29,20,1799,易威,sell,6,台新-高雄,9B1g,6.0,61.0,55.0,,moneydj,https://fubon-ebrokerdj.fbs.com.tw/z/zc/zco/zco.djhtm?a=1799&e=2026-7-1&f=2026-7-29
2026-07-29,2026-07-01,2026-07-29,20,1799,易威,buy,7,元大-新店中正,984C,51.0,0.0,51.0,,moneydj,https://fubon-ebrokerdj.fbs.com.tw/z/zc/zco/zco.djhtm?a=1799&e=2026-7-1&f=2026-7-29
2026-07-29,2026-07-01,2026-07-29,20,1799,易威,sell,7,新光,8560,16.0,70.0,54.0,,moneydj,https://fubon-ebrokerdj.fbs.com.tw/z/zc/zco/zco.djhtm?a=1799&e=2026-7-1&f=2026-7-29
2026-07-29,2026-07-01,2026-07-29,20,1799,易威,buy,8,國票-天祥,779V,52.0,3.0,49.0,,moneydj,https://fubon-ebrokerdj.fbs.com.tw/z/zc/zco/zco.djhtm?a=1799&e=2026-7-1&f=2026-7-29
2026-07-29,2026-07-01,2026-07-29,20,1799,易威,sell,8,富邦-陽明,9604,3.0,50.0,47.0,,moneydj,https://fubon-ebrokerdj.fbs.com.tw/z/zc/zco/zco.djhtm?a=1799&e=2026-7-1&f=2026-7-29
2026-07-29,2026-07-01,2026-07-29,20,1799,易威,buy,9,元大-桃園,988B,45.0,2.0,43.0,,moneydj,https://fubon-ebrokerdj.fbs.com.tw/z/zc/zco/zco.djhtm?a=1799&e=2026-7-1&f=2026-7-29
2026-07-29,2026-07-01,2026-07-29,20,1799,易威,sell,9,玉山-大里,884J,0.0,42.0,42.0,,moneydj,https://fubon-ebrokerdj.fbs.com.tw/z/zc/zco/zco.djhtm?a=1799&e=2026-7-1&f=2026-7-29
2026-07-29,2026-07-01,2026-07-29,20,1799,易威,buy,10,台灣摩根士丹利,1470,122.0,82.0,40.0,,moneydj,https://fubon-ebrokerdj.fbs.com.tw/z/zc/zco/zco.djhtm?a=1799&e=2026-7-1&f=2026-7-29
2026-07-29,2026-07-01,2026-07-29,20,1799,易威,sell,10,富邦-板橋,9655,1.0,38.0,37.0,,moneydj,https://fubon-ebrokerdj.fbs.com.tw/z/zc/zco/zco.djhtm?a=1799&e=2026-7-1&f=2026-7-29
2026-07-29,2026-07-01,2026-07-29,20,2892,第一金,buy,1,國泰證券,8880,112920.0,1941.0,110979.0,,moneydj,https://fubon-ebrokerdj.fbs.com.tw/z/zc/zco/zco.djhtm?a=2892&e=2026-7-1&f=2026-7-29
2026-07-29,2026-07-01,2026-07-29,20,2892,第一金,sell,1,台灣摩根士丹利,1470,47061.0,103526.0,56465.0,,moneydj,https://fubon-ebrokerdj.fbs.com.tw/z/zc/zco/zco.djhtm?a=2892&e=2026-7-1&f=2026-7-29
2026-07-29,2026-07-01,2026-07-29,20,2892,第一金,buy,2,台新,9B00,40527.0,895.0,39632.0,,moneydj,https://fubon-ebrokerdj.fbs.com.tw/z/zc/zco/zco.djhtm?a=2892&e=2026-7-1&f=2026-7-29
2026-07-29,2026-07-01,2026-07-29,20,2892,第一金,sell,2,美商高盛,1480,57629.0,97997.0,40368.0,,moneydj,https://fubon-ebrokerdj.fbs.com.tw/z/zc/zco/zco.djhtm?a=2892&e=2026-7-1&f=2026-7-29
2026-07-29,2026-07-01,2026-07-29,20,2892,第一金,buy,3,富邦證券,9600,38955.0,1226.0,37729.0,,moneydj,https://fubon-ebrokerdj.fbs.com.tw/z/zc/zco/zco.djhtm?a=2892&e=2026-7-1&f=2026-7-29
2026-07-29,2026-07-01,2026-07-29,20,2892,第一金,sell,3,元大-敦南,989P,22.0,34795.0,34773.0,,moneydj,https://fubon-ebrokerdj.fbs.com.tw/z/zc/zco/zco.djhtm?a=2892&e=2026-7-1&f=2026-7-29
2026-07-29,2026-07-01,2026-07-29,20,2892,第一金,buy,4,群益金鼎,9100,25472.0,3974.0,21498.0,,moneydj,https://fubon-ebrokerdj.fbs.com.tw/z/zc/zco/zco.djhtm?a=2892&e=2026-7-1&f=2026-7-29
2026-07-29,2026-07-01,2026-07-29,20,2892,第一金,sell,4,美林,1440,20414.0,50555.0,30141.0,,moneydj,https://fubon-ebrokerdj.fbs.com.tw/z/zc/zco/zco.djhtm?a=2892&e=2026-7-1&f=2026-7-29
2026-07-29,2026-07-01,2026-07-29,20,2892,第一金,buy,5,永豐金證券,9A00,21788.0,1967.0,19821.0,,moneydj,https://fubon-ebrokerdj.fbs.com.tw/z/zc/zco/zco.djhtm?a=2892&e=2026-7-1&f=2026-7-29
2026-07-29,2026-07-01,2026-07-29,20,2892,第一金,sell,5,凱基,9200,25632.0,38267.0,12635.0,,moneydj,https://fubon-ebrokerdj.fbs.com.tw/z/zc/zco/zco.djhtm?a=2892&e=2026-7-1&f=2026-7-29
2026-07-29,2026-07-01,2026-07-29,20,2892,第一金,buy,6,元大證券,9800,45500.0,30448.0,15052.0,,moneydj,https://fubon-ebrokerdj.fbs.com.tw/z/zc/zco/zco.djhtm?a=2892&e=2026-7-1&f=2026-7-29
2026-07-29,2026-07-01,2026-07-29,20,2892,第一金,sell,6,凱基-台北,9268,47545.0,56201.0,8656.0,,moneydj,https://fubon-ebrokerdj.fbs.com.tw/z/zc/zco/zco.djhtm?a=2892&e=2026-7-1&f=2026-7-29
2026-07-29,2026-07-01,2026-07-29,20,2892,第一金,buy,7,國票-敦北法人,779c,10486.0,187.0,10299.0,,moneydj,https://fubon-ebrokerdj.fbs.com.tw/z/zc/zco/zco.djhtm?a=2892&e=2026-7-1&f=2026-7-29
2026-07-29,2026-07-01,2026-07-29,20,2892,第一金,sell,7,第一金-中山,5389,83.0,5110.0,5027.0,,moneydj,https://fubon-ebrokerdj.fbs.com.tw/z/zc/zco/zco.djhtm?a=2892&e=2026-7-1&f=2026-7-29
2026-07-29,2026-07-01,2026-07-29,20,2892,第一金,buy,8,土銀,1030,9905.0,195.0,9710.0,,moneydj,https://fubon-ebrokerdj.fbs.com.tw/z/zc/zco/zco.djhtm?a=2892&e=2026-7-1&f=2026-7-29
2026-07-29,2026-07-01,2026-07-29,20,2892,第一金,sell,8,玉山-高雄,8843,660.0,3946.0,3286.0,,moneydj,https://fubon-ebrokerdj.fbs.com.tw/z/zc/zco/zco.djhtm?a=2892&e=2026-7-1&f=2026-7-29
2026-07-29,2026-07-01,2026-07-29,20,2892,第一金,buy,9,永豐金-匯立,9A81,11021.0,1352.0,9669.0,,moneydj,https://fubon-ebrokerdj.fbs.com.tw/z/zc/zco/zco.djhtm?a=2892&e=2026-7-1&f=2026-7-29
2026-07-29,2026-07-01,2026-07-29,20,2892,第一金,sell,9,第一金-忠孝,538D,333.0,3392.0,3059.0,,moneydj,https://fubon-ebrokerdj.fbs.com.tw/z/zc/zco/zco.djhtm?a=2892&e=2026-7-1&f=2026-7-29
2026-07-29,2026-07-01,2026-07-29,20,2892,第一金,buy,10,港商麥格理,1360,11980.0,2481.0,9499.0,,moneydj,https://fubon-ebrokerdj.fbs.com.tw/z/zc/zco/zco.djhtm?a=2892&e=2026-7-1&f=2026-7-29
2026-07-29,2026-07-01,2026-07-29,20,2892,第一金,sell,10,京城-嘉義,8492,101.0,3097.0,2996.0,,moneydj,https://fubon-ebrokerdj.fbs.com.tw/z/zc/zco/zco.djhtm?a=2892&e=2026-7-1&f=2026-7-29
2026-07-29,2026-07-01,2026-07-29,20,6186,新潤,buy,1,美商高盛,1480,1290.0,404.0,886.0,,moneydj,https://fubon-ebrokerdj.fbs.com.tw/z/zc/zco/zco.djhtm?a=6186&e=2026-7-1&f=2026-7-29
2026-07-29,2026-07-01,2026-07-29,20,6186,新潤,sell,1,玉山-士林,884A,2.0,365.0,363.0,,moneydj,https://fubon-ebrokerdj.fbs.com.tw/z/zc/zco/zco.djhtm?a=6186&e=2026-7-1&f=2026-7-29
2026-07-29,2026-07-01,2026-07-29,20,6186,新潤,buy,2,華南永昌-台中,9302,593.0,6.0,587.0,,moneydj,https://fubon-ebrokerdj.fbs.com.tw/z/zc/zco/zco.djhtm?a=6186&e=2026-7-1&f=2026-7-29
2026-07-29,2026-07-01,2026-07-29,20,6186,新潤,sell,2,群益金鼎-丹鳳,918s,0.0,311.0,311.0,,moneydj,https://fubon-ebrokerdj.fbs.com.tw/z/zc/zco/zco.djhtm?a=6186&e=2026-7-1&f=2026-7-29
2026-07-29,2026-07-01,2026-07-29,20,6186,新潤,buy,3,台灣摩根士丹利,1470,778.0,393.0,385.0,,moneydj,https://fubon-ebrokerdj.fbs.com.tw/z/zc/zco/zco.djhtm?a=6186&e=2026-7-1&f=2026-7-29
2026-07-29,2026-07-01,2026-07-29,20,6186,新潤,sell,3,凱基-台北,9268,1078.0,1380.0,302.0,,moneydj,https://fubon-ebrokerdj.fbs.com.tw/z/zc/zco/zco.djhtm?a=6186&e=2026-7-1&f=2026-7-29
2026-07-29,2026-07-01,2026-07-29,20,6186,新潤,buy,4,新加坡商瑞銀,1650,654.0,462.0,192.0,,moneydj,https://fubon-ebrokerdj.fbs.com.tw/z/zc/zco/zco.djhtm?a=6186&e=2026-7-1&f=2026-7-29
2026-07-29,2026-07-01,2026-07-29,20,6186,新潤,sell,4,摩根大通,8440,405.0,582.0,177.0,,moneydj,https://fubon-ebrokerdj.fbs.com.tw/z/zc/zco/zco.djhtm?a=6186&e=2026-7-1&f=2026-7-29
2026-07-29,2026-07-01,2026-07-29,20,6186,新潤,buy,5,兆豐證券,7000,176.0,0.0,176.0,,moneydj,https://fubon-ebrokerdj.fbs.com.tw/z/zc/zco/zco.djhtm?a=6186&e=2026-7-1&f=2026-7-29
2026-07-29,2026-07-01,2026-07-29,20,6186,新潤,sell,5,中國信託-忠孝,6162,92.0,240.0,148.0,,moneydj,https://fubon-ebrokerdj.fbs.com.tw/z/zc/zco/zco.djhtm?a=6186&e=2026-7-1&f=2026-7-29
2026-07-29,2026-07-01,2026-07-29,20,6186,新潤,buy,6,港商野村,1560,283.0,136.0,147.0,,moneydj,https://fubon-ebrokerdj.fbs.com.tw/z/zc/zco/zco.djhtm?a=6186&e=2026-7-1&f=2026-7-29
2026-07-29,2026-07-01,2026-07-29,20,6186,新潤,sell,6,元大-內湖民權,9867,42.0,166.0,124.0,,moneydj,https://fubon-ebrokerdj.fbs.com.tw/z/zc/zco/zco.djhtm?a=6186&e=2026-7-1&f=2026-7-29
2026-07-29,2026-07-01,2026-07-29,20,6186,新潤,buy,7,國泰-館前,888A,207.0,77.0,130.0,,moneydj,https://fubon-ebrokerdj.fbs.com.tw/z/zc/zco/zco.djhtm?a=6186&e=2026-7-1&f=2026-7-29
2026-07-29,2026-07-01,2026-07-29,20,6186,新潤,sell,7,元大-蘆洲,9857,90.0,214.0,124.0,,moneydj,https://fubon-ebrokerdj.fbs.com.tw/z/zc/zco/zco.djhtm?a=6186&e=2026-7-1&f=2026-7-29
2026-07-29,2026-07-01,2026-07-29,20,6186,新潤,buy,8,元大-大里德芳,983W,124.0,2.0,122.0,,moneydj,https://fubon-ebrokerdj.fbs.com.tw/z/zc/zco/zco.djhtm?a=6186&e=2026-7-1&f=2026-7-29
2026-07-29,2026-07-01,2026-07-29,20,6186,新潤,sell,8,中國信託-永康,6163,5.0,108.0,103.0,,moneydj,https://fubon-ebrokerdj.fbs.com.tw/z/zc/zco/zco.djhtm?a=6186&e=2026-7-1&f=2026-7-29
2026-07-29,2026-07-01,2026-07-29,20,6186,新潤,buy,9,國泰-敦南,8888,384.0,283.0,101.0,,moneydj,https://fubon-ebrokerdj.fbs.com.tw/z/zc/zco/zco.djhtm?a=6186&e=2026-7-1&f=2026-7-29
2026-07-29,2026-07-01,2026-07-29,20,6186,新潤,sell,9,元大-竹科,980K,4.0,103.0,99.0,,moneydj,https://fubon-ebrokerdj.fbs.com.tw/z/zc/zco/zco.djhtm?a=6186&e=2026-7-1&f=2026-7-29
2026-07-29,2026-07-01,2026-07-29,20,6186,新潤,buy,10,國票-中和,779X,119.0,37.0,82.0,,moneydj,https://fubon-ebrokerdj.fbs.com.tw/z/zc/zco/zco.djhtm?a=6186&e=2026-7-1&f=2026-7-29
2026-07-29,2026-07-01,2026-07-29,20,6186,新潤,sell,10,群益金鼎-開元,9134,3.0,102.0,99.0,,moneydj,https://fubon-ebrokerdj.fbs.com.tw/z/zc/zco/zco.djhtm?a=6186&e=2026-7-1&f=2026-7-29
2026-07-29,2026-07-01,2026-07-29,20,3605,宏致,buy,1,美商高盛,1480,14013.0,9411.0,4602.0,,moneydj,https://fubon-ebrokerdj.fbs.com.tw/z/zc/zco/zco.djhtm?a=3605&e=2026-7-1&f=2026-7-29
2026-07-29,2026-07-01,2026-07-29,20,3605,宏致,sell,1,台新-屏新,9B2q,816.0,1861.0,1045.0,,moneydj,https://fubon-ebrokerdj.fbs.com.tw/z/zc/zco/zco.djhtm?a=3605&e=2026-7-1&f=2026-7-29
2026-07-29,2026-07-01,2026-07-29,20,3605,宏致,buy,2,台灣摩根士丹利,1470,8817.0,5697.0,3120.0,,moneydj,https://fubon-ebrokerdj.fbs.com.tw/z/zc/zco/zco.djhtm?a=3605&e=2026-7-1&f=2026-7-29
2026-07-29,2026-07-01,2026-07-29,20,3605,宏致,sell,2,元大-大天母,9893,242.0,770.0,528.0,,moneydj,https://fubon-ebrokerdj.fbs.com.tw/z/zc/zco/zco.djhtm?a=3605&e=2026-7-1&f=2026-7-29
2026-07-29,2026-07-01,2026-07-29,20,3605,宏致,buy,3,美林,1440,4898.0,3215.0,1683.0,,moneydj,https://fubon-ebrokerdj.fbs.com.tw/z/zc/zco/zco.djhtm?a=3605&e=2026-7-1&f=2026-7-29
2026-07-29,2026-07-01,2026-07-29,20,3605,宏致,sell,3,元大-板橋,989C,201.0,607.0,406.0,,moneydj,https://fubon-ebrokerdj.fbs.com.tw/z/zc/zco/zco.djhtm?a=3605&e=2026-7-1&f=2026-7-29
2026-07-29,2026-07-01,2026-07-29,20,3605,宏致,buy,4,摩根大通,8440,9136.0,7504.0,1632.0,,moneydj,https://fubon-ebrokerdj.fbs.com.tw/z/zc/zco/zco.djhtm?a=3605&e=2026-7-1&f=2026-7-29
2026-07-29,2026-07-01,2026-07-29,20,3605,宏致,sell,4,新光,8560,1309.0,1668.0,359.0,,moneydj,https://fubon-ebrokerdj.fbs.com.tw/z/zc/zco/zco.djhtm?a=3605&e=2026-7-1&f=2026-7-29
2026-07-29,2026-07-01,2026-07-29,20,3605,宏致,buy,5,元大證券,9800,20360.0,19280.0,1080.0,,moneydj,https://fubon-ebrokerdj.fbs.com.tw/z/zc/zco/zco.djhtm?a=3605&e=2026-7-1&f=2026-7-29
2026-07-29,2026-07-01,2026-07-29,20,3605,宏致,sell,5,台新-高雄,9B1g,535.0,859.0,324.0,,moneydj,https://fubon-ebrokerdj.fbs.com.tw/z/zc/zco/zco.djhtm?a=3605&e=2026-7-1&f=2026-7-29
2026-07-29,2026-07-01,2026-07-29,20,3605,宏致,buy,6,永豐金證券,9A00,3085.0,2030.0,1055.0,,moneydj,https://fubon-ebrokerdj.fbs.com.tw/z/zc/zco/zco.djhtm?a=3605&e=2026-7-1&f=2026-7-29
2026-07-29,2026-07-01,2026-07-29,20,3605,宏致,sell,6,台灣企銀-九如,1113,27.0,308.0,281.0,,moneydj,https://fubon-ebrokerdj.fbs.com.tw/z/zc/zco/zco.djhtm?a=3605&e=2026-7-1&f=2026-7-29
2026-07-29,2026-07-01,2026-07-29,20,3605,宏致,buy,7,新加坡商瑞銀,1650,6494.0,5570.0,924.0,,moneydj,https://fubon-ebrokerdj.fbs.com.tw/z/zc/zco/zco.djhtm?a=3605&e=2026-7-1&f=2026-7-29
2026-07-29,2026-07-01,2026-07-29,20,3605,宏致,sell,7,國泰-敦南,8888,4059.0,4331.0,272.0,,moneydj,https://fubon-ebrokerdj.fbs.com.tw/z/zc/zco/zco.djhtm?a=3605&e=2026-7-1&f=2026-7-29
2026-07-29,2026-07-01,2026-07-29,20,3605,宏致,buy,8,台新,9B00,2688.0,2107.0,581.0,,moneydj,https://fubon-ebrokerdj.fbs.com.tw/z/zc/zco/zco.djhtm?a=3605&e=2026-7-1&f=2026-7-29
2026-07-29,2026-07-01,2026-07-29,20,3605,宏致,sell,8,新光-台中,8561,599.0,841.0,242.0,,moneydj,https://fubon-ebrokerdj.fbs.com.tw/z/zc/zco/zco.djhtm?a=3605&e=2026-7-1&f=2026-7-29
2026-07-29,2026-07-01,2026-07-29,20,3605,宏致,buy,9,港商野村,1560,2198.0,1655.0,543.0,,moneydj,https://fubon-ebrokerdj.fbs.com.tw/z/zc/zco/zco.djhtm?a=3605&e=2026-7-1&f=2026-7-29
2026-07-29,2026-07-01,2026-07-29,20,3605,宏致,sell,9,統一-城中,5854,91.0,330.0,239.0,,moneydj,https://fubon-ebrokerdj.fbs.com.tw/z/zc/zco/zco.djhtm?a=3605&e=2026-7-1&f=2026-7-29
2026-07-29,2026-07-01,2026-07-29,20,3605,宏致,buy,10,元大-新莊,9898,791.0,272.0,519.0,,moneydj,https://fubon-ebrokerdj.fbs.com.tw/z/zc/zco/zco.djhtm?a=3605&e=2026-7-1&f=2026-7-29
2026-07-29,2026-07-01,2026-07-29,20,3605,宏致,sell,10,元大-發財,981E,163.0,373.0,210.0,,moneydj,https://fubon-ebrokerdj.fbs.com.tw/z/zc/zco/zco.djhtm?a=3605&e=2026-7-1&f=2026-7-29
2026-07-29,2026-07-01,2026-07-29,20,3135,凌航,buy,1,摩根大通,8440,1651.0,1426.0,225.0,,moneydj,https://fubon-ebrokerdj.fbs.com.tw/z/zc/zco/zco.djhtm?a=3135&e=2026-7-1&f=2026-7-29
2026-07-29,2026-07-01,2026-07-29,20,3135,凌航,sell,1,群益金鼎-高雄,9183,60.0,416.0,356.0,,moneydj,https://fubon-ebrokerdj.fbs.com.tw/z/zc/zco/zco.djhtm?a=3135&e=2026-7-1&f=2026-7-29
2026-07-29,2026-07-01,2026-07-29,20,3135,凌航,buy,2,凱基-台北,9268,3299.0,3154.0,145.0,,moneydj,https://fubon-ebrokerdj.fbs.com.tw/z/zc/zco/zco.djhtm?a=3135&e=2026-7-1&f=2026-7-29
2026-07-29,2026-07-01,2026-07-29,20,3135,凌航,sell,2,元大-蘆洲中正,989I,49.0,384.0,335.0,,moneydj,https://fubon-ebrokerdj.fbs.com.tw/z/zc/zco/zco.djhtm?a=3135&e=2026-7-1&f=2026-7-29
2026-07-29,2026-07-01,2026-07-29,20,3135,凌航,buy,3,凱基-站前,920F,223.0,83.0,140.0,,moneydj,https://fubon-ebrokerdj.fbs.com.tw/z/zc/zco/zco.djhtm?a=3135&e=2026-7-1&f=2026-7-29
2026-07-29,2026-07-01,2026-07-29,20,3135,凌航,sell,3,台灣摩根士丹利,1470,1040.0,1276.0,236.0,,moneydj,https://fubon-ebrokerdj.fbs.com.tw/z/zc/zco/zco.djhtm?a=3135&e=2026-7-1&f=2026-7-29
2026-07-29,2026-07-01,2026-07-29,20,3135,凌航,buy,4,元大-土城學府,9822,179.0,46.0,133.0,,moneydj,https://fubon-ebrokerdj.fbs.com.tw/z/zc/zco/zco.djhtm?a=3135&e=2026-7-1&f=2026-7-29
2026-07-29,2026-07-01,2026-07-29,20,3135,凌航,sell,4,富邦-嘉義,9692,86.0,208.0,122.0,,moneydj,https://fubon-ebrokerdj.fbs.com.tw/z/zc/zco/zco.djhtm?a=3135&e=2026-7-1&f=2026-7-29
2026-07-29,2026-07-01,2026-07-29,20,3135,凌航,buy,5,富邦-八德,963A,120.0,30.0,90.0,,moneydj,https://fubon-ebrokerdj.fbs.com.tw/z/zc/zco/zco.djhtm?a=3135&e=2026-7-1&f=2026-7-29
2026-07-29,2026-07-01,2026-07-29,20,3135,凌航,sell,5,富邦-宜蘭,9686,164.0,285.0,121.0,,moneydj,https://fubon-ebrokerdj.fbs.com.tw/z/zc/zco/zco.djhtm?a=3135&e=2026-7-1&f=2026-7-29
2026-07-29,2026-07-01,2026-07-29,20,3135,凌航,buy,6,凱基-中壢,9285,180.0,92.0,88.0,,moneydj,https://fubon-ebrokerdj.fbs.com.tw/z/zc/zco/zco.djhtm?a=3135&e=2026-7-1&f=2026-7-29
2026-07-29,2026-07-01,2026-07-29,20,3135,凌航,sell,6,美商高盛,1480,1354.0,1464.0,110.0,,moneydj,https://fubon-ebrokerdj.fbs.com.tw/z/zc/zco/zco.djhtm?a=3135&e=2026-7-1&f=2026-7-29
2026-07-29,2026-07-01,2026-07-29,20,3135,凌航,buy,7,兆豐-南門,700g,185.0,101.0,84.0,,moneydj,https://fubon-ebrokerdj.fbs.com.tw/z/zc/zco/zco.djhtm?a=3135&e=2026-7-1&f=2026-7-29
2026-07-29,2026-07-01,2026-07-29,20,3135,凌航,sell,7,美林,1440,157.0,261.0,104.0,,moneydj,https://fubon-ebrokerdj.fbs.com.tw/z/zc/zco/zco.djhtm?a=3135&e=2026-7-1&f=2026-7-29
2026-07-29,2026-07-01,2026-07-29,20,3135,凌航,buy,8,台新-台中,9B1h,120.0,51.0,69.0,,moneydj,https://fubon-ebrokerdj.fbs.com.tw/z/zc/zco/zco.djhtm?a=3135&e=2026-7-1&f=2026-7-29
2026-07-29,2026-07-01,2026-07-29,20,3135,凌航,sell,8,新光,8560,391.0,481.0,90.0,,moneydj,https://fubon-ebrokerdj.fbs.com.tw/z/zc/zco/zco.djhtm?a=3135&e=2026-7-1&f=2026-7-29
2026-07-29,2026-07-01,2026-07-29,20,3135,凌航,buy,9,(牛牛牛)亞-網路,6012,65.0,2.0,63.0,,moneydj,https://fubon-ebrokerdj.fbs.com.tw/z/zc/zco/zco.djhtm?a=3135&e=2026-7-1&f=2026-7-29
2026-07-29,2026-07-01,2026-07-29,20,3135,凌航,sell,9,統一-屏東,5859,4.0,82.0,78.0,,moneydj,https://fubon-ebrokerdj.fbs.com.tw/z/zc/zco/zco.djhtm?a=3135&e=2026-7-1&f=2026-7-29
2026-07-29,2026-07-01,2026-07-29,20,3135,凌航,buy,10,元大-汐止,989Q,89.0,30.0,59.0,,moneydj,https://fubon-ebrokerdj.fbs.com.tw/z/zc/zco/zco.djhtm?a=3135&e=2026-7-1&f=2026-7-29
2026-07-29,2026-07-01,2026-07-29,20,3135,凌航,sell,10,華南永昌-板橋,9349,35.0,108.0,73.0,,moneydj,https://fubon-ebrokerdj.fbs.com.tw/z/zc/zco/zco.djhtm?a=3135&e=2026-7-1&f=2026-7-29
2026-07-29,2026-07-01,2026-07-29,20,6598,ABC-KY,buy,1,台新-世貿,9B2u,417.0,160.0,257.0,,moneydj,https://fubon-ebrokerdj.fbs.com.tw/z/zc/zco/zco.djhtm?a=6598&e=2026-7-1&f=2026-7-29
2026-07-29,2026-07-01,2026-07-29,20,6598,ABC-KY,sell,1,元大-大天母,9893,1.0,828.0,827.0,,moneydj,https://fubon-ebrokerdj.fbs.com.tw/z/zc/zco/zco.djhtm?a=6598&e=2026-7-1&f=2026-7-29
2026-07-29,2026-07-01,2026-07-29,20,6598,ABC-KY,buy,2,富邦-陽明,9604,146.0,10.0,136.0,,moneydj,https://fubon-ebrokerdj.fbs.com.tw/z/zc/zco/zco.djhtm?a=6598&e=2026-7-1&f=2026-7-29
2026-07-29,2026-07-01,2026-07-29,20,6598,ABC-KY,sell,2,永豐金-南京,9A9S,1.0,285.0,284.0,,moneydj,https://fubon-ebrokerdj.fbs.com.tw/z/zc/zco/zco.djhtm?a=6598&e=2026-7-1&f=2026-7-29
2026-07-29,2026-07-01,2026-07-29,20,6598,ABC-KY,buy,3,中國信託,6160,134.0,4.0,130.0,,moneydj,https://fubon-ebrokerdj.fbs.com.tw/z/zc/zco/zco.djhtm?a=6598&e=2026-7-1&f=2026-7-29
2026-07-29,2026-07-01,2026-07-29,20,6598,ABC-KY,sell,3,永豐金-萬盛,9A92,22.0,228.0,206.0,,moneydj,https://fubon-ebrokerdj.fbs.com.tw/z/zc/zco/zco.djhtm?a=6598&e=2026-7-1&f=2026-7-29
2026-07-29,2026-07-01,2026-07-29,20,6598,ABC-KY,buy,4,富邦-永和,9654,197.0,69.0,128.0,,moneydj,https://fubon-ebrokerdj.fbs.com.tw/z/zc/zco/zco.djhtm?a=6598&e=2026-7-1&f=2026-7-29
2026-07-29,2026-07-01,2026-07-29,20,6598,ABC-KY,sell,4,玉山-城中,884E,2.0,117.0,115.0,,moneydj,https://fubon-ebrokerdj.fbs.com.tw/z/zc/zco/zco.djhtm?a=6598&e=2026-7-1&f=2026-7-29
2026-07-29,2026-07-01,2026-07-29,20,6598,ABC-KY,buy,5,台新-信義,9B2H,151.0,30.0,121.0,,moneydj,https://fubon-ebrokerdj.fbs.com.tw/z/zc/zco/zco.djhtm?a=6598&e=2026-7-1&f=2026-7-29
2026-07-29,2026-07-01,2026-07-29,20,6598,ABC-KY,sell,5,元大-敦南,989P,28.0,134.0,106.0,,moneydj,https://fubon-ebrokerdj.fbs.com.tw/z/zc/zco/zco.djhtm?a=6598&e=2026-7-1&f=2026-7-29
2026-07-29,2026-07-01,2026-07-29,20,6598,ABC-KY,buy,6,新光-台中,8561,183.0,70.0,113.0,,moneydj,https://fubon-ebrokerdj.fbs.com.tw/z/zc/zco/zco.djhtm?a=6598&e=2026-7-1&f=2026-7-29
2026-07-29,2026-07-01,2026-07-29,20,6598,ABC-KY,sell,6,宏遠-館前,126U,29.0,113.0,84.0,,moneydj,https://fubon-ebrokerdj.fbs.com.tw/z/zc/zco/zco.djhtm?a=6598&e=2026-7-1&f=2026-7-29
2026-07-29,2026-07-01,2026-07-29,20,6598,ABC-KY,buy,7,港商野村,1560,229.0,124.0,105.0,,moneydj,https://fubon-ebrokerdj.fbs.com.tw/z/zc/zco/zco.djhtm?a=6598&e=2026-7-1&f=2026-7-29
2026-07-29,2026-07-01,2026-07-29,20,6598,ABC-KY,sell,7,永豐金-羅東,9A9A,12.0,84.0,72.0,,moneydj,https://fubon-ebrokerdj.fbs.com.tw/z/zc/zco/zco.djhtm?a=6598&e=2026-7-1&f=2026-7-29
2026-07-29,2026-07-01,2026-07-29,20,6598,ABC-KY,buy,8,富邦-新店,9661,104.0,10.0,94.0,,moneydj,https://fubon-ebrokerdj.fbs.com.tw/z/zc/zco/zco.djhtm?a=6598&e=2026-7-1&f=2026-7-29
2026-07-29,2026-07-01,2026-07-29,20,6598,ABC-KY,sell,8,第一金-大稻埕,538F,68.0,131.0,63.0,,moneydj,https://fubon-ebrokerdj.fbs.com.tw/z/zc/zco/zco.djhtm?a=6598&e=2026-7-1&f=2026-7-29
2026-07-29,2026-07-01,2026-07-29,20,6598,ABC-KY,buy,9,富邦-木柵,961M,154.0,63.0,91.0,,moneydj,https://fubon-ebrokerdj.fbs.com.tw/z/zc/zco/zco.djhtm?a=6598&e=2026-7-1&f=2026-7-29
2026-07-29,2026-07-01,2026-07-29,20,6598,ABC-KY,sell,9,美商高盛,1480,202.0,264.0,62.0,,moneydj,https://fubon-ebrokerdj.fbs.com.tw/z/zc/zco/zco.djhtm?a=6598&e=2026-7-1&f=2026-7-29
2026-07-29,2026-07-01,2026-07-29,20,6598,ABC-KY,buy,10,摩根大通,8440,489.0,408.0,81.0,,moneydj,https://fubon-ebrokerdj.fbs.com.tw/z/zc/zco/zco.djhtm?a=6598&e=2026-7-1&f=2026-7-29
2026-07-29,2026-07-01,2026-07-29,20,6598,ABC-KY,sell,10,台新,9B00,123.0,184.0,61.0,,moneydj,https://fubon-ebrokerdj.fbs.com.tw/z/zc/zco/zco.djhtm?a=6598&e=2026-7-1&f=2026-7-29
2026-07-29,2026-07-01,2026-07-29,20,2886,兆豐金,buy,1,華南永昌,9300,65778.0,1260.0,64518.0,,moneydj,https://fubon-ebrokerdj.fbs.com.tw/z/zc/zco/zco.djhtm?a=2886&e=2026-7-1&f=2026-7-29
2026-07-29,2026-07-01,2026-07-29,20,2886,兆豐金,sell,1,美商高盛,1480,21856.0,63151.0,41295.0,,moneydj,https://fubon-ebrokerdj.fbs.com.tw/z/zc/zco/zco.djhtm?a=2886&e=2026-7-1&f=2026-7-29
2026-07-29,2026-07-01,2026-07-29,20,2886,兆豐金,buy,2,元大證券,9800,86514.0,41516.0,44998.0,,moneydj,https://fubon-ebrokerdj.fbs.com.tw/z/zc/zco/zco.djhtm?a=2886&e=2026-7-1&f=2026-7-29
2026-07-29,2026-07-01,2026-07-29,20,2886,兆豐金,sell,2,元大-敦南,989P,8.0,35774.0,35766.0,,moneydj,https://fubon-ebrokerdj.fbs.com.tw/z/zc/zco/zco.djhtm?a=2886&e=2026-7-1&f=2026-7-29
2026-07-29,2026-07-01,2026-07-29,20,2886,兆豐金,buy,3,富邦證券,9600,33670.0,4423.0,29247.0,,moneydj,https://fubon-ebrokerdj.fbs.com.tw/z/zc/zco/zco.djhtm?a=2886&e=2026-7-1&f=2026-7-29
2026-07-29,2026-07-01,2026-07-29,20,2886,兆豐金,sell,3,台灣摩根士丹利,1470,43311.0,76433.0,33122.0,,moneydj,https://fubon-ebrokerdj.fbs.com.tw/z/zc/zco/zco.djhtm?a=2886&e=2026-7-1&f=2026-7-29
2026-07-29,2026-07-01,2026-07-29,20,2886,兆豐金,buy,4,永豐金證券,9A00,28305.0,6617.0,21688.0,,moneydj,https://fubon-ebrokerdj.fbs.com.tw/z/zc/zco/zco.djhtm?a=2886&e=2026-7-1&f=2026-7-29
2026-07-29,2026-07-01,2026-07-29,20,2886,兆豐金,sell,4,凱基,9200,17128.0,42838.0,25710.0,,moneydj,https://fubon-ebrokerdj.fbs.com.tw/z/zc/zco/zco.djhtm?a=2886&e=2026-7-1&f=2026-7-29
2026-07-29,2026-07-01,2026-07-29,20,2886,兆豐金,buy,5,台新,9B00,23254.0,1679.0,21575.0,,moneydj,https://fubon-ebrokerdj.fbs.com.tw/z/zc/zco/zco.djhtm?a=2886&e=2026-7-1&f=2026-7-29
2026-07-29,2026-07-01,2026-07-29,20,2886,兆豐金,sell,5,凱基-台北,9268,41762.0,60718.0,18956.0,,moneydj,https://fubon-ebrokerdj.fbs.com.tw/z/zc/zco/zco.djhtm?a=2886&e=2026-7-1&f=2026-7-29
2026-07-29,2026-07-01,2026-07-29,20,2886,兆豐金,buy,6,新光,8560,22412.0,1695.0,20717.0,,moneydj,https://fubon-ebrokerdj.fbs.com.tw/z/zc/zco/zco.djhtm?a=2886&e=2026-7-1&f=2026-7-29
2026-07-29,2026-07-01,2026-07-29,20,2886,兆豐金,sell,6,台新-台北,9B20,1133.0,14143.0,13010.0,,moneydj,https://fubon-ebrokerdj.fbs.com.tw/z/zc/zco/zco.djhtm?a=2886&e=2026-7-1&f=2026-7-29
2026-07-29,2026-07-01,2026-07-29,20,2886,兆豐金,buy,7,國泰證券,8880,19777.0,1839.0,17938.0,,moneydj,https://fubon-ebrokerdj.fbs.com.tw/z/zc/zco/zco.djhtm?a=2886&e=2026-7-1&f=2026-7-29
2026-07-29,2026-07-01,2026-07-29,20,2886,兆豐金,sell,7,統一,5850,2488.0,12711.0,10223.0,,moneydj,https://fubon-ebrokerdj.fbs.com.tw/z/zc/zco/zco.djhtm?a=2886&e=2026-7-1&f=2026-7-29
2026-07-29,2026-07-01,2026-07-29,20,2886,兆豐金,buy,8,凱基-站前,920F,18547.0,1513.0,17034.0,,moneydj,https://fubon-ebrokerdj.fbs.com.tw/z/zc/zco/zco.djhtm?a=2886&e=2026-7-1&f=2026-7-29
2026-07-29,2026-07-01,2026-07-29,20,2886,兆豐金,sell,8,臺銀,1040,202.0,9430.0,9228.0,,moneydj,https://fubon-ebrokerdj.fbs.com.tw/z/zc/zco/zco.djhtm?a=2886&e=2026-7-1&f=2026-7-29
2026-07-29,2026-07-01,2026-07-29,20,2886,兆豐金,buy,9,中國信託,6160,13306.0,2336.0,10970.0,,moneydj,https://fubon-ebrokerdj.fbs.com.tw/z/zc/zco/zco.djhtm?a=2886&e=2026-7-1&f=2026-7-29
2026-07-29,2026-07-01,2026-07-29,20,2886,兆豐金,sell,9,港商麥格理,1360,4939.0,14056.0,9117.0,,moneydj,https://fubon-ebrokerdj.fbs.com.tw/z/zc/zco/zco.djhtm?a=2886&e=2026-7-1&f=2026-7-29
2026-07-29,2026-07-01,2026-07-29,20,2886,兆豐金,buy,10,群益金鼎,9100,20157.0,9254.0,10903.0,,moneydj,https://fubon-ebrokerdj.fbs.com.tw/z/zc/zco/zco.djhtm?a=2886&e=2026-7-1&f=2026-7-29
2026-07-29,2026-07-01,2026-07-29,20,2886,兆豐金,sell,10,美林,1440,21802.0,27377.0,5575.0,,moneydj,https://fubon-ebrokerdj.fbs.com.tw/z/zc/zco/zco.djhtm?a=2886&e=2026-7-1&f=2026-7-29
2026-07-29,2026-07-01,2026-07-29,20,8110,華東,buy,1,群益金鼎-高盛,9105,468.0,115.0,353.0,,moneydj,https://fubon-ebrokerdj.fbs.com.tw/z/zc/zco/zco.djhtm?a=8110&e=2026-7-1&f=2026-7-29
2026-07-29,2026-07-01,2026-07-29,20,8110,華東,sell,1,美商高盛,1480,3036.0,5850.0,2814.0,,moneydj,https://fubon-ebrokerdj.fbs.com.tw/z/zc/zco/zco.djhtm?a=8110&e=2026-7-1&f=2026-7-29
2026-07-29,2026-07-01,2026-07-29,20,8110,華東,buy,2,花旗環球,1590,807.0,505.0,302.0,,moneydj,https://fubon-ebrokerdj.fbs.com.tw/z/zc/zco/zco.djhtm?a=8110&e=2026-7-1&f=2026-7-29
2026-07-29,2026-07-01,2026-07-29,20,8110,華東,sell,2,元大-館前,984K,84.0,2446.0,2362.0,,moneydj,https://fubon-ebrokerdj.fbs.com.tw/z/zc/zco/zco.djhtm?a=8110&e=2026-7-1&f=2026-7-29
2026-07-29,2026-07-01,2026-07-29,20,8110,華東,buy,3,凱基-台北,9268,8063.0,7799.0,264.0,,moneydj,https://fubon-ebrokerdj.fbs.com.tw/z/zc/zco/zco.djhtm?a=8110&e=2026-7-1&f=2026-7-29
2026-07-29,2026-07-01,2026-07-29,20,8110,華東,sell,3,摩根大通,8440,1525.0,3298.0,1773.0,,moneydj,https://fubon-ebrokerdj.fbs.com.tw/z/zc/zco/zco.djhtm?a=8110&e=2026-7-1&f=2026-7-29
2026-07-29,2026-07-01,2026-07-29,20,8110,華東,buy,4,華南永昌-南京,9326,829.0,568.0,261.0,,moneydj,https://fubon-ebrokerdj.fbs.com.tw/z/zc/zco/zco.djhtm?a=8110&e=2026-7-1&f=2026-7-29
2026-07-29,2026-07-01,2026-07-29,20,8110,華東,sell,4,台灣摩根士丹利,1470,1554.0,3239.0,1685.0,,moneydj,https://fubon-ebrokerdj.fbs.com.tw/z/zc/zco/zco.djhtm?a=8110&e=2026-7-1&f=2026-7-29
2026-07-29,2026-07-01,2026-07-29,20,8110,華東,buy,5,新光-新竹,8563,509.0,252.0,257.0,,moneydj,https://fubon-ebrokerdj.fbs.com.tw/z/zc/zco/zco.djhtm?a=8110&e=2026-7-1&f=2026-7-29
2026-07-29,2026-07-01,2026-07-29,20,8110,華東,sell,5,新加坡商瑞銀,1650,3288.0,4483.0,1195.0,,moneydj,https://fubon-ebrokerdj.fbs.com.tw/z/zc/zco/zco.djhtm?a=8110&e=2026-7-1&f=2026-7-29
2026-07-29,2026-07-01,2026-07-29,20,8110,華東,buy,6,永豐金證券,9A00,1294.0,1058.0,236.0,,moneydj,https://fubon-ebrokerdj.fbs.com.tw/z/zc/zco/zco.djhtm?a=8110&e=2026-7-1&f=2026-7-29
2026-07-29,2026-07-01,2026-07-29,20,8110,華東,sell,6,元大證券,9800,6758.0,7872.0,1114.0,,moneydj,https://fubon-ebrokerdj.fbs.com.tw/z/zc/zco/zco.djhtm?a=8110&e=2026-7-1&f=2026-7-29
2026-07-29,2026-07-01,2026-07-29,20,8110,華東,buy,7,元大-莒光,981L,298.0,64.0,234.0,,moneydj,https://fubon-ebrokerdj.fbs.com.tw/z/zc/zco/zco.djhtm?a=8110&e=2026-7-1&f=2026-7-29
2026-07-29,2026-07-01,2026-07-29,20,8110,華東,sell,7,美林,1440,1719.0,2433.0,714.0,,moneydj,https://fubon-ebrokerdj.fbs.com.tw/z/zc/zco/zco.djhtm?a=8110&e=2026-7-1&f=2026-7-29
2026-07-29,2026-07-01,2026-07-29,20,8110,華東,buy,8,國泰-台南,8884,383.0,165.0,218.0,,moneydj,https://fubon-ebrokerdj.fbs.com.tw/z/zc/zco/zco.djhtm?a=8110&e=2026-7-1&f=2026-7-29
2026-07-29,2026-07-01,2026-07-29,20,8110,華東,sell,8,統一,5850,185.0,545.0,360.0,,moneydj,https://fubon-ebrokerdj.fbs.com.tw/z/zc/zco/zco.djhtm?a=8110&e=2026-7-1&f=2026-7-29
2026-07-29,2026-07-01,2026-07-29,20,8110,華東,buy,9,國票-安和,779Z,242.0,28.0,214.0,,moneydj,https://fubon-ebrokerdj.fbs.com.tw/z/zc/zco/zco.djhtm?a=8110&e=2026-7-1&f=2026-7-29
2026-07-29,2026-07-01,2026-07-29,20,8110,華東,sell,9,元大-台北,980h,61.0,416.0,355.0,,moneydj,https://fubon-ebrokerdj.fbs.com.tw/z/zc/zco/zco.djhtm?a=8110&e=2026-7-1&f=2026-7-29
2026-07-29,2026-07-01,2026-07-29,20,8110,華東,buy,10,國泰-桃園,8885,439.0,242.0,197.0,,moneydj,https://fubon-ebrokerdj.fbs.com.tw/z/zc/zco/zco.djhtm?a=8110&e=2026-7-1&f=2026-7-29
2026-07-29,2026-07-01,2026-07-29,20,8110,華東,sell,10,台新-城東,9B2r,151.0,407.0,256.0,,moneydj,https://fubon-ebrokerdj.fbs.com.tw/z/zc/zco/zco.djhtm?a=8110&e=2026-7-1&f=2026-7-29
2026-07-29,2026-07-01,2026-07-29,20,4930,燦星網,buy,1,摩根大通,8440,99.0,30.0,69.0,,moneydj,https://fubon-ebrokerdj.fbs.com.tw/z/zc/zco/zco.djhtm?a=4930&e=2026-7-1&f=2026-7-29
2026-07-29,2026-07-01,2026-07-29,20,4930,燦星網,sell,1,富邦-南員林,961R,49.0,182.0,133.0,,moneydj,https://fubon-ebrokerdj.fbs.com.tw/z/zc/zco/zco.djhtm?a=4930&e=2026-7-1&f=2026-7-29
2026-07-29,2026-07-01,2026-07-29,20,4930,燦星網,buy,2,合庫證券,1020,77.0,10.0,67.0,,moneydj,https://fubon-ebrokerdj.fbs.com.tw/z/zc/zco/zco.djhtm?a=4930&e=2026-7-1&f=2026-7-29
2026-07-29,2026-07-01,2026-07-29,20,4930,燦星網,sell,2,臺銀-民權,1043,0.0,86.0,86.0,,moneydj,https://fubon-ebrokerdj.fbs.com.tw/z/zc/zco/zco.djhtm?a=4930&e=2026-7-1&f=2026-7-29
2026-07-29,2026-07-01,2026-07-29,20,4930,燦星網,buy,3,國泰-敦南,8888,87.0,35.0,52.0,,moneydj,https://fubon-ebrokerdj.fbs.com.tw/z/zc/zco/zco.djhtm?a=4930&e=2026-7-1&f=2026-7-29
2026-07-29,2026-07-01,2026-07-29,20,4930,燦星網,sell,3,元大-府城,980u,0.0,78.0,78.0,,moneydj,https://fubon-ebrokerdj.fbs.com.tw/z/zc/zco/zco.djhtm?a=4930&e=2026-7-1&f=2026-7-29
2026-07-29,2026-07-01,2026-07-29,20,4930,燦星網,buy,4,合庫-台中,1021,50.0,0.0,50.0,,moneydj,https://fubon-ebrokerdj.fbs.com.tw/z/zc/zco/zco.djhtm?a=4930&e=2026-7-1&f=2026-7-29
2026-07-29,2026-07-01,2026-07-29,20,4930,燦星網,sell,4,中國信託-忠孝,6162,3.0,77.0,74.0,,moneydj,https://fubon-ebrokerdj.fbs.com.tw/z/zc/zco/zco.djhtm?a=4930&e=2026-7-1&f=2026-7-29
2026-07-29,2026-07-01,2026-07-29,20,4930,燦星網,buy,5,凱基-台北,9268,159.0,132.0,27.0,,moneydj,https://fubon-ebrokerdj.fbs.com.tw/z/zc/zco/zco.djhtm?a=4930&e=2026-7-1&f=2026-7-29
2026-07-29,2026-07-01,2026-07-29,20,4930,燦星網,sell,5,新加坡商瑞銀,1650,75.0,116.0,41.0,,moneydj,https://fubon-ebrokerdj.fbs.com.tw/z/zc/zco/zco.djhtm?a=4930&e=2026-7-1&f=2026-7-29
2026-07-29,2026-07-01,2026-07-29,20,4930,燦星網,buy,6,國泰-台中,8882,27.0,2.0,25.0,,moneydj,https://fubon-ebrokerdj.fbs.com.tw/z/zc/zco/zco.djhtm?a=4930&e=2026-7-1&f=2026-7-29
2026-07-29,2026-07-01,2026-07-29,20,4930,燦星網,sell,6,永豐金-天母,9A9G,0.0,24.0,24.0,,moneydj,https://fubon-ebrokerdj.fbs.com.tw/z/zc/zco/zco.djhtm?a=4930&e=2026-7-1&f=2026-7-29
2026-07-29,2026-07-01,2026-07-29,20,4930,燦星網,buy,7,盈溢,5860,20.0,0.0,20.0,,moneydj,https://fubon-ebrokerdj.fbs.com.tw/z/zc/zco/zco.djhtm?a=4930&e=2026-7-1&f=2026-7-29
2026-07-29,2026-07-01,2026-07-29,20,4930,燦星網,sell,7,台新-台中,9B1h,164.0,181.0,17.0,,moneydj,https://fubon-ebrokerdj.fbs.com.tw/z/zc/zco/zco.djhtm?a=4930&e=2026-7-1&f=2026-7-29
2026-07-29,2026-07-01,2026-07-29,20,4930,燦星網,buy,8,花旗環球,1590,26.0,7.0,19.0,,moneydj,https://fubon-ebrokerdj.fbs.com.tw/z/zc/zco/zco.djhtm?a=4930&e=2026-7-1&f=2026-7-29
2026-07-29,2026-07-01,2026-07-29,20,4930,燦星網,sell,8,富邦-台北,9623,3.0,19.0,16.0,,moneydj,https://fubon-ebrokerdj.fbs.com.tw/z/zc/zco/zco.djhtm?a=4930&e=2026-7-1&f=2026-7-29
2026-07-29,2026-07-01,2026-07-29,20,4930,燦星網,buy,9,華南永昌-東昇,9386,20.0,1.0,19.0,,moneydj,https://fubon-ebrokerdj.fbs.com.tw/z/zc/zco/zco.djhtm?a=4930&e=2026-7-1&f=2026-7-29
2026-07-29,2026-07-01,2026-07-29,20,4930,燦星網,sell,9,元大-新店中正,984C,1.0,17.0,16.0,,moneydj,https://fubon-ebrokerdj.fbs.com.tw/z/zc/zco/zco.djhtm?a=4930&e=2026-7-1&f=2026-7-29
2026-07-29,2026-07-01,2026-07-29,20,4930,燦星網,buy,10,群益金鼎-土城,913N,18.0,0.0,18.0,,moneydj,https://fubon-ebrokerdj.fbs.com.tw/z/zc/zco/zco.djhtm?a=4930&e=2026-7-1&f=2026-7-29
2026-07-29,2026-07-01,2026-07-29,20,4930,燦星網,sell,10,台灣摩根士丹利,1470,22.0,36.0,14.0,,moneydj,https://fubon-ebrokerdj.fbs.com.tw/z/zc/zco/zco.djhtm?a=4930&e=2026-7-1&f=2026-7-29
2026-07-29,2026-07-01,2026-07-29,20,6525,捷敏-KY,buy,1,美商高盛,1480,4808.0,3387.0,1421.0,,moneydj,https://fubon-ebrokerdj.fbs.com.tw/z/zc/zco/zco.djhtm?a=6525&e=2026-7-1&f=2026-7-29
2026-07-29,2026-07-01,2026-07-29,20,6525,捷敏-KY,sell,1,宏遠證券,1260,32.0,492.0,460.0,,moneydj,https://fubon-ebrokerdj.fbs.com.tw/z/zc/zco/zco.djhtm?a=6525&e=2026-7-1&f=2026-7-29
2026-07-29,2026-07-01,2026-07-29,20,6525,捷敏-KY,buy,2,凱基-台北,9268,7230.0,6157.0,1073.0,,moneydj,https://fubon-ebrokerdj.fbs.com.tw/z/zc/zco/zco.djhtm?a=6525&e=2026-7-1&f=2026-7-29
2026-07-29,2026-07-01,2026-07-29,20,6525,捷敏-KY,sell,2,富邦-竹科,962C,30.0,427.0,397.0,,moneydj,https://fubon-ebrokerdj.fbs.com.tw/z/zc/zco/zco.djhtm?a=6525&e=2026-7-1&f=2026-7-29
2026-07-29,2026-07-01,2026-07-29,20,6525,捷敏-KY,buy,3,台灣摩根士丹利,1470,4109.0,3321.0,788.0,,moneydj,https://fubon-ebrokerdj.fbs.com.tw/z/zc/zco/zco.djhtm?a=6525&e=2026-7-1&f=2026-7-29
2026-07-29,2026-07-01,2026-07-29,20,6525,捷敏-KY,sell,3,元大-上新莊,983G,32.0,413.0,381.0,,moneydj,https://fubon-ebrokerdj.fbs.com.tw/z/zc/zco/zco.djhtm?a=6525&e=2026-7-1&f=2026-7-29
2026-07-29,2026-07-01,2026-07-29,20,6525,捷敏-KY,buy,4,摩根大通,8440,3916.0,3303.0,613.0,,moneydj,https://fubon-ebrokerdj.fbs.com.tw/z/zc/zco/zco.djhtm?a=6525&e=2026-7-1&f=2026-7-29
2026-07-29,2026-07-01,2026-07-29,20,6525,捷敏-KY,sell,4,永豐金-南投,9A9M,43.0,261.0,218.0,,moneydj,https://fubon-ebrokerdj.fbs.com.tw/z/zc/zco/zco.djhtm?a=6525&e=2026-7-1&f=2026-7-29
2026-07-29,2026-07-01,2026-07-29,20,6525,捷敏-KY,buy,5,新加坡商瑞銀,1650,3012.0,2503.0,509.0,,moneydj,https://fubon-ebrokerdj.fbs.com.tw/z/zc/zco/zco.djhtm?a=6525&e=2026-7-1&f=2026-7-29
2026-07-29,2026-07-01,2026-07-29,20,6525,捷敏-KY,sell,5,花旗環球,1590,271.0,479.0,208.0,,moneydj,https://fubon-ebrokerdj.fbs.com.tw/z/zc/zco/zco.djhtm?a=6525&e=2026-7-1&f=2026-7-29
2026-07-29,2026-07-01,2026-07-29,20,6525,捷敏-KY,buy,6,美林,1440,1546.0,1147.0,399.0,,moneydj,https://fubon-ebrokerdj.fbs.com.tw/z/zc/zco/zco.djhtm?a=6525&e=2026-7-1&f=2026-7-29
2026-07-29,2026-07-01,2026-07-29,20,6525,捷敏-KY,sell,6,凱基-高雄,9206,319.0,513.0,194.0,,moneydj,https://fubon-ebrokerdj.fbs.com.tw/z/zc/zco/zco.djhtm?a=6525&e=2026-7-1&f=2026-7-29
2026-07-29,2026-07-01,2026-07-29,20,6525,捷敏-KY,buy,7,國泰證券,8880,2265.0,1978.0,287.0,,moneydj,https://fubon-ebrokerdj.fbs.com.tw/z/zc/zco/zco.djhtm?a=6525&e=2026-7-1&f=2026-7-29
2026-07-29,2026-07-01,2026-07-29,20,6525,捷敏-KY,sell,7,玉山-高雄,8843,58.0,249.0,191.0,,moneydj,https://fubon-ebrokerdj.fbs.com.tw/z/zc/zco/zco.djhtm?a=6525&e=2026-7-1&f=2026-7-29
2026-07-29,2026-07-01,2026-07-29,20,6525,捷敏-KY,buy,8,永豐金證券,9A00,1134.0,896.0,238.0,,moneydj,https://fubon-ebrokerdj.fbs.com.tw/z/zc/zco/zco.djhtm?a=6525&e=2026-7-1&f=2026-7-29
2026-07-29,2026-07-01,2026-07-29,20,6525,捷敏-KY,sell,8,國票-南港,7795,43.0,196.0,153.0,,moneydj,https://fubon-ebrokerdj.fbs.com.tw/z/zc/zco/zco.djhtm?a=6525&e=2026-7-1&f=2026-7-29
2026-07-29,2026-07-01,2026-07-29,20,6525,捷敏-KY,buy,9,港商野村,1560,694.0,527.0,167.0,,moneydj,https://fubon-ebrokerdj.fbs.com.tw/z/zc/zco/zco.djhtm?a=6525&e=2026-7-1&f=2026-7-29
2026-07-29,2026-07-01,2026-07-29,20,6525,捷敏-KY,sell,9,元大-善化,981y,143.0,279.0,136.0,,moneydj,https://fubon-ebrokerdj.fbs.com.tw/z/zc/zco/zco.djhtm?a=6525&e=2026-7-1&f=2026-7-29
2026-07-29,2026-07-01,2026-07-29,20,6525,捷敏-KY,buy,10,元大證券,9800,6786.0,6622.0,164.0,,moneydj,https://fubon-ebrokerdj.fbs.com.tw/z/zc/zco/zco.djhtm?a=6525&e=2026-7-1&f=2026-7-29
2026-07-29,2026-07-01,2026-07-29,20,6525,捷敏-KY,sell,10,華南永昌,9300,117.0,233.0,116.0,,moneydj,https://fubon-ebrokerdj.fbs.com.tw/z/zc/zco/zco.djhtm?a=6525&e=2026-7-1&f=2026-7-29
2026-07-29,2026-07-01,2026-07-29,20,6505,台塑化,buy,1,台灣摩根士丹利,1470,100184.0,38180.0,62004.0,,moneydj,https://fubon-ebrokerdj.fbs.com.tw/z/zc/zco/zco.djhtm?a=6505&e=2026-7-1&f=2026-7-29
2026-07-29,2026-07-01,2026-07-29,20,6505,台塑化,sell,1,國泰-敦南,8888,28785.0,30725.0,1940.0,,moneydj,https://fubon-ebrokerdj.fbs.com.tw/z/zc/zco/zco.djhtm?a=6505&e=2026-7-1&f=2026-7-29
2026-07-29,2026-07-01,2026-07-29,20,6505,台塑化,buy,2,美商高盛,1480,61778.0,53144.0,8634.0,,moneydj,https://fubon-ebrokerdj.fbs.com.tw/z/zc/zco/zco.djhtm?a=6505&e=2026-7-1&f=2026-7-29
2026-07-29,2026-07-01,2026-07-29,20,6505,台塑化,sell,2,新光,8560,5623.0,7478.0,1855.0,,moneydj,https://fubon-ebrokerdj.fbs.com.tw/z/zc/zco/zco.djhtm?a=6505&e=2026-7-1&f=2026-7-29
2026-07-29,2026-07-01,2026-07-29,20,6505,台塑化,buy,3,摩根大通,8440,41620.0,35386.0,6234.0,,moneydj,https://fubon-ebrokerdj.fbs.com.tw/z/zc/zco/zco.djhtm?a=6505&e=2026-7-1&f=2026-7-29
2026-07-29,2026-07-01,2026-07-29,20,6505,台塑化,sell,3,國泰證券,8880,4384.0,5790.0,1406.0,,moneydj,https://fubon-ebrokerdj.fbs.com.tw/z/zc/zco/zco.djhtm?a=6505&e=2026-7-1&f=2026-7-29
2026-07-29,2026-07-01,2026-07-29,20,6505,台塑化,buy,4,凱基-台北,9268,93635.0,88647.0,4988.0,,moneydj,https://fubon-ebrokerdj.fbs.com.tw/z/zc/zco/zco.djhtm?a=6505&e=2026-7-1&f=2026-7-29
2026-07-29,2026-07-01,2026-07-29,20,6505,台塑化,sell,4,永豐金-市政,9A9W,1806.0,3160.0,1354.0,,moneydj,https://fubon-ebrokerdj.fbs.com.tw/z/zc/zco/zco.djhtm?a=6505&e=2026-7-1&f=2026-7-29
2026-07-29,2026-07-01,2026-07-29,20,6505,台塑化,buy,5,華南永昌,9300,7342.0,3762.0,3580.0,,moneydj,https://fubon-ebrokerdj.fbs.com.tw/z/zc/zco/zco.djhtm?a=6505&e=2026-7-1&f=2026-7-29
2026-07-29,2026-07-01,2026-07-29,20,6505,台塑化,sell,5,群益金鼎-中港,9138,1232.0,2409.0,1177.0,,moneydj,https://fubon-ebrokerdj.fbs.com.tw/z/zc/zco/zco.djhtm?a=6505&e=2026-7-1&f=2026-7-29
2026-07-29,2026-07-01,2026-07-29,20,6505,台塑化,buy,6,凱基,9200,5054.0,2186.0,2868.0,,moneydj,https://fubon-ebrokerdj.fbs.com.tw/z/zc/zco/zco.djhtm?a=6505&e=2026-7-1&f=2026-7-29
2026-07-29,2026-07-01,2026-07-29,20,6505,台塑化,sell,6,兆豐-大同,700S,99.0,1126.0,1027.0,,moneydj,https://fubon-ebrokerdj.fbs.com.tw/z/zc/zco/zco.djhtm?a=6505&e=2026-7-1&f=2026-7-29
2026-07-29,2026-07-01,2026-07-29,20,6505,台塑化,buy,7,花旗環球,1590,5560.0,2933.0,2627.0,,moneydj,https://fubon-ebrokerdj.fbs.com.tw/z/zc/zco/zco.djhtm?a=6505&e=2026-7-1&f=2026-7-29
2026-07-29,2026-07-01,2026-07-29,20,6505,台塑化,sell,7,華南永昌-長虹,9333,658.0,1589.0,931.0,,moneydj,https://fubon-ebrokerdj.fbs.com.tw/z/zc/zco/zco.djhtm?a=6505&e=2026-7-1&f=2026-7-29
2026-07-29,2026-07-01,2026-07-29,20,6505,台塑化,buy,8,港商野村,1560,7346.0,5075.0,2271.0,,moneydj,https://fubon-ebrokerdj.fbs.com.tw/z/zc/zco/zco.djhtm?a=6505&e=2026-7-1&f=2026-7-29
2026-07-29,2026-07-01,2026-07-29,20,6505,台塑化,sell,8,港商麥格理,1360,105.0,1013.0,908.0,,moneydj,https://fubon-ebrokerdj.fbs.com.tw/z/zc/zco/zco.djhtm?a=6505&e=2026-7-1&f=2026-7-29
2026-07-29,2026-07-01,2026-07-29,20,6505,台塑化,buy,9,統一,5850,7665.0,5418.0,2247.0,,moneydj,https://fubon-ebrokerdj.fbs.com.tw/z/zc/zco/zco.djhtm?a=6505&e=2026-7-1&f=2026-7-29
2026-07-29,2026-07-01,2026-07-29,20,6505,台塑化,sell,9,元大-土城永寧,9875,692.0,1520.0,828.0,,moneydj,https://fubon-ebrokerdj.fbs.com.tw/z/zc/zco/zco.djhtm?a=6505&e=2026-7-1&f=2026-7-29
2026-07-29,2026-07-01,2026-07-29,20,6505,台塑化,buy,10,美林,1440,14568.0,12530.0,2038.0,,moneydj,https://fubon-ebrokerdj.fbs.com.tw/z/zc/zco/zco.djhtm?a=6505&e=2026-7-1&f=2026-7-29
2026-07-29,2026-07-01,2026-07-29,20,6505,台塑化,sell,10,統一-高雄,5851,603.0,1401.0,798.0,,moneydj,https://fubon-ebrokerdj.fbs.com.tw/z/zc/zco/zco.djhtm?a=6505&e=2026-7-1&f=2026-7-29
2026-07-29,2026-07-01,2026-07-29,20,2801,彰銀,buy,1,華南永昌,9300,89622.0,729.0,88893.0,,moneydj,https://fubon-ebrokerdj.fbs.com.tw/z/zc/zco/zco.djhtm?a=2801&e=2026-7-1&f=2026-7-29
2026-07-29,2026-07-01,2026-07-29,20,2801,彰銀,sell,1,摩根大通,8440,40822.0,71062.0,30240.0,,moneydj,https://fubon-ebrokerdj.fbs.com.tw/z/zc/zco/zco.djhtm?a=2801&e=2026-7-1&f=2026-7-29
2026-07-29,2026-07-01,2026-07-29,20,2801,彰銀,buy,2,國泰證券,8880,36304.0,810.0,35494.0,,moneydj,https://fubon-ebrokerdj.fbs.com.tw/z/zc/zco/zco.djhtm?a=2801&e=2026-7-1&f=2026-7-29
2026-07-29,2026-07-01,2026-07-29,20,2801,彰銀,sell,2,台灣摩根士丹利,1470,40646.0,69842.0,29196.0,,moneydj,https://fubon-ebrokerdj.fbs.com.tw/z/zc/zco/zco.djhtm?a=2801&e=2026-7-1&f=2026-7-29
2026-07-29,2026-07-01,2026-07-29,20,2801,彰銀,buy,3,凱基,9200,23784.0,827.0,22957.0,,moneydj,https://fubon-ebrokerdj.fbs.com.tw/z/zc/zco/zco.djhtm?a=2801&e=2026-7-1&f=2026-7-29
2026-07-29,2026-07-01,2026-07-29,20,2801,彰銀,sell,3,美商高盛,1480,28647.0,52786.0,24139.0,,moneydj,https://fubon-ebrokerdj.fbs.com.tw/z/zc/zco/zco.djhtm?a=2801&e=2026-7-1&f=2026-7-29
2026-07-29,2026-07-01,2026-07-29,20,2801,彰銀,buy,4,永豐金證券,9A00,17177.0,2393.0,14784.0,,moneydj,https://fubon-ebrokerdj.fbs.com.tw/z/zc/zco/zco.djhtm?a=2801&e=2026-7-1&f=2026-7-29
2026-07-29,2026-07-01,2026-07-29,20,2801,彰銀,sell,4,美林,1440,13957.0,32536.0,18579.0,,moneydj,https://fubon-ebrokerdj.fbs.com.tw/z/zc/zco/zco.djhtm?a=2801&e=2026-7-1&f=2026-7-29
2026-07-29,2026-07-01,2026-07-29,20,2801,彰銀,buy,5,元大證券,9800,31520.0,18305.0,13215.0,,moneydj,https://fubon-ebrokerdj.fbs.com.tw/z/zc/zco/zco.djhtm?a=2801&e=2026-7-1&f=2026-7-29
2026-07-29,2026-07-01,2026-07-29,20,2801,彰銀,sell,5,新加坡商瑞銀,1650,29909.0,44725.0,14816.0,,moneydj,https://fubon-ebrokerdj.fbs.com.tw/z/zc/zco/zco.djhtm?a=2801&e=2026-7-1&f=2026-7-29
2026-07-29,2026-07-01,2026-07-29,20,2801,彰銀,buy,6,富邦證券,9600,11689.0,830.0,10859.0,,moneydj,https://fubon-ebrokerdj.fbs.com.tw/z/zc/zco/zco.djhtm?a=2801&e=2026-7-1&f=2026-7-29
2026-07-29,2026-07-01,2026-07-29,20,2801,彰銀,sell,6,永豐金-匯立,9A81,1396.0,8658.0,7262.0,,moneydj,https://fubon-ebrokerdj.fbs.com.tw/z/zc/zco/zco.djhtm?a=2801&e=2026-7-1&f=2026-7-29
2026-07-29,2026-07-01,2026-07-29,20,2801,彰銀,buy,7,兆豐證券,7000,7631.0,1080.0,6551.0,,moneydj,https://fubon-ebrokerdj.fbs.com.tw/z/zc/zco/zco.djhtm?a=2801&e=2026-7-1&f=2026-7-29
2026-07-29,2026-07-01,2026-07-29,20,2801,彰銀,sell,7,台新-大昌,9B2D,641.0,3887.0,3246.0,,moneydj,https://fubon-ebrokerdj.fbs.com.tw/z/zc/zco/zco.djhtm?a=2801&e=2026-7-1&f=2026-7-29
2026-07-29,2026-07-01,2026-07-29,20,2801,彰銀,buy,8,統一,5850,5787.0,869.0,4918.0,,moneydj,https://fubon-ebrokerdj.fbs.com.tw/z/zc/zco/zco.djhtm?a=2801&e=2026-7-1&f=2026-7-29
2026-07-29,2026-07-01,2026-07-29,20,2801,彰銀,sell,8,凱基-台北,9268,34902.0,37974.0,3072.0,,moneydj,https://fubon-ebrokerdj.fbs.com.tw/z/zc/zco/zco.djhtm?a=2801&e=2026-7-1&f=2026-7-29
2026-07-29,2026-07-01,2026-07-29,20,2801,彰銀,buy,9,宏遠證券,1260,4928.0,1547.0,3381.0,,moneydj,https://fubon-ebrokerdj.fbs.com.tw/z/zc/zco/zco.djhtm?a=2801&e=2026-7-1&f=2026-7-29
2026-07-29,2026-07-01,2026-07-29,20,2801,彰銀,sell,9,德信,6910,16.0,3085.0,3069.0,,moneydj,https://fubon-ebrokerdj.fbs.com.tw/z/zc/zco/zco.djhtm?a=2801&e=2026-7-1&f=2026-7-29
2026-07-29,2026-07-01,2026-07-29,20,2801,彰銀,buy,10,第一金,5380,3488.0,430.0,3058.0,,moneydj,https://fubon-ebrokerdj.fbs.com.tw/z/zc/zco/zco.djhtm?a=2801&e=2026-7-1&f=2026-7-29
2026-07-29,2026-07-01,2026-07-29,20,2801,彰銀,sell,10,臺銀-臺南,1042,2093.0,5026.0,2933.0,,moneydj,https://fubon-ebrokerdj.fbs.com.tw/z/zc/zco/zco.djhtm?a=2801&e=2026-7-1&f=2026-7-29
2026-07-29,2026-07-01,2026-07-29,20,6005,群益證,buy,1,摩根大通,8440,14605.0,10992.0,3613.0,,moneydj,https://fubon-ebrokerdj.fbs.com.tw/z/zc/zco/zco.djhtm?a=6005&e=2026-7-1&f=2026-7-29
2026-07-29,2026-07-01,2026-07-29,20,6005,群益證,sell,1,華南永昌,9300,588.0,10543.0,9955.0,,moneydj,https://fubon-ebrokerdj.fbs.com.tw/z/zc/zco/zco.djhtm?a=6005&e=2026-7-1&f=2026-7-29
2026-07-29,2026-07-01,2026-07-29,20,6005,群益證,buy,2,群益金鼎-彰化,9187,1850.0,68.0,1782.0,,moneydj,https://fubon-ebrokerdj.fbs.com.tw/z/zc/zco/zco.djhtm?a=6005&e=2026-7-1&f=2026-7-29
2026-07-29,2026-07-01,2026-07-29,20,6005,群益證,sell,2,兆豐證券,7000,88.0,9947.0,9859.0,,moneydj,https://fubon-ebrokerdj.fbs.com.tw/z/zc/zco/zco.djhtm?a=6005&e=2026-7-1&f=2026-7-29
2026-07-29,2026-07-01,2026-07-29,20,6005,群益證,buy,3,花旗環球,1590,3174.0,1491.0,1683.0,,moneydj,https://fubon-ebrokerdj.fbs.com.tw/z/zc/zco/zco.djhtm?a=6005&e=2026-7-1&f=2026-7-29
2026-07-29,2026-07-01,2026-07-29,20,6005,群益證,sell,3,台灣摩根士丹利,1470,15092.0,21181.0,6089.0,,moneydj,https://fubon-ebrokerdj.fbs.com.tw/z/zc/zco/zco.djhtm?a=6005&e=2026-7-1&f=2026-7-29
2026-07-29,2026-07-01,2026-07-29,20,6005,群益證,buy,4,國泰-敦南,8888,2760.0,1669.0,1091.0,,moneydj,https://fubon-ebrokerdj.fbs.com.tw/z/zc/zco/zco.djhtm?a=6005&e=2026-7-1&f=2026-7-29
2026-07-29,2026-07-01,2026-07-29,20,6005,群益證,sell,4,統一,5850,201.0,4589.0,4388.0,,moneydj,https://fubon-ebrokerdj.fbs.com.tw/z/zc/zco/zco.djhtm?a=6005&e=2026-7-1&f=2026-7-29
2026-07-29,2026-07-01,2026-07-29,20,6005,群益證,buy,5,華南永昌-基隆,9322,1159.0,94.0,1065.0,,moneydj,https://fubon-ebrokerdj.fbs.com.tw/z/zc/zco/zco.djhtm?a=6005&e=2026-7-1&f=2026-7-29
2026-07-29,2026-07-01,2026-07-29,20,6005,群益證,sell,5,元大證券,9800,10239.0,14301.0,4062.0,,moneydj,https://fubon-ebrokerdj.fbs.com.tw/z/zc/zco/zco.djhtm?a=6005&e=2026-7-1&f=2026-7-29
2026-07-29,2026-07-01,2026-07-29,20,6005,群益證,buy,6,元大-中崙,9813,867.0,15.0,852.0,,moneydj,https://fubon-ebrokerdj.fbs.com.tw/z/zc/zco/zco.djhtm?a=6005&e=2026-7-1&f=2026-7-29
2026-07-29,2026-07-01,2026-07-29,20,6005,群益證,sell,6,新加坡商瑞銀,1650,7739.0,11518.0,3779.0,,moneydj,https://fubon-ebrokerdj.fbs.com.tw/z/zc/zco/zco.djhtm?a=6005&e=2026-7-1&f=2026-7-29
2026-07-29,2026-07-01,2026-07-29,20,6005,群益證,buy,7,凱基-台北,9268,10641.0,9814.0,827.0,,moneydj,https://fubon-ebrokerdj.fbs.com.tw/z/zc/zco/zco.djhtm?a=6005&e=2026-7-1&f=2026-7-29
2026-07-29,2026-07-01,2026-07-29,20,6005,群益證,sell,7,國泰證券,8880,41.0,3299.0,3258.0,,moneydj,https://fubon-ebrokerdj.fbs.com.tw/z/zc/zco/zco.djhtm?a=6005&e=2026-7-1&f=2026-7-29
2026-07-29,2026-07-01,2026-07-29,20,6005,群益證,buy,8,港商麥格理,1360,1172.0,533.0,639.0,,moneydj,https://fubon-ebrokerdj.fbs.com.tw/z/zc/zco/zco.djhtm?a=6005&e=2026-7-1&f=2026-7-29
2026-07-29,2026-07-01,2026-07-29,20,6005,群益證,sell,8,群益金鼎,9100,488.0,3020.0,2532.0,,moneydj,https://fubon-ebrokerdj.fbs.com.tw/z/zc/zco/zco.djhtm?a=6005&e=2026-7-1&f=2026-7-29
2026-07-29,2026-07-01,2026-07-29,20,6005,群益證,buy,9,大昌-桃園,6465,626.0,47.0,579.0,,moneydj,https://fubon-ebrokerdj.fbs.com.tw/z/zc/zco/zco.djhtm?a=6005&e=2026-7-1&f=2026-7-29
2026-07-29,2026-07-01,2026-07-29,20,6005,群益證,sell,9,宏遠證券,1260,65.0,2457.0,2392.0,,moneydj,https://fubon-ebrokerdj.fbs.com.tw/z/zc/zco/zco.djhtm?a=6005&e=2026-7-1&f=2026-7-29
2026-07-29,2026-07-01,2026-07-29,20,6005,群益證,buy,10,國泰-台中,8882,977.0,405.0,572.0,,moneydj,https://fubon-ebrokerdj.fbs.com.tw/z/zc/zco/zco.djhtm?a=6005&e=2026-7-1&f=2026-7-29
2026-07-29,2026-07-01,2026-07-29,20,6005,群益證,sell,10,富邦證券,9600,743.0,2910.0,2167.0,,moneydj,https://fubon-ebrokerdj.fbs.com.tw/z/zc/zco/zco.djhtm?a=6005&e=2026-7-1&f=2026-7-29
2026-07-29,2026-07-01,2026-07-29,20,3669,圓展,buy,1,凱基-台北,9268,1367.0,1022.0,345.0,,moneydj,https://fubon-ebrokerdj.fbs.com.tw/z/zc/zco/zco.djhtm?a=3669&e=2026-7-1&f=2026-7-29
2026-07-29,2026-07-01,2026-07-29,20,3669,圓展,sell,1,兆豐-復興,700p,13.0,566.0,553.0,,moneydj,https://fubon-ebrokerdj.fbs.com.tw/z/zc/zco/zco.djhtm?a=3669&e=2026-7-1&f=2026-7-29
2026-07-29,2026-07-01,2026-07-29,20,3669,圓展,buy,2,美好-蘆洲,5261,360.0,49.0,311.0,,moneydj,https://fubon-ebrokerdj.fbs.com.tw/z/zc/zco/zco.djhtm?a=3669&e=2026-7-1&f=2026-7-29
2026-07-29,2026-07-01,2026-07-29,20,3669,圓展,sell,2,國票-南港,7795,22.0,275.0,253.0,,moneydj,https://fubon-ebrokerdj.fbs.com.tw/z/zc/zco/zco.djhtm?a=3669&e=2026-7-1&f=2026-7-29
2026-07-29,2026-07-01,2026-07-29,20,3669,圓展,buy,3,合庫-自強,102C,253.0,5.0,248.0,,moneydj,https://fubon-ebrokerdj.fbs.com.tw/z/zc/zco/zco.djhtm?a=3669&e=2026-7-1&f=2026-7-29
2026-07-29,2026-07-01,2026-07-29,20,3669,圓展,sell,3,康和-板橋,845D,11.0,117.0,106.0,,moneydj,https://fubon-ebrokerdj.fbs.com.tw/z/zc/zco/zco.djhtm?a=3669&e=2026-7-1&f=2026-7-29
2026-07-29,2026-07-01,2026-07-29,20,3669,圓展,buy,4,美林,1440,284.0,150.0,134.0,,moneydj,https://fubon-ebrokerdj.fbs.com.tw/z/zc/zco/zco.djhtm?a=3669&e=2026-7-1&f=2026-7-29
2026-07-29,2026-07-01,2026-07-29,20,3669,圓展,sell,4,富邦-永和,9654,36.0,122.0,86.0,,moneydj,https://fubon-ebrokerdj.fbs.com.tw/z/zc/zco/zco.djhtm?a=3669&e=2026-7-1&f=2026-7-29
2026-07-29,2026-07-01,2026-07-29,20,3669,圓展,buy,5,華南永昌-台南,9306,136.0,5.0,131.0,,moneydj,https://fubon-ebrokerdj.fbs.com.tw/z/zc/zco/zco.djhtm?a=3669&e=2026-7-1&f=2026-7-29
2026-07-29,2026-07-01,2026-07-29,20,3669,圓展,sell,5,凱基-士林,9238,27.0,86.0,59.0,,moneydj,https://fubon-ebrokerdj.fbs.com.tw/z/zc/zco/zco.djhtm?a=3669&e=2026-7-1&f=2026-7-29
2026-07-29,2026-07-01,2026-07-29,20,3669,圓展,buy,6,新加坡商瑞銀,1650,325.0,205.0,120.0,,moneydj,https://fubon-ebrokerdj.fbs.com.tw/z/zc/zco/zco.djhtm?a=3669&e=2026-7-1&f=2026-7-29
2026-07-29,2026-07-01,2026-07-29,20,3669,圓展,sell,6,華南永昌,9300,41.0,98.0,57.0,,moneydj,https://fubon-ebrokerdj.fbs.com.tw/z/zc/zco/zco.djhtm?a=3669&e=2026-7-1&f=2026-7-29
2026-07-29,2026-07-01,2026-07-29,20,3669,圓展,buy,7,玉山-城中,884E,82.0,7.0,75.0,,moneydj,https://fubon-ebrokerdj.fbs.com.tw/z/zc/zco/zco.djhtm?a=3669&e=2026-7-1&f=2026-7-29
2026-07-29,2026-07-01,2026-07-29,20,3669,圓展,sell,7,(牛牛牛)亞-鑫豐,601d,14.0,67.0,53.0,,moneydj,https://fubon-ebrokerdj.fbs.com.tw/z/zc/zco/zco.djhtm?a=3669&e=2026-7-1&f=2026-7-29
2026-07-29,2026-07-01,2026-07-29,20,3669,圓展,buy,8,元大-潮州,981Z,74.0,3.0,71.0,,moneydj,https://fubon-ebrokerdj.fbs.com.tw/z/zc/zco/zco.djhtm?a=3669&e=2026-7-1&f=2026-7-29
2026-07-29,2026-07-01,2026-07-29,20,3669,圓展,sell,8,元大-桃園,988B,1.0,45.0,44.0,,moneydj,https://fubon-ebrokerdj.fbs.com.tw/z/zc/zco/zco.djhtm?a=3669&e=2026-7-1&f=2026-7-29
2026-07-29,2026-07-01,2026-07-29,20,3669,圓展,buy,9,群益金鼎-三民,9188,132.0,64.0,68.0,,moneydj,https://fubon-ebrokerdj.fbs.com.tw/z/zc/zco/zco.djhtm?a=3669&e=2026-7-1&f=2026-7-29
2026-07-29,2026-07-01,2026-07-29,20,3669,圓展,sell,9,美商高盛,1480,485.0,528.0,43.0,,moneydj,https://fubon-ebrokerdj.fbs.com.tw/z/zc/zco/zco.djhtm?a=3669&e=2026-7-1&f=2026-7-29
2026-07-29,2026-07-01,2026-07-29,20,3669,圓展,buy,10,美好-富順,526K,77.0,12.0,65.0,,moneydj,https://fubon-ebrokerdj.fbs.com.tw/z/zc/zco/zco.djhtm?a=3669&e=2026-7-1&f=2026-7-29
2026-07-29,2026-07-01,2026-07-29,20,3669,圓展,sell,10,元大-四維,9831,35.0,76.0,41.0,,moneydj,https://fubon-ebrokerdj.fbs.com.tw/z/zc/zco/zco.djhtm?a=3669&e=2026-7-1&f=2026-7-29
2026-07-29,2026-07-01,2026-07-29,20,1303,南亞,buy,1,凱基,9200,43890.0,5888.0,38002.0,,moneydj,https://fubon-ebrokerdj.fbs.com.tw/z/zc/zco/zco.djhtm?a=1303&e=2026-7-1&f=2026-7-29
2026-07-29,2026-07-01,2026-07-29,20,1303,南亞,sell,1,摩根大通,8440,72477.0,109192.0,36715.0,,moneydj,https://fubon-ebrokerdj.fbs.com.tw/z/zc/zco/zco.djhtm?a=1303&e=2026-7-1&f=2026-7-29
2026-07-29,2026-07-01,2026-07-29,20,1303,南亞,buy,2,元大證券,9800,251614.0,228097.0,23517.0,,moneydj,https://fubon-ebrokerdj.fbs.com.tw/z/zc/zco/zco.djhtm?a=1303&e=2026-7-1&f=2026-7-29
2026-07-29,2026-07-01,2026-07-29,20,1303,南亞,sell,2,台灣摩根士丹利,1470,94428.0,129058.0,34630.0,,moneydj,https://fubon-ebrokerdj.fbs.com.tw/z/zc/zco/zco.djhtm?a=1303&e=2026-7-1&f=2026-7-29
2026-07-29,2026-07-01,2026-07-29,20,1303,南亞,buy,3,富邦證券,9600,55300.0,32387.0,22913.0,,moneydj,https://fubon-ebrokerdj.fbs.com.tw/z/zc/zco/zco.djhtm?a=1303&e=2026-7-1&f=2026-7-29
2026-07-29,2026-07-01,2026-07-29,20,1303,南亞,sell,3,新加坡商瑞銀,1650,49889.0,76921.0,27032.0,,moneydj,https://fubon-ebrokerdj.fbs.com.tw/z/zc/zco/zco.djhtm?a=1303&e=2026-7-1&f=2026-7-29
2026-07-29,2026-07-01,2026-07-29,20,1303,南亞,buy,4,統一,5850,51492.0,31610.0,19882.0,,moneydj,https://fubon-ebrokerdj.fbs.com.tw/z/zc/zco/zco.djhtm?a=1303&e=2026-7-1&f=2026-7-29
2026-07-29,2026-07-01,2026-07-29,20,1303,南亞,sell,4,美商高盛,1480,94428.0,120479.0,26051.0,,moneydj,https://fubon-ebrokerdj.fbs.com.tw/z/zc/zco/zco.djhtm?a=1303&e=2026-7-1&f=2026-7-29
2026-07-29,2026-07-01,2026-07-29,20,1303,南亞,buy,5,大和國泰,8890,18675.0,1986.0,16689.0,,moneydj,https://fubon-ebrokerdj.fbs.com.tw/z/zc/zco/zco.djhtm?a=1303&e=2026-7-1&f=2026-7-29
2026-07-29,2026-07-01,2026-07-29,20,1303,南亞,sell,5,凱基-台北,9268,91324.0,110245.0,18921.0,,moneydj,https://fubon-ebrokerdj.fbs.com.tw/z/zc/zco/zco.djhtm?a=1303&e=2026-7-1&f=2026-7-29
2026-07-29,2026-07-01,2026-07-29,20,1303,南亞,buy,6,永豐金證券,9A00,42544.0,27856.0,14688.0,,moneydj,https://fubon-ebrokerdj.fbs.com.tw/z/zc/zco/zco.djhtm?a=1303&e=2026-7-1&f=2026-7-29
2026-07-29,2026-07-01,2026-07-29,20,1303,南亞,sell,6,國泰證券,8880,9821.0,25246.0,15425.0,,moneydj,https://fubon-ebrokerdj.fbs.com.tw/z/zc/zco/zco.djhtm?a=1303&e=2026-7-1&f=2026-7-29
2026-07-29,2026-07-01,2026-07-29,20,1303,南亞,buy,7,法銀巴黎,8900,16653.0,2076.0,14577.0,,moneydj,https://fubon-ebrokerdj.fbs.com.tw/z/zc/zco/zco.djhtm?a=1303&e=2026-7-1&f=2026-7-29
2026-07-29,2026-07-01,2026-07-29,20,1303,南亞,sell,7,花旗環球,1590,12215.0,27574.0,15359.0,,moneydj,https://fubon-ebrokerdj.fbs.com.tw/z/zc/zco/zco.djhtm?a=1303&e=2026-7-1&f=2026-7-29
2026-07-29,2026-07-01,2026-07-29,20,1303,南亞,buy,8,群益金鼎,9100,28626.0,15152.0,13474.0,,moneydj,https://fubon-ebrokerdj.fbs.com.tw/z/zc/zco/zco.djhtm?a=1303&e=2026-7-1&f=2026-7-29
2026-07-29,2026-07-01,2026-07-29,20,1303,南亞,sell,8,華南永昌,9300,5622.0,12916.0,7294.0,,moneydj,https://fubon-ebrokerdj.fbs.com.tw/z/zc/zco/zco.djhtm?a=1303&e=2026-7-1&f=2026-7-29
2026-07-29,2026-07-01,2026-07-29,20,1303,南亞,buy,9,香港上海匯豐,8960,7383.0,2871.0,4512.0,,moneydj,https://fubon-ebrokerdj.fbs.com.tw/z/zc/zco/zco.djhtm?a=1303&e=2026-7-1&f=2026-7-29
2026-07-29,2026-07-01,2026-07-29,20,1303,南亞,sell,9,統一-士林,585M,2013.0,3908.0,1895.0,,moneydj,https://fubon-ebrokerdj.fbs.com.tw/z/zc/zco/zco.djhtm?a=1303&e=2026-7-1&f=2026-7-29
2026-07-29,2026-07-01,2026-07-29,20,1303,南亞,buy,10,元大-土城永寧,9875,10591.0,8120.0,2471.0,,moneydj,https://fubon-ebrokerdj.fbs.com.tw/z/zc/zco/zco.djhtm?a=1303&e=2026-7-1&f=2026-7-29
2026-07-29,2026-07-01,2026-07-29,20,1303,南亞,sell,10,台新-建北,9B18,3611.0,5214.0,1603.0,,moneydj,https://fubon-ebrokerdj.fbs.com.tw/z/zc/zco/zco.djhtm?a=1303&e=2026-7-1&f=2026-7-29
2026-07-29,2026-07-01,2026-07-29,20,6994,富威電力,buy,1,台灣摩根士丹利,1470,1985.0,1042.0,943.0,,moneydj,https://fubon-ebrokerdj.fbs.com.tw/z/zc/zco/zco.djhtm?a=6994&e=2026-7-1&f=2026-7-29
2026-07-29,2026-07-01,2026-07-29,20,6994,富威電力,sell,1,凱基,9200,6.0,8617.0,8611.0,,moneydj,https://fubon-ebrokerdj.fbs.com.tw/z/zc/zco/zco.djhtm?a=6994&e=2026-7-1&f=2026-7-29
2026-07-29,2026-07-01,2026-07-29,20,6994,富威電力,buy,2,美商高盛,1480,2152.0,1304.0,848.0,,moneydj,https://fubon-ebrokerdj.fbs.com.tw/z/zc/zco/zco.djhtm?a=6994&e=2026-7-1&f=2026-7-29
2026-07-29,2026-07-01,2026-07-29,20,6994,富威電力,sell,2,統一,5850,64.0,1530.0,1466.0,,moneydj,https://fubon-ebrokerdj.fbs.com.tw/z/zc/zco/zco.djhtm?a=6994&e=2026-7-1&f=2026-7-29
2026-07-29,2026-07-01,2026-07-29,20,6994,富威電力,buy,3,台中銀-高雄,6116,750.0,0.0,750.0,,moneydj,https://fubon-ebrokerdj.fbs.com.tw/z/zc/zco/zco.djhtm?a=6994&e=2026-7-1&f=2026-7-29
2026-07-29,2026-07-01,2026-07-29,20,6994,富威電力,sell,3,元大-太平,981Q,8.0,253.0,245.0,,moneydj,https://fubon-ebrokerdj.fbs.com.tw/z/zc/zco/zco.djhtm?a=6994&e=2026-7-1&f=2026-7-29
2026-07-29,2026-07-01,2026-07-29,20,6994,富威電力,buy,4,摩根大通,8440,2210.0,1538.0,672.0,,moneydj,https://fubon-ebrokerdj.fbs.com.tw/z/zc/zco/zco.djhtm?a=6994&e=2026-7-1&f=2026-7-29
2026-07-29,2026-07-01,2026-07-29,20,6994,富威電力,sell,4,凱基-竹科,9272,82.0,180.0,98.0,,moneydj,https://fubon-ebrokerdj.fbs.com.tw/z/zc/zco/zco.djhtm?a=6994&e=2026-7-1&f=2026-7-29
2026-07-29,2026-07-01,2026-07-29,20,6994,富威電力,buy,5,凱基-台北,9268,2465.0,2052.0,413.0,,moneydj,https://fubon-ebrokerdj.fbs.com.tw/z/zc/zco/zco.djhtm?a=6994&e=2026-7-1&f=2026-7-29
2026-07-29,2026-07-01,2026-07-29,20,6994,富威電力,sell,5,兆豐證券,7000,6.0,75.0,69.0,,moneydj,https://fubon-ebrokerdj.fbs.com.tw/z/zc/zco/zco.djhtm?a=6994&e=2026-7-1&f=2026-7-29
2026-07-29,2026-07-01,2026-07-29,20,6994,富威電力,buy,6,美林,1440,953.0,617.0,336.0,,moneydj,https://fubon-ebrokerdj.fbs.com.tw/z/zc/zco/zco.djhtm?a=6994&e=2026-7-1&f=2026-7-29
2026-07-29,2026-07-01,2026-07-29,20,6994,富威電力,sell,6,永豐金-桃盛,9A9N,34.0,84.0,50.0,,moneydj,https://fubon-ebrokerdj.fbs.com.tw/z/zc/zco/zco.djhtm?a=6994&e=2026-7-1&f=2026-7-29
2026-07-29,2026-07-01,2026-07-29,20,6994,富威電力,buy,7,元大-汐止,989Q,351.0,61.0,290.0,,moneydj,https://fubon-ebrokerdj.fbs.com.tw/z/zc/zco/zco.djhtm?a=6994&e=2026-7-1&f=2026-7-29
2026-07-29,2026-07-01,2026-07-29,20,6994,富威電力,sell,7,元大-南投,981D,7.0,56.0,49.0,,moneydj,https://fubon-ebrokerdj.fbs.com.tw/z/zc/zco/zco.djhtm?a=6994&e=2026-7-1&f=2026-7-29
2026-07-29,2026-07-01,2026-07-29,20,6994,富威電力,buy,8,港商野村,1560,316.0,98.0,218.0,,moneydj,https://fubon-ebrokerdj.fbs.com.tw/z/zc/zco/zco.djhtm?a=6994&e=2026-7-1&f=2026-7-29
2026-07-29,2026-07-01,2026-07-29,20,6994,富威電力,sell,8,兆豐-新營,700K,6.0,48.0,42.0,,moneydj,https://fubon-ebrokerdj.fbs.com.tw/z/zc/zco/zco.djhtm?a=6994&e=2026-7-1&f=2026-7-29
2026-07-29,2026-07-01,2026-07-29,20,6994,富威電力,buy,9,元大-三重,988C,150.0,2.0,148.0,,moneydj,https://fubon-ebrokerdj.fbs.com.tw/z/zc/zco/zco.djhtm?a=6994&e=2026-7-1&f=2026-7-29
2026-07-29,2026-07-01,2026-07-29,20,6994,富威電力,sell,9,永豐金-敦北,9A89,1.0,38.0,37.0,,moneydj,https://fubon-ebrokerdj.fbs.com.tw/z/zc/zco/zco.djhtm?a=6994&e=2026-7-1&f=2026-7-29
2026-07-29,2026-07-01,2026-07-29,20,6994,富威電力,buy,10,富邦-公益,961F,155.0,10.0,145.0,,moneydj,https://fubon-ebrokerdj.fbs.com.tw/z/zc/zco/zco.djhtm?a=6994&e=2026-7-1&f=2026-7-29
2026-07-29,2026-07-01,2026-07-29,20,6994,富威電力,sell,10,群益金鼎-民權,9131,2.0,34.0,32.0,,moneydj,https://fubon-ebrokerdj.fbs.com.tw/z/zc/zco/zco.djhtm?a=6994&e=2026-7-1&f=2026-7-29
2026-07-29,2026-07-01,2026-07-29,20,2882,國泰金,buy,1,摩根大通,8440,65541.0,39175.0,26366.0,,moneydj,https://fubon-ebrokerdj.fbs.com.tw/z/zc/zco/zco.djhtm?a=2882&e=2026-7-1&f=2026-7-29
2026-07-29,2026-07-01,2026-07-29,20,2882,國泰金,sell,1,富邦證券,9600,12207.0,48642.0,36435.0,,moneydj,https://fubon-ebrokerdj.fbs.com.tw/z/zc/zco/zco.djhtm?a=2882&e=2026-7-1&f=2026-7-29
2026-07-29,2026-07-01,2026-07-29,20,2882,國泰金,buy,2,美商高盛,1480,61700.0,38755.0,22945.0,,moneydj,https://fubon-ebrokerdj.fbs.com.tw/z/zc/zco/zco.djhtm?a=2882&e=2026-7-1&f=2026-7-29
2026-07-29,2026-07-01,2026-07-29,20,2882,國泰金,sell,2,國票-敦北法人,779c,6237.0,25565.0,19328.0,,moneydj,https://fubon-ebrokerdj.fbs.com.tw/z/zc/zco/zco.djhtm?a=2882&e=2026-7-1&f=2026-7-29
2026-07-29,2026-07-01,2026-07-29,20,2882,國泰金,buy,3,台灣摩根士丹利,1470,68776.0,49229.0,19547.0,,moneydj,https://fubon-ebrokerdj.fbs.com.tw/z/zc/zco/zco.djhtm?a=2882&e=2026-7-1&f=2026-7-29
2026-07-29,2026-07-01,2026-07-29,20,2882,國泰金,sell,3,港商野村,1560,6169.0,22356.0,16187.0,,moneydj,https://fubon-ebrokerdj.fbs.com.tw/z/zc/zco/zco.djhtm?a=2882&e=2026-7-1&f=2026-7-29
2026-07-29,2026-07-01,2026-07-29,20,2882,國泰金,buy,4,美林,1440,28848.0,14203.0,14645.0,,moneydj,https://fubon-ebrokerdj.fbs.com.tw/z/zc/zco/zco.djhtm?a=2882&e=2026-7-1&f=2026-7-29
2026-07-29,2026-07-01,2026-07-29,20,2882,國泰金,sell,4,合庫證券,1020,759.0,12521.0,11762.0,,moneydj,https://fubon-ebrokerdj.fbs.com.tw/z/zc/zco/zco.djhtm?a=2882&e=2026-7-1&f=2026-7-29
2026-07-29,2026-07-01,2026-07-29,20,2882,國泰金,buy,5,花旗環球,1590,27557.0,13042.0,14515.0,,moneydj,https://fubon-ebrokerdj.fbs.com.tw/z/zc/zco/zco.djhtm?a=2882&e=2026-7-1&f=2026-7-29
2026-07-29,2026-07-01,2026-07-29,20,2882,國泰金,sell,5,宏遠證券,1260,416.0,9680.0,9264.0,,moneydj,https://fubon-ebrokerdj.fbs.com.tw/z/zc/zco/zco.djhtm?a=2882&e=2026-7-1&f=2026-7-29
2026-07-29,2026-07-01,2026-07-29,20,2882,國泰金,buy,6,新加坡商瑞銀,1650,45184.0,33104.0,12080.0,,moneydj,https://fubon-ebrokerdj.fbs.com.tw/z/zc/zco/zco.djhtm?a=2882&e=2026-7-1&f=2026-7-29
2026-07-29,2026-07-01,2026-07-29,20,2882,國泰金,sell,6,元大證券,9800,41166.0,48398.0,7232.0,,moneydj,https://fubon-ebrokerdj.fbs.com.tw/z/zc/zco/zco.djhtm?a=2882&e=2026-7-1&f=2026-7-29
2026-07-29,2026-07-01,2026-07-29,20,2882,國泰金,buy,7,港商麥格理,1360,10362.0,3558.0,6804.0,,moneydj,https://fubon-ebrokerdj.fbs.com.tw/z/zc/zco/zco.djhtm?a=2882&e=2026-7-1&f=2026-7-29
2026-07-29,2026-07-01,2026-07-29,20,2882,國泰金,sell,7,大和國泰,8890,490.0,6468.0,5978.0,,moneydj,https://fubon-ebrokerdj.fbs.com.tw/z/zc/zco/zco.djhtm?a=2882&e=2026-7-1&f=2026-7-29
2026-07-29,2026-07-01,2026-07-29,20,2882,國泰金,buy,8,凱基-台北,9268,32069.0,28251.0,3818.0,,moneydj,https://fubon-ebrokerdj.fbs.com.tw/z/zc/zco/zco.djhtm?a=2882&e=2026-7-1&f=2026-7-29
2026-07-29,2026-07-01,2026-07-29,20,2882,國泰金,sell,8,兆豐證券,7000,643.0,5341.0,4698.0,,moneydj,https://fubon-ebrokerdj.fbs.com.tw/z/zc/zco/zco.djhtm?a=2882&e=2026-7-1&f=2026-7-29
2026-07-29,2026-07-01,2026-07-29,20,2882,國泰金,buy,9,法銀巴黎,8900,4518.0,1201.0,3317.0,,moneydj,https://fubon-ebrokerdj.fbs.com.tw/z/zc/zco/zco.djhtm?a=2882&e=2026-7-1&f=2026-7-29
2026-07-29,2026-07-01,2026-07-29,20,2882,國泰金,sell,9,統一,5850,1345.0,5777.0,4432.0,,moneydj,https://fubon-ebrokerdj.fbs.com.tw/z/zc/zco/zco.djhtm?a=2882&e=2026-7-1&f=2026-7-29
2026-07-29,2026-07-01,2026-07-29,20,2882,國泰金,buy,10,永豐金證券,9A00,11745.0,9599.0,2146.0,,moneydj,https://fubon-ebrokerdj.fbs.com.tw/z/zc/zco/zco.djhtm?a=2882&e=2026-7-1&f=2026-7-29
2026-07-29,2026-07-01,2026-07-29,20,2882,國泰金,sell,10,臺銀,1040,735.0,4818.0,4083.0,,moneydj,https://fubon-ebrokerdj.fbs.com.tw/z/zc/zco/zco.djhtm?a=2882&e=2026-7-1&f=2026-7-29
2026-07-29,2026-07-01,2026-07-29,20,6215,和椿,buy,1,元大-復北,9872,262.0,31.0,231.0,,moneydj,https://fubon-ebrokerdj.fbs.com.tw/z/zc/zco/zco.djhtm?a=6215&e=2026-7-1&f=2026-7-29
2026-07-29,2026-07-01,2026-07-29,20,6215,和椿,sell,1,美商高盛,1480,1111.0,1440.0,329.0,,moneydj,https://fubon-ebrokerdj.fbs.com.tw/z/zc/zco/zco.djhtm?a=6215&e=2026-7-1&f=2026-7-29
2026-07-29,2026-07-01,2026-07-29,20,6215,和椿,buy,2,港商野村,1560,503.0,278.0,225.0,,moneydj,https://fubon-ebrokerdj.fbs.com.tw/z/zc/zco/zco.djhtm?a=6215&e=2026-7-1&f=2026-7-29
2026-07-29,2026-07-01,2026-07-29,20,6215,和椿,sell,2,凱基-台北,9268,2520.0,2649.0,129.0,,moneydj,https://fubon-ebrokerdj.fbs.com.tw/z/zc/zco/zco.djhtm?a=6215&e=2026-7-1&f=2026-7-29
2026-07-29,2026-07-01,2026-07-29,20,6215,和椿,buy,3,美林,1440,604.0,505.0,99.0,,moneydj,https://fubon-ebrokerdj.fbs.com.tw/z/zc/zco/zco.djhtm?a=6215&e=2026-7-1&f=2026-7-29
2026-07-29,2026-07-01,2026-07-29,20,6215,和椿,sell,3,永豐金-敦北,9A89,21.0,125.0,104.0,,moneydj,https://fubon-ebrokerdj.fbs.com.tw/z/zc/zco/zco.djhtm?a=6215&e=2026-7-1&f=2026-7-29
2026-07-29,2026-07-01,2026-07-29,20,6215,和椿,buy,4,元大-汐止,989Q,126.0,34.0,92.0,,moneydj,https://fubon-ebrokerdj.fbs.com.tw/z/zc/zco/zco.djhtm?a=6215&e=2026-7-1&f=2026-7-29
2026-07-29,2026-07-01,2026-07-29,20,6215,和椿,sell,4,台新-文心,9B2z,53.0,137.0,84.0,,moneydj,https://fubon-ebrokerdj.fbs.com.tw/z/zc/zco/zco.djhtm?a=6215&e=2026-7-1&f=2026-7-29
2026-07-29,2026-07-01,2026-07-29,20,6215,和椿,buy,5,統一-三重,585J,163.0,72.0,91.0,,moneydj,https://fubon-ebrokerdj.fbs.com.tw/z/zc/zco/zco.djhtm?a=6215&e=2026-7-1&f=2026-7-29
2026-07-29,2026-07-01,2026-07-29,20,6215,和椿,sell,5,元大-北府,980D,53.0,119.0,66.0,,moneydj,https://fubon-ebrokerdj.fbs.com.tw/z/zc/zco/zco.djhtm?a=6215&e=2026-7-1&f=2026-7-29
2026-07-29,2026-07-01,2026-07-29,20,6215,和椿,buy,6,元大-內湖民權,9867,232.0,157.0,75.0,,moneydj,https://fubon-ebrokerdj.fbs.com.tw/z/zc/zco/zco.djhtm?a=6215&e=2026-7-1&f=2026-7-29
2026-07-29,2026-07-01,2026-07-29,20,6215,和椿,sell,6,群益金鼎-崇德,913U,14.0,79.0,65.0,,moneydj,https://fubon-ebrokerdj.fbs.com.tw/z/zc/zco/zco.djhtm?a=6215&e=2026-7-1&f=2026-7-29
2026-07-29,2026-07-01,2026-07-29,20,6215,和椿,buy,7,高橋,5320,107.0,34.0,73.0,,moneydj,https://fubon-ebrokerdj.fbs.com.tw/z/zc/zco/zco.djhtm?a=6215&e=2026-7-1&f=2026-7-29
2026-07-29,2026-07-01,2026-07-29,20,6215,和椿,sell,7,國票證券,7790,61.0,123.0,62.0,,moneydj,https://fubon-ebrokerdj.fbs.com.tw/z/zc/zco/zco.djhtm?a=6215&e=2026-7-1&f=2026-7-29
2026-07-29,2026-07-01,2026-07-29,20,6215,和椿,buy,8,新加坡商瑞銀,1650,754.0,687.0,67.0,,moneydj,https://fubon-ebrokerdj.fbs.com.tw/z/zc/zco/zco.djhtm?a=6215&e=2026-7-1&f=2026-7-29
2026-07-29,2026-07-01,2026-07-29,20,6215,和椿,sell,8,台新-建北,9B18,42.0,100.0,58.0,,moneydj,https://fubon-ebrokerdj.fbs.com.tw/z/zc/zco/zco.djhtm?a=6215&e=2026-7-1&f=2026-7-29
2026-07-29,2026-07-01,2026-07-29,20,6215,和椿,buy,9,元大-中和,989e,99.0,45.0,54.0,,moneydj,https://fubon-ebrokerdj.fbs.com.tw/z/zc/zco/zco.djhtm?a=6215&e=2026-7-1&f=2026-7-29
2026-07-29,2026-07-01,2026-07-29,20,6215,和椿,sell,9,元大-東泰,9817,47.0,104.0,57.0,,moneydj,https://fubon-ebrokerdj.fbs.com.tw/z/zc/zco/zco.djhtm?a=6215&e=2026-7-1&f=2026-7-29
2026-07-29,2026-07-01,2026-07-29,20,6215,和椿,buy,10,台新-緯城,9B2A,95.0,47.0,48.0,,moneydj,https://fubon-ebrokerdj.fbs.com.tw/z/zc/zco/zco.djhtm?a=6215&e=2026-7-1&f=2026-7-29
2026-07-29,2026-07-01,2026-07-29,20,6215,和椿,sell,10,凱基-高雄,9206,27.0,77.0,50.0,,moneydj,https://fubon-ebrokerdj.fbs.com.tw/z/zc/zco/zco.djhtm?a=6215&e=2026-7-1&f=2026-7-29
2026-07-29,2026-07-01,2026-07-29,20,2425,承啟,buy,1,國泰-敦南,8888,2621.0,1877.0,744.0,,moneydj,https://fubon-ebrokerdj.fbs.com.tw/z/zc/zco/zco.djhtm?a=2425&e=2026-7-1&f=2026-7-29
2026-07-29,2026-07-01,2026-07-29,20,2425,承啟,sell,1,凱基-中港,9202,112.0,1490.0,1378.0,,moneydj,https://fubon-ebrokerdj.fbs.com.tw/z/zc/zco/zco.djhtm?a=2425&e=2026-7-1&f=2026-7-29
2026-07-29,2026-07-01,2026-07-29,20,2425,承啟,buy,2,華南永昌-敦南,9347,340.0,19.0,321.0,,moneydj,https://fubon-ebrokerdj.fbs.com.tw/z/zc/zco/zco.djhtm?a=2425&e=2026-7-1&f=2026-7-29
2026-07-29,2026-07-01,2026-07-29,20,2425,承啟,sell,2,凱基-台北,9268,5173.0,5893.0,720.0,,moneydj,https://fubon-ebrokerdj.fbs.com.tw/z/zc/zco/zco.djhtm?a=2425&e=2026-7-1&f=2026-7-29
2026-07-29,2026-07-01,2026-07-29,20,2425,承啟,buy,3,永豐金證券,9A00,683.0,415.0,268.0,,moneydj,https://fubon-ebrokerdj.fbs.com.tw/z/zc/zco/zco.djhtm?a=2425&e=2026-7-1&f=2026-7-29
2026-07-29,2026-07-01,2026-07-29,20,2425,承啟,sell,3,台灣摩根士丹利,1470,2322.0,2977.0,655.0,,moneydj,https://fubon-ebrokerdj.fbs.com.tw/z/zc/zco/zco.djhtm?a=2425&e=2026-7-1&f=2026-7-29
2026-07-29,2026-07-01,2026-07-29,20,2425,承啟,buy,4,第一金-新竹,538B,358.0,104.0,254.0,,moneydj,https://fubon-ebrokerdj.fbs.com.tw/z/zc/zco/zco.djhtm?a=2425&e=2026-7-1&f=2026-7-29
2026-07-29,2026-07-01,2026-07-29,20,2425,承啟,sell,4,美商高盛,1480,3363.0,4009.0,646.0,,moneydj,https://fubon-ebrokerdj.fbs.com.tw/z/zc/zco/zco.djhtm?a=2425&e=2026-7-1&f=2026-7-29
2026-07-29,2026-07-01,2026-07-29,20,2425,承啟,buy,5,富邦證券,9600,409.0,183.0,226.0,,moneydj,https://fubon-ebrokerdj.fbs.com.tw/z/zc/zco/zco.djhtm?a=2425&e=2026-7-1&f=2026-7-29
2026-07-29,2026-07-01,2026-07-29,20,2425,承啟,sell,5,元大證券,9800,6782.0,7109.0,327.0,,moneydj,https://fubon-ebrokerdj.fbs.com.tw/z/zc/zco/zco.djhtm?a=2425&e=2026-7-1&f=2026-7-29
2026-07-29,2026-07-01,2026-07-29,20,2425,承啟,buy,6,摩根大通,8440,3233.0,3057.0,176.0,,moneydj,https://fubon-ebrokerdj.fbs.com.tw/z/zc/zco/zco.djhtm?a=2425&e=2026-7-1&f=2026-7-29
2026-07-29,2026-07-01,2026-07-29,20,2425,承啟,sell,6,群益金鼎,9100,634.0,766.0,132.0,,moneydj,https://fubon-ebrokerdj.fbs.com.tw/z/zc/zco/zco.djhtm?a=2425&e=2026-7-1&f=2026-7-29
2026-07-29,2026-07-01,2026-07-29,20,2425,承啟,buy,7,國票-北高雄,779J,210.0,65.0,145.0,,moneydj,https://fubon-ebrokerdj.fbs.com.tw/z/zc/zco/zco.djhtm?a=2425&e=2026-7-1&f=2026-7-29
2026-07-29,2026-07-01,2026-07-29,20,2425,承啟,sell,7,元大-豐原,9838,78.0,206.0,128.0,,moneydj,https://fubon-ebrokerdj.fbs.com.tw/z/zc/zco/zco.djhtm?a=2425&e=2026-7-1&f=2026-7-29
2026-07-29,2026-07-01,2026-07-29,20,2425,承啟,buy,8,元大-竹科,980K,260.0,128.0,132.0,,moneydj,https://fubon-ebrokerdj.fbs.com.tw/z/zc/zco/zco.djhtm?a=2425&e=2026-7-1&f=2026-7-29
2026-07-29,2026-07-01,2026-07-29,20,2425,承啟,sell,8,港商野村,1560,333.0,455.0,122.0,,moneydj,https://fubon-ebrokerdj.fbs.com.tw/z/zc/zco/zco.djhtm?a=2425&e=2026-7-1&f=2026-7-29
2026-07-29,2026-07-01,2026-07-29,20,2425,承啟,buy,9,兆豐-寶成,700r,188.0,69.0,119.0,,moneydj,https://fubon-ebrokerdj.fbs.com.tw/z/zc/zco/zco.djhtm?a=2425&e=2026-7-1&f=2026-7-29
2026-07-29,2026-07-01,2026-07-29,20,2425,承啟,sell,9,新加坡商瑞銀,1650,1823.0,1937.0,114.0,,moneydj,https://fubon-ebrokerdj.fbs.com.tw/z/zc/zco/zco.djhtm?a=2425&e=2026-7-1&f=2026-7-29
2026-07-29,2026-07-01,2026-07-29,20,2425,承啟,buy,10,台新-三民,9B13,180.0,76.0,104.0,,moneydj,https://fubon-ebrokerdj.fbs.com.tw/z/zc/zco/zco.djhtm?a=2425&e=2026-7-1&f=2026-7-29
2026-07-29,2026-07-01,2026-07-29,20,2425,承啟,sell,10,凱基-市政,9239,739.0,836.0,97.0,,moneydj,https://fubon-ebrokerdj.fbs.com.tw/z/zc/zco/zco.djhtm?a=2425&e=2026-7-1&f=2026-7-29
2026-07-29,2026-07-01,2026-07-29,20,2636,台驊控股,buy,1,美商高盛,1480,838.0,450.0,388.0,,moneydj,https://fubon-ebrokerdj.fbs.com.tw/z/zc/zco/zco.djhtm?a=2636&e=2026-7-1&f=2026-7-29
2026-07-29,2026-07-01,2026-07-29,20,2636,台驊控股,sell,1,兆豐證券,7000,7.0,352.0,345.0,,moneydj,https://fubon-ebrokerdj.fbs.com.tw/z/zc/zco/zco.djhtm?a=2636&e=2026-7-1&f=2026-7-29
2026-07-29,2026-07-01,2026-07-29,20,2636,台驊控股,buy,2,台灣摩根士丹利,1470,853.0,470.0,383.0,,moneydj,https://fubon-ebrokerdj.fbs.com.tw/z/zc/zco/zco.djhtm?a=2636&e=2026-7-1&f=2026-7-29
2026-07-29,2026-07-01,2026-07-29,20,2636,台驊控股,sell,2,摩根大通,8440,229.0,434.0,205.0,,moneydj,https://fubon-ebrokerdj.fbs.com.tw/z/zc/zco/zco.djhtm?a=2636&e=2026-7-1&f=2026-7-29
2026-07-29,2026-07-01,2026-07-29,20,2636,台驊控股,buy,3,元大證券,9800,320.0,152.0,168.0,,moneydj,https://fubon-ebrokerdj.fbs.com.tw/z/zc/zco/zco.djhtm?a=2636&e=2026-7-1&f=2026-7-29
2026-07-29,2026-07-01,2026-07-29,20,2636,台驊控股,sell,3,凱基-台北,9268,819.0,979.0,160.0,,moneydj,https://fubon-ebrokerdj.fbs.com.tw/z/zc/zco/zco.djhtm?a=2636&e=2026-7-1&f=2026-7-29
2026-07-29,2026-07-01,2026-07-29,20,2636,台驊控股,buy,4,合庫-三重,102G,105.0,1.0,104.0,,moneydj,https://fubon-ebrokerdj.fbs.com.tw/z/zc/zco/zco.djhtm?a=2636&e=2026-7-1&f=2026-7-29
2026-07-29,2026-07-01,2026-07-29,20,2636,台驊控股,sell,4,統一-城中,5854,30.0,185.0,155.0,,moneydj,https://fubon-ebrokerdj.fbs.com.tw/z/zc/zco/zco.djhtm?a=2636&e=2026-7-1&f=2026-7-29
2026-07-29,2026-07-01,2026-07-29,20,2636,台驊控股,buy,5,元大-成功,989L,81.0,6.0,75.0,,moneydj,https://fubon-ebrokerdj.fbs.com.tw/z/zc/zco/zco.djhtm?a=2636&e=2026-7-1&f=2026-7-29
2026-07-29,2026-07-01,2026-07-29,20,2636,台驊控股,sell,5,群益金鼎,9100,18.0,135.0,117.0,,moneydj,https://fubon-ebrokerdj.fbs.com.tw/z/zc/zco/zco.djhtm?a=2636&e=2026-7-1&f=2026-7-29
2026-07-29,2026-07-01,2026-07-29,20,2636,台驊控股,buy,6,元大-新盛,9869,72.0,11.0,61.0,,moneydj,https://fubon-ebrokerdj.fbs.com.tw/z/zc/zco/zco.djhtm?a=2636&e=2026-7-1&f=2026-7-29
2026-07-29,2026-07-01,2026-07-29,20,2636,台驊控股,sell,6,第一金-大稻埕,538F,2.0,104.0,102.0,,moneydj,https://fubon-ebrokerdj.fbs.com.tw/z/zc/zco/zco.djhtm?a=2636&e=2026-7-1&f=2026-7-29
2026-07-29,2026-07-01,2026-07-29,20,2636,台驊控股,buy,7,元大-竹科,980K,75.0,19.0,56.0,,moneydj,https://fubon-ebrokerdj.fbs.com.tw/z/zc/zco/zco.djhtm?a=2636&e=2026-7-1&f=2026-7-29
2026-07-29,2026-07-01,2026-07-29,20,2636,台驊控股,sell,7,合庫-自強,102C,19.0,96.0,77.0,,moneydj,https://fubon-ebrokerdj.fbs.com.tw/z/zc/zco/zco.djhtm?a=2636&e=2026-7-1&f=2026-7-29
2026-07-29,2026-07-01,2026-07-29,20,2636,台驊控股,buy,8,台灣企銀-九如,1113,50.0,0.0,50.0,,moneydj,https://fubon-ebrokerdj.fbs.com.tw/z/zc/zco/zco.djhtm?a=2636&e=2026-7-1&f=2026-7-29
2026-07-29,2026-07-01,2026-07-29,20,2636,台驊控股,sell,8,永豐金-板新,9A9J,2.0,71.0,69.0,,moneydj,https://fubon-ebrokerdj.fbs.com.tw/z/zc/zco/zco.djhtm?a=2636&e=2026-7-1&f=2026-7-29
2026-07-29,2026-07-01,2026-07-29,20,2636,台驊控股,buy,9,元大-土城,9897,56.0,10.0,46.0,,moneydj,https://fubon-ebrokerdj.fbs.com.tw/z/zc/zco/zco.djhtm?a=2636&e=2026-7-1&f=2026-7-29
2026-07-29,2026-07-01,2026-07-29,20,2636,台驊控股,sell,9,港商野村,1560,60.0,127.0,67.0,,moneydj,https://fubon-ebrokerdj.fbs.com.tw/z/zc/zco/zco.djhtm?a=2636&e=2026-7-1&f=2026-7-29
2026-07-29,2026-07-01,2026-07-29,20,2636,台驊控股,buy,10,國泰-敦南,8888,119.0,78.0,41.0,,moneydj,https://fubon-ebrokerdj.fbs.com.tw/z/zc/zco/zco.djhtm?a=2636&e=2026-7-1&f=2026-7-29
2026-07-29,2026-07-01,2026-07-29,20,2636,台驊控股,sell,10,美林,1440,316.0,382.0,66.0,,moneydj,https://fubon-ebrokerdj.fbs.com.tw/z/zc/zco/zco.djhtm?a=2636&e=2026-7-1&f=2026-7-29
2026-07-29,2026-07-01,2026-07-29,20,2540,愛山林,buy,1,摩根大通,8440,1909.0,787.0,1122.0,,moneydj,https://fubon-ebrokerdj.fbs.com.tw/z/zc/zco/zco.djhtm?a=2540&e=2026-7-1&f=2026-7-29
2026-07-29,2026-07-01,2026-07-29,20,2540,愛山林,sell,1,台新,9B00,86.0,453.0,367.0,,moneydj,https://fubon-ebrokerdj.fbs.com.tw/z/zc/zco/zco.djhtm?a=2540&e=2026-7-1&f=2026-7-29
2026-07-29,2026-07-01,2026-07-29,20,2540,愛山林,buy,2,兆豐證券,7000,920.0,5.0,915.0,,moneydj,https://fubon-ebrokerdj.fbs.com.tw/z/zc/zco/zco.djhtm?a=2540&e=2026-7-1&f=2026-7-29
2026-07-29,2026-07-01,2026-07-29,20,2540,愛山林,sell,2,統一-新台中,585D,2.0,363.0,361.0,,moneydj,https://fubon-ebrokerdj.fbs.com.tw/z/zc/zco/zco.djhtm?a=2540&e=2026-7-1&f=2026-7-29
2026-07-29,2026-07-01,2026-07-29,20,2540,愛山林,buy,3,美商高盛,1480,1231.0,664.0,567.0,,moneydj,https://fubon-ebrokerdj.fbs.com.tw/z/zc/zco/zco.djhtm?a=2540&e=2026-7-1&f=2026-7-29
2026-07-29,2026-07-01,2026-07-29,20,2540,愛山林,sell,3,玉山-左營,884D,3.0,158.0,155.0,,moneydj,https://fubon-ebrokerdj.fbs.com.tw/z/zc/zco/zco.djhtm?a=2540&e=2026-7-1&f=2026-7-29
2026-07-29,2026-07-01,2026-07-29,20,2540,愛山林,buy,4,新加坡商瑞銀,1650,500.0,102.0,398.0,,moneydj,https://fubon-ebrokerdj.fbs.com.tw/z/zc/zco/zco.djhtm?a=2540&e=2026-7-1&f=2026-7-29
2026-07-29,2026-07-01,2026-07-29,20,2540,愛山林,sell,4,兆豐-忠孝,700a,2.0,146.0,144.0,,moneydj,https://fubon-ebrokerdj.fbs.com.tw/z/zc/zco/zco.djhtm?a=2540&e=2026-7-1&f=2026-7-29
2026-07-29,2026-07-01,2026-07-29,20,2540,愛山林,buy,5,凱基-台北,9268,1809.0,1448.0,361.0,,moneydj,https://fubon-ebrokerdj.fbs.com.tw/z/zc/zco/zco.djhtm?a=2540&e=2026-7-1&f=2026-7-29
2026-07-29,2026-07-01,2026-07-29,20,2540,愛山林,sell,5,台中銀-高雄,6116,30.0,158.0,128.0,,moneydj,https://fubon-ebrokerdj.fbs.com.tw/z/zc/zco/zco.djhtm?a=2540&e=2026-7-1&f=2026-7-29
2026-07-29,2026-07-01,2026-07-29,20,2540,愛山林,buy,6,台灣摩根士丹利,1470,750.0,447.0,303.0,,moneydj,https://fubon-ebrokerdj.fbs.com.tw/z/zc/zco/zco.djhtm?a=2540&e=2026-7-1&f=2026-7-29
2026-07-29,2026-07-01,2026-07-29,20,2540,愛山林,sell,6,華南永昌-大安,9307,0.0,116.0,116.0,,moneydj,https://fubon-ebrokerdj.fbs.com.tw/z/zc/zco/zco.djhtm?a=2540&e=2026-7-1&f=2026-7-29
2026-07-29,2026-07-01,2026-07-29,20,2540,愛山林,buy,7,花旗環球,1590,418.0,125.0,293.0,,moneydj,https://fubon-ebrokerdj.fbs.com.tw/z/zc/zco/zco.djhtm?a=2540&e=2026-7-1&f=2026-7-29
2026-07-29,2026-07-01,2026-07-29,20,2540,愛山林,sell,7,第一金-忠孝,538D,1.0,112.0,111.0,,moneydj,https://fubon-ebrokerdj.fbs.com.tw/z/zc/zco/zco.djhtm?a=2540&e=2026-7-1&f=2026-7-29
2026-07-29,2026-07-01,2026-07-29,20,2540,愛山林,buy,8,國泰證券,8880,252.0,0.0,252.0,,moneydj,https://fubon-ebrokerdj.fbs.com.tw/z/zc/zco/zco.djhtm?a=2540&e=2026-7-1&f=2026-7-29
2026-07-29,2026-07-01,2026-07-29,20,2540,愛山林,sell,8,元大-桃園,988B,0.0,104.0,104.0,,moneydj,https://fubon-ebrokerdj.fbs.com.tw/z/zc/zco/zco.djhtm?a=2540&e=2026-7-1&f=2026-7-29
2026-07-29,2026-07-01,2026-07-29,20,2540,愛山林,buy,9,富邦證券,9600,228.0,9.0,219.0,,moneydj,https://fubon-ebrokerdj.fbs.com.tw/z/zc/zco/zco.djhtm?a=2540&e=2026-7-1&f=2026-7-29
2026-07-29,2026-07-01,2026-07-29,20,2540,愛山林,sell,9,永豐金-豐原,9A9Q,55.0,147.0,92.0,,moneydj,https://fubon-ebrokerdj.fbs.com.tw/z/zc/zco/zco.djhtm?a=2540&e=2026-7-1&f=2026-7-29
2026-07-29,2026-07-01,2026-07-29,20,2540,愛山林,buy,10,華南永昌-基隆,9322,573.0,365.0,208.0,,moneydj,https://fubon-ebrokerdj.fbs.com.tw/z/zc/zco/zco.djhtm?a=2540&e=2026-7-1&f=2026-7-29
2026-07-29,2026-07-01,2026-07-29,20,2540,愛山林,sell,10,元大-華山,981U,3.0,92.0,89.0,,moneydj,https://fubon-ebrokerdj.fbs.com.tw/z/zc/zco/zco.djhtm?a=2540&e=2026-7-1&f=2026-7-29
2026-07-29,2026-07-01,2026-07-29,20,2015,豐興,buy,1,摩根大通,8440,1072.0,403.0,669.0,,moneydj,https://fubon-ebrokerdj.fbs.com.tw/z/zc/zco/zco.djhtm?a=2015&e=2026-7-1&f=2026-7-29
2026-07-29,2026-07-01,2026-07-29,20,2015,豐興,sell,1,統一-新台中,585D,38.0,418.0,380.0,,moneydj,https://fubon-ebrokerdj.fbs.com.tw/z/zc/zco/zco.djhtm?a=2015&e=2026-7-1&f=2026-7-29
2026-07-29,2026-07-01,2026-07-29,20,2015,豐興,buy,2,台灣摩根士丹利,1470,1040.0,377.0,663.0,,moneydj,https://fubon-ebrokerdj.fbs.com.tw/z/zc/zco/zco.djhtm?a=2015&e=2026-7-1&f=2026-7-29
2026-07-29,2026-07-01,2026-07-29,20,2015,豐興,sell,2,第一金-嘉義,538M,0.0,219.0,219.0,,moneydj,https://fubon-ebrokerdj.fbs.com.tw/z/zc/zco/zco.djhtm?a=2015&e=2026-7-1&f=2026-7-29
2026-07-29,2026-07-01,2026-07-29,20,2015,豐興,buy,3,新加坡商瑞銀,1650,489.0,253.0,236.0,,moneydj,https://fubon-ebrokerdj.fbs.com.tw/z/zc/zco/zco.djhtm?a=2015&e=2026-7-1&f=2026-7-29
2026-07-29,2026-07-01,2026-07-29,20,2015,豐興,sell,3,群益金鼎-大甲,918g,26.0,232.0,206.0,,moneydj,https://fubon-ebrokerdj.fbs.com.tw/z/zc/zco/zco.djhtm?a=2015&e=2026-7-1&f=2026-7-29
2026-07-29,2026-07-01,2026-07-29,20,2015,豐興,buy,4,美商高盛,1480,796.0,612.0,184.0,,moneydj,https://fubon-ebrokerdj.fbs.com.tw/z/zc/zco/zco.djhtm?a=2015&e=2026-7-1&f=2026-7-29
2026-07-29,2026-07-01,2026-07-29,20,2015,豐興,sell,4,兆豐-台南,7006,0.0,140.0,140.0,,moneydj,https://fubon-ebrokerdj.fbs.com.tw/z/zc/zco/zco.djhtm?a=2015&e=2026-7-1&f=2026-7-29
2026-07-29,2026-07-01,2026-07-29,20,2015,豐興,buy,5,凱基-台北,9268,651.0,471.0,180.0,,moneydj,https://fubon-ebrokerdj.fbs.com.tw/z/zc/zco/zco.djhtm?a=2015&e=2026-7-1&f=2026-7-29
2026-07-29,2026-07-01,2026-07-29,20,2015,豐興,sell,5,富邦-桃園,9665,10.0,117.0,107.0,,moneydj,https://fubon-ebrokerdj.fbs.com.tw/z/zc/zco/zco.djhtm?a=2015&e=2026-7-1&f=2026-7-29
2026-07-29,2026-07-01,2026-07-29,20,2015,豐興,buy,6,美林,1440,237.0,69.0,168.0,,moneydj,https://fubon-ebrokerdj.fbs.com.tw/z/zc/zco/zco.djhtm?a=2015&e=2026-7-1&f=2026-7-29
2026-07-29,2026-07-01,2026-07-29,20,2015,豐興,sell,6,兆豐-台中,7003,0.0,100.0,100.0,,moneydj,https://fubon-ebrokerdj.fbs.com.tw/z/zc/zco/zco.djhtm?a=2015&e=2026-7-1&f=2026-7-29
2026-07-29,2026-07-01,2026-07-29,20,2015,豐興,buy,7,永豐金證券,9A00,202.0,48.0,154.0,,moneydj,https://fubon-ebrokerdj.fbs.com.tw/z/zc/zco/zco.djhtm?a=2015&e=2026-7-1&f=2026-7-29
2026-07-29,2026-07-01,2026-07-29,20,2015,豐興,sell,7,新光,8560,112.0,207.0,95.0,,moneydj,https://fubon-ebrokerdj.fbs.com.tw/z/zc/zco/zco.djhtm?a=2015&e=2026-7-1&f=2026-7-29
2026-07-29,2026-07-01,2026-07-29,20,2015,豐興,buy,8,台中銀-豐原,611A,154.0,11.0,143.0,,moneydj,https://fubon-ebrokerdj.fbs.com.tw/z/zc/zco/zco.djhtm?a=2015&e=2026-7-1&f=2026-7-29
2026-07-29,2026-07-01,2026-07-29,20,2015,豐興,sell,8,台新-三民,9B13,0.0,60.0,60.0,,moneydj,https://fubon-ebrokerdj.fbs.com.tw/z/zc/zco/zco.djhtm?a=2015&e=2026-7-1&f=2026-7-29
2026-07-29,2026-07-01,2026-07-29,20,2015,豐興,buy,9,元大-北屯,989d,146.0,3.0,143.0,,moneydj,https://fubon-ebrokerdj.fbs.com.tw/z/zc/zco/zco.djhtm?a=2015&e=2026-7-1&f=2026-7-29
2026-07-29,2026-07-01,2026-07-29,20,2015,豐興,sell,9,永豐金-羅東,9A9A,0.0,59.0,59.0,,moneydj,https://fubon-ebrokerdj.fbs.com.tw/z/zc/zco/zco.djhtm?a=2015&e=2026-7-1&f=2026-7-29
2026-07-29,2026-07-01,2026-07-29,20,2015,豐興,buy,10,花旗環球,1590,195.0,63.0,132.0,,moneydj,https://fubon-ebrokerdj.fbs.com.tw/z/zc/zco/zco.djhtm?a=2015&e=2026-7-1&f=2026-7-29
2026-07-29,2026-07-01,2026-07-29,20,2015,豐興,sell,10,兆豐-來福,700C,1.0,58.0,57.0,,moneydj,https://fubon-ebrokerdj.fbs.com.tw/z/zc/zco/zco.djhtm?a=2015&e=2026-7-1&f=2026-7-29
2026-07-29,2026-07-01,2026-07-29,20,8103,瀚荃,buy,1,國泰-館前,888A,770.0,209.0,561.0,,moneydj,https://fubon-ebrokerdj.fbs.com.tw/z/zc/zco/zco.djhtm?a=8103&e=2026-7-1&f=2026-7-29
2026-07-29,2026-07-01,2026-07-29,20,8103,瀚荃,sell,1,元大-高雄,981m,67.0,492.0,425.0,,moneydj,https://fubon-ebrokerdj.fbs.com.tw/z/zc/zco/zco.djhtm?a=8103&e=2026-7-1&f=2026-7-29
2026-07-29,2026-07-01,2026-07-29,20,8103,瀚荃,buy,2,元大-潮州,981Z,544.0,133.0,411.0,,moneydj,https://fubon-ebrokerdj.fbs.com.tw/z/zc/zco/zco.djhtm?a=8103&e=2026-7-1&f=2026-7-29
2026-07-29,2026-07-01,2026-07-29,20,8103,瀚荃,sell,2,台新,9B00,225.0,611.0,386.0,,moneydj,https://fubon-ebrokerdj.fbs.com.tw/z/zc/zco/zco.djhtm?a=8103&e=2026-7-1&f=2026-7-29
2026-07-29,2026-07-01,2026-07-29,20,8103,瀚荃,buy,3,台灣摩根士丹利,1470,1721.0,1360.0,361.0,,moneydj,https://fubon-ebrokerdj.fbs.com.tw/z/zc/zco/zco.djhtm?a=8103&e=2026-7-1&f=2026-7-29
2026-07-29,2026-07-01,2026-07-29,20,8103,瀚荃,sell,3,新光-新竹,8563,40.0,386.0,346.0,,moneydj,https://fubon-ebrokerdj.fbs.com.tw/z/zc/zco/zco.djhtm?a=8103&e=2026-7-1&f=2026-7-29
2026-07-29,2026-07-01,2026-07-29,20,8103,瀚荃,buy,4,元大-大同,989G,258.0,54.0,204.0,,moneydj,https://fubon-ebrokerdj.fbs.com.tw/z/zc/zco/zco.djhtm?a=8103&e=2026-7-1&f=2026-7-29
2026-07-29,2026-07-01,2026-07-29,20,8103,瀚荃,sell,4,凱基-台北,9268,1372.0,1619.0,247.0,,moneydj,https://fubon-ebrokerdj.fbs.com.tw/z/zc/zco/zco.djhtm?a=8103&e=2026-7-1&f=2026-7-29
2026-07-29,2026-07-01,2026-07-29,20,8103,瀚荃,buy,5,凱基-雙和,920C,200.0,86.0,114.0,,moneydj,https://fubon-ebrokerdj.fbs.com.tw/z/zc/zco/zco.djhtm?a=8103&e=2026-7-1&f=2026-7-29
2026-07-29,2026-07-01,2026-07-29,20,8103,瀚荃,sell,5,元大-斗信,9884,1.0,211.0,210.0,,moneydj,https://fubon-ebrokerdj.fbs.com.tw/z/zc/zco/zco.djhtm?a=8103&e=2026-7-1&f=2026-7-29
2026-07-29,2026-07-01,2026-07-29,20,8103,瀚荃,buy,6,富邦-花蓮,9621,126.0,12.0,114.0,,moneydj,https://fubon-ebrokerdj.fbs.com.tw/z/zc/zco/zco.djhtm?a=8103&e=2026-7-1&f=2026-7-29
2026-07-29,2026-07-01,2026-07-29,20,8103,瀚荃,sell,6,康和,8450,20.0,222.0,202.0,,moneydj,https://fubon-ebrokerdj.fbs.com.tw/z/zc/zco/zco.djhtm?a=8103&e=2026-7-1&f=2026-7-29
2026-07-29,2026-07-01,2026-07-29,20,8103,瀚荃,buy,7,統一-三重,585J,167.0,58.0,109.0,,moneydj,https://fubon-ebrokerdj.fbs.com.tw/z/zc/zco/zco.djhtm?a=8103&e=2026-7-1&f=2026-7-29
2026-07-29,2026-07-01,2026-07-29,20,8103,瀚荃,sell,7,元大證券,9800,1265.0,1450.0,185.0,,moneydj,https://fubon-ebrokerdj.fbs.com.tw/z/zc/zco/zco.djhtm?a=8103&e=2026-7-1&f=2026-7-29
2026-07-29,2026-07-01,2026-07-29,20,8103,瀚荃,buy,8,永豐金-匯立,9A81,139.0,37.0,102.0,,moneydj,https://fubon-ebrokerdj.fbs.com.tw/z/zc/zco/zco.djhtm?a=8103&e=2026-7-1&f=2026-7-29
2026-07-29,2026-07-01,2026-07-29,20,8103,瀚荃,sell,8,元大-北投,989A,10.0,135.0,125.0,,moneydj,https://fubon-ebrokerdj.fbs.com.tw/z/zc/zco/zco.djhtm?a=8103&e=2026-7-1&f=2026-7-29
2026-07-29,2026-07-01,2026-07-29,20,8103,瀚荃,buy,9,國泰-台中,8882,291.0,217.0,74.0,,moneydj,https://fubon-ebrokerdj.fbs.com.tw/z/zc/zco/zco.djhtm?a=8103&e=2026-7-1&f=2026-7-29
2026-07-29,2026-07-01,2026-07-29,20,8103,瀚荃,sell,9,永豐金-松山,9A91,36.0,154.0,118.0,,moneydj,https://fubon-ebrokerdj.fbs.com.tw/z/zc/zco/zco.djhtm?a=8103&e=2026-7-1&f=2026-7-29
2026-07-29,2026-07-01,2026-07-29,20,8103,瀚荃,buy,10,元大-楊梅,987A,99.0,25.0,74.0,,moneydj,https://fubon-ebrokerdj.fbs.com.tw/z/zc/zco/zco.djhtm?a=8103&e=2026-7-1&f=2026-7-29
2026-07-29,2026-07-01,2026-07-29,20,8103,瀚荃,sell,10,國泰證券,8880,38.0,146.0,108.0,,moneydj,https://fubon-ebrokerdj.fbs.com.tw/z/zc/zco/zco.djhtm?a=8103&e=2026-7-1&f=2026-7-29
2026-07-29,2026-07-01,2026-07-29,20,4915,致伸,buy,1,港商野村,1560,3467.0,1257.0,2210.0,,moneydj,https://fubon-ebrokerdj.fbs.com.tw/z/zc/zco/zco.djhtm?a=4915&e=2026-7-1&f=2026-7-29
2026-07-29,2026-07-01,2026-07-29,20,4915,致伸,sell,1,元大證券,9800,2090.0,4446.0,2356.0,,moneydj,https://fubon-ebrokerdj.fbs.com.tw/z/zc/zco/zco.djhtm?a=4915&e=2026-7-1&f=2026-7-29
2026-07-29,2026-07-01,2026-07-29,20,4915,致伸,buy,2,台灣摩根士丹利,1470,5216.0,3469.0,1747.0,,moneydj,https://fubon-ebrokerdj.fbs.com.tw/z/zc/zco/zco.djhtm?a=4915&e=2026-7-1&f=2026-7-29
2026-07-29,2026-07-01,2026-07-29,20,4915,致伸,sell,2,中國信託,6160,99.0,2309.0,2210.0,,moneydj,https://fubon-ebrokerdj.fbs.com.tw/z/zc/zco/zco.djhtm?a=4915&e=2026-7-1&f=2026-7-29
2026-07-29,2026-07-01,2026-07-29,20,4915,致伸,buy,3,群益金鼎,9100,2015.0,825.0,1190.0,,moneydj,https://fubon-ebrokerdj.fbs.com.tw/z/zc/zco/zco.djhtm?a=4915&e=2026-7-1&f=2026-7-29
2026-07-29,2026-07-01,2026-07-29,20,4915,致伸,sell,3,富邦證券,9600,2304.0,4426.0,2122.0,,moneydj,https://fubon-ebrokerdj.fbs.com.tw/z/zc/zco/zco.djhtm?a=4915&e=2026-7-1&f=2026-7-29
2026-07-29,2026-07-01,2026-07-29,20,4915,致伸,buy,4,永豐金證券,9A00,4047.0,3376.0,671.0,,moneydj,https://fubon-ebrokerdj.fbs.com.tw/z/zc/zco/zco.djhtm?a=4915&e=2026-7-1&f=2026-7-29
2026-07-29,2026-07-01,2026-07-29,20,4915,致伸,sell,4,摩根大通,8440,3767.0,5636.0,1869.0,,moneydj,https://fubon-ebrokerdj.fbs.com.tw/z/zc/zco/zco.djhtm?a=4915&e=2026-7-1&f=2026-7-29
2026-07-29,2026-07-01,2026-07-29,20,4915,致伸,buy,5,統一,5850,1537.0,944.0,593.0,,moneydj,https://fubon-ebrokerdj.fbs.com.tw/z/zc/zco/zco.djhtm?a=4915&e=2026-7-1&f=2026-7-29
2026-07-29,2026-07-01,2026-07-29,20,4915,致伸,sell,5,美商高盛,1480,3860.0,5660.0,1800.0,,moneydj,https://fubon-ebrokerdj.fbs.com.tw/z/zc/zco/zco.djhtm?a=4915&e=2026-7-1&f=2026-7-29
2026-07-29,2026-07-01,2026-07-29,20,4915,致伸,buy,6,國泰-敦南,8888,706.0,408.0,298.0,,moneydj,https://fubon-ebrokerdj.fbs.com.tw/z/zc/zco/zco.djhtm?a=4915&e=2026-7-1&f=2026-7-29
2026-07-29,2026-07-01,2026-07-29,20,4915,致伸,sell,6,兆豐證券,7000,747.0,1825.0,1078.0,,moneydj,https://fubon-ebrokerdj.fbs.com.tw/z/zc/zco/zco.djhtm?a=4915&e=2026-7-1&f=2026-7-29
2026-07-29,2026-07-01,2026-07-29,20,4915,致伸,buy,7,聯邦證券,8580,321.0,29.0,292.0,,moneydj,https://fubon-ebrokerdj.fbs.com.tw/z/zc/zco/zco.djhtm?a=4915&e=2026-7-1&f=2026-7-29
2026-07-29,2026-07-01,2026-07-29,20,4915,致伸,sell,7,凱基-台北,9268,3578.0,4519.0,941.0,,moneydj,https://fubon-ebrokerdj.fbs.com.tw/z/zc/zco/zco.djhtm?a=4915&e=2026-7-1&f=2026-7-29
2026-07-29,2026-07-01,2026-07-29,20,4915,致伸,buy,8,元大-新莊,9898,294.0,45.0,249.0,,moneydj,https://fubon-ebrokerdj.fbs.com.tw/z/zc/zco/zco.djhtm?a=4915&e=2026-7-1&f=2026-7-29
2026-07-29,2026-07-01,2026-07-29,20,4915,致伸,sell,8,康和,8450,62.0,864.0,802.0,,moneydj,https://fubon-ebrokerdj.fbs.com.tw/z/zc/zco/zco.djhtm?a=4915&e=2026-7-1&f=2026-7-29
2026-07-29,2026-07-01,2026-07-29,20,4915,致伸,buy,9,華南永昌-高雄,9303,229.0,32.0,197.0,,moneydj,https://fubon-ebrokerdj.fbs.com.tw/z/zc/zco/zco.djhtm?a=4915&e=2026-7-1&f=2026-7-29
2026-07-29,2026-07-01,2026-07-29,20,4915,致伸,sell,9,華南永昌,9300,258.0,915.0,657.0,,moneydj,https://fubon-ebrokerdj.fbs.com.tw/z/zc/zco/zco.djhtm?a=4915&e=2026-7-1&f=2026-7-29
2026-07-29,2026-07-01,2026-07-29,20,4915,致伸,buy,10,兆豐-高雄,700Z,325.0,139.0,186.0,,moneydj,https://fubon-ebrokerdj.fbs.com.tw/z/zc/zco/zco.djhtm?a=4915&e=2026-7-1&f=2026-7-29
2026-07-29,2026-07-01,2026-07-29,20,4915,致伸,sell,10,永豐金-匯立,9A81,0.0,552.0,552.0,,moneydj,https://fubon-ebrokerdj.fbs.com.tw/z/zc/zco/zco.djhtm?a=4915&e=2026-7-1&f=2026-7-29
2026-07-29,2026-07-01,2026-07-29,20,3653,健策,buy,1,富邦證券,9600,1589.0,958.0,631.0,,moneydj,https://fubon-ebrokerdj.fbs.com.tw/z/zc/zco/zco.djhtm?a=3653&e=2026-7-1&f=2026-7-29
2026-07-29,2026-07-01,2026-07-29,20,3653,健策,sell,1,港商麥格理,1360,242.0,761.0,519.0,,moneydj,https://fubon-ebrokerdj.fbs.com.tw/z/zc/zco/zco.djhtm?a=3653&e=2026-7-1&f=2026-7-29
2026-07-29,2026-07-01,2026-07-29,20,3653,健策,buy,2,台灣摩根士丹利,1470,2600.0,2018.0,582.0,,moneydj,https://fubon-ebrokerdj.fbs.com.tw/z/zc/zco/zco.djhtm?a=3653&e=2026-7-1&f=2026-7-29
2026-07-29,2026-07-01,2026-07-29,20,3653,健策,sell,2,摩根大通,8440,890.0,1341.0,451.0,,moneydj,https://fubon-ebrokerdj.fbs.com.tw/z/zc/zco/zco.djhtm?a=3653&e=2026-7-1&f=2026-7-29
2026-07-29,2026-07-01,2026-07-29,20,3653,健策,buy,3,永豐金證券,9A00,911.0,527.0,384.0,,moneydj,https://fubon-ebrokerdj.fbs.com.tw/z/zc/zco/zco.djhtm?a=3653&e=2026-7-1&f=2026-7-29
2026-07-29,2026-07-01,2026-07-29,20,3653,健策,sell,3,美林,1440,1005.0,1418.0,413.0,,moneydj,https://fubon-ebrokerdj.fbs.com.tw/z/zc/zco/zco.djhtm?a=3653&e=2026-7-1&f=2026-7-29
2026-07-29,2026-07-01,2026-07-29,20,3653,健策,buy,4,元大證券,9800,2259.0,2043.0,216.0,,moneydj,https://fubon-ebrokerdj.fbs.com.tw/z/zc/zco/zco.djhtm?a=3653&e=2026-7-1&f=2026-7-29
2026-07-29,2026-07-01,2026-07-29,20,3653,健策,sell,4,花旗環球,1590,170.0,531.0,361.0,,moneydj,https://fubon-ebrokerdj.fbs.com.tw/z/zc/zco/zco.djhtm?a=3653&e=2026-7-1&f=2026-7-29
2026-07-29,2026-07-01,2026-07-29,20,3653,健策,buy,5,凱基,9200,378.0,191.0,187.0,,moneydj,https://fubon-ebrokerdj.fbs.com.tw/z/zc/zco/zco.djhtm?a=3653&e=2026-7-1&f=2026-7-29
2026-07-29,2026-07-01,2026-07-29,20,3653,健策,sell,5,美商高盛,1480,2137.0,2454.0,317.0,,moneydj,https://fubon-ebrokerdj.fbs.com.tw/z/zc/zco/zco.djhtm?a=3653&e=2026-7-1&f=2026-7-29
2026-07-29,2026-07-01,2026-07-29,20,3653,健策,buy,6,國票-敦北法人,779c,418.0,248.0,170.0,,moneydj,https://fubon-ebrokerdj.fbs.com.tw/z/zc/zco/zco.djhtm?a=3653&e=2026-7-1&f=2026-7-29
2026-07-29,2026-07-01,2026-07-29,20,3653,健策,sell,6,群益金鼎-大安,918e,149.0,265.0,116.0,,moneydj,https://fubon-ebrokerdj.fbs.com.tw/z/zc/zco/zco.djhtm?a=3653&e=2026-7-1&f=2026-7-29
2026-07-29,2026-07-01,2026-07-29,20,3653,健策,buy,7,華南永昌,9300,199.0,58.0,141.0,,moneydj,https://fubon-ebrokerdj.fbs.com.tw/z/zc/zco/zco.djhtm?a=3653&e=2026-7-1&f=2026-7-29
2026-07-29,2026-07-01,2026-07-29,20,3653,健策,sell,7,大和國泰,8890,165.0,242.0,77.0,,moneydj,https://fubon-ebrokerdj.fbs.com.tw/z/zc/zco/zco.djhtm?a=3653&e=2026-7-1&f=2026-7-29
2026-07-29,2026-07-01,2026-07-29,20,3653,健策,buy,8,國泰證券,8880,570.0,437.0,133.0,,moneydj,https://fubon-ebrokerdj.fbs.com.tw/z/zc/zco/zco.djhtm?a=3653&e=2026-7-1&f=2026-7-29
2026-07-29,2026-07-01,2026-07-29,20,3653,健策,sell,8,華南永昌-忠孝,9325,4.0,69.0,65.0,,moneydj,https://fubon-ebrokerdj.fbs.com.tw/z/zc/zco/zco.djhtm?a=3653&e=2026-7-1&f=2026-7-29
2026-07-29,2026-07-01,2026-07-29,20,3653,健策,buy,9,統一,5850,227.0,97.0,130.0,,moneydj,https://fubon-ebrokerdj.fbs.com.tw/z/zc/zco/zco.djhtm?a=3653&e=2026-7-1&f=2026-7-29
2026-07-29,2026-07-01,2026-07-29,20,3653,健策,sell,9,第一金,5380,10.0,55.0,45.0,,moneydj,https://fubon-ebrokerdj.fbs.com.tw/z/zc/zco/zco.djhtm?a=3653&e=2026-7-1&f=2026-7-29
2026-07-29,2026-07-01,2026-07-29,20,3653,健策,buy,10,群益金鼎,9100,375.0,263.0,112.0,,moneydj,https://fubon-ebrokerdj.fbs.com.tw/z/zc/zco/zco.djhtm?a=3653&e=2026-7-1&f=2026-7-29
2026-07-29,2026-07-01,2026-07-29,20,3653,健策,sell,10,凱基-市府,920D,1.0,43.0,42.0,,moneydj,https://fubon-ebrokerdj.fbs.com.tw/z/zc/zco/zco.djhtm?a=3653&e=2026-7-1&f=2026-7-29
2026-07-29,2026-07-01,2026-07-29,20,2834,臺企銀,buy,1,美商高盛,1480,78703.0,50805.0,27898.0,,moneydj,https://fubon-ebrokerdj.fbs.com.tw/z/zc/zco/zco.djhtm?a=2834&e=2026-7-1&f=2026-7-29
2026-07-29,2026-07-01,2026-07-29,20,2834,臺企銀,sell,1,華南永昌-敦南,9347,185.0,26349.0,26164.0,,moneydj,https://fubon-ebrokerdj.fbs.com.tw/z/zc/zco/zco.djhtm?a=2834&e=2026-7-1&f=2026-7-29
2026-07-29,2026-07-01,2026-07-29,20,2834,臺企銀,buy,2,永豐金證券,9A00,22070.0,9408.0,12662.0,,moneydj,https://fubon-ebrokerdj.fbs.com.tw/z/zc/zco/zco.djhtm?a=2834&e=2026-7-1&f=2026-7-29
2026-07-29,2026-07-01,2026-07-29,20,2834,臺企銀,sell,2,摩根大通,8440,49307.0,69707.0,20400.0,,moneydj,https://fubon-ebrokerdj.fbs.com.tw/z/zc/zco/zco.djhtm?a=2834&e=2026-7-1&f=2026-7-29
2026-07-29,2026-07-01,2026-07-29,20,2834,臺企銀,buy,3,美林,1440,29147.0,17789.0,11358.0,,moneydj,https://fubon-ebrokerdj.fbs.com.tw/z/zc/zco/zco.djhtm?a=2834&e=2026-7-1&f=2026-7-29
2026-07-29,2026-07-01,2026-07-29,20,2834,臺企銀,sell,3,台灣摩根士丹利,1470,58955.0,68711.0,9756.0,,moneydj,https://fubon-ebrokerdj.fbs.com.tw/z/zc/zco/zco.djhtm?a=2834&e=2026-7-1&f=2026-7-29
2026-07-29,2026-07-01,2026-07-29,20,2834,臺企銀,buy,4,玉山-高雄,8843,11232.0,817.0,10415.0,,moneydj,https://fubon-ebrokerdj.fbs.com.tw/z/zc/zco/zco.djhtm?a=2834&e=2026-7-1&f=2026-7-29
2026-07-29,2026-07-01,2026-07-29,20,2834,臺企銀,sell,4,新加坡商瑞銀,1650,34967.0,43929.0,8962.0,,moneydj,https://fubon-ebrokerdj.fbs.com.tw/z/zc/zco/zco.djhtm?a=2834&e=2026-7-1&f=2026-7-29
2026-07-29,2026-07-01,2026-07-29,20,2834,臺企銀,buy,5,凱基,9200,8356.0,682.0,7674.0,,moneydj,https://fubon-ebrokerdj.fbs.com.tw/z/zc/zco/zco.djhtm?a=2834&e=2026-7-1&f=2026-7-29
2026-07-29,2026-07-01,2026-07-29,20,2834,臺企銀,sell,5,國票-長城,779u,12516.0,20394.0,7878.0,,moneydj,https://fubon-ebrokerdj.fbs.com.tw/z/zc/zco/zco.djhtm?a=2834&e=2026-7-1&f=2026-7-29
2026-07-29,2026-07-01,2026-07-29,20,2834,臺企銀,buy,6,福邦-新竹,6489,7465.0,5.0,7460.0,,moneydj,https://fubon-ebrokerdj.fbs.com.tw/z/zc/zco/zco.djhtm?a=2834&e=2026-7-1&f=2026-7-29
2026-07-29,2026-07-01,2026-07-29,20,2834,臺企銀,sell,6,台新-城東,9B2r,5970.0,11184.0,5214.0,,moneydj,https://fubon-ebrokerdj.fbs.com.tw/z/zc/zco/zco.djhtm?a=2834&e=2026-7-1&f=2026-7-29
2026-07-29,2026-07-01,2026-07-29,20,2834,臺企銀,buy,7,元大證券,9800,21475.0,15217.0,6258.0,,moneydj,https://fubon-ebrokerdj.fbs.com.tw/z/zc/zco/zco.djhtm?a=2834&e=2026-7-1&f=2026-7-29
2026-07-29,2026-07-01,2026-07-29,20,2834,臺企銀,sell,7,兆豐-公益,700J,377.0,5342.0,4965.0,,moneydj,https://fubon-ebrokerdj.fbs.com.tw/z/zc/zco/zco.djhtm?a=2834&e=2026-7-1&f=2026-7-29
2026-07-29,2026-07-01,2026-07-29,20,2834,臺企銀,buy,8,港商野村,1560,13767.0,9469.0,4298.0,,moneydj,https://fubon-ebrokerdj.fbs.com.tw/z/zc/zco/zco.djhtm?a=2834&e=2026-7-1&f=2026-7-29
2026-07-29,2026-07-01,2026-07-29,20,2834,臺企銀,sell,8,富邦-仁愛,9676,1043.0,4883.0,3840.0,,moneydj,https://fubon-ebrokerdj.fbs.com.tw/z/zc/zco/zco.djhtm?a=2834&e=2026-7-1&f=2026-7-29
2026-07-29,2026-07-01,2026-07-29,20,2834,臺企銀,buy,9,國泰證券,8880,4402.0,107.0,4295.0,,moneydj,https://fubon-ebrokerdj.fbs.com.tw/z/zc/zco/zco.djhtm?a=2834&e=2026-7-1&f=2026-7-29
2026-07-29,2026-07-01,2026-07-29,20,2834,臺企銀,sell,9,統一-敦南,5852,232.0,3768.0,3536.0,,moneydj,https://fubon-ebrokerdj.fbs.com.tw/z/zc/zco/zco.djhtm?a=2834&e=2026-7-1&f=2026-7-29
2026-07-29,2026-07-01,2026-07-29,20,2834,臺企銀,buy,10,新光-高雄,8562,3847.0,632.0,3215.0,,moneydj,https://fubon-ebrokerdj.fbs.com.tw/z/zc/zco/zco.djhtm?a=2834&e=2026-7-1&f=2026-7-29
2026-07-29,2026-07-01,2026-07-29,20,2834,臺企銀,sell,10,元大-永和,9891,299.0,3743.0,3444.0,,moneydj,https://fubon-ebrokerdj.fbs.com.tw/z/zc/zco/zco.djhtm?a=2834&e=2026-7-1&f=2026-7-29
2026-07-29,2026-07-01,2026-07-29,20,2303,聯電,buy,1,台灣摩根士丹利,1470,162798.0,99823.0,62975.0,,moneydj,https://fubon-ebrokerdj.fbs.com.tw/z/zc/zco/zco.djhtm?a=2303&e=2026-7-1&f=2026-7-29
2026-07-29,2026-07-01,2026-07-29,20,2303,聯電,sell,1,元大證券,9800,241832.0,323029.0,81197.0,,moneydj,https://fubon-ebrokerdj.fbs.com.tw/z/zc/zco/zco.djhtm?a=2303&e=2026-7-1&f=2026-7-29
2026-07-29,2026-07-01,2026-07-29,20,2303,聯電,buy,2,美商高盛,1480,155686.0,116207.0,39479.0,,moneydj,https://fubon-ebrokerdj.fbs.com.tw/z/zc/zco/zco.djhtm?a=2303&e=2026-7-1&f=2026-7-29
2026-07-29,2026-07-01,2026-07-29,20,2303,聯電,sell,2,富邦證券,9600,132205.0,175092.0,42887.0,,moneydj,https://fubon-ebrokerdj.fbs.com.tw/z/zc/zco/zco.djhtm?a=2303&e=2026-7-1&f=2026-7-29
2026-07-29,2026-07-01,2026-07-29,20,2303,聯電,buy,3,美林,1440,80646.0,58224.0,22422.0,,moneydj,https://fubon-ebrokerdj.fbs.com.tw/z/zc/zco/zco.djhtm?a=2303&e=2026-7-1&f=2026-7-29
2026-07-29,2026-07-01,2026-07-29,20,2303,聯電,sell,3,國泰證券,8880,24416.0,63906.0,39490.0,,moneydj,https://fubon-ebrokerdj.fbs.com.tw/z/zc/zco/zco.djhtm?a=2303&e=2026-7-1&f=2026-7-29
2026-07-29,2026-07-01,2026-07-29,20,2303,聯電,buy,4,摩根大通,8440,182472.0,160750.0,21722.0,,moneydj,https://fubon-ebrokerdj.fbs.com.tw/z/zc/zco/zco.djhtm?a=2303&e=2026-7-1&f=2026-7-29
2026-07-29,2026-07-01,2026-07-29,20,2303,聯電,sell,4,凱基,9200,33211.0,69469.0,36258.0,,moneydj,https://fubon-ebrokerdj.fbs.com.tw/z/zc/zco/zco.djhtm?a=2303&e=2026-7-1&f=2026-7-29
2026-07-29,2026-07-01,2026-07-29,20,2303,聯電,buy,5,凱基-台北,9268,145643.0,128336.0,17307.0,,moneydj,https://fubon-ebrokerdj.fbs.com.tw/z/zc/zco/zco.djhtm?a=2303&e=2026-7-1&f=2026-7-29
2026-07-29,2026-07-01,2026-07-29,20,2303,聯電,sell,5,群益金鼎,9100,27397.0,59466.0,32069.0,,moneydj,https://fubon-ebrokerdj.fbs.com.tw/z/zc/zco/zco.djhtm?a=2303&e=2026-7-1&f=2026-7-29
2026-07-29,2026-07-01,2026-07-29,20,2303,聯電,buy,6,國票-敦北法人,779c,15561.0,1530.0,14031.0,,moneydj,https://fubon-ebrokerdj.fbs.com.tw/z/zc/zco/zco.djhtm?a=2303&e=2026-7-1&f=2026-7-29
2026-07-29,2026-07-01,2026-07-29,20,2303,聯電,sell,6,新加坡商瑞銀,1650,84264.0,109190.0,24926.0,,moneydj,https://fubon-ebrokerdj.fbs.com.tw/z/zc/zco/zco.djhtm?a=2303&e=2026-7-1&f=2026-7-29
2026-07-29,2026-07-01,2026-07-29,20,2303,聯電,buy,7,法銀巴黎,8900,19511.0,6184.0,13327.0,,moneydj,https://fubon-ebrokerdj.fbs.com.tw/z/zc/zco/zco.djhtm?a=2303&e=2026-7-1&f=2026-7-29
2026-07-29,2026-07-01,2026-07-29,20,2303,聯電,sell,7,統一,5850,47999.0,67711.0,19712.0,,moneydj,https://fubon-ebrokerdj.fbs.com.tw/z/zc/zco/zco.djhtm?a=2303&e=2026-7-1&f=2026-7-29
2026-07-29,2026-07-01,2026-07-29,20,2303,聯電,buy,8,富邦-新店,9661,12989.0,2484.0,10505.0,,moneydj,https://fubon-ebrokerdj.fbs.com.tw/z/zc/zco/zco.djhtm?a=2303&e=2026-7-1&f=2026-7-29
2026-07-29,2026-07-01,2026-07-29,20,2303,聯電,sell,8,兆豐證券,7000,9199.0,26581.0,17382.0,,moneydj,https://fubon-ebrokerdj.fbs.com.tw/z/zc/zco/zco.djhtm?a=2303&e=2026-7-1&f=2026-7-29
2026-07-29,2026-07-01,2026-07-29,20,2303,聯電,buy,9,國泰-敦南,8888,43486.0,33871.0,9615.0,,moneydj,https://fubon-ebrokerdj.fbs.com.tw/z/zc/zco/zco.djhtm?a=2303&e=2026-7-1&f=2026-7-29
2026-07-29,2026-07-01,2026-07-29,20,2303,聯電,sell,9,永豐金證券,9A00,54126.0,67225.0,13099.0,,moneydj,https://fubon-ebrokerdj.fbs.com.tw/z/zc/zco/zco.djhtm?a=2303&e=2026-7-1&f=2026-7-29
2026-07-29,2026-07-01,2026-07-29,20,2303,聯電,buy,10,元大-土城永寧,9875,18009.0,10138.0,7871.0,,moneydj,https://fubon-ebrokerdj.fbs.com.tw/z/zc/zco/zco.djhtm?a=2303&e=2026-7-1&f=2026-7-29
2026-07-29,2026-07-01,2026-07-29,20,2303,聯電,sell,10,華南永昌,9300,9697.0,20793.0,11096.0,,moneydj,https://fubon-ebrokerdj.fbs.com.tw/z/zc/zco/zco.djhtm?a=2303&e=2026-7-1&f=2026-7-29
2026-07-29,2026-07-01,2026-07-29,20,6757,台灣虎航,buy,1,富邦證券,9600,994.0,95.0,899.0,,moneydj,https://fubon-ebrokerdj.fbs.com.tw/z/zc/zco/zco.djhtm?a=6757&e=2026-7-1&f=2026-7-29
2026-07-29,2026-07-01,2026-07-29,20,6757,台灣虎航,sell,1,台灣摩根士丹利,1470,1549.0,4115.0,2566.0,,moneydj,https://fubon-ebrokerdj.fbs.com.tw/z/zc/zco/zco.djhtm?a=6757&e=2026-7-1&f=2026-7-29
2026-07-29,2026-07-01,2026-07-29,20,6757,台灣虎航,buy,2,花旗環球,1590,630.0,63.0,567.0,,moneydj,https://fubon-ebrokerdj.fbs.com.tw/z/zc/zco/zco.djhtm?a=6757&e=2026-7-1&f=2026-7-29
2026-07-29,2026-07-01,2026-07-29,20,6757,台灣虎航,sell,2,新加坡商瑞銀,1650,795.0,2101.0,1306.0,,moneydj,https://fubon-ebrokerdj.fbs.com.tw/z/zc/zco/zco.djhtm?a=6757&e=2026-7-1&f=2026-7-29
2026-07-29,2026-07-01,2026-07-29,20,6757,台灣虎航,buy,3,美商高盛,1480,3645.0,3265.0,380.0,,moneydj,https://fubon-ebrokerdj.fbs.com.tw/z/zc/zco/zco.djhtm?a=6757&e=2026-7-1&f=2026-7-29
2026-07-29,2026-07-01,2026-07-29,20,6757,台灣虎航,sell,3,凱基-台北,9268,1900.0,2827.0,927.0,,moneydj,https://fubon-ebrokerdj.fbs.com.tw/z/zc/zco/zco.djhtm?a=6757&e=2026-7-1&f=2026-7-29
2026-07-29,2026-07-01,2026-07-29,20,6757,台灣虎航,buy,4,元大-汐止,989Q,416.0,94.0,322.0,,moneydj,https://fubon-ebrokerdj.fbs.com.tw/z/zc/zco/zco.djhtm?a=6757&e=2026-7-1&f=2026-7-29
2026-07-29,2026-07-01,2026-07-29,20,6757,台灣虎航,sell,4,摩根大通,8440,2454.0,3062.0,608.0,,moneydj,https://fubon-ebrokerdj.fbs.com.tw/z/zc/zco/zco.djhtm?a=6757&e=2026-7-1&f=2026-7-29
2026-07-29,2026-07-01,2026-07-29,20,6757,台灣虎航,buy,5,兆豐證券,7000,306.0,0.0,306.0,,moneydj,https://fubon-ebrokerdj.fbs.com.tw/z/zc/zco/zco.djhtm?a=6757&e=2026-7-1&f=2026-7-29
2026-07-29,2026-07-01,2026-07-29,20,6757,台灣虎航,sell,5,第一金-自由,538E,25.0,435.0,410.0,,moneydj,https://fubon-ebrokerdj.fbs.com.tw/z/zc/zco/zco.djhtm?a=6757&e=2026-7-1&f=2026-7-29
2026-07-29,2026-07-01,2026-07-29,20,6757,台灣虎航,buy,6,臺銀-高雄,104C,315.0,106.0,209.0,,moneydj,https://fubon-ebrokerdj.fbs.com.tw/z/zc/zco/zco.djhtm?a=6757&e=2026-7-1&f=2026-7-29
2026-07-29,2026-07-01,2026-07-29,20,6757,台灣虎航,sell,6,第一金-台中,5382,8.0,256.0,248.0,,moneydj,https://fubon-ebrokerdj.fbs.com.tw/z/zc/zco/zco.djhtm?a=6757&e=2026-7-1&f=2026-7-29
2026-07-29,2026-07-01,2026-07-29,20,6757,台灣虎航,buy,7,新光,8560,542.0,335.0,207.0,,moneydj,https://fubon-ebrokerdj.fbs.com.tw/z/zc/zco/zco.djhtm?a=6757&e=2026-7-1&f=2026-7-29
2026-07-29,2026-07-01,2026-07-29,20,6757,台灣虎航,sell,7,美林,1440,517.0,753.0,236.0,,moneydj,https://fubon-ebrokerdj.fbs.com.tw/z/zc/zco/zco.djhtm?a=6757&e=2026-7-1&f=2026-7-29
2026-07-29,2026-07-01,2026-07-29,20,6757,台灣虎航,buy,8,台新,9B00,414.0,214.0,200.0,,moneydj,https://fubon-ebrokerdj.fbs.com.tw/z/zc/zco/zco.djhtm?a=6757&e=2026-7-1&f=2026-7-29
2026-07-29,2026-07-01,2026-07-29,20,6757,台灣虎航,sell,8,中國信託-松江,6167,2.0,138.0,136.0,,moneydj,https://fubon-ebrokerdj.fbs.com.tw/z/zc/zco/zco.djhtm?a=6757&e=2026-7-1&f=2026-7-29
2026-07-29,2026-07-01,2026-07-29,20,6757,台灣虎航,buy,9,港商野村,1560,509.0,324.0,185.0,,moneydj,https://fubon-ebrokerdj.fbs.com.tw/z/zc/zco/zco.djhtm?a=6757&e=2026-7-1&f=2026-7-29
2026-07-29,2026-07-01,2026-07-29,20,6757,台灣虎航,sell,9,群益金鼎-三重,913g,8.0,140.0,132.0,,moneydj,https://fubon-ebrokerdj.fbs.com.tw/z/zc/zco/zco.djhtm?a=6757&e=2026-7-1&f=2026-7-29
2026-07-29,2026-07-01,2026-07-29,20,6757,台灣虎航,buy,10,(牛牛牛)亞-鑫豐,601d,228.0,45.0,183.0,,moneydj,https://fubon-ebrokerdj.fbs.com.tw/z/zc/zco/zco.djhtm?a=6757&e=2026-7-1&f=2026-7-29
2026-07-29,2026-07-01,2026-07-29,20,6757,台灣虎航,sell,10,國泰證券,8880,30.0,147.0,117.0,,moneydj,https://fubon-ebrokerdj.fbs.com.tw/z/zc/zco/zco.djhtm?a=6757&e=2026-7-1&f=2026-7-29
2026-07-29,2026-07-01,2026-07-29,20,8464,億豐,buy,1,美商高盛,1480,1693.0,682.0,1011.0,,moneydj,https://fubon-ebrokerdj.fbs.com.tw/z/zc/zco/zco.djhtm?a=8464&e=2026-7-1&f=2026-7-29
2026-07-29,2026-07-01,2026-07-29,20,8464,億豐,sell,1,摩根大通,8440,618.0,1651.0,1033.0,,moneydj,https://fubon-ebrokerdj.fbs.com.tw/z/zc/zco/zco.djhtm?a=8464&e=2026-7-1&f=2026-7-29
2026-07-29,2026-07-01,2026-07-29,20,8464,億豐,buy,2,國泰證券,8880,688.0,4.0,684.0,,moneydj,https://fubon-ebrokerdj.fbs.com.tw/z/zc/zco/zco.djhtm?a=8464&e=2026-7-1&f=2026-7-29
2026-07-29,2026-07-01,2026-07-29,20,8464,億豐,sell,2,台灣摩根士丹利,1470,852.0,1685.0,833.0,,moneydj,https://fubon-ebrokerdj.fbs.com.tw/z/zc/zco/zco.djhtm?a=8464&e=2026-7-1&f=2026-7-29
2026-07-29,2026-07-01,2026-07-29,20,8464,億豐,buy,3,中國信託,6160,736.0,82.0,654.0,,moneydj,https://fubon-ebrokerdj.fbs.com.tw/z/zc/zco/zco.djhtm?a=8464&e=2026-7-1&f=2026-7-29
2026-07-29,2026-07-01,2026-07-29,20,8464,億豐,sell,3,合庫證券,1020,1.0,483.0,482.0,,moneydj,https://fubon-ebrokerdj.fbs.com.tw/z/zc/zco/zco.djhtm?a=8464&e=2026-7-1&f=2026-7-29
2026-07-29,2026-07-01,2026-07-29,20,8464,億豐,buy,4,大和國泰,8890,439.0,31.0,408.0,,moneydj,https://fubon-ebrokerdj.fbs.com.tw/z/zc/zco/zco.djhtm?a=8464&e=2026-7-1&f=2026-7-29
2026-07-29,2026-07-01,2026-07-29,20,8464,億豐,sell,4,凱基-台北,9268,959.0,1405.0,446.0,,moneydj,https://fubon-ebrokerdj.fbs.com.tw/z/zc/zco/zco.djhtm?a=8464&e=2026-7-1&f=2026-7-29
2026-07-29,2026-07-01,2026-07-29,20,8464,億豐,buy,5,港商野村,1560,579.0,195.0,384.0,,moneydj,https://fubon-ebrokerdj.fbs.com.tw/z/zc/zco/zco.djhtm?a=8464&e=2026-7-1&f=2026-7-29
2026-07-29,2026-07-01,2026-07-29,20,8464,億豐,sell,5,統一,5850,41.0,437.0,396.0,,moneydj,https://fubon-ebrokerdj.fbs.com.tw/z/zc/zco/zco.djhtm?a=8464&e=2026-7-1&f=2026-7-29
2026-07-29,2026-07-01,2026-07-29,20,8464,億豐,buy,6,花旗環球,1590,681.0,312.0,369.0,,moneydj,https://fubon-ebrokerdj.fbs.com.tw/z/zc/zco/zco.djhtm?a=8464&e=2026-7-1&f=2026-7-29
2026-07-29,2026-07-01,2026-07-29,20,8464,億豐,sell,6,新加坡商瑞銀,1650,265.0,597.0,332.0,,moneydj,https://fubon-ebrokerdj.fbs.com.tw/z/zc/zco/zco.djhtm?a=8464&e=2026-7-1&f=2026-7-29
2026-07-29,2026-07-01,2026-07-29,20,8464,億豐,buy,7,富邦證券,9600,334.0,53.0,281.0,,moneydj,https://fubon-ebrokerdj.fbs.com.tw/z/zc/zco/zco.djhtm?a=8464&e=2026-7-1&f=2026-7-29
2026-07-29,2026-07-01,2026-07-29,20,8464,億豐,sell,7,美林,1440,259.0,447.0,188.0,,moneydj,https://fubon-ebrokerdj.fbs.com.tw/z/zc/zco/zco.djhtm?a=8464&e=2026-7-1&f=2026-7-29
2026-07-29,2026-07-01,2026-07-29,20,8464,億豐,buy,8,華南永昌,9300,189.0,8.0,181.0,,moneydj,https://fubon-ebrokerdj.fbs.com.tw/z/zc/zco/zco.djhtm?a=8464&e=2026-7-1&f=2026-7-29
2026-07-29,2026-07-01,2026-07-29,20,8464,億豐,sell,8,元大-基隆,989Y,0.0,51.0,51.0,,moneydj,https://fubon-ebrokerdj.fbs.com.tw/z/zc/zco/zco.djhtm?a=8464&e=2026-7-1&f=2026-7-29
2026-07-29,2026-07-01,2026-07-29,20,8464,億豐,buy,9,永豐金證券,9A00,257.0,94.0,163.0,,moneydj,https://fubon-ebrokerdj.fbs.com.tw/z/zc/zco/zco.djhtm?a=8464&e=2026-7-1&f=2026-7-29
2026-07-29,2026-07-01,2026-07-29,20,8464,億豐,sell,9,台中銀-員林,6114,8.0,45.0,37.0,,moneydj,https://fubon-ebrokerdj.fbs.com.tw/z/zc/zco/zco.djhtm?a=8464&e=2026-7-1&f=2026-7-29
2026-07-29,2026-07-01,2026-07-29,20,8464,億豐,buy,10,永豐金-匯立,9A81,409.0,270.0,139.0,,moneydj,https://fubon-ebrokerdj.fbs.com.tw/z/zc/zco/zco.djhtm?a=8464&e=2026-7-1&f=2026-7-29
2026-07-29,2026-07-01,2026-07-29,20,8464,億豐,sell,10,富邦-台中,965K,10.0,46.0,36.0,,moneydj,https://fubon-ebrokerdj.fbs.com.tw/z/zc/zco/zco.djhtm?a=8464&e=2026-7-1&f=2026-7-29
2026-07-29,2026-07-01,2026-07-29,20,2204,中華,buy,1,中國信託,6160,1201.0,32.0,1169.0,,moneydj,https://fubon-ebrokerdj.fbs.com.tw/z/zc/zco/zco.djhtm?a=2204&e=2026-7-1&f=2026-7-29
2026-07-29,2026-07-01,2026-07-29,20,2204,中華,sell,1,台灣摩根士丹利,1470,881.0,1439.0,558.0,,moneydj,https://fubon-ebrokerdj.fbs.com.tw/z/zc/zco/zco.djhtm?a=2204&e=2026-7-1&f=2026-7-29
2026-07-29,2026-07-01,2026-07-29,20,2204,中華,buy,2,元大證券,9800,2066.0,1428.0,638.0,,moneydj,https://fubon-ebrokerdj.fbs.com.tw/z/zc/zco/zco.djhtm?a=2204&e=2026-7-1&f=2026-7-29
2026-07-29,2026-07-01,2026-07-29,20,2204,中華,sell,2,凱基-台北,9268,1680.0,2117.0,437.0,,moneydj,https://fubon-ebrokerdj.fbs.com.tw/z/zc/zco/zco.djhtm?a=2204&e=2026-7-1&f=2026-7-29
2026-07-29,2026-07-01,2026-07-29,20,2204,中華,buy,3,兆豐證券,7000,555.0,0.0,555.0,,moneydj,https://fubon-ebrokerdj.fbs.com.tw/z/zc/zco/zco.djhtm?a=2204&e=2026-7-1&f=2026-7-29
2026-07-29,2026-07-01,2026-07-29,20,2204,中華,sell,3,統一,5850,111.0,499.0,388.0,,moneydj,https://fubon-ebrokerdj.fbs.com.tw/z/zc/zco/zco.djhtm?a=2204&e=2026-7-1&f=2026-7-29
2026-07-29,2026-07-01,2026-07-29,20,2204,中華,buy,4,國泰證券,8880,376.0,48.0,328.0,,moneydj,https://fubon-ebrokerdj.fbs.com.tw/z/zc/zco/zco.djhtm?a=2204&e=2026-7-1&f=2026-7-29
2026-07-29,2026-07-01,2026-07-29,20,2204,中華,sell,4,摩根大通,8440,1108.0,1488.0,380.0,,moneydj,https://fubon-ebrokerdj.fbs.com.tw/z/zc/zco/zco.djhtm?a=2204&e=2026-7-1&f=2026-7-29
2026-07-29,2026-07-01,2026-07-29,20,2204,中華,buy,5,(牛牛牛)亞-鑫豐,601d,328.0,52.0,276.0,,moneydj,https://fubon-ebrokerdj.fbs.com.tw/z/zc/zco/zco.djhtm?a=2204&e=2026-7-1&f=2026-7-29
2026-07-29,2026-07-01,2026-07-29,20,2204,中華,sell,5,美商高盛,1480,2207.0,2422.0,215.0,,moneydj,https://fubon-ebrokerdj.fbs.com.tw/z/zc/zco/zco.djhtm?a=2204&e=2026-7-1&f=2026-7-29
2026-07-29,2026-07-01,2026-07-29,20,2204,中華,buy,6,台中銀,6110,236.0,25.0,211.0,,moneydj,https://fubon-ebrokerdj.fbs.com.tw/z/zc/zco/zco.djhtm?a=2204&e=2026-7-1&f=2026-7-29
2026-07-29,2026-07-01,2026-07-29,20,2204,中華,sell,6,永豐金證券,9A00,152.0,362.0,210.0,,moneydj,https://fubon-ebrokerdj.fbs.com.tw/z/zc/zco/zco.djhtm?a=2204&e=2026-7-1&f=2026-7-29
2026-07-29,2026-07-01,2026-07-29,20,2204,中華,buy,7,群益金鼎-台南,9185,167.0,1.0,166.0,,moneydj,https://fubon-ebrokerdj.fbs.com.tw/z/zc/zco/zco.djhtm?a=2204&e=2026-7-1&f=2026-7-29
2026-07-29,2026-07-01,2026-07-29,20,2204,中華,sell,7,大昌-樹林,6461,25.0,206.0,181.0,,moneydj,https://fubon-ebrokerdj.fbs.com.tw/z/zc/zco/zco.djhtm?a=2204&e=2026-7-1&f=2026-7-29
2026-07-29,2026-07-01,2026-07-29,20,2204,中華,buy,8,新光-高雄,8562,145.0,21.0,124.0,,moneydj,https://fubon-ebrokerdj.fbs.com.tw/z/zc/zco/zco.djhtm?a=2204&e=2026-7-1&f=2026-7-29
2026-07-29,2026-07-01,2026-07-29,20,2204,中華,sell,8,群益金鼎,9100,59.0,238.0,179.0,,moneydj,https://fubon-ebrokerdj.fbs.com.tw/z/zc/zco/zco.djhtm?a=2204&e=2026-7-1&f=2026-7-29
2026-07-29,2026-07-01,2026-07-29,20,2204,中華,buy,9,(牛牛牛)亞證券,6010,111.0,0.0,111.0,,moneydj,https://fubon-ebrokerdj.fbs.com.tw/z/zc/zco/zco.djhtm?a=2204&e=2026-7-1&f=2026-7-29
2026-07-29,2026-07-01,2026-07-29,20,2204,中華,sell,9,永豐金-北高雄,9A9r,8.0,183.0,175.0,,moneydj,https://fubon-ebrokerdj.fbs.com.tw/z/zc/zco/zco.djhtm?a=2204&e=2026-7-1&f=2026-7-29
2026-07-29,2026-07-01,2026-07-29,20,2204,中華,buy,10,土銀-南港,103F,86.0,0.0,86.0,,moneydj,https://fubon-ebrokerdj.fbs.com.tw/z/zc/zco/zco.djhtm?a=2204&e=2026-7-1&f=2026-7-29
2026-07-29,2026-07-01,2026-07-29,20,2204,中華,sell,10,富邦-台北,9623,148.0,321.0,173.0,,moneydj,https://fubon-ebrokerdj.fbs.com.tw/z/zc/zco/zco.djhtm?a=2204&e=2026-7-1&f=2026-7-29
2026-07-29,2026-07-01,2026-07-29,20,2924,宏太-KY,buy,1,元大-大統,981z,7.0,0.0,7.0,,moneydj,https://fubon-ebrokerdj.fbs.com.tw/z/zc/zco/zco.djhtm?a=2924&e=2026-7-1&f=2026-7-29
2026-07-29,2026-07-01,2026-07-29,20,2924,宏太-KY,sell,1,元大-內湖,989N,0.0,4.0,4.0,,moneydj,https://fubon-ebrokerdj.fbs.com.tw/z/zc/zco/zco.djhtm?a=2924&e=2026-7-1&f=2026-7-29
2026-07-29,2026-07-01,2026-07-29,20,2924,宏太-KY,buy,2,兆豐-埔墘,700N,4.0,0.0,4.0,,moneydj,https://fubon-ebrokerdj.fbs.com.tw/z/zc/zco/zco.djhtm?a=2924&e=2026-7-1&f=2026-7-29
2026-07-29,2026-07-01,2026-07-29,20,2924,宏太-KY,sell,2,群益金鼎-中山,918H,0.0,3.0,3.0,,moneydj,https://fubon-ebrokerdj.fbs.com.tw/z/zc/zco/zco.djhtm?a=2924&e=2026-7-1&f=2026-7-29
2026-07-29,2026-07-01,2026-07-29,20,2924,宏太-KY,buy,3,元大-虎尾,980l,2.0,0.0,2.0,,moneydj,https://fubon-ebrokerdj.fbs.com.tw/z/zc/zco/zco.djhtm?a=2924&e=2026-7-1&f=2026-7-29
2026-07-29,2026-07-01,2026-07-29,20,2924,宏太-KY,sell,3,富邦-新板,961H,16.0,18.0,2.0,,moneydj,https://fubon-ebrokerdj.fbs.com.tw/z/zc/zco/zco.djhtm?a=2924&e=2026-7-1&f=2026-7-29
2026-07-29,2026-07-01,2026-07-29,20,2924,宏太-KY,buy,4,國泰-板橋,888K,1.0,0.0,1.0,,moneydj,https://fubon-ebrokerdj.fbs.com.tw/z/zc/zco/zco.djhtm?a=2924&e=2026-7-1&f=2026-7-29
2026-07-29,2026-07-01,2026-07-29,20,2924,宏太-KY,sell,4,凱基-台南,9211,0.0,2.0,2.0,,moneydj,https://fubon-ebrokerdj.fbs.com.tw/z/zc/zco/zco.djhtm?a=2924&e=2026-7-1&f=2026-7-29
2026-07-29,2026-07-01,2026-07-29,20,2924,宏太-KY,buy,5,國泰-台南,8884,1.0,0.0,1.0,,moneydj,https://fubon-ebrokerdj.fbs.com.tw/z/zc/zco/zco.djhtm?a=2924&e=2026-7-1&f=2026-7-29
2026-07-29,2026-07-01,2026-07-29,20,2924,宏太-KY,sell,5,兆豐-城中,700W,0.0,1.0,1.0,,moneydj,https://fubon-ebrokerdj.fbs.com.tw/z/zc/zco/zco.djhtm?a=2924&e=2026-7-1&f=2026-7-29
2026-07-29,2026-07-01,2026-07-29,20,2924,宏太-KY,buy,6,富邦-南屯,9666,1.0,0.0,1.0,,moneydj,https://fubon-ebrokerdj.fbs.com.tw/z/zc/zco/zco.djhtm?a=2924&e=2026-7-1&f=2026-7-29
2026-07-29,2026-07-01,2026-07-29,20,2924,宏太-KY,sell,6,(牛牛牛)亞-鑫豐,601d,0.0,1.0,1.0,,moneydj,https://fubon-ebrokerdj.fbs.com.tw/z/zc/zco/zco.djhtm?a=2924&e=2026-7-1&f=2026-7-29
2026-07-29,2026-07-01,2026-07-29,20,2924,宏太-KY,buy,7,亞東,2180,0.0,0.0,0.0,,moneydj,https://fubon-ebrokerdj.fbs.com.tw/z/zc/zco/zco.djhtm?a=2924&e=2026-7-1&f=2026-7-29
2026-07-29,2026-07-01,2026-07-29,20,2924,宏太-KY,sell,7,凱基-鳳山,9274,0.0,1.0,1.0,,moneydj,https://fubon-ebrokerdj.fbs.com.tw/z/zc/zco/zco.djhtm?a=2924&e=2026-7-1&f=2026-7-29
2026-07-29,2026-07-01,2026-07-29,20,2924,宏太-KY,sell,8,富邦證券,9600,0.0,1.0,1.0,,moneydj,https://fubon-ebrokerdj.fbs.com.tw/z/zc/zco/zco.djhtm?a=2924&e=2026-7-1&f=2026-7-29
2026-07-29,2026-07-01,2026-07-29,20,3624,光頡,buy,1,台灣摩根士丹利,1470,6901.0,4664.0,2237.0,,moneydj,https://fubon-ebrokerdj.fbs.com.tw/z/zc/zco/zco.djhtm?a=3624&e=2026-7-1&f=2026-7-29
2026-07-29,2026-07-01,2026-07-29,20,3624,光頡,sell,1,富邦證券,9600,763.0,2200.0,1437.0,,moneydj,https://fubon-ebrokerdj.fbs.com.tw/z/zc/zco/zco.djhtm?a=3624&e=2026-7-1&f=2026-7-29
2026-07-29,2026-07-01,2026-07-29,20,3624,光頡,buy,2,凱基-台北,9268,3706.0,2528.0,1178.0,,moneydj,https://fubon-ebrokerdj.fbs.com.tw/z/zc/zco/zco.djhtm?a=3624&e=2026-7-1&f=2026-7-29
2026-07-29,2026-07-01,2026-07-29,20,3624,光頡,sell,2,元大證券,9800,3739.0,5081.0,1342.0,,moneydj,https://fubon-ebrokerdj.fbs.com.tw/z/zc/zco/zco.djhtm?a=3624&e=2026-7-1&f=2026-7-29
2026-07-29,2026-07-01,2026-07-29,20,3624,光頡,buy,3,美商高盛,1480,2108.0,1059.0,1049.0,,moneydj,https://fubon-ebrokerdj.fbs.com.tw/z/zc/zco/zco.djhtm?a=3624&e=2026-7-1&f=2026-7-29
2026-07-29,2026-07-01,2026-07-29,20,3624,光頡,sell,3,永豐金證券,9A00,794.0,1413.0,619.0,,moneydj,https://fubon-ebrokerdj.fbs.com.tw/z/zc/zco/zco.djhtm?a=3624&e=2026-7-1&f=2026-7-29
2026-07-29,2026-07-01,2026-07-29,20,3624,光頡,buy,4,統一-仁愛,585c,558.0,148.0,410.0,,moneydj,https://fubon-ebrokerdj.fbs.com.tw/z/zc/zco/zco.djhtm?a=3624&e=2026-7-1&f=2026-7-29
2026-07-29,2026-07-01,2026-07-29,20,3624,光頡,sell,4,群益金鼎-台北,918X,634.0,1196.0,562.0,,moneydj,https://fubon-ebrokerdj.fbs.com.tw/z/zc/zco/zco.djhtm?a=3624&e=2026-7-1&f=2026-7-29
2026-07-29,2026-07-01,2026-07-29,20,3624,光頡,buy,5,第一金-員林,5381,306.0,13.0,293.0,,moneydj,https://fubon-ebrokerdj.fbs.com.tw/z/zc/zco/zco.djhtm?a=3624&e=2026-7-1&f=2026-7-29
2026-07-29,2026-07-01,2026-07-29,20,3624,光頡,sell,5,凱基-興隆,9289,11.0,506.0,495.0,,moneydj,https://fubon-ebrokerdj.fbs.com.tw/z/zc/zco/zco.djhtm?a=3624&e=2026-7-1&f=2026-7-29
2026-07-29,2026-07-01,2026-07-29,20,3624,光頡,buy,6,群益金鼎-館前,913Y,355.0,202.0,153.0,,moneydj,https://fubon-ebrokerdj.fbs.com.tw/z/zc/zco/zco.djhtm?a=3624&e=2026-7-1&f=2026-7-29
2026-07-29,2026-07-01,2026-07-29,20,3624,光頡,sell,6,(牛牛牛)亞證券,6010,1.0,376.0,375.0,,moneydj,https://fubon-ebrokerdj.fbs.com.tw/z/zc/zco/zco.djhtm?a=3624&e=2026-7-1&f=2026-7-29
2026-07-29,2026-07-01,2026-07-29,20,3624,光頡,buy,7,元大-府城,980u,187.0,36.0,151.0,,moneydj,https://fubon-ebrokerdj.fbs.com.tw/z/zc/zco/zco.djhtm?a=3624&e=2026-7-1&f=2026-7-29
2026-07-29,2026-07-01,2026-07-29,20,3624,光頡,sell,7,元大-彰化,981G,44.0,367.0,323.0,,moneydj,https://fubon-ebrokerdj.fbs.com.tw/z/zc/zco/zco.djhtm?a=3624&e=2026-7-1&f=2026-7-29
2026-07-29,2026-07-01,2026-07-29,20,3624,光頡,buy,8,新加坡商瑞銀,1650,1793.0,1666.0,127.0,,moneydj,https://fubon-ebrokerdj.fbs.com.tw/z/zc/zco/zco.djhtm?a=3624&e=2026-7-1&f=2026-7-29
2026-07-29,2026-07-01,2026-07-29,20,3624,光頡,sell,8,統一,5850,1532.0,1840.0,308.0,,moneydj,https://fubon-ebrokerdj.fbs.com.tw/z/zc/zco/zco.djhtm?a=3624&e=2026-7-1&f=2026-7-29
2026-07-29,2026-07-01,2026-07-29,20,3624,光頡,buy,9,群益金鼎-永和,918J,266.0,142.0,124.0,,moneydj,https://fubon-ebrokerdj.fbs.com.tw/z/zc/zco/zco.djhtm?a=3624&e=2026-7-1&f=2026-7-29
2026-07-29,2026-07-01,2026-07-29,20,3624,光頡,sell,9,兆豐-南京,700P,14.0,293.0,279.0,,moneydj,https://fubon-ebrokerdj.fbs.com.tw/z/zc/zco/zco.djhtm?a=3624&e=2026-7-1&f=2026-7-29
2026-07-29,2026-07-01,2026-07-29,20,3624,光頡,buy,10,元大-崇德,981S,145.0,29.0,116.0,,moneydj,https://fubon-ebrokerdj.fbs.com.tw/z/zc/zco/zco.djhtm?a=3624&e=2026-7-1&f=2026-7-29
2026-07-29,2026-07-01,2026-07-29,20,3624,光頡,sell,10,凱基,9200,54.0,319.0,265.0,,moneydj,https://fubon-ebrokerdj.fbs.com.tw/z/zc/zco/zco.djhtm?a=3624&e=2026-7-1&f=2026-7-29
2026-07-29,2026-07-01,2026-07-29,20,3028,增你強,buy,1,永豐金-台中,9A9L,666.0,123.0,543.0,,moneydj,https://fubon-ebrokerdj.fbs.com.tw/z/zc/zco/zco.djhtm?a=3028&e=2026-7-1&f=2026-7-29
2026-07-29,2026-07-01,2026-07-29,20,3028,增你強,sell,1,台灣摩根士丹利,1470,2091.0,3698.0,1607.0,,moneydj,https://fubon-ebrokerdj.fbs.com.tw/z/zc/zco/zco.djhtm?a=3028&e=2026-7-1&f=2026-7-29
2026-07-29,2026-07-01,2026-07-29,20,3028,增你強,buy,2,玉山-桃園,884F,221.0,30.0,191.0,,moneydj,https://fubon-ebrokerdj.fbs.com.tw/z/zc/zco/zco.djhtm?a=3028&e=2026-7-1&f=2026-7-29
2026-07-29,2026-07-01,2026-07-29,20,3028,增你強,sell,2,美商高盛,1480,2111.0,3471.0,1360.0,,moneydj,https://fubon-ebrokerdj.fbs.com.tw/z/zc/zco/zco.djhtm?a=3028&e=2026-7-1&f=2026-7-29
2026-07-29,2026-07-01,2026-07-29,20,3028,增你強,buy,3,華南永昌,9300,354.0,164.0,190.0,,moneydj,https://fubon-ebrokerdj.fbs.com.tw/z/zc/zco/zco.djhtm?a=3028&e=2026-7-1&f=2026-7-29
2026-07-29,2026-07-01,2026-07-29,20,3028,增你強,sell,3,美林,1440,656.0,1838.0,1182.0,,moneydj,https://fubon-ebrokerdj.fbs.com.tw/z/zc/zco/zco.djhtm?a=3028&e=2026-7-1&f=2026-7-29
2026-07-29,2026-07-01,2026-07-29,20,3028,增你強,buy,4,凱基-站前,920F,259.0,89.0,170.0,,moneydj,https://fubon-ebrokerdj.fbs.com.tw/z/zc/zco/zco.djhtm?a=3028&e=2026-7-1&f=2026-7-29
2026-07-29,2026-07-01,2026-07-29,20,3028,增你強,sell,4,摩根大通,8440,2798.0,3668.0,870.0,,moneydj,https://fubon-ebrokerdj.fbs.com.tw/z/zc/zco/zco.djhtm?a=3028&e=2026-7-1&f=2026-7-29
2026-07-29,2026-07-01,2026-07-29,20,3028,增你強,buy,5,凱基-竹科,9272,200.0,31.0,169.0,,moneydj,https://fubon-ebrokerdj.fbs.com.tw/z/zc/zco/zco.djhtm?a=3028&e=2026-7-1&f=2026-7-29
2026-07-29,2026-07-01,2026-07-29,20,3028,增你強,sell,5,港商野村,1560,390.0,846.0,456.0,,moneydj,https://fubon-ebrokerdj.fbs.com.tw/z/zc/zco/zco.djhtm?a=3028&e=2026-7-1&f=2026-7-29
2026-07-29,2026-07-01,2026-07-29,20,3028,增你強,buy,6,富邦-陽明,9604,253.0,90.0,163.0,,moneydj,https://fubon-ebrokerdj.fbs.com.tw/z/zc/zco/zco.djhtm?a=3028&e=2026-7-1&f=2026-7-29
2026-07-29,2026-07-01,2026-07-29,20,3028,增你強,sell,6,元大-松江,9801,165.0,539.0,374.0,,moneydj,https://fubon-ebrokerdj.fbs.com.tw/z/zc/zco/zco.djhtm?a=3028&e=2026-7-1&f=2026-7-29
2026-07-29,2026-07-01,2026-07-29,20,3028,增你強,buy,7,華南永昌-新莊,9305,211.0,57.0,154.0,,moneydj,https://fubon-ebrokerdj.fbs.com.tw/z/zc/zco/zco.djhtm?a=3028&e=2026-7-1&f=2026-7-29
2026-07-29,2026-07-01,2026-07-29,20,3028,增你強,sell,7,新加坡商瑞銀,1650,1061.0,1362.0,301.0,,moneydj,https://fubon-ebrokerdj.fbs.com.tw/z/zc/zco/zco.djhtm?a=3028&e=2026-7-1&f=2026-7-29
2026-07-29,2026-07-01,2026-07-29,20,3028,增你強,buy,8,元大-新莊,9898,311.0,176.0,135.0,,moneydj,https://fubon-ebrokerdj.fbs.com.tw/z/zc/zco/zco.djhtm?a=3028&e=2026-7-1&f=2026-7-29
2026-07-29,2026-07-01,2026-07-29,20,3028,增你強,sell,8,花旗環球,1590,180.0,480.0,300.0,,moneydj,https://fubon-ebrokerdj.fbs.com.tw/z/zc/zco/zco.djhtm?a=3028&e=2026-7-1&f=2026-7-29
2026-07-29,2026-07-01,2026-07-29,20,3028,增你強,buy,9,富邦-嘉義,9692,171.0,45.0,126.0,,moneydj,https://fubon-ebrokerdj.fbs.com.tw/z/zc/zco/zco.djhtm?a=3028&e=2026-7-1&f=2026-7-29
2026-07-29,2026-07-01,2026-07-29,20,3028,增你強,sell,9,元大證券,9800,2372.0,2534.0,162.0,,moneydj,https://fubon-ebrokerdj.fbs.com.tw/z/zc/zco/zco.djhtm?a=3028&e=2026-7-1&f=2026-7-29
2026-07-29,2026-07-01,2026-07-29,20,3028,增你強,buy,10,兆豐證券,7000,123.0,1.0,122.0,,moneydj,https://fubon-ebrokerdj.fbs.com.tw/z/zc/zco/zco.djhtm?a=3028&e=2026-7-1&f=2026-7-29
2026-07-29,2026-07-01,2026-07-29,20,3028,增你強,sell,10,國票證券,7790,330.0,471.0,141.0,,moneydj,https://fubon-ebrokerdj.fbs.com.tw/z/zc/zco/zco.djhtm?a=3028&e=2026-7-1&f=2026-7-29
2026-07-29,2026-07-01,2026-07-29,20,3702,大聯大,buy,1,永豐金證券,9A00,38465.0,3760.0,34705.0,,moneydj,https://fubon-ebrokerdj.fbs.com.tw/z/zc/zco/zco.djhtm?a=3702&e=2026-7-1&f=2026-7-29
2026-07-29,2026-07-01,2026-07-29,20,3702,大聯大,sell,1,台灣摩根士丹利,1470,15852.0,36246.0,20394.0,,moneydj,https://fubon-ebrokerdj.fbs.com.tw/z/zc/zco/zco.djhtm?a=3702&e=2026-7-1&f=2026-7-29
2026-07-29,2026-07-01,2026-07-29,20,3702,大聯大,buy,2,台新-台北,9B20,8130.0,172.0,7958.0,,moneydj,https://fubon-ebrokerdj.fbs.com.tw/z/zc/zco/zco.djhtm?a=3702&e=2026-7-1&f=2026-7-29
2026-07-29,2026-07-01,2026-07-29,20,3702,大聯大,sell,2,美商高盛,1480,9047.0,25613.0,16566.0,,moneydj,https://fubon-ebrokerdj.fbs.com.tw/z/zc/zco/zco.djhtm?a=3702&e=2026-7-1&f=2026-7-29
2026-07-29,2026-07-01,2026-07-29,20,3702,大聯大,buy,3,群益金鼎,9100,9524.0,2032.0,7492.0,,moneydj,https://fubon-ebrokerdj.fbs.com.tw/z/zc/zco/zco.djhtm?a=3702&e=2026-7-1&f=2026-7-29
2026-07-29,2026-07-01,2026-07-29,20,3702,大聯大,sell,3,美林,1440,3793.0,11850.0,8057.0,,moneydj,https://fubon-ebrokerdj.fbs.com.tw/z/zc/zco/zco.djhtm?a=3702&e=2026-7-1&f=2026-7-29
2026-07-29,2026-07-01,2026-07-29,20,3702,大聯大,buy,4,富邦證券,9600,8777.0,2984.0,5793.0,,moneydj,https://fubon-ebrokerdj.fbs.com.tw/z/zc/zco/zco.djhtm?a=3702&e=2026-7-1&f=2026-7-29
2026-07-29,2026-07-01,2026-07-29,20,3702,大聯大,sell,4,凱基-台北,9268,17688.0,22694.0,5006.0,,moneydj,https://fubon-ebrokerdj.fbs.com.tw/z/zc/zco/zco.djhtm?a=3702&e=2026-7-1&f=2026-7-29
2026-07-29,2026-07-01,2026-07-29,20,3702,大聯大,buy,5,凱基,9200,4723.0,195.0,4528.0,,moneydj,https://fubon-ebrokerdj.fbs.com.tw/z/zc/zco/zco.djhtm?a=3702&e=2026-7-1&f=2026-7-29
2026-07-29,2026-07-01,2026-07-29,20,3702,大聯大,sell,5,摩根大通,8440,19543.0,23109.0,3566.0,,moneydj,https://fubon-ebrokerdj.fbs.com.tw/z/zc/zco/zco.djhtm?a=3702&e=2026-7-1&f=2026-7-29
2026-07-29,2026-07-01,2026-07-29,20,3702,大聯大,buy,6,華南永昌-中正,9359,4422.0,67.0,4355.0,,moneydj,https://fubon-ebrokerdj.fbs.com.tw/z/zc/zco/zco.djhtm?a=3702&e=2026-7-1&f=2026-7-29
2026-07-29,2026-07-01,2026-07-29,20,3702,大聯大,sell,6,新加坡商瑞銀,1650,13078.0,15926.0,2848.0,,moneydj,https://fubon-ebrokerdj.fbs.com.tw/z/zc/zco/zco.djhtm?a=3702&e=2026-7-1&f=2026-7-29
2026-07-29,2026-07-01,2026-07-29,20,3702,大聯大,buy,7,統一,5850,5975.0,1894.0,4081.0,,moneydj,https://fubon-ebrokerdj.fbs.com.tw/z/zc/zco/zco.djhtm?a=3702&e=2026-7-1&f=2026-7-29
2026-07-29,2026-07-01,2026-07-29,20,3702,大聯大,sell,7,港商野村,1560,1483.0,4249.0,2766.0,,moneydj,https://fubon-ebrokerdj.fbs.com.tw/z/zc/zco/zco.djhtm?a=3702&e=2026-7-1&f=2026-7-29
2026-07-29,2026-07-01,2026-07-29,20,3702,大聯大,buy,8,元大證券,9800,23230.0,20129.0,3101.0,,moneydj,https://fubon-ebrokerdj.fbs.com.tw/z/zc/zco/zco.djhtm?a=3702&e=2026-7-1&f=2026-7-29
2026-07-29,2026-07-01,2026-07-29,20,3702,大聯大,sell,8,永豐金-匯立,9A81,1517.0,4192.0,2675.0,,moneydj,https://fubon-ebrokerdj.fbs.com.tw/z/zc/zco/zco.djhtm?a=3702&e=2026-7-1&f=2026-7-29
2026-07-29,2026-07-01,2026-07-29,20,3702,大聯大,buy,9,兆豐證券,7000,2674.0,36.0,2638.0,,moneydj,https://fubon-ebrokerdj.fbs.com.tw/z/zc/zco/zco.djhtm?a=3702&e=2026-7-1&f=2026-7-29
2026-07-29,2026-07-01,2026-07-29,20,3702,大聯大,sell,9,台新-敦南,9B2Q,404.0,2570.0,2166.0,,moneydj,https://fubon-ebrokerdj.fbs.com.tw/z/zc/zco/zco.djhtm?a=3702&e=2026-7-1&f=2026-7-29
2026-07-29,2026-07-01,2026-07-29,20,3702,大聯大,buy,10,國泰證券,8880,2725.0,297.0,2428.0,,moneydj,https://fubon-ebrokerdj.fbs.com.tw/z/zc/zco/zco.djhtm?a=3702&e=2026-7-1&f=2026-7-29
2026-07-29,2026-07-01,2026-07-29,20,3702,大聯大,sell,10,港商麥格理,1360,629.0,2700.0,2071.0,,moneydj,https://fubon-ebrokerdj.fbs.com.tw/z/zc/zco/zco.djhtm?a=3702&e=2026-7-1&f=2026-7-29
2026-07-29,2026-07-01,2026-07-29,20,1707,葡萄王,buy,1,摩根大通,8440,851.0,592.0,259.0,,moneydj,https://fubon-ebrokerdj.fbs.com.tw/z/zc/zco/zco.djhtm?a=1707&e=2026-7-1&f=2026-7-29
2026-07-29,2026-07-01,2026-07-29,20,1707,葡萄王,sell,1,台新,9B00,68.0,1039.0,971.0,,moneydj,https://fubon-ebrokerdj.fbs.com.tw/z/zc/zco/zco.djhtm?a=1707&e=2026-7-1&f=2026-7-29
2026-07-29,2026-07-01,2026-07-29,20,1707,葡萄王,buy,2,台灣摩根士丹利,1470,882.0,643.0,239.0,,moneydj,https://fubon-ebrokerdj.fbs.com.tw/z/zc/zco/zco.djhtm?a=1707&e=2026-7-1&f=2026-7-29
2026-07-29,2026-07-01,2026-07-29,20,1707,葡萄王,sell,2,富邦證券,9600,41.0,483.0,442.0,,moneydj,https://fubon-ebrokerdj.fbs.com.tw/z/zc/zco/zco.djhtm?a=1707&e=2026-7-1&f=2026-7-29
2026-07-29,2026-07-01,2026-07-29,20,1707,葡萄王,buy,3,美林,1440,341.0,194.0,147.0,,moneydj,https://fubon-ebrokerdj.fbs.com.tw/z/zc/zco/zco.djhtm?a=1707&e=2026-7-1&f=2026-7-29
2026-07-29,2026-07-01,2026-07-29,20,1707,葡萄王,sell,3,元大證券,9800,167.0,523.0,356.0,,moneydj,https://fubon-ebrokerdj.fbs.com.tw/z/zc/zco/zco.djhtm?a=1707&e=2026-7-1&f=2026-7-29
2026-07-29,2026-07-01,2026-07-29,20,1707,葡萄王,buy,4,花旗環球,1590,138.0,13.0,125.0,,moneydj,https://fubon-ebrokerdj.fbs.com.tw/z/zc/zco/zco.djhtm?a=1707&e=2026-7-1&f=2026-7-29
2026-07-29,2026-07-01,2026-07-29,20,1707,葡萄王,sell,4,永豐金證券,9A00,79.0,267.0,188.0,,moneydj,https://fubon-ebrokerdj.fbs.com.tw/z/zc/zco/zco.djhtm?a=1707&e=2026-7-1&f=2026-7-29
2026-07-29,2026-07-01,2026-07-29,20,1707,葡萄王,buy,5,台新-五權西,9B25,85.0,3.0,82.0,,moneydj,https://fubon-ebrokerdj.fbs.com.tw/z/zc/zco/zco.djhtm?a=1707&e=2026-7-1&f=2026-7-29
2026-07-29,2026-07-01,2026-07-29,20,1707,葡萄王,sell,5,新加坡商瑞銀,1650,276.0,461.0,185.0,,moneydj,https://fubon-ebrokerdj.fbs.com.tw/z/zc/zco/zco.djhtm?a=1707&e=2026-7-1&f=2026-7-29
2026-07-29,2026-07-01,2026-07-29,20,1707,葡萄王,buy,6,兆豐-忠孝,700a,80.0,11.0,69.0,,moneydj,https://fubon-ebrokerdj.fbs.com.tw/z/zc/zco/zco.djhtm?a=1707&e=2026-7-1&f=2026-7-29
2026-07-29,2026-07-01,2026-07-29,20,1707,葡萄王,sell,6,凱基-台北,9268,574.0,750.0,176.0,,moneydj,https://fubon-ebrokerdj.fbs.com.tw/z/zc/zco/zco.djhtm?a=1707&e=2026-7-1&f=2026-7-29
2026-07-29,2026-07-01,2026-07-29,20,1707,葡萄王,buy,7,新光,8560,102.0,45.0,57.0,,moneydj,https://fubon-ebrokerdj.fbs.com.tw/z/zc/zco/zco.djhtm?a=1707&e=2026-7-1&f=2026-7-29
2026-07-29,2026-07-01,2026-07-29,20,1707,葡萄王,sell,7,凱基,9200,9.0,149.0,140.0,,moneydj,https://fubon-ebrokerdj.fbs.com.tw/z/zc/zco/zco.djhtm?a=1707&e=2026-7-1&f=2026-7-29
2026-07-29,2026-07-01,2026-07-29,20,1707,葡萄王,buy,8,富邦-新竹,9647,69.0,13.0,56.0,,moneydj,https://fubon-ebrokerdj.fbs.com.tw/z/zc/zco/zco.djhtm?a=1707&e=2026-7-1&f=2026-7-29
2026-07-29,2026-07-01,2026-07-29,20,1707,葡萄王,sell,8,國泰證券,8880,15.0,137.0,122.0,,moneydj,https://fubon-ebrokerdj.fbs.com.tw/z/zc/zco/zco.djhtm?a=1707&e=2026-7-1&f=2026-7-29
2026-07-29,2026-07-01,2026-07-29,20,1707,葡萄王,buy,9,玉山-台中,884B,43.0,6.0,37.0,,moneydj,https://fubon-ebrokerdj.fbs.com.tw/z/zc/zco/zco.djhtm?a=1707&e=2026-7-1&f=2026-7-29
2026-07-29,2026-07-01,2026-07-29,20,1707,葡萄王,sell,9,玉山-數位,884M,11.0,116.0,105.0,,moneydj,https://fubon-ebrokerdj.fbs.com.tw/z/zc/zco/zco.djhtm?a=1707&e=2026-7-1&f=2026-7-29
2026-07-29,2026-07-01,2026-07-29,20,1707,葡萄王,buy,10,高橋-內壢,5323,38.0,5.0,33.0,,moneydj,https://fubon-ebrokerdj.fbs.com.tw/z/zc/zco/zco.djhtm?a=1707&e=2026-7-1&f=2026-7-29
2026-07-29,2026-07-01,2026-07-29,20,1707,葡萄王,sell,10,玉山證券,8840,9.0,92.0,83.0,,moneydj,https://fubon-ebrokerdj.fbs.com.tw/z/zc/zco/zco.djhtm?a=1707&e=2026-7-1&f=2026-7-29
2026-07-29,2026-07-01,2026-07-29,20,6588,東典光電,buy,1,國票-南崁,779E,255.0,31.0,224.0,,moneydj,https://fubon-ebrokerdj.fbs.com.tw/z/zc/zco/zco.djhtm?a=6588&e=2026-7-1&f=2026-7-29
2026-07-29,2026-07-01,2026-07-29,20,6588,東典光電,sell,1,國票-內壢,7798,4.0,147.0,143.0,,moneydj,https://fubon-ebrokerdj.fbs.com.tw/z/zc/zco/zco.djhtm?a=6588&e=2026-7-1&f=2026-7-29
2026-07-29,2026-07-01,2026-07-29,20,6588,東典光電,buy,2,富邦-仁愛,9676,329.0,186.0,143.0,,moneydj,https://fubon-ebrokerdj.fbs.com.tw/z/zc/zco/zco.djhtm?a=6588&e=2026-7-1&f=2026-7-29
2026-07-29,2026-07-01,2026-07-29,20,6588,東典光電,sell,2,富邦-新竹,9647,108.0,238.0,130.0,,moneydj,https://fubon-ebrokerdj.fbs.com.tw/z/zc/zco/zco.djhtm?a=6588&e=2026-7-1&f=2026-7-29
2026-07-29,2026-07-01,2026-07-29,20,6588,東典光電,buy,3,摩根大通,8440,1092.0,953.0,139.0,,moneydj,https://fubon-ebrokerdj.fbs.com.tw/z/zc/zco/zco.djhtm?a=6588&e=2026-7-1&f=2026-7-29
2026-07-29,2026-07-01,2026-07-29,20,6588,東典光電,sell,3,兆豐-寶成,700r,68.0,145.0,77.0,,moneydj,https://fubon-ebrokerdj.fbs.com.tw/z/zc/zco/zco.djhtm?a=6588&e=2026-7-1&f=2026-7-29
2026-07-29,2026-07-01,2026-07-29,20,6588,東典光電,buy,4,元大證券,9800,3408.0,3301.0,107.0,,moneydj,https://fubon-ebrokerdj.fbs.com.tw/z/zc/zco/zco.djhtm?a=6588&e=2026-7-1&f=2026-7-29
2026-07-29,2026-07-01,2026-07-29,20,6588,東典光電,sell,4,富邦-八德,963A,85.0,157.0,72.0,,moneydj,https://fubon-ebrokerdj.fbs.com.tw/z/zc/zco/zco.djhtm?a=6588&e=2026-7-1&f=2026-7-29
2026-07-29,2026-07-01,2026-07-29,20,6588,東典光電,buy,5,新加坡商瑞銀,1650,811.0,722.0,89.0,,moneydj,https://fubon-ebrokerdj.fbs.com.tw/z/zc/zco/zco.djhtm?a=6588&e=2026-7-1&f=2026-7-29
2026-07-29,2026-07-01,2026-07-29,20,6588,東典光電,sell,5,美林,1440,757.0,827.0,70.0,,moneydj,https://fubon-ebrokerdj.fbs.com.tw/z/zc/zco/zco.djhtm?a=6588&e=2026-7-1&f=2026-7-29
2026-07-29,2026-07-01,2026-07-29,20,6588,東典光電,buy,6,永豐金-台中,9A9L,136.0,74.0,62.0,,moneydj,https://fubon-ebrokerdj.fbs.com.tw/z/zc/zco/zco.djhtm?a=6588&e=2026-7-1&f=2026-7-29
2026-07-29,2026-07-01,2026-07-29,20,6588,東典光電,sell,6,華南永昌-頭份,9343,116.0,181.0,65.0,,moneydj,https://fubon-ebrokerdj.fbs.com.tw/z/zc/zco/zco.djhtm?a=6588&e=2026-7-1&f=2026-7-29
2026-07-29,2026-07-01,2026-07-29,20,6588,東典光電,buy,7,凱基-台北,9268,4029.0,3973.0,56.0,,moneydj,https://fubon-ebrokerdj.fbs.com.tw/z/zc/zco/zco.djhtm?a=6588&e=2026-7-1&f=2026-7-29
2026-07-29,2026-07-01,2026-07-29,20,6588,東典光電,sell,7,台新-新莊,9B19,14.0,68.0,54.0,,moneydj,https://fubon-ebrokerdj.fbs.com.tw/z/zc/zco/zco.djhtm?a=6588&e=2026-7-1&f=2026-7-29
2026-07-29,2026-07-01,2026-07-29,20,6588,東典光電,buy,8,中國信託-永康,6163,144.0,95.0,49.0,,moneydj,https://fubon-ebrokerdj.fbs.com.tw/z/zc/zco/zco.djhtm?a=6588&e=2026-7-1&f=2026-7-29
2026-07-29,2026-07-01,2026-07-29,20,6588,東典光電,sell,8,富邦-台北,9623,100.0,153.0,53.0,,moneydj,https://fubon-ebrokerdj.fbs.com.tw/z/zc/zco/zco.djhtm?a=6588&e=2026-7-1&f=2026-7-29
2026-07-29,2026-07-01,2026-07-29,20,6588,東典光電,buy,9,元大-板橋,989C,107.0,59.0,48.0,,moneydj,https://fubon-ebrokerdj.fbs.com.tw/z/zc/zco/zco.djhtm?a=6588&e=2026-7-1&f=2026-7-29
2026-07-29,2026-07-01,2026-07-29,20,6588,東典光電,sell,9,永豐金-中正,9A9U,58.0,104.0,46.0,,moneydj,https://fubon-ebrokerdj.fbs.com.tw/z/zc/zco/zco.djhtm?a=6588&e=2026-7-1&f=2026-7-29
2026-07-29,2026-07-01,2026-07-29,20,6588,東典光電,buy,10,富邦-建國,9658,90.0,48.0,42.0,,moneydj,https://fubon-ebrokerdj.fbs.com.tw/z/zc/zco/zco.djhtm?a=6588&e=2026-7-1&f=2026-7-29
2026-07-29,2026-07-01,2026-07-29,20,6588,東典光電,sell,10,元大-小港,989Z,35.0,80.0,45.0,,moneydj,https://fubon-ebrokerdj.fbs.com.tw/z/zc/zco/zco.djhtm?a=6588&e=2026-7-1&f=2026-7-29
2026-07-29,2026-07-01,2026-07-29,20,3675,德微,buy,1,台灣摩根士丹利,1470,1060.0,402.0,658.0,,moneydj,https://fubon-ebrokerdj.fbs.com.tw/z/zc/zco/zco.djhtm?a=3675&e=2026-7-1&f=2026-7-29
2026-07-29,2026-07-01,2026-07-29,20,3675,德微,sell,1,統一,5850,269.0,756.0,487.0,,moneydj,https://fubon-ebrokerdj.fbs.com.tw/z/zc/zco/zco.djhtm?a=3675&e=2026-7-1&f=2026-7-29
2026-07-29,2026-07-01,2026-07-29,20,3675,德微,buy,2,美商高盛,1480,776.0,574.0,202.0,,moneydj,https://fubon-ebrokerdj.fbs.com.tw/z/zc/zco/zco.djhtm?a=3675&e=2026-7-1&f=2026-7-29
2026-07-29,2026-07-01,2026-07-29,20,3675,德微,sell,2,富邦證券,9600,88.0,459.0,371.0,,moneydj,https://fubon-ebrokerdj.fbs.com.tw/z/zc/zco/zco.djhtm?a=3675&e=2026-7-1&f=2026-7-29
2026-07-29,2026-07-01,2026-07-29,20,3675,德微,buy,3,永豐金-敦南,9A8F,136.0,14.0,122.0,,moneydj,https://fubon-ebrokerdj.fbs.com.tw/z/zc/zco/zco.djhtm?a=3675&e=2026-7-1&f=2026-7-29
2026-07-29,2026-07-01,2026-07-29,20,3675,德微,sell,3,摩根大通,8440,832.0,1005.0,173.0,,moneydj,https://fubon-ebrokerdj.fbs.com.tw/z/zc/zco/zco.djhtm?a=3675&e=2026-7-1&f=2026-7-29
2026-07-29,2026-07-01,2026-07-29,20,3675,德微,buy,4,港商野村,1560,130.0,44.0,86.0,,moneydj,https://fubon-ebrokerdj.fbs.com.tw/z/zc/zco/zco.djhtm?a=3675&e=2026-7-1&f=2026-7-29
2026-07-29,2026-07-01,2026-07-29,20,3675,德微,sell,4,香港上海匯豐,8960,0.0,160.0,160.0,,moneydj,https://fubon-ebrokerdj.fbs.com.tw/z/zc/zco/zco.djhtm?a=3675&e=2026-7-1&f=2026-7-29
2026-07-29,2026-07-01,2026-07-29,20,3675,德微,buy,5,台新-西松,9B2n,118.0,49.0,69.0,,moneydj,https://fubon-ebrokerdj.fbs.com.tw/z/zc/zco/zco.djhtm?a=3675&e=2026-7-1&f=2026-7-29
2026-07-29,2026-07-01,2026-07-29,20,3675,德微,sell,5,國票-安和,779Z,40.0,179.0,139.0,,moneydj,https://fubon-ebrokerdj.fbs.com.tw/z/zc/zco/zco.djhtm?a=3675&e=2026-7-1&f=2026-7-29
2026-07-29,2026-07-01,2026-07-29,20,3675,德微,buy,6,美林,1440,407.0,340.0,67.0,,moneydj,https://fubon-ebrokerdj.fbs.com.tw/z/zc/zco/zco.djhtm?a=3675&e=2026-7-1&f=2026-7-29
2026-07-29,2026-07-01,2026-07-29,20,3675,德微,sell,6,康和-高雄,845J,26.0,156.0,130.0,,moneydj,https://fubon-ebrokerdj.fbs.com.tw/z/zc/zco/zco.djhtm?a=3675&e=2026-7-1&f=2026-7-29
2026-07-29,2026-07-01,2026-07-29,20,3675,德微,buy,7,凱基-大安,9291,82.0,19.0,63.0,,moneydj,https://fubon-ebrokerdj.fbs.com.tw/z/zc/zco/zco.djhtm?a=3675&e=2026-7-1&f=2026-7-29
2026-07-29,2026-07-01,2026-07-29,20,3675,德微,sell,7,元大證券,9800,1373.0,1467.0,94.0,,moneydj,https://fubon-ebrokerdj.fbs.com.tw/z/zc/zco/zco.djhtm?a=3675&e=2026-7-1&f=2026-7-29
2026-07-29,2026-07-01,2026-07-29,20,3675,德微,buy,8,群益金鼎-館前,913Y,93.0,40.0,53.0,,moneydj,https://fubon-ebrokerdj.fbs.com.tw/z/zc/zco/zco.djhtm?a=3675&e=2026-7-1&f=2026-7-29
2026-07-29,2026-07-01,2026-07-29,20,3675,德微,sell,8,凱基-台北,9268,1052.0,1143.0,91.0,,moneydj,https://fubon-ebrokerdj.fbs.com.tw/z/zc/zco/zco.djhtm?a=3675&e=2026-7-1&f=2026-7-29
2026-07-29,2026-07-01,2026-07-29,20,3675,德微,buy,9,玉山-景美,8849,52.0,7.0,45.0,,moneydj,https://fubon-ebrokerdj.fbs.com.tw/z/zc/zco/zco.djhtm?a=3675&e=2026-7-1&f=2026-7-29
2026-07-29,2026-07-01,2026-07-29,20,3675,德微,sell,9,國泰證券,8880,204.0,294.0,90.0,,moneydj,https://fubon-ebrokerdj.fbs.com.tw/z/zc/zco/zco.djhtm?a=3675&e=2026-7-1&f=2026-7-29
2026-07-29,2026-07-01,2026-07-29,20,3675,德微,buy,10,富邦-新店,9661,86.0,43.0,43.0,,moneydj,https://fubon-ebrokerdj.fbs.com.tw/z/zc/zco/zco.djhtm?a=3675&e=2026-7-1&f=2026-7-29
2026-07-29,2026-07-01,2026-07-29,20,3675,德微,sell,10,華南永昌,9300,12.0,89.0,77.0,,moneydj,https://fubon-ebrokerdj.fbs.com.tw/z/zc/zco/zco.djhtm?a=3675&e=2026-7-1&f=2026-7-29
2026-07-29,2026-07-01,2026-07-29,20,8473,山林水,buy,1,凱基-台北,9268,1048.0,872.0,176.0,,moneydj,https://fubon-ebrokerdj.fbs.com.tw/z/zc/zco/zco.djhtm?a=8473&e=2026-7-1&f=2026-7-29
2026-07-29,2026-07-01,2026-07-29,20,8473,山林水,sell,1,國泰證券,8880,136.0,1161.0,1025.0,,moneydj,https://fubon-ebrokerdj.fbs.com.tw/z/zc/zco/zco.djhtm?a=8473&e=2026-7-1&f=2026-7-29
2026-07-29,2026-07-01,2026-07-29,20,8473,山林水,buy,2,摩根大通,8440,815.0,646.0,169.0,,moneydj,https://fubon-ebrokerdj.fbs.com.tw/z/zc/zco/zco.djhtm?a=8473&e=2026-7-1&f=2026-7-29
2026-07-29,2026-07-01,2026-07-29,20,8473,山林水,sell,2,新加坡商瑞銀,1650,161.0,498.0,337.0,,moneydj,https://fubon-ebrokerdj.fbs.com.tw/z/zc/zco/zco.djhtm?a=8473&e=2026-7-1&f=2026-7-29
2026-07-29,2026-07-01,2026-07-29,20,8473,山林水,buy,3,凱基-桃園,9208,128.0,22.0,106.0,,moneydj,https://fubon-ebrokerdj.fbs.com.tw/z/zc/zco/zco.djhtm?a=8473&e=2026-7-1&f=2026-7-29
2026-07-29,2026-07-01,2026-07-29,20,8473,山林水,sell,3,凱基-林口,9257,6.0,328.0,322.0,,moneydj,https://fubon-ebrokerdj.fbs.com.tw/z/zc/zco/zco.djhtm?a=8473&e=2026-7-1&f=2026-7-29
2026-07-29,2026-07-01,2026-07-29,20,8473,山林水,buy,4,富邦-三峽,962J,110.0,7.0,103.0,,moneydj,https://fubon-ebrokerdj.fbs.com.tw/z/zc/zco/zco.djhtm?a=8473&e=2026-7-1&f=2026-7-29
2026-07-29,2026-07-01,2026-07-29,20,8473,山林水,sell,4,新光,8560,140.0,301.0,161.0,,moneydj,https://fubon-ebrokerdj.fbs.com.tw/z/zc/zco/zco.djhtm?a=8473&e=2026-7-1&f=2026-7-29
2026-07-29,2026-07-01,2026-07-29,20,8473,山林水,buy,5,台灣摩根士丹利,1470,863.0,761.0,102.0,,moneydj,https://fubon-ebrokerdj.fbs.com.tw/z/zc/zco/zco.djhtm?a=8473&e=2026-7-1&f=2026-7-29
2026-07-29,2026-07-01,2026-07-29,20,8473,山林水,sell,5,台新-台中,9B1h,22.0,165.0,143.0,,moneydj,https://fubon-ebrokerdj.fbs.com.tw/z/zc/zco/zco.djhtm?a=8473&e=2026-7-1&f=2026-7-29
2026-07-29,2026-07-01,2026-07-29,20,8473,山林水,buy,6,富邦-台中,965K,113.0,12.0,101.0,,moneydj,https://fubon-ebrokerdj.fbs.com.tw/z/zc/zco/zco.djhtm?a=8473&e=2026-7-1&f=2026-7-29
2026-07-29,2026-07-01,2026-07-29,20,8473,山林水,sell,6,兆豐-台南,7006,0.0,102.0,102.0,,moneydj,https://fubon-ebrokerdj.fbs.com.tw/z/zc/zco/zco.djhtm?a=8473&e=2026-7-1&f=2026-7-29
2026-07-29,2026-07-01,2026-07-29,20,8473,山林水,buy,7,第一金-豐原,538N,183.0,92.0,91.0,,moneydj,https://fubon-ebrokerdj.fbs.com.tw/z/zc/zco/zco.djhtm?a=8473&e=2026-7-1&f=2026-7-29
2026-07-29,2026-07-01,2026-07-29,20,8473,山林水,sell,7,元大-中壢,9834,54.0,150.0,96.0,,moneydj,https://fubon-ebrokerdj.fbs.com.tw/z/zc/zco/zco.djhtm?a=8473&e=2026-7-1&f=2026-7-29
2026-07-29,2026-07-01,2026-07-29,20,8473,山林水,buy,8,第一金-新興,538A,85.0,0.0,85.0,,moneydj,https://fubon-ebrokerdj.fbs.com.tw/z/zc/zco/zco.djhtm?a=8473&e=2026-7-1&f=2026-7-29
2026-07-29,2026-07-01,2026-07-29,20,8473,山林水,sell,8,台新-敦南,9B2Q,0.0,90.0,90.0,,moneydj,https://fubon-ebrokerdj.fbs.com.tw/z/zc/zco/zco.djhtm?a=8473&e=2026-7-1&f=2026-7-29
2026-07-29,2026-07-01,2026-07-29,20,8473,山林水,buy,9,聯邦-興中,8587,86.0,1.0,85.0,,moneydj,https://fubon-ebrokerdj.fbs.com.tw/z/zc/zco/zco.djhtm?a=8473&e=2026-7-1&f=2026-7-29
2026-07-29,2026-07-01,2026-07-29,20,8473,山林水,sell,9,永豐金-大園,9A98,65.0,148.0,83.0,,moneydj,https://fubon-ebrokerdj.fbs.com.tw/z/zc/zco/zco.djhtm?a=8473&e=2026-7-1&f=2026-7-29
2026-07-29,2026-07-01,2026-07-29,20,8473,山林水,buy,10,統一-敦南,5852,109.0,31.0,78.0,,moneydj,https://fubon-ebrokerdj.fbs.com.tw/z/zc/zco/zco.djhtm?a=8473&e=2026-7-1&f=2026-7-29
2026-07-29,2026-07-01,2026-07-29,20,8473,山林水,sell,10,凱基-台中,9204,19.0,101.0,82.0,,moneydj,https://fubon-ebrokerdj.fbs.com.tw/z/zc/zco/zco.djhtm?a=8473&e=2026-7-1&f=2026-7-29
2026-07-29,2026-07-01,2026-07-29,20,2851,中再保,buy,1,元大證券,9800,3894.0,2210.0,1684.0,,moneydj,https://fubon-ebrokerdj.fbs.com.tw/z/zc/zco/zco.djhtm?a=2851&e=2026-7-1&f=2026-7-29
2026-07-29,2026-07-01,2026-07-29,20,2851,中再保,sell,1,台灣摩根士丹利,1470,2608.0,4696.0,2088.0,,moneydj,https://fubon-ebrokerdj.fbs.com.tw/z/zc/zco/zco.djhtm?a=2851&e=2026-7-1&f=2026-7-29
2026-07-29,2026-07-01,2026-07-29,20,2851,中再保,buy,2,新加坡商瑞銀,1650,3459.0,2292.0,1167.0,,moneydj,https://fubon-ebrokerdj.fbs.com.tw/z/zc/zco/zco.djhtm?a=2851&e=2026-7-1&f=2026-7-29
2026-07-29,2026-07-01,2026-07-29,20,2851,中再保,sell,2,美林,1440,761.0,2306.0,1545.0,,moneydj,https://fubon-ebrokerdj.fbs.com.tw/z/zc/zco/zco.djhtm?a=2851&e=2026-7-1&f=2026-7-29
2026-07-29,2026-07-01,2026-07-29,20,2851,中再保,buy,3,群益金鼎-開元,9134,1165.0,9.0,1156.0,,moneydj,https://fubon-ebrokerdj.fbs.com.tw/z/zc/zco/zco.djhtm?a=2851&e=2026-7-1&f=2026-7-29
2026-07-29,2026-07-01,2026-07-29,20,2851,中再保,sell,3,國泰證券,8880,221.0,1131.0,910.0,,moneydj,https://fubon-ebrokerdj.fbs.com.tw/z/zc/zco/zco.djhtm?a=2851&e=2026-7-1&f=2026-7-29
2026-07-29,2026-07-01,2026-07-29,20,2851,中再保,buy,4,花旗環球,1590,1179.0,274.0,905.0,,moneydj,https://fubon-ebrokerdj.fbs.com.tw/z/zc/zco/zco.djhtm?a=2851&e=2026-7-1&f=2026-7-29
2026-07-29,2026-07-01,2026-07-29,20,2851,中再保,sell,4,中國信託-永康,6163,81.0,722.0,641.0,,moneydj,https://fubon-ebrokerdj.fbs.com.tw/z/zc/zco/zco.djhtm?a=2851&e=2026-7-1&f=2026-7-29
2026-07-29,2026-07-01,2026-07-29,20,2851,中再保,buy,5,統一,5850,472.0,36.0,436.0,,moneydj,https://fubon-ebrokerdj.fbs.com.tw/z/zc/zco/zco.djhtm?a=2851&e=2026-7-1&f=2026-7-29
2026-07-29,2026-07-01,2026-07-29,20,2851,中再保,sell,5,凱基-台北,9268,2324.0,2886.0,562.0,,moneydj,https://fubon-ebrokerdj.fbs.com.tw/z/zc/zco/zco.djhtm?a=2851&e=2026-7-1&f=2026-7-29
2026-07-29,2026-07-01,2026-07-29,20,2851,中再保,buy,6,新光,8560,784.0,404.0,380.0,,moneydj,https://fubon-ebrokerdj.fbs.com.tw/z/zc/zco/zco.djhtm?a=2851&e=2026-7-1&f=2026-7-29
2026-07-29,2026-07-01,2026-07-29,20,2851,中再保,sell,6,富邦證券,9600,212.0,676.0,464.0,,moneydj,https://fubon-ebrokerdj.fbs.com.tw/z/zc/zco/zco.djhtm?a=2851&e=2026-7-1&f=2026-7-29
2026-07-29,2026-07-01,2026-07-29,20,2851,中再保,buy,7,亞東-板橋,2181,351.0,5.0,346.0,,moneydj,https://fubon-ebrokerdj.fbs.com.tw/z/zc/zco/zco.djhtm?a=2851&e=2026-7-1&f=2026-7-29
2026-07-29,2026-07-01,2026-07-29,20,2851,中再保,sell,7,玉山-嘉義,8848,14.0,439.0,425.0,,moneydj,https://fubon-ebrokerdj.fbs.com.tw/z/zc/zco/zco.djhtm?a=2851&e=2026-7-1&f=2026-7-29
2026-07-29,2026-07-01,2026-07-29,20,2851,中再保,buy,8,華南永昌-敦南,9347,260.0,0.0,260.0,,moneydj,https://fubon-ebrokerdj.fbs.com.tw/z/zc/zco/zco.djhtm?a=2851&e=2026-7-1&f=2026-7-29
2026-07-29,2026-07-01,2026-07-29,20,2851,中再保,sell,8,凱基,9200,46.0,383.0,337.0,,moneydj,https://fubon-ebrokerdj.fbs.com.tw/z/zc/zco/zco.djhtm?a=2851&e=2026-7-1&f=2026-7-29
2026-07-29,2026-07-01,2026-07-29,20,2851,中再保,buy,9,港商野村,1560,551.0,297.0,254.0,,moneydj,https://fubon-ebrokerdj.fbs.com.tw/z/zc/zco/zco.djhtm?a=2851&e=2026-7-1&f=2026-7-29
2026-07-29,2026-07-01,2026-07-29,20,2851,中再保,sell,9,美商高盛,1480,1851.0,2140.0,289.0,,moneydj,https://fubon-ebrokerdj.fbs.com.tw/z/zc/zco/zco.djhtm?a=2851&e=2026-7-1&f=2026-7-29
2026-07-29,2026-07-01,2026-07-29,20,2851,中再保,buy,10,台新,9B00,343.0,95.0,248.0,,moneydj,https://fubon-ebrokerdj.fbs.com.tw/z/zc/zco/zco.djhtm?a=2851&e=2026-7-1&f=2026-7-29
2026-07-29,2026-07-01,2026-07-29,20,2851,中再保,sell,10,元大-成功,989L,1.0,271.0,270.0,,moneydj,https://fubon-ebrokerdj.fbs.com.tw/z/zc/zco/zco.djhtm?a=2851&e=2026-7-1&f=2026-7-29
2026-07-29,2026-07-01,2026-07-29,20,3441,聯一光,buy,1,日進,5660,1953.0,218.0,1735.0,,moneydj,https://fubon-ebrokerdj.fbs.com.tw/z/zc/zco/zco.djhtm?a=3441&e=2026-7-1&f=2026-7-29
2026-07-29,2026-07-01,2026-07-29,20,3441,聯一光,sell,1,台灣摩根士丹利,1470,1540.0,2371.0,831.0,,moneydj,https://fubon-ebrokerdj.fbs.com.tw/z/zc/zco/zco.djhtm?a=3441&e=2026-7-1&f=2026-7-29
2026-07-29,2026-07-01,2026-07-29,20,3441,聯一光,buy,2,凱基-台北,9268,11678.0,10618.0,1060.0,,moneydj,https://fubon-ebrokerdj.fbs.com.tw/z/zc/zco/zco.djhtm?a=3441&e=2026-7-1&f=2026-7-29
2026-07-29,2026-07-01,2026-07-29,20,3441,聯一光,sell,2,美商高盛,1480,1869.0,2443.0,574.0,,moneydj,https://fubon-ebrokerdj.fbs.com.tw/z/zc/zco/zco.djhtm?a=3441&e=2026-7-1&f=2026-7-29
2026-07-29,2026-07-01,2026-07-29,20,3441,聯一光,buy,3,台中銀-高雄,6116,343.0,76.0,267.0,,moneydj,https://fubon-ebrokerdj.fbs.com.tw/z/zc/zco/zco.djhtm?a=3441&e=2026-7-1&f=2026-7-29
2026-07-29,2026-07-01,2026-07-29,20,3441,聯一光,sell,3,港商野村,1560,512.0,999.0,487.0,,moneydj,https://fubon-ebrokerdj.fbs.com.tw/z/zc/zco/zco.djhtm?a=3441&e=2026-7-1&f=2026-7-29
2026-07-29,2026-07-01,2026-07-29,20,3441,聯一光,buy,4,華南永昌-小港,9323,259.0,99.0,160.0,,moneydj,https://fubon-ebrokerdj.fbs.com.tw/z/zc/zco/zco.djhtm?a=3441&e=2026-7-1&f=2026-7-29
2026-07-29,2026-07-01,2026-07-29,20,3441,聯一光,sell,4,元大證券,9800,11533.0,11926.0,393.0,,moneydj,https://fubon-ebrokerdj.fbs.com.tw/z/zc/zco/zco.djhtm?a=3441&e=2026-7-1&f=2026-7-29
2026-07-29,2026-07-01,2026-07-29,20,3441,聯一光,buy,5,國泰-敦南,8888,5103.0,4988.0,115.0,,moneydj,https://fubon-ebrokerdj.fbs.com.tw/z/zc/zco/zco.djhtm?a=3441&e=2026-7-1&f=2026-7-29
2026-07-29,2026-07-01,2026-07-29,20,3441,聯一光,sell,5,群益金鼎-高雄,9183,63.0,279.0,216.0,,moneydj,https://fubon-ebrokerdj.fbs.com.tw/z/zc/zco/zco.djhtm?a=3441&e=2026-7-1&f=2026-7-29
2026-07-29,2026-07-01,2026-07-29,20,3441,聯一光,buy,6,摩根大通,8440,5437.0,5329.0,108.0,,moneydj,https://fubon-ebrokerdj.fbs.com.tw/z/zc/zco/zco.djhtm?a=3441&e=2026-7-1&f=2026-7-29
2026-07-29,2026-07-01,2026-07-29,20,3441,聯一光,sell,6,富邦-台南,9667,203.0,381.0,178.0,,moneydj,https://fubon-ebrokerdj.fbs.com.tw/z/zc/zco/zco.djhtm?a=3441&e=2026-7-1&f=2026-7-29
2026-07-29,2026-07-01,2026-07-29,20,3441,聯一光,buy,7,美林,1440,786.0,692.0,94.0,,moneydj,https://fubon-ebrokerdj.fbs.com.tw/z/zc/zco/zco.djhtm?a=3441&e=2026-7-1&f=2026-7-29
2026-07-29,2026-07-01,2026-07-29,20,3441,聯一光,sell,7,華南永昌-南京,9326,713.0,889.0,176.0,,moneydj,https://fubon-ebrokerdj.fbs.com.tw/z/zc/zco/zco.djhtm?a=3441&e=2026-7-1&f=2026-7-29
2026-07-29,2026-07-01,2026-07-29,20,3441,聯一光,buy,8,永豐金-中正,9A9U,237.0,149.0,88.0,,moneydj,https://fubon-ebrokerdj.fbs.com.tw/z/zc/zco/zco.djhtm?a=3441&e=2026-7-1&f=2026-7-29
2026-07-29,2026-07-01,2026-07-29,20,3441,聯一光,sell,8,第一金-華江,538W,209.0,377.0,168.0,,moneydj,https://fubon-ebrokerdj.fbs.com.tw/z/zc/zco/zco.djhtm?a=3441&e=2026-7-1&f=2026-7-29
2026-07-29,2026-07-01,2026-07-29,20,3441,聯一光,buy,9,玉山-大里,884J,167.0,100.0,67.0,,moneydj,https://fubon-ebrokerdj.fbs.com.tw/z/zc/zco/zco.djhtm?a=3441&e=2026-7-1&f=2026-7-29
2026-07-29,2026-07-01,2026-07-29,20,3441,聯一光,sell,9,群益金鼎-台南,9185,23.0,176.0,153.0,,moneydj,https://fubon-ebrokerdj.fbs.com.tw/z/zc/zco/zco.djhtm?a=3441&e=2026-7-1&f=2026-7-29
2026-07-29,2026-07-01,2026-07-29,20,3441,聯一光,buy,10,中國信託-忠孝,6162,180.0,114.0,66.0,,moneydj,https://fubon-ebrokerdj.fbs.com.tw/z/zc/zco/zco.djhtm?a=3441&e=2026-7-1&f=2026-7-29
2026-07-29,2026-07-01,2026-07-29,20,3441,聯一光,sell,10,康和-仁愛,845F,76.0,221.0,145.0,,moneydj,https://fubon-ebrokerdj.fbs.com.tw/z/zc/zco/zco.djhtm?a=3441&e=2026-7-1&f=2026-7-29
2026-07-29,2026-07-01,2026-07-29,20,3324,雙鴻,buy,1,花旗環球,1590,1453.0,382.0,1071.0,,moneydj,https://fubon-ebrokerdj.fbs.com.tw/z/zc/zco/zco.djhtm?a=3324&e=2026-7-1&f=2026-7-29
2026-07-29,2026-07-01,2026-07-29,20,3324,雙鴻,sell,1,台灣摩根士丹利,1470,3064.0,3783.0,719.0,,moneydj,https://fubon-ebrokerdj.fbs.com.tw/z/zc/zco/zco.djhtm?a=3324&e=2026-7-1&f=2026-7-29
2026-07-29,2026-07-01,2026-07-29,20,3324,雙鴻,buy,2,摩根大通,8440,1792.0,1286.0,506.0,,moneydj,https://fubon-ebrokerdj.fbs.com.tw/z/zc/zco/zco.djhtm?a=3324&e=2026-7-1&f=2026-7-29
2026-07-29,2026-07-01,2026-07-29,20,3324,雙鴻,sell,2,美商高盛,1480,1517.0,2085.0,568.0,,moneydj,https://fubon-ebrokerdj.fbs.com.tw/z/zc/zco/zco.djhtm?a=3324&e=2026-7-1&f=2026-7-29
2026-07-29,2026-07-01,2026-07-29,20,3324,雙鴻,buy,3,凱基,9200,583.0,150.0,433.0,,moneydj,https://fubon-ebrokerdj.fbs.com.tw/z/zc/zco/zco.djhtm?a=3324&e=2026-7-1&f=2026-7-29
2026-07-29,2026-07-01,2026-07-29,20,3324,雙鴻,sell,3,元大證券,9800,4709.0,5121.0,412.0,,moneydj,https://fubon-ebrokerdj.fbs.com.tw/z/zc/zco/zco.djhtm?a=3324&e=2026-7-1&f=2026-7-29
2026-07-29,2026-07-01,2026-07-29,20,3324,雙鴻,buy,4,富邦-木柵,961M,200.0,72.0,128.0,,moneydj,https://fubon-ebrokerdj.fbs.com.tw/z/zc/zco/zco.djhtm?a=3324&e=2026-7-1&f=2026-7-29
2026-07-29,2026-07-01,2026-07-29,20,3324,雙鴻,sell,4,港商麥格理,1360,248.0,574.0,326.0,,moneydj,https://fubon-ebrokerdj.fbs.com.tw/z/zc/zco/zco.djhtm?a=3324&e=2026-7-1&f=2026-7-29
2026-07-29,2026-07-01,2026-07-29,20,3324,雙鴻,buy,5,美林,1440,622.0,511.0,111.0,,moneydj,https://fubon-ebrokerdj.fbs.com.tw/z/zc/zco/zco.djhtm?a=3324&e=2026-7-1&f=2026-7-29
2026-07-29,2026-07-01,2026-07-29,20,3324,雙鴻,sell,5,群益金鼎-忠孝,918W,51.0,322.0,271.0,,moneydj,https://fubon-ebrokerdj.fbs.com.tw/z/zc/zco/zco.djhtm?a=3324&e=2026-7-1&f=2026-7-29
2026-07-29,2026-07-01,2026-07-29,20,3324,雙鴻,buy,6,富邦證券,9600,561.0,457.0,104.0,,moneydj,https://fubon-ebrokerdj.fbs.com.tw/z/zc/zco/zco.djhtm?a=3324&e=2026-7-1&f=2026-7-29
2026-07-29,2026-07-01,2026-07-29,20,3324,雙鴻,sell,6,統一,5850,386.0,626.0,240.0,,moneydj,https://fubon-ebrokerdj.fbs.com.tw/z/zc/zco/zco.djhtm?a=3324&e=2026-7-1&f=2026-7-29
2026-07-29,2026-07-01,2026-07-29,20,3324,雙鴻,buy,7,凱基-台北,9268,2927.0,2830.0,97.0,,moneydj,https://fubon-ebrokerdj.fbs.com.tw/z/zc/zco/zco.djhtm?a=3324&e=2026-7-1&f=2026-7-29
2026-07-29,2026-07-01,2026-07-29,20,3324,雙鴻,sell,7,群益金鼎,9100,552.0,738.0,186.0,,moneydj,https://fubon-ebrokerdj.fbs.com.tw/z/zc/zco/zco.djhtm?a=3324&e=2026-7-1&f=2026-7-29
2026-07-29,2026-07-01,2026-07-29,20,3324,雙鴻,buy,8,統一-屏東,5859,72.0,14.0,58.0,,moneydj,https://fubon-ebrokerdj.fbs.com.tw/z/zc/zco/zco.djhtm?a=3324&e=2026-7-1&f=2026-7-29
2026-07-29,2026-07-01,2026-07-29,20,3324,雙鴻,sell,8,台新,9B00,454.0,600.0,146.0,,moneydj,https://fubon-ebrokerdj.fbs.com.tw/z/zc/zco/zco.djhtm?a=3324&e=2026-7-1&f=2026-7-29
2026-07-29,2026-07-01,2026-07-29,20,3324,雙鴻,buy,9,台新-建北,9B18,168.0,110.0,58.0,,moneydj,https://fubon-ebrokerdj.fbs.com.tw/z/zc/zco/zco.djhtm?a=3324&e=2026-7-1&f=2026-7-29
2026-07-29,2026-07-01,2026-07-29,20,3324,雙鴻,sell,9,元大-崇德,981S,156.0,287.0,131.0,,moneydj,https://fubon-ebrokerdj.fbs.com.tw/z/zc/zco/zco.djhtm?a=3324&e=2026-7-1&f=2026-7-29
2026-07-29,2026-07-01,2026-07-29,20,3324,雙鴻,buy,10,國泰-敦南,8888,832.0,777.0,55.0,,moneydj,https://fubon-ebrokerdj.fbs.com.tw/z/zc/zco/zco.djhtm?a=3324&e=2026-7-1&f=2026-7-29
2026-07-29,2026-07-01,2026-07-29,20,3324,雙鴻,sell,10,國票-安和,779Z,39.0,159.0,120.0,,moneydj,https://fubon-ebrokerdj.fbs.com.tw/z/zc/zco/zco.djhtm?a=3324&e=2026-7-1&f=2026-7-29
2026-07-29,2026-07-01,2026-07-29,20,2881,富邦金,buy,1,台灣摩根士丹利,1470,61173.0,44228.0,16945.0,,moneydj,https://fubon-ebrokerdj.fbs.com.tw/z/zc/zco/zco.djhtm?a=2881&e=2026-7-1&f=2026-7-29
2026-07-29,2026-07-01,2026-07-29,20,2881,富邦金,sell,1,凱基,9200,5377.0,38824.0,33447.0,,moneydj,https://fubon-ebrokerdj.fbs.com.tw/z/zc/zco/zco.djhtm?a=2881&e=2026-7-1&f=2026-7-29
2026-07-29,2026-07-01,2026-07-29,20,2881,富邦金,buy,2,摩根大通,8440,45672.0,28998.0,16674.0,,moneydj,https://fubon-ebrokerdj.fbs.com.tw/z/zc/zco/zco.djhtm?a=2881&e=2026-7-1&f=2026-7-29
2026-07-29,2026-07-01,2026-07-29,20,2881,富邦金,sell,2,台新-台北,9B20,2643.0,16612.0,13969.0,,moneydj,https://fubon-ebrokerdj.fbs.com.tw/z/zc/zco/zco.djhtm?a=2881&e=2026-7-1&f=2026-7-29
2026-07-29,2026-07-01,2026-07-29,20,2881,富邦金,buy,3,元大證券,9800,56085.0,40145.0,15940.0,,moneydj,https://fubon-ebrokerdj.fbs.com.tw/z/zc/zco/zco.djhtm?a=2881&e=2026-7-1&f=2026-7-29
2026-07-29,2026-07-01,2026-07-29,20,2881,富邦金,sell,3,合庫證券,1020,517.0,13606.0,13089.0,,moneydj,https://fubon-ebrokerdj.fbs.com.tw/z/zc/zco/zco.djhtm?a=2881&e=2026-7-1&f=2026-7-29
2026-07-29,2026-07-01,2026-07-29,20,2881,富邦金,buy,4,新加坡商瑞銀,1650,38648.0,24905.0,13743.0,,moneydj,https://fubon-ebrokerdj.fbs.com.tw/z/zc/zco/zco.djhtm?a=2881&e=2026-7-1&f=2026-7-29
2026-07-29,2026-07-01,2026-07-29,20,2881,富邦金,sell,4,土銀,1030,156.0,11108.0,10952.0,,moneydj,https://fubon-ebrokerdj.fbs.com.tw/z/zc/zco/zco.djhtm?a=2881&e=2026-7-1&f=2026-7-29
2026-07-29,2026-07-01,2026-07-29,20,2881,富邦金,buy,5,美林,1440,23696.0,13067.0,10629.0,,moneydj,https://fubon-ebrokerdj.fbs.com.tw/z/zc/zco/zco.djhtm?a=2881&e=2026-7-1&f=2026-7-29
2026-07-29,2026-07-01,2026-07-29,20,2881,富邦金,sell,5,永豐金證券,9A00,9375.0,19622.0,10247.0,,moneydj,https://fubon-ebrokerdj.fbs.com.tw/z/zc/zco/zco.djhtm?a=2881&e=2026-7-1&f=2026-7-29
2026-07-29,2026-07-01,2026-07-29,20,2881,富邦金,buy,6,花旗環球,1590,25161.0,15796.0,9365.0,,moneydj,https://fubon-ebrokerdj.fbs.com.tw/z/zc/zco/zco.djhtm?a=2881&e=2026-7-1&f=2026-7-29
2026-07-29,2026-07-01,2026-07-29,20,2881,富邦金,sell,6,玉山證券,8840,1539.0,6976.0,5437.0,,moneydj,https://fubon-ebrokerdj.fbs.com.tw/z/zc/zco/zco.djhtm?a=2881&e=2026-7-1&f=2026-7-29
2026-07-29,2026-07-01,2026-07-29,20,2881,富邦金,buy,7,凱基-台北,9268,46708.0,39829.0,6879.0,,moneydj,https://fubon-ebrokerdj.fbs.com.tw/z/zc/zco/zco.djhtm?a=2881&e=2026-7-1&f=2026-7-29
2026-07-29,2026-07-01,2026-07-29,20,2881,富邦金,sell,7,富邦證券,9600,6497.0,11354.0,4857.0,,moneydj,https://fubon-ebrokerdj.fbs.com.tw/z/zc/zco/zco.djhtm?a=2881&e=2026-7-1&f=2026-7-29
2026-07-29,2026-07-01,2026-07-29,20,2881,富邦金,buy,8,永豐金-匯立,9A81,6955.0,1119.0,5836.0,,moneydj,https://fubon-ebrokerdj.fbs.com.tw/z/zc/zco/zco.djhtm?a=2881&e=2026-7-1&f=2026-7-29
2026-07-29,2026-07-01,2026-07-29,20,2881,富邦金,sell,8,國票-敦北法人,779c,388.0,4615.0,4227.0,,moneydj,https://fubon-ebrokerdj.fbs.com.tw/z/zc/zco/zco.djhtm?a=2881&e=2026-7-1&f=2026-7-29
2026-07-29,2026-07-01,2026-07-29,20,2881,富邦金,buy,9,港商麥格理,1360,9120.0,5042.0,4078.0,,moneydj,https://fubon-ebrokerdj.fbs.com.tw/z/zc/zco/zco.djhtm?a=2881&e=2026-7-1&f=2026-7-29
2026-07-29,2026-07-01,2026-07-29,20,2881,富邦金,sell,9,兆豐證券,7000,956.0,4079.0,3123.0,,moneydj,https://fubon-ebrokerdj.fbs.com.tw/z/zc/zco/zco.djhtm?a=2881&e=2026-7-1&f=2026-7-29
2026-07-29,2026-07-01,2026-07-29,20,2881,富邦金,buy,10,台新-中港,9B2i,3733.0,35.0,3698.0,,moneydj,https://fubon-ebrokerdj.fbs.com.tw/z/zc/zco/zco.djhtm?a=2881&e=2026-7-1&f=2026-7-29
2026-07-29,2026-07-01,2026-07-29,20,2881,富邦金,sell,10,香港上海匯豐,8960,2810.0,5616.0,2806.0,,moneydj,https://fubon-ebrokerdj.fbs.com.tw/z/zc/zco/zco.djhtm?a=2881&e=2026-7-1&f=2026-7-29
2026-07-29,2026-07-01,2026-07-29,20,2353,宏碁,buy,1,摩根大通,8440,47598.0,19678.0,27920.0,,moneydj,https://fubon-ebrokerdj.fbs.com.tw/z/zc/zco/zco.djhtm?a=2353&e=2026-7-1&f=2026-7-29
2026-07-29,2026-07-01,2026-07-29,20,2353,宏碁,sell,1,合庫證券,1020,502.0,51027.0,50525.0,,moneydj,https://fubon-ebrokerdj.fbs.com.tw/z/zc/zco/zco.djhtm?a=2353&e=2026-7-1&f=2026-7-29
2026-07-29,2026-07-01,2026-07-29,20,2353,宏碁,buy,2,台灣摩根士丹利,1470,47724.0,30923.0,16801.0,,moneydj,https://fubon-ebrokerdj.fbs.com.tw/z/zc/zco/zco.djhtm?a=2353&e=2026-7-1&f=2026-7-29
2026-07-29,2026-07-01,2026-07-29,20,2353,宏碁,sell,2,統一,5850,2941.0,35584.0,32643.0,,moneydj,https://fubon-ebrokerdj.fbs.com.tw/z/zc/zco/zco.djhtm?a=2353&e=2026-7-1&f=2026-7-29
2026-07-29,2026-07-01,2026-07-29,20,2353,宏碁,buy,3,美商高盛,1480,55217.0,40906.0,14311.0,,moneydj,https://fubon-ebrokerdj.fbs.com.tw/z/zc/zco/zco.djhtm?a=2353&e=2026-7-1&f=2026-7-29
2026-07-29,2026-07-01,2026-07-29,20,2353,宏碁,sell,3,元大證券,9800,41940.0,58824.0,16884.0,,moneydj,https://fubon-ebrokerdj.fbs.com.tw/z/zc/zco/zco.djhtm?a=2353&e=2026-7-1&f=2026-7-29
2026-07-29,2026-07-01,2026-07-29,20,2353,宏碁,buy,4,美林,1440,15910.0,7818.0,8092.0,,moneydj,https://fubon-ebrokerdj.fbs.com.tw/z/zc/zco/zco.djhtm?a=2353&e=2026-7-1&f=2026-7-29
2026-07-29,2026-07-01,2026-07-29,20,2353,宏碁,sell,4,兆豐證券,7000,137.0,11918.0,11781.0,,moneydj,https://fubon-ebrokerdj.fbs.com.tw/z/zc/zco/zco.djhtm?a=2353&e=2026-7-1&f=2026-7-29
2026-07-29,2026-07-01,2026-07-29,20,2353,宏碁,buy,5,新加坡商瑞銀,1650,24577.0,19332.0,5245.0,,moneydj,https://fubon-ebrokerdj.fbs.com.tw/z/zc/zco/zco.djhtm?a=2353&e=2026-7-1&f=2026-7-29
2026-07-29,2026-07-01,2026-07-29,20,2353,宏碁,sell,5,華南永昌,9300,2403.0,13990.0,11587.0,,moneydj,https://fubon-ebrokerdj.fbs.com.tw/z/zc/zco/zco.djhtm?a=2353&e=2026-7-1&f=2026-7-29
2026-07-29,2026-07-01,2026-07-29,20,2353,宏碁,buy,6,凱基-台北,9268,45691.0,40840.0,4851.0,,moneydj,https://fubon-ebrokerdj.fbs.com.tw/z/zc/zco/zco.djhtm?a=2353&e=2026-7-1&f=2026-7-29
2026-07-29,2026-07-01,2026-07-29,20,2353,宏碁,sell,6,富邦證券,9600,3080.0,14561.0,11481.0,,moneydj,https://fubon-ebrokerdj.fbs.com.tw/z/zc/zco/zco.djhtm?a=2353&e=2026-7-1&f=2026-7-29
2026-07-29,2026-07-01,2026-07-29,20,2353,宏碁,buy,7,第一金-嘉義,538M,4315.0,162.0,4153.0,,moneydj,https://fubon-ebrokerdj.fbs.com.tw/z/zc/zco/zco.djhtm?a=2353&e=2026-7-1&f=2026-7-29
2026-07-29,2026-07-01,2026-07-29,20,2353,宏碁,sell,7,群益金鼎,9100,11042.0,21657.0,10615.0,,moneydj,https://fubon-ebrokerdj.fbs.com.tw/z/zc/zco/zco.djhtm?a=2353&e=2026-7-1&f=2026-7-29
2026-07-29,2026-07-01,2026-07-29,20,2353,宏碁,buy,8,港商野村,1560,5888.0,3192.0,2696.0,,moneydj,https://fubon-ebrokerdj.fbs.com.tw/z/zc/zco/zco.djhtm?a=2353&e=2026-7-1&f=2026-7-29
2026-07-29,2026-07-01,2026-07-29,20,2353,宏碁,sell,8,永豐金證券,9A00,5363.0,12951.0,7588.0,,moneydj,https://fubon-ebrokerdj.fbs.com.tw/z/zc/zco/zco.djhtm?a=2353&e=2026-7-1&f=2026-7-29
2026-07-29,2026-07-01,2026-07-29,20,2353,宏碁,buy,9,花旗環球,1590,5669.0,3026.0,2643.0,,moneydj,https://fubon-ebrokerdj.fbs.com.tw/z/zc/zco/zco.djhtm?a=2353&e=2026-7-1&f=2026-7-29
2026-07-29,2026-07-01,2026-07-29,20,2353,宏碁,sell,9,台新,9B00,2088.0,5383.0,3295.0,,moneydj,https://fubon-ebrokerdj.fbs.com.tw/z/zc/zco/zco.djhtm?a=2353&e=2026-7-1&f=2026-7-29
2026-07-29,2026-07-01,2026-07-29,20,2353,宏碁,buy,10,台新-城中,9B2E,2605.0,243.0,2362.0,,moneydj,https://fubon-ebrokerdj.fbs.com.tw/z/zc/zco/zco.djhtm?a=2353&e=2026-7-1&f=2026-7-29
2026-07-29,2026-07-01,2026-07-29,20,2353,宏碁,sell,10,國泰證券,8880,1566.0,2766.0,1200.0,,moneydj,https://fubon-ebrokerdj.fbs.com.tw/z/zc/zco/zco.djhtm?a=2353&e=2026-7-1&f=2026-7-29
2026-07-29,2026-07-01,2026-07-29,20,3033,威健,buy,1,台灣摩根士丹利,1470,14145.0,12214.0,1931.0,,moneydj,https://fubon-ebrokerdj.fbs.com.tw/z/zc/zco/zco.djhtm?a=3033&e=2026-7-1&f=2026-7-29
2026-07-29,2026-07-01,2026-07-29,20,3033,威健,sell,1,美商高盛,1480,1027.0,2865.0,1838.0,,moneydj,https://fubon-ebrokerdj.fbs.com.tw/z/zc/zco/zco.djhtm?a=3033&e=2026-7-1&f=2026-7-29
2026-07-29,2026-07-01,2026-07-29,20,3033,威健,buy,2,元大證券,9800,23402.0,21577.0,1825.0,,moneydj,https://fubon-ebrokerdj.fbs.com.tw/z/zc/zco/zco.djhtm?a=3033&e=2026-7-1&f=2026-7-29
2026-07-29,2026-07-01,2026-07-29,20,3033,威健,sell,2,永豐金證券,9A00,2872.0,3842.0,970.0,,moneydj,https://fubon-ebrokerdj.fbs.com.tw/z/zc/zco/zco.djhtm?a=3033&e=2026-7-1&f=2026-7-29
2026-07-29,2026-07-01,2026-07-29,20,3033,威健,buy,3,摩根大通,8440,15520.0,14392.0,1128.0,,moneydj,https://fubon-ebrokerdj.fbs.com.tw/z/zc/zco/zco.djhtm?a=3033&e=2026-7-1&f=2026-7-29
2026-07-29,2026-07-01,2026-07-29,20,3033,威健,sell,3,台新-松江,9B15,38.0,722.0,684.0,,moneydj,https://fubon-ebrokerdj.fbs.com.tw/z/zc/zco/zco.djhtm?a=3033&e=2026-7-1&f=2026-7-29
2026-07-29,2026-07-01,2026-07-29,20,3033,威健,buy,4,國泰證券,8880,1315.0,249.0,1066.0,,moneydj,https://fubon-ebrokerdj.fbs.com.tw/z/zc/zco/zco.djhtm?a=3033&e=2026-7-1&f=2026-7-29
2026-07-29,2026-07-01,2026-07-29,20,3033,威健,sell,4,群益金鼎,9100,2050.0,2669.0,619.0,,moneydj,https://fubon-ebrokerdj.fbs.com.tw/z/zc/zco/zco.djhtm?a=3033&e=2026-7-1&f=2026-7-29
2026-07-29,2026-07-01,2026-07-29,20,3033,威健,buy,5,富邦-竹科,962C,907.0,156.0,751.0,,moneydj,https://fubon-ebrokerdj.fbs.com.tw/z/zc/zco/zco.djhtm?a=3033&e=2026-7-1&f=2026-7-29
2026-07-29,2026-07-01,2026-07-29,20,3033,威健,sell,5,京城,8490,261.0,790.0,529.0,,moneydj,https://fubon-ebrokerdj.fbs.com.tw/z/zc/zco/zco.djhtm?a=3033&e=2026-7-1&f=2026-7-29
2026-07-29,2026-07-01,2026-07-29,20,3033,威健,buy,6,富邦-二林,962B,1199.0,476.0,723.0,,moneydj,https://fubon-ebrokerdj.fbs.com.tw/z/zc/zco/zco.djhtm?a=3033&e=2026-7-1&f=2026-7-29
2026-07-29,2026-07-01,2026-07-29,20,3033,威健,sell,6,華南永昌,9300,515.0,1043.0,528.0,,moneydj,https://fubon-ebrokerdj.fbs.com.tw/z/zc/zco/zco.djhtm?a=3033&e=2026-7-1&f=2026-7-29
2026-07-29,2026-07-01,2026-07-29,20,3033,威健,buy,7,港商野村,1560,3052.0,2369.0,683.0,,moneydj,https://fubon-ebrokerdj.fbs.com.tw/z/zc/zco/zco.djhtm?a=3033&e=2026-7-1&f=2026-7-29
2026-07-29,2026-07-01,2026-07-29,20,3033,威健,sell,7,凱基-市府,920D,167.0,682.0,515.0,,moneydj,https://fubon-ebrokerdj.fbs.com.tw/z/zc/zco/zco.djhtm?a=3033&e=2026-7-1&f=2026-7-29
2026-07-29,2026-07-01,2026-07-29,20,3033,威健,buy,8,群益金鼎-開元,9134,710.0,228.0,482.0,,moneydj,https://fubon-ebrokerdj.fbs.com.tw/z/zc/zco/zco.djhtm?a=3033&e=2026-7-1&f=2026-7-29
2026-07-29,2026-07-01,2026-07-29,20,3033,威健,sell,8,國泰-敦南,8888,4498.0,4865.0,367.0,,moneydj,https://fubon-ebrokerdj.fbs.com.tw/z/zc/zco/zco.djhtm?a=3033&e=2026-7-1&f=2026-7-29
2026-07-29,2026-07-01,2026-07-29,20,3033,威健,buy,9,富邦-嘉義,9692,909.0,430.0,479.0,,moneydj,https://fubon-ebrokerdj.fbs.com.tw/z/zc/zco/zco.djhtm?a=3033&e=2026-7-1&f=2026-7-29
2026-07-29,2026-07-01,2026-07-29,20,3033,威健,sell,9,群益金鼎-台中,9184,426.0,773.0,347.0,,moneydj,https://fubon-ebrokerdj.fbs.com.tw/z/zc/zco/zco.djhtm?a=3033&e=2026-7-1&f=2026-7-29
2026-07-29,2026-07-01,2026-07-29,20,3033,威健,buy,10,華南永昌-板橋,9349,651.0,183.0,468.0,,moneydj,https://fubon-ebrokerdj.fbs.com.tw/z/zc/zco/zco.djhtm?a=3033&e=2026-7-1&f=2026-7-29
2026-07-29,2026-07-01,2026-07-29,20,3033,威健,sell,10,元大-歸仁,981a,383.0,675.0,292.0,,moneydj,https://fubon-ebrokerdj.fbs.com.tw/z/zc/zco/zco.djhtm?a=3033&e=2026-7-1&f=2026-7-29
2026-07-29,2026-07-01,2026-07-29,20,9921,巨大,buy,1,摩根大通,8440,4005.0,2590.0,1415.0,,moneydj,https://fubon-ebrokerdj.fbs.com.tw/z/zc/zco/zco.djhtm?a=9921&e=2026-7-1&f=2026-7-29
2026-07-29,2026-07-01,2026-07-29,20,9921,巨大,sell,1,台灣摩根士丹利,1470,4098.0,4943.0,845.0,,moneydj,https://fubon-ebrokerdj.fbs.com.tw/z/zc/zco/zco.djhtm?a=9921&e=2026-7-1&f=2026-7-29
2026-07-29,2026-07-01,2026-07-29,20,9921,巨大,buy,2,華南永昌,9300,1216.0,114.0,1102.0,,moneydj,https://fubon-ebrokerdj.fbs.com.tw/z/zc/zco/zco.djhtm?a=9921&e=2026-7-1&f=2026-7-29
2026-07-29,2026-07-01,2026-07-29,20,9921,巨大,sell,2,玉山證券,8840,99.0,476.0,377.0,,moneydj,https://fubon-ebrokerdj.fbs.com.tw/z/zc/zco/zco.djhtm?a=9921&e=2026-7-1&f=2026-7-29
2026-07-29,2026-07-01,2026-07-29,20,9921,巨大,buy,3,富邦證券,9600,1232.0,208.0,1024.0,,moneydj,https://fubon-ebrokerdj.fbs.com.tw/z/zc/zco/zco.djhtm?a=9921&e=2026-7-1&f=2026-7-29
2026-07-29,2026-07-01,2026-07-29,20,9921,巨大,sell,3,元大-向上,9824,34.0,403.0,369.0,,moneydj,https://fubon-ebrokerdj.fbs.com.tw/z/zc/zco/zco.djhtm?a=9921&e=2026-7-1&f=2026-7-29
2026-07-29,2026-07-01,2026-07-29,20,9921,巨大,buy,4,永豐金-匯立,9A81,471.0,32.0,439.0,,moneydj,https://fubon-ebrokerdj.fbs.com.tw/z/zc/zco/zco.djhtm?a=9921&e=2026-7-1&f=2026-7-29
2026-07-29,2026-07-01,2026-07-29,20,9921,巨大,sell,4,凱基-台北,9268,5008.0,5219.0,211.0,,moneydj,https://fubon-ebrokerdj.fbs.com.tw/z/zc/zco/zco.djhtm?a=9921&e=2026-7-1&f=2026-7-29
2026-07-29,2026-07-01,2026-07-29,20,9921,巨大,buy,5,凱基,9200,486.0,71.0,415.0,,moneydj,https://fubon-ebrokerdj.fbs.com.tw/z/zc/zco/zco.djhtm?a=9921&e=2026-7-1&f=2026-7-29
2026-07-29,2026-07-01,2026-07-29,20,9921,巨大,sell,5,元大-新莊,9898,109.0,316.0,207.0,,moneydj,https://fubon-ebrokerdj.fbs.com.tw/z/zc/zco/zco.djhtm?a=9921&e=2026-7-1&f=2026-7-29
2026-07-29,2026-07-01,2026-07-29,20,9921,巨大,buy,6,永豐金證券,9A00,760.0,386.0,374.0,,moneydj,https://fubon-ebrokerdj.fbs.com.tw/z/zc/zco/zco.djhtm?a=9921&e=2026-7-1&f=2026-7-29
2026-07-29,2026-07-01,2026-07-29,20,9921,巨大,sell,6,花旗環球,1590,474.0,662.0,188.0,,moneydj,https://fubon-ebrokerdj.fbs.com.tw/z/zc/zco/zco.djhtm?a=9921&e=2026-7-1&f=2026-7-29
2026-07-29,2026-07-01,2026-07-29,20,9921,巨大,buy,7,港商野村,1560,765.0,412.0,353.0,,moneydj,https://fubon-ebrokerdj.fbs.com.tw/z/zc/zco/zco.djhtm?a=9921&e=2026-7-1&f=2026-7-29
2026-07-29,2026-07-01,2026-07-29,20,9921,巨大,sell,7,新光,8560,314.0,481.0,167.0,,moneydj,https://fubon-ebrokerdj.fbs.com.tw/z/zc/zco/zco.djhtm?a=9921&e=2026-7-1&f=2026-7-29
2026-07-29,2026-07-01,2026-07-29,20,9921,巨大,buy,8,凱基-中山,9229,357.0,15.0,342.0,,moneydj,https://fubon-ebrokerdj.fbs.com.tw/z/zc/zco/zco.djhtm?a=9921&e=2026-7-1&f=2026-7-29
2026-07-29,2026-07-01,2026-07-29,20,9921,巨大,sell,8,元大證券,9800,3146.0,3297.0,151.0,,moneydj,https://fubon-ebrokerdj.fbs.com.tw/z/zc/zco/zco.djhtm?a=9921&e=2026-7-1&f=2026-7-29
2026-07-29,2026-07-01,2026-07-29,20,9921,巨大,buy,9,兆豐-忠孝,700a,361.0,23.0,338.0,,moneydj,https://fubon-ebrokerdj.fbs.com.tw/z/zc/zco/zco.djhtm?a=9921&e=2026-7-1&f=2026-7-29
2026-07-29,2026-07-01,2026-07-29,20,9921,巨大,sell,9,富邦-台北,9623,133.0,274.0,141.0,,moneydj,https://fubon-ebrokerdj.fbs.com.tw/z/zc/zco/zco.djhtm?a=9921&e=2026-7-1&f=2026-7-29
2026-07-29,2026-07-01,2026-07-29,20,9921,巨大,buy,10,國泰證券,8880,426.0,102.0,324.0,,moneydj,https://fubon-ebrokerdj.fbs.com.tw/z/zc/zco/zco.djhtm?a=9921&e=2026-7-1&f=2026-7-29
2026-07-29,2026-07-01,2026-07-29,20,9921,巨大,sell,10,群益金鼎-大甲,918g,336.0,463.0,127.0,,moneydj,https://fubon-ebrokerdj.fbs.com.tw/z/zc/zco/zco.djhtm?a=9921&e=2026-7-1&f=2026-7-29
2026-07-29,2026-07-01,2026-07-29,20,6023,元大期,buy,1,兆豐-復興,700p,1847.0,305.0,1542.0,,moneydj,https://fubon-ebrokerdj.fbs.com.tw/z/zc/zco/zco.djhtm?a=6023&e=2026-7-1&f=2026-7-29
2026-07-29,2026-07-01,2026-07-29,20,6023,元大期,sell,1,元大-敦化,9833,5.0,3728.0,3723.0,,moneydj,https://fubon-ebrokerdj.fbs.com.tw/z/zc/zco/zco.djhtm?a=6023&e=2026-7-1&f=2026-7-29
2026-07-29,2026-07-01,2026-07-29,20,6023,元大期,buy,2,元大-台北,980h,449.0,197.0,252.0,,moneydj,https://fubon-ebrokerdj.fbs.com.tw/z/zc/zco/zco.djhtm?a=6023&e=2026-7-1&f=2026-7-29
2026-07-29,2026-07-01,2026-07-29,20,6023,元大期,sell,2,元大-崇德,981S,207.0,408.0,201.0,,moneydj,https://fubon-ebrokerdj.fbs.com.tw/z/zc/zco/zco.djhtm?a=6023&e=2026-7-1&f=2026-7-29
2026-07-29,2026-07-01,2026-07-29,20,6023,元大期,buy,3,元大證券,9800,527.0,287.0,240.0,,moneydj,https://fubon-ebrokerdj.fbs.com.tw/z/zc/zco/zco.djhtm?a=6023&e=2026-7-1&f=2026-7-29
2026-07-29,2026-07-01,2026-07-29,20,6023,元大期,sell,3,永豐金-敦北,9A89,52.0,193.0,141.0,,moneydj,https://fubon-ebrokerdj.fbs.com.tw/z/zc/zco/zco.djhtm?a=6023&e=2026-7-1&f=2026-7-29
2026-07-29,2026-07-01,2026-07-29,20,6023,元大期,buy,4,土銀-南港,103F,195.0,0.0,195.0,,moneydj,https://fubon-ebrokerdj.fbs.com.tw/z/zc/zco/zco.djhtm?a=6023&e=2026-7-1&f=2026-7-29
2026-07-29,2026-07-01,2026-07-29,20,6023,元大期,sell,4,摩根大通,8440,819.0,906.0,87.0,,moneydj,https://fubon-ebrokerdj.fbs.com.tw/z/zc/zco/zco.djhtm?a=6023&e=2026-7-1&f=2026-7-29
2026-07-29,2026-07-01,2026-07-29,20,6023,元大期,buy,5,新光-高雄,8562,185.0,14.0,171.0,,moneydj,https://fubon-ebrokerdj.fbs.com.tw/z/zc/zco/zco.djhtm?a=6023&e=2026-7-1&f=2026-7-29
2026-07-29,2026-07-01,2026-07-29,20,6023,元大期,sell,5,新光,8560,78.0,155.0,77.0,,moneydj,https://fubon-ebrokerdj.fbs.com.tw/z/zc/zco/zco.djhtm?a=6023&e=2026-7-1&f=2026-7-29
2026-07-29,2026-07-01,2026-07-29,20,6023,元大期,buy,6,永豐金證券,9A00,203.0,39.0,164.0,,moneydj,https://fubon-ebrokerdj.fbs.com.tw/z/zc/zco/zco.djhtm?a=6023&e=2026-7-1&f=2026-7-29
2026-07-29,2026-07-01,2026-07-29,20,6023,元大期,sell,6,美林,1440,275.0,345.0,70.0,,moneydj,https://fubon-ebrokerdj.fbs.com.tw/z/zc/zco/zco.djhtm?a=6023&e=2026-7-1&f=2026-7-29
2026-07-29,2026-07-01,2026-07-29,20,6023,元大期,buy,7,美商高盛,1480,681.0,547.0,134.0,,moneydj,https://fubon-ebrokerdj.fbs.com.tw/z/zc/zco/zco.djhtm?a=6023&e=2026-7-1&f=2026-7-29
2026-07-29,2026-07-01,2026-07-29,20,6023,元大期,sell,7,元大-士林,981j,44.0,110.0,66.0,,moneydj,https://fubon-ebrokerdj.fbs.com.tw/z/zc/zco/zco.djhtm?a=6023&e=2026-7-1&f=2026-7-29
2026-07-29,2026-07-01,2026-07-29,20,6023,元大期,buy,8,永豐金-中正,9A9U,123.0,1.0,122.0,,moneydj,https://fubon-ebrokerdj.fbs.com.tw/z/zc/zco/zco.djhtm?a=6023&e=2026-7-1&f=2026-7-29
2026-07-29,2026-07-01,2026-07-29,20,6023,元大期,sell,8,凱基-台北,9268,990.0,1049.0,59.0,,moneydj,https://fubon-ebrokerdj.fbs.com.tw/z/zc/zco/zco.djhtm?a=6023&e=2026-7-1&f=2026-7-29
2026-07-29,2026-07-01,2026-07-29,20,6023,元大期,buy,9,富邦-中壢,9636,140.0,24.0,116.0,,moneydj,https://fubon-ebrokerdj.fbs.com.tw/z/zc/zco/zco.djhtm?a=6023&e=2026-7-1&f=2026-7-29
2026-07-29,2026-07-01,2026-07-29,20,6023,元大期,sell,9,臺銀,1040,22.0,79.0,57.0,,moneydj,https://fubon-ebrokerdj.fbs.com.tw/z/zc/zco/zco.djhtm?a=6023&e=2026-7-1&f=2026-7-29
2026-07-29,2026-07-01,2026-07-29,20,6023,元大期,buy,10,統一-城中,5854,90.0,0.0,90.0,,moneydj,https://fubon-ebrokerdj.fbs.com.tw/z/zc/zco/zco.djhtm?a=6023&e=2026-7-1&f=2026-7-29
2026-07-29,2026-07-01,2026-07-29,20,6023,元大期,sell,10,元大-中崙,9813,75.0,115.0,40.0,,moneydj,https://fubon-ebrokerdj.fbs.com.tw/z/zc/zco/zco.djhtm?a=6023&e=2026-7-1&f=2026-7-29
2026-07-29,2026-07-01,2026-07-29,20,7736,虎山,buy,1,富邦-新板,961H,382.0,3.0,379.0,,moneydj,https://fubon-ebrokerdj.fbs.com.tw/z/zc/zco/zco.djhtm?a=7736&e=2026-7-1&f=2026-7-29
2026-07-29,2026-07-01,2026-07-29,20,7736,虎山,sell,1,國泰-台中,8882,1.0,218.0,217.0,,moneydj,https://fubon-ebrokerdj.fbs.com.tw/z/zc/zco/zco.djhtm?a=7736&e=2026-7-1&f=2026-7-29
2026-07-29,2026-07-01,2026-07-29,20,7736,虎山,buy,2,摩根大通,8440,45.0,19.0,26.0,,moneydj,https://fubon-ebrokerdj.fbs.com.tw/z/zc/zco/zco.djhtm?a=7736&e=2026-7-1&f=2026-7-29
2026-07-29,2026-07-01,2026-07-29,20,7736,虎山,sell,2,元大-永和,9891,0.0,55.0,55.0,,moneydj,https://fubon-ebrokerdj.fbs.com.tw/z/zc/zco/zco.djhtm?a=7736&e=2026-7-1&f=2026-7-29
2026-07-29,2026-07-01,2026-07-29,20,7736,虎山,buy,3,富邦-仁愛,9676,21.0,2.0,19.0,,moneydj,https://fubon-ebrokerdj.fbs.com.tw/z/zc/zco/zco.djhtm?a=7736&e=2026-7-1&f=2026-7-29
2026-07-29,2026-07-01,2026-07-29,20,7736,虎山,sell,3,國泰-敦南,8888,43.0,80.0,37.0,,moneydj,https://fubon-ebrokerdj.fbs.com.tw/z/zc/zco/zco.djhtm?a=7736&e=2026-7-1&f=2026-7-29
2026-07-29,2026-07-01,2026-07-29,20,7736,虎山,buy,4,宏遠-中和,126H,15.0,0.0,15.0,,moneydj,https://fubon-ebrokerdj.fbs.com.tw/z/zc/zco/zco.djhtm?a=7736&e=2026-7-1&f=2026-7-29
2026-07-29,2026-07-01,2026-07-29,20,7736,虎山,sell,4,凱基-台北,9268,70.0,101.0,31.0,,moneydj,https://fubon-ebrokerdj.fbs.com.tw/z/zc/zco/zco.djhtm?a=7736&e=2026-7-1&f=2026-7-29
2026-07-29,2026-07-01,2026-07-29,20,7736,虎山,buy,5,新百王,6210,13.0,0.0,13.0,,moneydj,https://fubon-ebrokerdj.fbs.com.tw/z/zc/zco/zco.djhtm?a=7736&e=2026-7-1&f=2026-7-29
2026-07-29,2026-07-01,2026-07-29,20,7736,虎山,sell,5,統一-板橋,585P,66.0,95.0,29.0,,moneydj,https://fubon-ebrokerdj.fbs.com.tw/z/zc/zco/zco.djhtm?a=7736&e=2026-7-1&f=2026-7-29
2026-07-29,2026-07-01,2026-07-29,20,7736,虎山,buy,6,永豐金-桃園,9A9x,13.0,0.0,13.0,,moneydj,https://fubon-ebrokerdj.fbs.com.tw/z/zc/zco/zco.djhtm?a=7736&e=2026-7-1&f=2026-7-29
2026-07-29,2026-07-01,2026-07-29,20,7736,虎山,sell,6,富邦-南京,961C,1.0,30.0,29.0,,moneydj,https://fubon-ebrokerdj.fbs.com.tw/z/zc/zco/zco.djhtm?a=7736&e=2026-7-1&f=2026-7-29
2026-07-29,2026-07-01,2026-07-29,20,7736,虎山,buy,7,花旗環球,1590,14.0,2.0,12.0,,moneydj,https://fubon-ebrokerdj.fbs.com.tw/z/zc/zco/zco.djhtm?a=7736&e=2026-7-1&f=2026-7-29
2026-07-29,2026-07-01,2026-07-29,20,7736,虎山,sell,7,統一,5850,0.0,20.0,20.0,,moneydj,https://fubon-ebrokerdj.fbs.com.tw/z/zc/zco/zco.djhtm?a=7736&e=2026-7-1&f=2026-7-29
2026-07-29,2026-07-01,2026-07-29,20,7736,虎山,buy,8,美林,1440,11.0,0.0,11.0,,moneydj,https://fubon-ebrokerdj.fbs.com.tw/z/zc/zco/zco.djhtm?a=7736&e=2026-7-1&f=2026-7-29
2026-07-29,2026-07-01,2026-07-29,20,7736,虎山,sell,8,兆豐-台中,7003,0.0,16.0,16.0,,moneydj,https://fubon-ebrokerdj.fbs.com.tw/z/zc/zco/zco.djhtm?a=7736&e=2026-7-1&f=2026-7-29
2026-07-29,2026-07-01,2026-07-29,20,7736,虎山,buy,9,永豐金-竹科,9A9X,13.0,2.0,11.0,,moneydj,https://fubon-ebrokerdj.fbs.com.tw/z/zc/zco/zco.djhtm?a=7736&e=2026-7-1&f=2026-7-29
2026-07-29,2026-07-01,2026-07-29,20,7736,虎山,sell,9,台新,9B00,5.0,19.0,14.0,,moneydj,https://fubon-ebrokerdj.fbs.com.tw/z/zc/zco/zco.djhtm?a=7736&e=2026-7-1&f=2026-7-29
2026-07-29,2026-07-01,2026-07-29,20,7736,虎山,buy,10,富邦-台北,9623,15.0,5.0,10.0,,moneydj,https://fubon-ebrokerdj.fbs.com.tw/z/zc/zco/zco.djhtm?a=7736&e=2026-7-1&f=2026-7-29
2026-07-29,2026-07-01,2026-07-29,20,7736,虎山,sell,10,臺銀-民權,1043,3.0,16.0,13.0,,moneydj,https://fubon-ebrokerdj.fbs.com.tw/z/zc/zco/zco.djhtm?a=7736&e=2026-7-1&f=2026-7-29
2026-07-29,2026-07-01,2026-07-29,20,6127,九豪,buy,1,美商高盛,1480,7051.0,5276.0,1775.0,,moneydj,https://fubon-ebrokerdj.fbs.com.tw/z/zc/zco/zco.djhtm?a=6127&e=2026-7-1&f=2026-7-29
2026-07-29,2026-07-01,2026-07-29,20,6127,九豪,sell,1,凱基-城中,9227,95.0,2378.0,2283.0,,moneydj,https://fubon-ebrokerdj.fbs.com.tw/z/zc/zco/zco.djhtm?a=6127&e=2026-7-1&f=2026-7-29
2026-07-29,2026-07-01,2026-07-29,20,6127,九豪,buy,2,凱基-台北,9268,14961.0,13825.0,1136.0,,moneydj,https://fubon-ebrokerdj.fbs.com.tw/z/zc/zco/zco.djhtm?a=6127&e=2026-7-1&f=2026-7-29
2026-07-29,2026-07-01,2026-07-29,20,6127,九豪,sell,2,群益金鼎-大安,918e,745.0,1982.0,1237.0,,moneydj,https://fubon-ebrokerdj.fbs.com.tw/z/zc/zco/zco.djhtm?a=6127&e=2026-7-1&f=2026-7-29
2026-07-29,2026-07-01,2026-07-29,20,6127,九豪,buy,3,新加坡商瑞銀,1650,5621.0,5277.0,344.0,,moneydj,https://fubon-ebrokerdj.fbs.com.tw/z/zc/zco/zco.djhtm?a=6127&e=2026-7-1&f=2026-7-29
2026-07-29,2026-07-01,2026-07-29,20,6127,九豪,sell,3,台灣摩根士丹利,1470,4423.0,5349.0,926.0,,moneydj,https://fubon-ebrokerdj.fbs.com.tw/z/zc/zco/zco.djhtm?a=6127&e=2026-7-1&f=2026-7-29
2026-07-29,2026-07-01,2026-07-29,20,6127,九豪,buy,4,摩根大通,8440,5344.0,5021.0,323.0,,moneydj,https://fubon-ebrokerdj.fbs.com.tw/z/zc/zco/zco.djhtm?a=6127&e=2026-7-1&f=2026-7-29
2026-07-29,2026-07-01,2026-07-29,20,6127,九豪,sell,4,富邦證券,9600,4029.0,4809.0,780.0,,moneydj,https://fubon-ebrokerdj.fbs.com.tw/z/zc/zco/zco.djhtm?a=6127&e=2026-7-1&f=2026-7-29
2026-07-29,2026-07-01,2026-07-29,20,6127,九豪,buy,5,國泰-敦南,8888,5100.0,4918.0,182.0,,moneydj,https://fubon-ebrokerdj.fbs.com.tw/z/zc/zco/zco.djhtm?a=6127&e=2026-7-1&f=2026-7-29
2026-07-29,2026-07-01,2026-07-29,20,6127,九豪,sell,5,元大證券,9800,11905.0,12434.0,529.0,,moneydj,https://fubon-ebrokerdj.fbs.com.tw/z/zc/zco/zco.djhtm?a=6127&e=2026-7-1&f=2026-7-29
2026-07-29,2026-07-01,2026-07-29,20,6127,九豪,buy,6,凱基-中港,9202,341.0,189.0,152.0,,moneydj,https://fubon-ebrokerdj.fbs.com.tw/z/zc/zco/zco.djhtm?a=6127&e=2026-7-1&f=2026-7-29
2026-07-29,2026-07-01,2026-07-29,20,6127,九豪,sell,6,中國信託,6160,455.0,681.0,226.0,,moneydj,https://fubon-ebrokerdj.fbs.com.tw/z/zc/zco/zco.djhtm?a=6127&e=2026-7-1&f=2026-7-29
2026-07-29,2026-07-01,2026-07-29,20,6127,九豪,buy,7,元大-六合,982C,383.0,234.0,149.0,,moneydj,https://fubon-ebrokerdj.fbs.com.tw/z/zc/zco/zco.djhtm?a=6127&e=2026-7-1&f=2026-7-29
2026-07-29,2026-07-01,2026-07-29,20,6127,九豪,sell,7,國泰-高雄,8881,603.0,826.0,223.0,,moneydj,https://fubon-ebrokerdj.fbs.com.tw/z/zc/zco/zco.djhtm?a=6127&e=2026-7-1&f=2026-7-29
2026-07-29,2026-07-01,2026-07-29,20,6127,九豪,buy,8,台新-成功,9B2m,207.0,63.0,144.0,,moneydj,https://fubon-ebrokerdj.fbs.com.tw/z/zc/zco/zco.djhtm?a=6127&e=2026-7-1&f=2026-7-29
2026-07-29,2026-07-01,2026-07-29,20,6127,九豪,sell,8,群益金鼎-新莊,918G,120.0,320.0,200.0,,moneydj,https://fubon-ebrokerdj.fbs.com.tw/z/zc/zco/zco.djhtm?a=6127&e=2026-7-1&f=2026-7-29
2026-07-29,2026-07-01,2026-07-29,20,6127,九豪,buy,9,富邦-中壢,9636,431.0,292.0,139.0,,moneydj,https://fubon-ebrokerdj.fbs.com.tw/z/zc/zco/zco.djhtm?a=6127&e=2026-7-1&f=2026-7-29
2026-07-29,2026-07-01,2026-07-29,20,6127,九豪,sell,9,永豐金-板新,9A9J,511.0,682.0,171.0,,moneydj,https://fubon-ebrokerdj.fbs.com.tw/z/zc/zco/zco.djhtm?a=6127&e=2026-7-1&f=2026-7-29
2026-07-29,2026-07-01,2026-07-29,20,6127,九豪,buy,10,台中銀,6110,445.0,307.0,138.0,,moneydj,https://fubon-ebrokerdj.fbs.com.tw/z/zc/zco/zco.djhtm?a=6127&e=2026-7-1&f=2026-7-29
2026-07-29,2026-07-01,2026-07-29,20,6127,九豪,sell,10,新光-新竹,8563,209.0,375.0,166.0,,moneydj,https://fubon-ebrokerdj.fbs.com.tw/z/zc/zco/zco.djhtm?a=6127&e=2026-7-1&f=2026-7-29
2026-07-29,2026-07-01,2026-07-29,20,2891,中信金,buy,1,摩根大通,8440,118428.0,80323.0,38105.0,,moneydj,https://fubon-ebrokerdj.fbs.com.tw/z/zc/zco/zco.djhtm?a=2891&e=2026-7-1&f=2026-7-29
2026-07-29,2026-07-01,2026-07-29,20,2891,中信金,sell,1,台灣摩根士丹利,1470,68491.0,97698.0,29207.0,,moneydj,https://fubon-ebrokerdj.fbs.com.tw/z/zc/zco/zco.djhtm?a=2891&e=2026-7-1&f=2026-7-29
2026-07-29,2026-07-01,2026-07-29,20,2891,中信金,buy,2,港商麥格理,1360,27762.0,11707.0,16055.0,,moneydj,https://fubon-ebrokerdj.fbs.com.tw/z/zc/zco/zco.djhtm?a=2891&e=2026-7-1&f=2026-7-29
2026-07-29,2026-07-01,2026-07-29,20,2891,中信金,sell,2,美商高盛,1480,81237.0,106417.0,25180.0,,moneydj,https://fubon-ebrokerdj.fbs.com.tw/z/zc/zco/zco.djhtm?a=2891&e=2026-7-1&f=2026-7-29
2026-07-29,2026-07-01,2026-07-29,20,2891,中信金,buy,3,元大證券,9800,115783.0,99770.0,16013.0,,moneydj,https://fubon-ebrokerdj.fbs.com.tw/z/zc/zco/zco.djhtm?a=2891&e=2026-7-1&f=2026-7-29
2026-07-29,2026-07-01,2026-07-29,20,2891,中信金,sell,3,台新-台北,9B20,625.0,25420.0,24795.0,,moneydj,https://fubon-ebrokerdj.fbs.com.tw/z/zc/zco/zco.djhtm?a=2891&e=2026-7-1&f=2026-7-29
2026-07-29,2026-07-01,2026-07-29,20,2891,中信金,buy,4,美林,1440,64789.0,50639.0,14150.0,,moneydj,https://fubon-ebrokerdj.fbs.com.tw/z/zc/zco/zco.djhtm?a=2891&e=2026-7-1&f=2026-7-29
2026-07-29,2026-07-01,2026-07-29,20,2891,中信金,sell,4,新加坡商瑞銀,1650,46413.0,69440.0,23027.0,,moneydj,https://fubon-ebrokerdj.fbs.com.tw/z/zc/zco/zco.djhtm?a=2891&e=2026-7-1&f=2026-7-29
2026-07-29,2026-07-01,2026-07-29,20,2891,中信金,buy,5,永豐金證券,9A00,34624.0,21987.0,12637.0,,moneydj,https://fubon-ebrokerdj.fbs.com.tw/z/zc/zco/zco.djhtm?a=2891&e=2026-7-1&f=2026-7-29
2026-07-29,2026-07-01,2026-07-29,20,2891,中信金,sell,5,統一,5850,7067.0,23533.0,16466.0,,moneydj,https://fubon-ebrokerdj.fbs.com.tw/z/zc/zco/zco.djhtm?a=2891&e=2026-7-1&f=2026-7-29
2026-07-29,2026-07-01,2026-07-29,20,2891,中信金,buy,6,華南永昌-中正,9359,25131.0,14087.0,11044.0,,moneydj,https://fubon-ebrokerdj.fbs.com.tw/z/zc/zco/zco.djhtm?a=2891&e=2026-7-1&f=2026-7-29
2026-07-29,2026-07-01,2026-07-29,20,2891,中信金,sell,6,合庫證券,1020,2208.0,15342.0,13134.0,,moneydj,https://fubon-ebrokerdj.fbs.com.tw/z/zc/zco/zco.djhtm?a=2891&e=2026-7-1&f=2026-7-29
2026-07-29,2026-07-01,2026-07-29,20,2891,中信金,buy,7,凱基,9200,22051.0,13897.0,8154.0,,moneydj,https://fubon-ebrokerdj.fbs.com.tw/z/zc/zco/zco.djhtm?a=2891&e=2026-7-1&f=2026-7-29
2026-07-29,2026-07-01,2026-07-29,20,2891,中信金,sell,7,富邦證券,9600,43429.0,55129.0,11700.0,,moneydj,https://fubon-ebrokerdj.fbs.com.tw/z/zc/zco/zco.djhtm?a=2891&e=2026-7-1&f=2026-7-29
2026-07-29,2026-07-01,2026-07-29,20,2891,中信金,buy,8,港商野村,1560,15605.0,7610.0,7995.0,,moneydj,https://fubon-ebrokerdj.fbs.com.tw/z/zc/zco/zco.djhtm?a=2891&e=2026-7-1&f=2026-7-29
2026-07-29,2026-07-01,2026-07-29,20,2891,中信金,sell,8,群益金鼎,9100,6001.0,17328.0,11327.0,,moneydj,https://fubon-ebrokerdj.fbs.com.tw/z/zc/zco/zco.djhtm?a=2891&e=2026-7-1&f=2026-7-29
2026-07-29,2026-07-01,2026-07-29,20,2891,中信金,buy,9,土銀,1030,7088.0,1178.0,5910.0,,moneydj,https://fubon-ebrokerdj.fbs.com.tw/z/zc/zco/zco.djhtm?a=2891&e=2026-7-1&f=2026-7-29
2026-07-29,2026-07-01,2026-07-29,20,2891,中信金,sell,9,永豐金-匯立,9A81,5052.0,14687.0,9635.0,,moneydj,https://fubon-ebrokerdj.fbs.com.tw/z/zc/zco/zco.djhtm?a=2891&e=2026-7-1&f=2026-7-29
2026-07-29,2026-07-01,2026-07-29,20,2891,中信金,buy,10,康和,8450,4792.0,779.0,4013.0,,moneydj,https://fubon-ebrokerdj.fbs.com.tw/z/zc/zco/zco.djhtm?a=2891&e=2026-7-1&f=2026-7-29
2026-07-29,2026-07-01,2026-07-29,20,2891,中信金,sell,10,華南永昌,9300,2575.0,11814.0,9239.0,,moneydj,https://fubon-ebrokerdj.fbs.com.tw/z/zc/zco/zco.djhtm?a=2891&e=2026-7-1&f=2026-7-29
2026-07-29,2026-07-01,2026-07-29,20,2105,正新,buy,1,台灣摩根士丹利,1470,32248.0,8893.0,23355.0,,moneydj,https://fubon-ebrokerdj.fbs.com.tw/z/zc/zco/zco.djhtm?a=2105&e=2026-7-1&f=2026-7-29
2026-07-29,2026-07-01,2026-07-29,20,2105,正新,sell,1,華南永昌-中正,9359,41.0,8847.0,8806.0,,moneydj,https://fubon-ebrokerdj.fbs.com.tw/z/zc/zco/zco.djhtm?a=2105&e=2026-7-1&f=2026-7-29
2026-07-29,2026-07-01,2026-07-29,20,2105,正新,buy,2,美商高盛,1480,32615.0,15088.0,17527.0,,moneydj,https://fubon-ebrokerdj.fbs.com.tw/z/zc/zco/zco.djhtm?a=2105&e=2026-7-1&f=2026-7-29
2026-07-29,2026-07-01,2026-07-29,20,2105,正新,sell,2,永豐金證券,9A00,5969.0,12469.0,6500.0,,moneydj,https://fubon-ebrokerdj.fbs.com.tw/z/zc/zco/zco.djhtm?a=2105&e=2026-7-1&f=2026-7-29
2026-07-29,2026-07-01,2026-07-29,20,2105,正新,buy,3,摩根大通,8440,26572.0,16027.0,10545.0,,moneydj,https://fubon-ebrokerdj.fbs.com.tw/z/zc/zco/zco.djhtm?a=2105&e=2026-7-1&f=2026-7-29
2026-07-29,2026-07-01,2026-07-29,20,2105,正新,sell,3,兆豐證券,7000,34.0,5451.0,5417.0,,moneydj,https://fubon-ebrokerdj.fbs.com.tw/z/zc/zco/zco.djhtm?a=2105&e=2026-7-1&f=2026-7-29
2026-07-29,2026-07-01,2026-07-29,20,2105,正新,buy,4,港商野村,1560,8001.0,1088.0,6913.0,,moneydj,https://fubon-ebrokerdj.fbs.com.tw/z/zc/zco/zco.djhtm?a=2105&e=2026-7-1&f=2026-7-29
2026-07-29,2026-07-01,2026-07-29,20,2105,正新,sell,4,國泰證券,8880,415.0,5292.0,4877.0,,moneydj,https://fubon-ebrokerdj.fbs.com.tw/z/zc/zco/zco.djhtm?a=2105&e=2026-7-1&f=2026-7-29
2026-07-29,2026-07-01,2026-07-29,20,2105,正新,buy,5,美林,1440,9453.0,2912.0,6541.0,,moneydj,https://fubon-ebrokerdj.fbs.com.tw/z/zc/zco/zco.djhtm?a=2105&e=2026-7-1&f=2026-7-29
2026-07-29,2026-07-01,2026-07-29,20,2105,正新,sell,5,富邦證券,9600,1822.0,6097.0,4275.0,,moneydj,https://fubon-ebrokerdj.fbs.com.tw/z/zc/zco/zco.djhtm?a=2105&e=2026-7-1&f=2026-7-29
2026-07-29,2026-07-01,2026-07-29,20,2105,正新,buy,6,凱基-台北,9268,19403.0,14049.0,5354.0,,moneydj,https://fubon-ebrokerdj.fbs.com.tw/z/zc/zco/zco.djhtm?a=2105&e=2026-7-1&f=2026-7-29
2026-07-29,2026-07-01,2026-07-29,20,2105,正新,sell,6,統一,5850,469.0,4091.0,3622.0,,moneydj,https://fubon-ebrokerdj.fbs.com.tw/z/zc/zco/zco.djhtm?a=2105&e=2026-7-1&f=2026-7-29
2026-07-29,2026-07-01,2026-07-29,20,2105,正新,buy,7,花旗環球,1590,6917.0,2029.0,4888.0,,moneydj,https://fubon-ebrokerdj.fbs.com.tw/z/zc/zco/zco.djhtm?a=2105&e=2026-7-1&f=2026-7-29
2026-07-29,2026-07-01,2026-07-29,20,2105,正新,sell,7,第一金,5380,165.0,3510.0,3345.0,,moneydj,https://fubon-ebrokerdj.fbs.com.tw/z/zc/zco/zco.djhtm?a=2105&e=2026-7-1&f=2026-7-29
2026-07-29,2026-07-01,2026-07-29,20,2105,正新,buy,8,新加坡商瑞銀,1650,15008.0,12329.0,2679.0,,moneydj,https://fubon-ebrokerdj.fbs.com.tw/z/zc/zco/zco.djhtm?a=2105&e=2026-7-1&f=2026-7-29
2026-07-29,2026-07-01,2026-07-29,20,2105,正新,sell,8,台新,9B00,1276.0,4077.0,2801.0,,moneydj,https://fubon-ebrokerdj.fbs.com.tw/z/zc/zco/zco.djhtm?a=2105&e=2026-7-1&f=2026-7-29
2026-07-29,2026-07-01,2026-07-29,20,2105,正新,buy,9,元大-台中,9812,2055.0,91.0,1964.0,,moneydj,https://fubon-ebrokerdj.fbs.com.tw/z/zc/zco/zco.djhtm?a=2105&e=2026-7-1&f=2026-7-29
2026-07-29,2026-07-01,2026-07-29,20,2105,正新,sell,9,康和,8450,1.0,1711.0,1710.0,,moneydj,https://fubon-ebrokerdj.fbs.com.tw/z/zc/zco/zco.djhtm?a=2105&e=2026-7-1&f=2026-7-29
2026-07-29,2026-07-01,2026-07-29,20,2105,正新,buy,10,彰銀-台中,1233,1918.0,124.0,1794.0,,moneydj,https://fubon-ebrokerdj.fbs.com.tw/z/zc/zco/zco.djhtm?a=2105&e=2026-7-1&f=2026-7-29
2026-07-29,2026-07-01,2026-07-29,20,2105,正新,sell,10,群益金鼎,9100,1424.0,2941.0,1517.0,,moneydj,https://fubon-ebrokerdj.fbs.com.tw/z/zc/zco/zco.djhtm?a=2105&e=2026-7-1&f=2026-7-29
2026-07-29,2026-07-01,2026-07-29,20,3048,益登,buy,1,美商高盛,1480,7192.0,4066.0,3126.0,,moneydj,https://fubon-ebrokerdj.fbs.com.tw/z/zc/zco/zco.djhtm?a=3048&e=2026-7-1&f=2026-7-29
2026-07-29,2026-07-01,2026-07-29,20,3048,益登,sell,1,台灣摩根士丹利,1470,4015.0,7016.0,3001.0,,moneydj,https://fubon-ebrokerdj.fbs.com.tw/z/zc/zco/zco.djhtm?a=3048&e=2026-7-1&f=2026-7-29
2026-07-29,2026-07-01,2026-07-29,20,3048,益登,buy,2,凱基-台北,9268,4865.0,4010.0,855.0,,moneydj,https://fubon-ebrokerdj.fbs.com.tw/z/zc/zco/zco.djhtm?a=3048&e=2026-7-1&f=2026-7-29
2026-07-29,2026-07-01,2026-07-29,20,3048,益登,sell,2,新加坡商瑞銀,1650,1659.0,3160.0,1501.0,,moneydj,https://fubon-ebrokerdj.fbs.com.tw/z/zc/zco/zco.djhtm?a=3048&e=2026-7-1&f=2026-7-29
2026-07-29,2026-07-01,2026-07-29,20,3048,益登,buy,3,富邦-南京,961C,606.0,38.0,568.0,,moneydj,https://fubon-ebrokerdj.fbs.com.tw/z/zc/zco/zco.djhtm?a=3048&e=2026-7-1&f=2026-7-29
2026-07-29,2026-07-01,2026-07-29,20,3048,益登,sell,3,富邦-七賢,961K,186.0,527.0,341.0,,moneydj,https://fubon-ebrokerdj.fbs.com.tw/z/zc/zco/zco.djhtm?a=3048&e=2026-7-1&f=2026-7-29
2026-07-29,2026-07-01,2026-07-29,20,3048,益登,buy,4,群益金鼎-館前,913Y,432.0,14.0,418.0,,moneydj,https://fubon-ebrokerdj.fbs.com.tw/z/zc/zco/zco.djhtm?a=3048&e=2026-7-1&f=2026-7-29
2026-07-29,2026-07-01,2026-07-29,20,3048,益登,sell,4,統一-台南,5855,14.0,289.0,275.0,,moneydj,https://fubon-ebrokerdj.fbs.com.tw/z/zc/zco/zco.djhtm?a=3048&e=2026-7-1&f=2026-7-29
2026-07-29,2026-07-01,2026-07-29,20,3048,益登,buy,5,富邦-和美,961P,268.0,24.0,244.0,,moneydj,https://fubon-ebrokerdj.fbs.com.tw/z/zc/zco/zco.djhtm?a=3048&e=2026-7-1&f=2026-7-29
2026-07-29,2026-07-01,2026-07-29,20,3048,益登,sell,5,台新,9B00,392.0,657.0,265.0,,moneydj,https://fubon-ebrokerdj.fbs.com.tw/z/zc/zco/zco.djhtm?a=3048&e=2026-7-1&f=2026-7-29
2026-07-29,2026-07-01,2026-07-29,20,3048,益登,buy,6,元大證券,9800,3113.0,2910.0,203.0,,moneydj,https://fubon-ebrokerdj.fbs.com.tw/z/zc/zco/zco.djhtm?a=3048&e=2026-7-1&f=2026-7-29
2026-07-29,2026-07-01,2026-07-29,20,3048,益登,sell,6,凱基-永和,9207,9.0,216.0,207.0,,moneydj,https://fubon-ebrokerdj.fbs.com.tw/z/zc/zco/zco.djhtm?a=3048&e=2026-7-1&f=2026-7-29
2026-07-29,2026-07-01,2026-07-29,20,3048,益登,buy,7,永豐金證券,9A00,443.0,289.0,154.0,,moneydj,https://fubon-ebrokerdj.fbs.com.tw/z/zc/zco/zco.djhtm?a=3048&e=2026-7-1&f=2026-7-29
2026-07-29,2026-07-01,2026-07-29,20,3048,益登,sell,7,摩根大通,8440,1752.0,1948.0,196.0,,moneydj,https://fubon-ebrokerdj.fbs.com.tw/z/zc/zco/zco.djhtm?a=3048&e=2026-7-1&f=2026-7-29
2026-07-29,2026-07-01,2026-07-29,20,3048,益登,buy,8,富邦-建國,9658,198.0,59.0,139.0,,moneydj,https://fubon-ebrokerdj.fbs.com.tw/z/zc/zco/zco.djhtm?a=3048&e=2026-7-1&f=2026-7-29
2026-07-29,2026-07-01,2026-07-29,20,3048,益登,sell,8,花旗環球,1590,288.0,432.0,144.0,,moneydj,https://fubon-ebrokerdj.fbs.com.tw/z/zc/zco/zco.djhtm?a=3048&e=2026-7-1&f=2026-7-29
2026-07-29,2026-07-01,2026-07-29,20,3048,益登,buy,9,(牛牛牛)亞-鑫豐,601d,267.0,139.0,128.0,,moneydj,https://fubon-ebrokerdj.fbs.com.tw/z/zc/zco/zco.djhtm?a=3048&e=2026-7-1&f=2026-7-29
2026-07-29,2026-07-01,2026-07-29,20,3048,益登,sell,9,兆豐-忠孝,700a,59.0,194.0,135.0,,moneydj,https://fubon-ebrokerdj.fbs.com.tw/z/zc/zco/zco.djhtm?a=3048&e=2026-7-1&f=2026-7-29
2026-07-29,2026-07-01,2026-07-29,20,3048,益登,buy,10,群益金鼎-東湖,918K,146.0,30.0,116.0,,moneydj,https://fubon-ebrokerdj.fbs.com.tw/z/zc/zco/zco.djhtm?a=3048&e=2026-7-1&f=2026-7-29
2026-07-29,2026-07-01,2026-07-29,20,3048,益登,sell,10,國泰-敦南,8888,1059.0,1192.0,133.0,,moneydj,https://fubon-ebrokerdj.fbs.com.tw/z/zc/zco/zco.djhtm?a=3048&e=2026-7-1&f=2026-7-29
2026-07-29,2026-07-01,2026-07-29,20,2367,燿華,buy,1,美商高盛,1480,18285.0,8391.0,9894.0,,moneydj,https://fubon-ebrokerdj.fbs.com.tw/z/zc/zco/zco.djhtm?a=2367&e=2026-7-1&f=2026-7-29
2026-07-29,2026-07-01,2026-07-29,20,2367,燿華,sell,1,台灣摩根士丹利,1470,13989.0,19071.0,5082.0,,moneydj,https://fubon-ebrokerdj.fbs.com.tw/z/zc/zco/zco.djhtm?a=2367&e=2026-7-1&f=2026-7-29
2026-07-29,2026-07-01,2026-07-29,20,2367,燿華,buy,2,凱基-台北,9268,22705.0,15853.0,6852.0,,moneydj,https://fubon-ebrokerdj.fbs.com.tw/z/zc/zco/zco.djhtm?a=2367&e=2026-7-1&f=2026-7-29
2026-07-29,2026-07-01,2026-07-29,20,2367,燿華,sell,2,摩根大通,8440,3447.0,7850.0,4403.0,,moneydj,https://fubon-ebrokerdj.fbs.com.tw/z/zc/zco/zco.djhtm?a=2367&e=2026-7-1&f=2026-7-29
2026-07-29,2026-07-01,2026-07-29,20,2367,燿華,buy,3,新加坡商瑞銀,1650,15217.0,9554.0,5663.0,,moneydj,https://fubon-ebrokerdj.fbs.com.tw/z/zc/zco/zco.djhtm?a=2367&e=2026-7-1&f=2026-7-29
2026-07-29,2026-07-01,2026-07-29,20,2367,燿華,sell,3,國泰-敦南,8888,4491.0,5538.0,1047.0,,moneydj,https://fubon-ebrokerdj.fbs.com.tw/z/zc/zco/zco.djhtm?a=2367&e=2026-7-1&f=2026-7-29
2026-07-29,2026-07-01,2026-07-29,20,2367,燿華,buy,4,美林,1440,3626.0,1676.0,1950.0,,moneydj,https://fubon-ebrokerdj.fbs.com.tw/z/zc/zco/zco.djhtm?a=2367&e=2026-7-1&f=2026-7-29
2026-07-29,2026-07-01,2026-07-29,20,2367,燿華,sell,4,花旗環球,1590,408.0,1056.0,648.0,,moneydj,https://fubon-ebrokerdj.fbs.com.tw/z/zc/zco/zco.djhtm?a=2367&e=2026-7-1&f=2026-7-29
2026-07-29,2026-07-01,2026-07-29,20,2367,燿華,buy,5,元大證券,9800,10659.0,9499.0,1160.0,,moneydj,https://fubon-ebrokerdj.fbs.com.tw/z/zc/zco/zco.djhtm?a=2367&e=2026-7-1&f=2026-7-29
2026-07-29,2026-07-01,2026-07-29,20,2367,燿華,sell,5,群益金鼎-南京,918E,105.0,747.0,642.0,,moneydj,https://fubon-ebrokerdj.fbs.com.tw/z/zc/zco/zco.djhtm?a=2367&e=2026-7-1&f=2026-7-29
2026-07-29,2026-07-01,2026-07-29,20,2367,燿華,buy,6,國票-安和,779Z,1214.0,639.0,575.0,,moneydj,https://fubon-ebrokerdj.fbs.com.tw/z/zc/zco/zco.djhtm?a=2367&e=2026-7-1&f=2026-7-29
2026-07-29,2026-07-01,2026-07-29,20,2367,燿華,sell,6,台新,9B00,1133.0,1685.0,552.0,,moneydj,https://fubon-ebrokerdj.fbs.com.tw/z/zc/zco/zco.djhtm?a=2367&e=2026-7-1&f=2026-7-29
2026-07-29,2026-07-01,2026-07-29,20,2367,燿華,buy,7,新光,8560,2450.0,1943.0,507.0,,moneydj,https://fubon-ebrokerdj.fbs.com.tw/z/zc/zco/zco.djhtm?a=2367&e=2026-7-1&f=2026-7-29
2026-07-29,2026-07-01,2026-07-29,20,2367,燿華,sell,7,玉山-台中,884B,399.0,914.0,515.0,,moneydj,https://fubon-ebrokerdj.fbs.com.tw/z/zc/zco/zco.djhtm?a=2367&e=2026-7-1&f=2026-7-29
2026-07-29,2026-07-01,2026-07-29,20,2367,燿華,buy,8,國票證券,7790,866.0,447.0,419.0,,moneydj,https://fubon-ebrokerdj.fbs.com.tw/z/zc/zco/zco.djhtm?a=2367&e=2026-7-1&f=2026-7-29
2026-07-29,2026-07-01,2026-07-29,20,2367,燿華,sell,8,台新-桃園,9B2v,67.0,559.0,492.0,,moneydj,https://fubon-ebrokerdj.fbs.com.tw/z/zc/zco/zco.djhtm?a=2367&e=2026-7-1&f=2026-7-29
2026-07-29,2026-07-01,2026-07-29,20,2367,燿華,buy,9,富邦-新板,961H,476.0,148.0,328.0,,moneydj,https://fubon-ebrokerdj.fbs.com.tw/z/zc/zco/zco.djhtm?a=2367&e=2026-7-1&f=2026-7-29
2026-07-29,2026-07-01,2026-07-29,20,2367,燿華,sell,9,永豐金證券,9A00,1380.0,1844.0,464.0,,moneydj,https://fubon-ebrokerdj.fbs.com.tw/z/zc/zco/zco.djhtm?a=2367&e=2026-7-1&f=2026-7-29
2026-07-29,2026-07-01,2026-07-29,20,2367,燿華,buy,10,群益金鼎,9100,1955.0,1683.0,272.0,,moneydj,https://fubon-ebrokerdj.fbs.com.tw/z/zc/zco/zco.djhtm?a=2367&e=2026-7-1&f=2026-7-29
2026-07-29,2026-07-01,2026-07-29,20,2367,燿華,sell,10,中國信託-高雄,616K,206.0,613.0,407.0,,moneydj,https://fubon-ebrokerdj.fbs.com.tw/z/zc/zco/zco.djhtm?a=2367&e=2026-7-1&f=2026-7-29
2026-07-29,2026-07-01,2026-07-29,20,1232,大統益,buy,1,摩根大通,8440,901.0,662.0,239.0,,moneydj,https://fubon-ebrokerdj.fbs.com.tw/z/zc/zco/zco.djhtm?a=1232&e=2026-7-1&f=2026-7-29
2026-07-29,2026-07-01,2026-07-29,20,1232,大統益,sell,1,富邦-七賢,961K,3.0,107.0,104.0,,moneydj,https://fubon-ebrokerdj.fbs.com.tw/z/zc/zco/zco.djhtm?a=1232&e=2026-7-1&f=2026-7-29
2026-07-29,2026-07-01,2026-07-29,20,1232,大統益,buy,2,凱基-台北,9268,941.0,813.0,128.0,,moneydj,https://fubon-ebrokerdj.fbs.com.tw/z/zc/zco/zco.djhtm?a=1232&e=2026-7-1&f=2026-7-29
2026-07-29,2026-07-01,2026-07-29,20,1232,大統益,sell,2,高橋-龍潭,5321,18.0,113.0,95.0,,moneydj,https://fubon-ebrokerdj.fbs.com.tw/z/zc/zco/zco.djhtm?a=1232&e=2026-7-1&f=2026-7-29
2026-07-29,2026-07-01,2026-07-29,20,1232,大統益,buy,3,港商野村,1560,160.0,50.0,110.0,,moneydj,https://fubon-ebrokerdj.fbs.com.tw/z/zc/zco/zco.djhtm?a=1232&e=2026-7-1&f=2026-7-29
2026-07-29,2026-07-01,2026-07-29,20,1232,大統益,sell,3,統一-台南,5855,25.0,112.0,87.0,,moneydj,https://fubon-ebrokerdj.fbs.com.tw/z/zc/zco/zco.djhtm?a=1232&e=2026-7-1&f=2026-7-29
2026-07-29,2026-07-01,2026-07-29,20,1232,大統益,buy,4,台灣摩根士丹利,1470,705.0,626.0,79.0,,moneydj,https://fubon-ebrokerdj.fbs.com.tw/z/zc/zco/zco.djhtm?a=1232&e=2026-7-1&f=2026-7-29
2026-07-29,2026-07-01,2026-07-29,20,1232,大統益,sell,4,合庫-鳳山,1029,7.0,92.0,85.0,,moneydj,https://fubon-ebrokerdj.fbs.com.tw/z/zc/zco/zco.djhtm?a=1232&e=2026-7-1&f=2026-7-29
2026-07-29,2026-07-01,2026-07-29,20,1232,大統益,buy,5,美林,1440,213.0,136.0,77.0,,moneydj,https://fubon-ebrokerdj.fbs.com.tw/z/zc/zco/zco.djhtm?a=1232&e=2026-7-1&f=2026-7-29
2026-07-29,2026-07-01,2026-07-29,20,1232,大統益,sell,5,凱基-高雄,9206,7.0,84.0,77.0,,moneydj,https://fubon-ebrokerdj.fbs.com.tw/z/zc/zco/zco.djhtm?a=1232&e=2026-7-1&f=2026-7-29
2026-07-29,2026-07-01,2026-07-29,20,1232,大統益,buy,6,美商高盛,1480,917.0,843.0,74.0,,moneydj,https://fubon-ebrokerdj.fbs.com.tw/z/zc/zco/zco.djhtm?a=1232&e=2026-7-1&f=2026-7-29
2026-07-29,2026-07-01,2026-07-29,20,1232,大統益,sell,6,元大-板橋三民,9879,6.0,72.0,66.0,,moneydj,https://fubon-ebrokerdj.fbs.com.tw/z/zc/zco/zco.djhtm?a=1232&e=2026-7-1&f=2026-7-29
2026-07-29,2026-07-01,2026-07-29,20,1232,大統益,buy,7,統一-台中,5856,97.0,25.0,72.0,,moneydj,https://fubon-ebrokerdj.fbs.com.tw/z/zc/zco/zco.djhtm?a=1232&e=2026-7-1&f=2026-7-29
2026-07-29,2026-07-01,2026-07-29,20,1232,大統益,sell,7,合庫-台中,1021,8.0,71.0,63.0,,moneydj,https://fubon-ebrokerdj.fbs.com.tw/z/zc/zco/zco.djhtm?a=1232&e=2026-7-1&f=2026-7-29
2026-07-29,2026-07-01,2026-07-29,20,1232,大統益,buy,8,花旗環球,1590,83.0,17.0,66.0,,moneydj,https://fubon-ebrokerdj.fbs.com.tw/z/zc/zco/zco.djhtm?a=1232&e=2026-7-1&f=2026-7-29
2026-07-29,2026-07-01,2026-07-29,20,1232,大統益,sell,8,台新-吉利,9B2W,0.0,61.0,61.0,,moneydj,https://fubon-ebrokerdj.fbs.com.tw/z/zc/zco/zco.djhtm?a=1232&e=2026-7-1&f=2026-7-29
2026-07-29,2026-07-01,2026-07-29,20,1232,大統益,buy,9,富邦-公益,961F,113.0,61.0,52.0,,moneydj,https://fubon-ebrokerdj.fbs.com.tw/z/zc/zco/zco.djhtm?a=1232&e=2026-7-1&f=2026-7-29
2026-07-29,2026-07-01,2026-07-29,20,1232,大統益,sell,9,元大-沙鹿,980d,192.0,244.0,52.0,,moneydj,https://fubon-ebrokerdj.fbs.com.tw/z/zc/zco/zco.djhtm?a=1232&e=2026-7-1&f=2026-7-29
2026-07-29,2026-07-01,2026-07-29,20,1232,大統益,buy,10,凱基-高美館,9215,56.0,11.0,45.0,,moneydj,https://fubon-ebrokerdj.fbs.com.tw/z/zc/zco/zco.djhtm?a=1232&e=2026-7-1&f=2026-7-29
2026-07-29,2026-07-01,2026-07-29,20,1232,大統益,sell,10,元大-鳳中,985C,1.0,52.0,51.0,,moneydj,https://fubon-ebrokerdj.fbs.com.tw/z/zc/zco/zco.djhtm?a=1232&e=2026-7-1&f=2026-7-29
2026-07-29,2026-07-01,2026-07-29,20,4123,晟德,buy,1,元大證券,9800,2214.0,936.0,1278.0,,moneydj,https://fubon-ebrokerdj.fbs.com.tw/z/zc/zco/zco.djhtm?a=4123&e=2026-7-1&f=2026-7-29
2026-07-29,2026-07-01,2026-07-29,20,4123,晟德,sell,1,台新-新店,9B22,12.0,839.0,827.0,,moneydj,https://fubon-ebrokerdj.fbs.com.tw/z/zc/zco/zco.djhtm?a=4123&e=2026-7-1&f=2026-7-29
2026-07-29,2026-07-01,2026-07-29,20,4123,晟德,buy,2,台灣摩根士丹利,1470,1876.0,900.0,976.0,,moneydj,https://fubon-ebrokerdj.fbs.com.tw/z/zc/zco/zco.djhtm?a=4123&e=2026-7-1&f=2026-7-29
2026-07-29,2026-07-01,2026-07-29,20,4123,晟德,sell,2,凱基-台北,9268,3396.0,4123.0,727.0,,moneydj,https://fubon-ebrokerdj.fbs.com.tw/z/zc/zco/zco.djhtm?a=4123&e=2026-7-1&f=2026-7-29
2026-07-29,2026-07-01,2026-07-29,20,4123,晟德,buy,3,美商高盛,1480,2628.0,1783.0,845.0,,moneydj,https://fubon-ebrokerdj.fbs.com.tw/z/zc/zco/zco.djhtm?a=4123&e=2026-7-1&f=2026-7-29
2026-07-29,2026-07-01,2026-07-29,20,4123,晟德,sell,3,富邦-彰化,965U,80.0,731.0,651.0,,moneydj,https://fubon-ebrokerdj.fbs.com.tw/z/zc/zco/zco.djhtm?a=4123&e=2026-7-1&f=2026-7-29
2026-07-29,2026-07-01,2026-07-29,20,4123,晟德,buy,4,富邦證券,9600,748.0,0.0,748.0,,moneydj,https://fubon-ebrokerdj.fbs.com.tw/z/zc/zco/zco.djhtm?a=4123&e=2026-7-1&f=2026-7-29
2026-07-29,2026-07-01,2026-07-29,20,4123,晟德,sell,4,群益金鼎,9100,193.0,636.0,443.0,,moneydj,https://fubon-ebrokerdj.fbs.com.tw/z/zc/zco/zco.djhtm?a=4123&e=2026-7-1&f=2026-7-29
2026-07-29,2026-07-01,2026-07-29,20,4123,晟德,buy,5,康和,8450,513.0,44.0,469.0,,moneydj,https://fubon-ebrokerdj.fbs.com.tw/z/zc/zco/zco.djhtm?a=4123&e=2026-7-1&f=2026-7-29
2026-07-29,2026-07-01,2026-07-29,20,4123,晟德,sell,5,富邦-花蓮,9621,11.0,305.0,294.0,,moneydj,https://fubon-ebrokerdj.fbs.com.tw/z/zc/zco/zco.djhtm?a=4123&e=2026-7-1&f=2026-7-29
2026-07-29,2026-07-01,2026-07-29,20,4123,晟德,buy,6,美林,1440,1104.0,671.0,433.0,,moneydj,https://fubon-ebrokerdj.fbs.com.tw/z/zc/zco/zco.djhtm?a=4123&e=2026-7-1&f=2026-7-29
2026-07-29,2026-07-01,2026-07-29,20,4123,晟德,sell,6,元大-忠孝,9871,16.0,259.0,243.0,,moneydj,https://fubon-ebrokerdj.fbs.com.tw/z/zc/zco/zco.djhtm?a=4123&e=2026-7-1&f=2026-7-29
2026-07-29,2026-07-01,2026-07-29,20,4123,晟德,buy,7,新加坡商瑞銀,1650,1855.0,1517.0,338.0,,moneydj,https://fubon-ebrokerdj.fbs.com.tw/z/zc/zco/zco.djhtm?a=4123&e=2026-7-1&f=2026-7-29
2026-07-29,2026-07-01,2026-07-29,20,4123,晟德,sell,7,國泰-敦南,8888,311.0,540.0,229.0,,moneydj,https://fubon-ebrokerdj.fbs.com.tw/z/zc/zco/zco.djhtm?a=4123&e=2026-7-1&f=2026-7-29
2026-07-29,2026-07-01,2026-07-29,20,4123,晟德,buy,8,華南永昌,9300,529.0,193.0,336.0,,moneydj,https://fubon-ebrokerdj.fbs.com.tw/z/zc/zco/zco.djhtm?a=4123&e=2026-7-1&f=2026-7-29
2026-07-29,2026-07-01,2026-07-29,20,4123,晟德,sell,8,台新-松德,9B2a,60.0,259.0,199.0,,moneydj,https://fubon-ebrokerdj.fbs.com.tw/z/zc/zco/zco.djhtm?a=4123&e=2026-7-1&f=2026-7-29
2026-07-29,2026-07-01,2026-07-29,20,4123,晟德,buy,9,台新-台北,9B20,366.0,60.0,306.0,,moneydj,https://fubon-ebrokerdj.fbs.com.tw/z/zc/zco/zco.djhtm?a=4123&e=2026-7-1&f=2026-7-29
2026-07-29,2026-07-01,2026-07-29,20,4123,晟德,sell,9,永豐金-大園,9A98,50.0,191.0,141.0,,moneydj,https://fubon-ebrokerdj.fbs.com.tw/z/zc/zco/zco.djhtm?a=4123&e=2026-7-1&f=2026-7-29
2026-07-29,2026-07-01,2026-07-29,20,4123,晟德,buy,10,兆豐證券,7000,323.0,71.0,252.0,,moneydj,https://fubon-ebrokerdj.fbs.com.tw/z/zc/zco/zco.djhtm?a=4123&e=2026-7-1&f=2026-7-29
2026-07-29,2026-07-01,2026-07-29,20,4123,晟德,sell,10,台新,9B00,138.0,265.0,127.0,,moneydj,https://fubon-ebrokerdj.fbs.com.tw/z/zc/zco/zco.djhtm?a=4123&e=2026-7-1&f=2026-7-29
2026-07-29,2026-07-01,2026-07-29,20,4442,竣邦-KY,buy,1,統一-松江,585Z,888.0,0.0,888.0,,moneydj,https://fubon-ebrokerdj.fbs.com.tw/z/zc/zco/zco.djhtm?a=4442&e=2026-7-1&f=2026-7-29
2026-07-29,2026-07-01,2026-07-29,20,4442,竣邦-KY,sell,1,國泰-松江,8883,3.0,86.0,83.0,,moneydj,https://fubon-ebrokerdj.fbs.com.tw/z/zc/zco/zco.djhtm?a=4442&e=2026-7-1&f=2026-7-29
2026-07-29,2026-07-01,2026-07-29,20,4442,竣邦-KY,buy,2,美商高盛,1480,581.0,514.0,67.0,,moneydj,https://fubon-ebrokerdj.fbs.com.tw/z/zc/zco/zco.djhtm?a=4442&e=2026-7-1&f=2026-7-29
2026-07-29,2026-07-01,2026-07-29,20,4442,竣邦-KY,sell,2,高橋,5320,1.0,75.0,74.0,,moneydj,https://fubon-ebrokerdj.fbs.com.tw/z/zc/zco/zco.djhtm?a=4442&e=2026-7-1&f=2026-7-29
2026-07-29,2026-07-01,2026-07-29,20,4442,竣邦-KY,buy,3,元大-中崙,9813,55.0,0.0,55.0,,moneydj,https://fubon-ebrokerdj.fbs.com.tw/z/zc/zco/zco.djhtm?a=4442&e=2026-7-1&f=2026-7-29
2026-07-29,2026-07-01,2026-07-29,20,4442,竣邦-KY,sell,3,群益金鼎-瑞豐,918u,29.0,91.0,62.0,,moneydj,https://fubon-ebrokerdj.fbs.com.tw/z/zc/zco/zco.djhtm?a=4442&e=2026-7-1&f=2026-7-29
2026-07-29,2026-07-01,2026-07-29,20,4442,竣邦-KY,buy,4,永豐金-萬盛,9A92,1194.0,1183.0,11.0,,moneydj,https://fubon-ebrokerdj.fbs.com.tw/z/zc/zco/zco.djhtm?a=4442&e=2026-7-1&f=2026-7-29
2026-07-29,2026-07-01,2026-07-29,20,4442,竣邦-KY,sell,4,康和-嘉義,8459,1.0,36.0,35.0,,moneydj,https://fubon-ebrokerdj.fbs.com.tw/z/zc/zco/zco.djhtm?a=4442&e=2026-7-1&f=2026-7-29
2026-07-29,2026-07-01,2026-07-29,20,4442,竣邦-KY,buy,5,摩根大通,8440,22.0,15.0,7.0,,moneydj,https://fubon-ebrokerdj.fbs.com.tw/z/zc/zco/zco.djhtm?a=4442&e=2026-7-1&f=2026-7-29
2026-07-29,2026-07-01,2026-07-29,20,4442,竣邦-KY,sell,5,永豐金-古亭,9A9d,26.0,61.0,35.0,,moneydj,https://fubon-ebrokerdj.fbs.com.tw/z/zc/zco/zco.djhtm?a=4442&e=2026-7-1&f=2026-7-29
2026-07-29,2026-07-01,2026-07-29,20,4442,竣邦-KY,buy,6,富邦-新店,9661,7.0,0.0,7.0,,moneydj,https://fubon-ebrokerdj.fbs.com.tw/z/zc/zco/zco.djhtm?a=4442&e=2026-7-1&f=2026-7-29
2026-07-29,2026-07-01,2026-07-29,20,4442,竣邦-KY,sell,6,群益金鼎-中港,9138,0.0,33.0,33.0,,moneydj,https://fubon-ebrokerdj.fbs.com.tw/z/zc/zco/zco.djhtm?a=4442&e=2026-7-1&f=2026-7-29
2026-07-29,2026-07-01,2026-07-29,20,4442,竣邦-KY,buy,7,永豐金-員林,9A9C,7.0,0.0,7.0,,moneydj,https://fubon-ebrokerdj.fbs.com.tw/z/zc/zco/zco.djhtm?a=4442&e=2026-7-1&f=2026-7-29
2026-07-29,2026-07-01,2026-07-29,20,4442,竣邦-KY,sell,7,第一金-台中,5382,0.0,32.0,32.0,,moneydj,https://fubon-ebrokerdj.fbs.com.tw/z/zc/zco/zco.djhtm?a=4442&e=2026-7-1&f=2026-7-29
2026-07-29,2026-07-01,2026-07-29,20,4442,竣邦-KY,buy,8,元大-博愛,982B,5.0,0.0,5.0,,moneydj,https://fubon-ebrokerdj.fbs.com.tw/z/zc/zco/zco.djhtm?a=4442&e=2026-7-1&f=2026-7-29
2026-07-29,2026-07-01,2026-07-29,20,4442,竣邦-KY,sell,8,元大-中壢,9834,1.0,32.0,31.0,,moneydj,https://fubon-ebrokerdj.fbs.com.tw/z/zc/zco/zco.djhtm?a=4442&e=2026-7-1&f=2026-7-29
2026-07-29,2026-07-01,2026-07-29,20,4442,竣邦-KY,buy,9,中國信託-高雄,616K,4.0,0.0,4.0,,moneydj,https://fubon-ebrokerdj.fbs.com.tw/z/zc/zco/zco.djhtm?a=4442&e=2026-7-1&f=2026-7-29
2026-07-29,2026-07-01,2026-07-29,20,4442,竣邦-KY,sell,9,台新-松德,9B2a,3.0,33.0,30.0,,moneydj,https://fubon-ebrokerdj.fbs.com.tw/z/zc/zco/zco.djhtm?a=4442&e=2026-7-1&f=2026-7-29
2026-07-29,2026-07-01,2026-07-29,20,4442,竣邦-KY,buy,10,兆豐-鹿港,700f,4.0,0.0,4.0,,moneydj,https://fubon-ebrokerdj.fbs.com.tw/z/zc/zco/zco.djhtm?a=4442&e=2026-7-1&f=2026-7-29
2026-07-29,2026-07-01,2026-07-29,20,4442,竣邦-KY,sell,10,元大-豐原站前,989W,1.0,30.0,29.0,,moneydj,https://fubon-ebrokerdj.fbs.com.tw/z/zc/zco/zco.djhtm?a=4442&e=2026-7-1&f=2026-7-29
2026-07-29,2026-07-01,2026-07-29,20,2478,大毅,buy,1,美商高盛,1480,7637.0,3485.0,4152.0,,moneydj,https://fubon-ebrokerdj.fbs.com.tw/z/zc/zco/zco.djhtm?a=2478&e=2026-7-1&f=2026-7-29
2026-07-29,2026-07-01,2026-07-29,20,2478,大毅,sell,1,台灣摩根士丹利,1470,555.0,4979.0,4424.0,,moneydj,https://fubon-ebrokerdj.fbs.com.tw/z/zc/zco/zco.djhtm?a=2478&e=2026-7-1&f=2026-7-29
2026-07-29,2026-07-01,2026-07-29,20,2478,大毅,buy,2,台新-松德,9B2a,736.0,273.0,463.0,,moneydj,https://fubon-ebrokerdj.fbs.com.tw/z/zc/zco/zco.djhtm?a=2478&e=2026-7-1&f=2026-7-29
2026-07-29,2026-07-01,2026-07-29,20,2478,大毅,sell,2,兆豐-北高雄,700I,601.0,1351.0,750.0,,moneydj,https://fubon-ebrokerdj.fbs.com.tw/z/zc/zco/zco.djhtm?a=2478&e=2026-7-1&f=2026-7-29
2026-07-29,2026-07-01,2026-07-29,20,2478,大毅,buy,3,花旗環球,1590,470.0,200.0,270.0,,moneydj,https://fubon-ebrokerdj.fbs.com.tw/z/zc/zco/zco.djhtm?a=2478&e=2026-7-1&f=2026-7-29
2026-07-29,2026-07-01,2026-07-29,20,2478,大毅,sell,3,永豐金-敦南,9A8F,459.0,1200.0,741.0,,moneydj,https://fubon-ebrokerdj.fbs.com.tw/z/zc/zco/zco.djhtm?a=2478&e=2026-7-1&f=2026-7-29
2026-07-29,2026-07-01,2026-07-29,20,2478,大毅,buy,4,國泰-敦南,8888,2133.0,1902.0,231.0,,moneydj,https://fubon-ebrokerdj.fbs.com.tw/z/zc/zco/zco.djhtm?a=2478&e=2026-7-1&f=2026-7-29
2026-07-29,2026-07-01,2026-07-29,20,2478,大毅,sell,4,群益金鼎-桃園,9189,70.0,679.0,609.0,,moneydj,https://fubon-ebrokerdj.fbs.com.tw/z/zc/zco/zco.djhtm?a=2478&e=2026-7-1&f=2026-7-29
2026-07-29,2026-07-01,2026-07-29,20,2478,大毅,buy,5,富邦-竹科,962C,277.0,94.0,183.0,,moneydj,https://fubon-ebrokerdj.fbs.com.tw/z/zc/zco/zco.djhtm?a=2478&e=2026-7-1&f=2026-7-29
2026-07-29,2026-07-01,2026-07-29,20,2478,大毅,sell,5,兆豐-桃鶯,700U,56.0,631.0,575.0,,moneydj,https://fubon-ebrokerdj.fbs.com.tw/z/zc/zco/zco.djhtm?a=2478&e=2026-7-1&f=2026-7-29
2026-07-29,2026-07-01,2026-07-29,20,2478,大毅,buy,6,新光,8560,846.0,677.0,169.0,,moneydj,https://fubon-ebrokerdj.fbs.com.tw/z/zc/zco/zco.djhtm?a=2478&e=2026-7-1&f=2026-7-29
2026-07-29,2026-07-01,2026-07-29,20,2478,大毅,sell,6,凱基-台北,9268,10519.0,11024.0,505.0,,moneydj,https://fubon-ebrokerdj.fbs.com.tw/z/zc/zco/zco.djhtm?a=2478&e=2026-7-1&f=2026-7-29
2026-07-29,2026-07-01,2026-07-29,20,2478,大毅,buy,7,元大-中和,989e,217.0,60.0,157.0,,moneydj,https://fubon-ebrokerdj.fbs.com.tw/z/zc/zco/zco.djhtm?a=2478&e=2026-7-1&f=2026-7-29
2026-07-29,2026-07-01,2026-07-29,20,2478,大毅,sell,7,凱基-信義,9216,207.0,669.0,462.0,,moneydj,https://fubon-ebrokerdj.fbs.com.tw/z/zc/zco/zco.djhtm?a=2478&e=2026-7-1&f=2026-7-29
2026-07-29,2026-07-01,2026-07-29,20,2478,大毅,buy,8,元大證券,9800,10242.0,10092.0,150.0,,moneydj,https://fubon-ebrokerdj.fbs.com.tw/z/zc/zco/zco.djhtm?a=2478&e=2026-7-1&f=2026-7-29
2026-07-29,2026-07-01,2026-07-29,20,2478,大毅,sell,8,統一,5850,462.0,870.0,408.0,,moneydj,https://fubon-ebrokerdj.fbs.com.tw/z/zc/zco/zco.djhtm?a=2478&e=2026-7-1&f=2026-7-29
2026-07-29,2026-07-01,2026-07-29,20,2478,大毅,buy,9,富邦-板橋,9655,328.0,182.0,146.0,,moneydj,https://fubon-ebrokerdj.fbs.com.tw/z/zc/zco/zco.djhtm?a=2478&e=2026-7-1&f=2026-7-29
2026-07-29,2026-07-01,2026-07-29,20,2478,大毅,sell,9,港商野村,1560,2058.0,2418.0,360.0,,moneydj,https://fubon-ebrokerdj.fbs.com.tw/z/zc/zco/zco.djhtm?a=2478&e=2026-7-1&f=2026-7-29
2026-07-29,2026-07-01,2026-07-29,20,2478,大毅,buy,10,台中銀,6110,168.0,34.0,134.0,,moneydj,https://fubon-ebrokerdj.fbs.com.tw/z/zc/zco/zco.djhtm?a=2478&e=2026-7-1&f=2026-7-29
2026-07-29,2026-07-01,2026-07-29,20,2478,大毅,sell,10,群益金鼎-新莊,918G,97.0,414.0,317.0,,moneydj,https://fubon-ebrokerdj.fbs.com.tw/z/zc/zco/zco.djhtm?a=2478&e=2026-7-1&f=2026-7-29
2026-07-29,2026-07-01,2026-07-29,20,5243,乙盛-KY,buy,1,美商高盛,1480,4310.0,1643.0,2667.0,,moneydj,https://fubon-ebrokerdj.fbs.com.tw/z/zc/zco/zco.djhtm?a=5243&e=2026-7-1&f=2026-7-29
2026-07-29,2026-07-01,2026-07-29,20,5243,乙盛-KY,sell,1,凱基-台北,9268,2537.0,3684.0,1147.0,,moneydj,https://fubon-ebrokerdj.fbs.com.tw/z/zc/zco/zco.djhtm?a=5243&e=2026-7-1&f=2026-7-29
2026-07-29,2026-07-01,2026-07-29,20,5243,乙盛-KY,buy,2,台灣摩根士丹利,1470,1758.0,1371.0,387.0,,moneydj,https://fubon-ebrokerdj.fbs.com.tw/z/zc/zco/zco.djhtm?a=5243&e=2026-7-1&f=2026-7-29
2026-07-29,2026-07-01,2026-07-29,20,5243,乙盛-KY,sell,2,凱基-城中,9227,22.0,551.0,529.0,,moneydj,https://fubon-ebrokerdj.fbs.com.tw/z/zc/zco/zco.djhtm?a=5243&e=2026-7-1&f=2026-7-29
2026-07-29,2026-07-01,2026-07-29,20,5243,乙盛-KY,buy,3,摩根大通,8440,1362.0,1160.0,202.0,,moneydj,https://fubon-ebrokerdj.fbs.com.tw/z/zc/zco/zco.djhtm?a=5243&e=2026-7-1&f=2026-7-29
2026-07-29,2026-07-01,2026-07-29,20,5243,乙盛-KY,sell,3,群益金鼎,9100,602.0,949.0,347.0,,moneydj,https://fubon-ebrokerdj.fbs.com.tw/z/zc/zco/zco.djhtm?a=5243&e=2026-7-1&f=2026-7-29
2026-07-29,2026-07-01,2026-07-29,20,5243,乙盛-KY,buy,4,合庫-台中,1021,206.0,51.0,155.0,,moneydj,https://fubon-ebrokerdj.fbs.com.tw/z/zc/zco/zco.djhtm?a=5243&e=2026-7-1&f=2026-7-29
2026-07-29,2026-07-01,2026-07-29,20,5243,乙盛-KY,sell,4,美林,1440,900.0,1159.0,259.0,,moneydj,https://fubon-ebrokerdj.fbs.com.tw/z/zc/zco/zco.djhtm?a=5243&e=2026-7-1&f=2026-7-29
2026-07-29,2026-07-01,2026-07-29,20,5243,乙盛-KY,buy,5,元大-北府,980D,199.0,48.0,151.0,,moneydj,https://fubon-ebrokerdj.fbs.com.tw/z/zc/zco/zco.djhtm?a=5243&e=2026-7-1&f=2026-7-29
2026-07-29,2026-07-01,2026-07-29,20,5243,乙盛-KY,sell,5,永豐金-南京,9A9S,17.0,216.0,199.0,,moneydj,https://fubon-ebrokerdj.fbs.com.tw/z/zc/zco/zco.djhtm?a=5243&e=2026-7-1&f=2026-7-29
2026-07-29,2026-07-01,2026-07-29,20,5243,乙盛-KY,buy,6,群益金鼎-民權,9131,182.0,33.0,149.0,,moneydj,https://fubon-ebrokerdj.fbs.com.tw/z/zc/zco/zco.djhtm?a=5243&e=2026-7-1&f=2026-7-29
2026-07-29,2026-07-01,2026-07-29,20,5243,乙盛-KY,sell,6,花旗環球,1590,81.0,274.0,193.0,,moneydj,https://fubon-ebrokerdj.fbs.com.tw/z/zc/zco/zco.djhtm?a=5243&e=2026-7-1&f=2026-7-29
2026-07-29,2026-07-01,2026-07-29,20,5243,乙盛-KY,buy,7,國泰證券,8880,581.0,441.0,140.0,,moneydj,https://fubon-ebrokerdj.fbs.com.tw/z/zc/zco/zco.djhtm?a=5243&e=2026-7-1&f=2026-7-29
2026-07-29,2026-07-01,2026-07-29,20,5243,乙盛-KY,sell,7,富邦-彰化,965U,15.0,207.0,192.0,,moneydj,https://fubon-ebrokerdj.fbs.com.tw/z/zc/zco/zco.djhtm?a=5243&e=2026-7-1&f=2026-7-29
2026-07-29,2026-07-01,2026-07-29,20,5243,乙盛-KY,buy,8,康和,8450,183.0,60.0,123.0,,moneydj,https://fubon-ebrokerdj.fbs.com.tw/z/zc/zco/zco.djhtm?a=5243&e=2026-7-1&f=2026-7-29
2026-07-29,2026-07-01,2026-07-29,20,5243,乙盛-KY,sell,8,元大-和平,9863,27.0,207.0,180.0,,moneydj,https://fubon-ebrokerdj.fbs.com.tw/z/zc/zco/zco.djhtm?a=5243&e=2026-7-1&f=2026-7-29
2026-07-29,2026-07-01,2026-07-29,20,5243,乙盛-KY,buy,9,永豐金-潮州,9A9q,136.0,29.0,107.0,,moneydj,https://fubon-ebrokerdj.fbs.com.tw/z/zc/zco/zco.djhtm?a=5243&e=2026-7-1&f=2026-7-29
2026-07-29,2026-07-01,2026-07-29,20,5243,乙盛-KY,sell,9,元大證券,9800,1484.0,1641.0,157.0,,moneydj,https://fubon-ebrokerdj.fbs.com.tw/z/zc/zco/zco.djhtm?a=5243&e=2026-7-1&f=2026-7-29
2026-07-29,2026-07-01,2026-07-29,20,5243,乙盛-KY,buy,10,永豐金-亞灣,9A9a,92.0,20.0,72.0,,moneydj,https://fubon-ebrokerdj.fbs.com.tw/z/zc/zco/zco.djhtm?a=5243&e=2026-7-1&f=2026-7-29
2026-07-29,2026-07-01,2026-07-29,20,5243,乙盛-KY,sell,10,元大-北屯,989d,4.0,153.0,149.0,,moneydj,https://fubon-ebrokerdj.fbs.com.tw/z/zc/zco/zco.djhtm?a=5243&e=2026-7-1&f=2026-7-29
2026-07-29,2026-07-01,2026-07-29,20,8111,立碁,buy,1,元大-天母,981I,2112.0,102.0,2010.0,,moneydj,https://fubon-ebrokerdj.fbs.com.tw/z/zc/zco/zco.djhtm?a=8111&e=2026-7-1&f=2026-7-29
2026-07-29,2026-07-01,2026-07-29,20,8111,立碁,sell,1,凱基-台北,9268,10409.0,10960.0,551.0,,moneydj,https://fubon-ebrokerdj.fbs.com.tw/z/zc/zco/zco.djhtm?a=8111&e=2026-7-1&f=2026-7-29
2026-07-29,2026-07-01,2026-07-29,20,8111,立碁,buy,2,永豐金證券,9A00,1696.0,1415.0,281.0,,moneydj,https://fubon-ebrokerdj.fbs.com.tw/z/zc/zco/zco.djhtm?a=8111&e=2026-7-1&f=2026-7-29
2026-07-29,2026-07-01,2026-07-29,20,8111,立碁,sell,2,亞東-台中,2187,163.0,376.0,213.0,,moneydj,https://fubon-ebrokerdj.fbs.com.tw/z/zc/zco/zco.djhtm?a=8111&e=2026-7-1&f=2026-7-29
2026-07-29,2026-07-01,2026-07-29,20,8111,立碁,buy,3,玉山證券,8840,573.0,297.0,276.0,,moneydj,https://fubon-ebrokerdj.fbs.com.tw/z/zc/zco/zco.djhtm?a=8111&e=2026-7-1&f=2026-7-29
2026-07-29,2026-07-01,2026-07-29,20,8111,立碁,sell,3,美商高盛,1480,1951.0,2155.0,204.0,,moneydj,https://fubon-ebrokerdj.fbs.com.tw/z/zc/zco/zco.djhtm?a=8111&e=2026-7-1&f=2026-7-29
2026-07-29,2026-07-01,2026-07-29,20,8111,立碁,buy,4,台新,9B00,1714.0,1438.0,276.0,,moneydj,https://fubon-ebrokerdj.fbs.com.tw/z/zc/zco/zco.djhtm?a=8111&e=2026-7-1&f=2026-7-29
2026-07-29,2026-07-01,2026-07-29,20,8111,立碁,sell,4,富邦-新莊,962D,265.0,416.0,151.0,,moneydj,https://fubon-ebrokerdj.fbs.com.tw/z/zc/zco/zco.djhtm?a=8111&e=2026-7-1&f=2026-7-29
2026-07-29,2026-07-01,2026-07-29,20,8111,立碁,buy,5,港商野村,1560,759.0,513.0,246.0,,moneydj,https://fubon-ebrokerdj.fbs.com.tw/z/zc/zco/zco.djhtm?a=8111&e=2026-7-1&f=2026-7-29
2026-07-29,2026-07-01,2026-07-29,20,8111,立碁,sell,5,永豐金-潮州,9A9q,112.0,260.0,148.0,,moneydj,https://fubon-ebrokerdj.fbs.com.tw/z/zc/zco/zco.djhtm?a=8111&e=2026-7-1&f=2026-7-29
2026-07-29,2026-07-01,2026-07-29,20,8111,立碁,buy,6,新加坡商瑞銀,1650,1841.0,1619.0,222.0,,moneydj,https://fubon-ebrokerdj.fbs.com.tw/z/zc/zco/zco.djhtm?a=8111&e=2026-7-1&f=2026-7-29
2026-07-29,2026-07-01,2026-07-29,20,8111,立碁,sell,6,永豐金-台南,9A9h,207.0,349.0,142.0,,moneydj,https://fubon-ebrokerdj.fbs.com.tw/z/zc/zco/zco.djhtm?a=8111&e=2026-7-1&f=2026-7-29
2026-07-29,2026-07-01,2026-07-29,20,8111,立碁,buy,7,元大-大天母,9893,288.0,67.0,221.0,,moneydj,https://fubon-ebrokerdj.fbs.com.tw/z/zc/zco/zco.djhtm?a=8111&e=2026-7-1&f=2026-7-29
2026-07-29,2026-07-01,2026-07-29,20,8111,立碁,sell,7,永豐金-內湖,9A9g,94.0,236.0,142.0,,moneydj,https://fubon-ebrokerdj.fbs.com.tw/z/zc/zco/zco.djhtm?a=8111&e=2026-7-1&f=2026-7-29
2026-07-29,2026-07-01,2026-07-29,20,8111,立碁,buy,8,摩根大通,8440,2312.0,2129.0,183.0,,moneydj,https://fubon-ebrokerdj.fbs.com.tw/z/zc/zco/zco.djhtm?a=8111&e=2026-7-1&f=2026-7-29
2026-07-29,2026-07-01,2026-07-29,20,8111,立碁,sell,8,新光,8560,1371.0,1509.0,138.0,,moneydj,https://fubon-ebrokerdj.fbs.com.tw/z/zc/zco/zco.djhtm?a=8111&e=2026-7-1&f=2026-7-29
2026-07-29,2026-07-01,2026-07-29,20,8111,立碁,buy,9,元大-士林,981j,343.0,182.0,161.0,,moneydj,https://fubon-ebrokerdj.fbs.com.tw/z/zc/zco/zco.djhtm?a=8111&e=2026-7-1&f=2026-7-29
2026-07-29,2026-07-01,2026-07-29,20,8111,立碁,sell,9,統一-金門,585W,67.0,195.0,128.0,,moneydj,https://fubon-ebrokerdj.fbs.com.tw/z/zc/zco/zco.djhtm?a=8111&e=2026-7-1&f=2026-7-29
2026-07-29,2026-07-01,2026-07-29,20,8111,立碁,buy,10,富邦-台北,9623,449.0,289.0,160.0,,moneydj,https://fubon-ebrokerdj.fbs.com.tw/z/zc/zco/zco.djhtm?a=8111&e=2026-7-1&f=2026-7-29
2026-07-29,2026-07-01,2026-07-29,20,8111,立碁,sell,10,群益金鼎-中壢,918A,89.0,212.0,123.0,,moneydj,https://fubon-ebrokerdj.fbs.com.tw/z/zc/zco/zco.djhtm?a=8111&e=2026-7-1&f=2026-7-29
2026-07-29,2026-07-01,2026-07-29,20,3713,新晶投控,buy,1,玉山-新莊,8842,87.0,0.0,87.0,,moneydj,https://fubon-ebrokerdj.fbs.com.tw/z/zc/zco/zco.djhtm?a=3713&e=2026-7-1&f=2026-7-29
2026-07-29,2026-07-01,2026-07-29,20,3713,新晶投控,sell,1,元大-台南,9896,0.0,61.0,61.0,,moneydj,https://fubon-ebrokerdj.fbs.com.tw/z/zc/zco/zco.djhtm?a=3713&e=2026-7-1&f=2026-7-29
2026-07-29,2026-07-01,2026-07-29,20,3713,新晶投控,buy,2,合庫-彰化,1028,87.0,4.0,83.0,,moneydj,https://fubon-ebrokerdj.fbs.com.tw/z/zc/zco/zco.djhtm?a=3713&e=2026-7-1&f=2026-7-29
2026-07-29,2026-07-01,2026-07-29,20,3713,新晶投控,sell,2,凱基-科園,9254,0.0,60.0,60.0,,moneydj,https://fubon-ebrokerdj.fbs.com.tw/z/zc/zco/zco.djhtm?a=3713&e=2026-7-1&f=2026-7-29
2026-07-29,2026-07-01,2026-07-29,20,3713,新晶投控,buy,3,台新-吉利,9B2W,57.0,0.0,57.0,,moneydj,https://fubon-ebrokerdj.fbs.com.tw/z/zc/zco/zco.djhtm?a=3713&e=2026-7-1&f=2026-7-29
2026-07-29,2026-07-01,2026-07-29,20,3713,新晶投控,sell,3,元大-內湖民權,9867,5.0,52.0,47.0,,moneydj,https://fubon-ebrokerdj.fbs.com.tw/z/zc/zco/zco.djhtm?a=3713&e=2026-7-1&f=2026-7-29
2026-07-29,2026-07-01,2026-07-29,20,3713,新晶投控,buy,4,永豐金-北高雄,9A9r,30.0,0.0,30.0,,moneydj,https://fubon-ebrokerdj.fbs.com.tw/z/zc/zco/zco.djhtm?a=3713&e=2026-7-1&f=2026-7-29
2026-07-29,2026-07-01,2026-07-29,20,3713,新晶投控,sell,4,土銀-新竹,1035,0.0,34.0,34.0,,moneydj,https://fubon-ebrokerdj.fbs.com.tw/z/zc/zco/zco.djhtm?a=3713&e=2026-7-1&f=2026-7-29
2026-07-29,2026-07-01,2026-07-29,20,3713,新晶投控,buy,5,凱基-南崁,9256,30.0,3.0,27.0,,moneydj,https://fubon-ebrokerdj.fbs.com.tw/z/zc/zco/zco.djhtm?a=3713&e=2026-7-1&f=2026-7-29
2026-07-29,2026-07-01,2026-07-29,20,3713,新晶投控,sell,5,國泰-館前,888A,2.0,35.0,33.0,,moneydj,https://fubon-ebrokerdj.fbs.com.tw/z/zc/zco/zco.djhtm?a=3713&e=2026-7-1&f=2026-7-29
2026-07-29,2026-07-01,2026-07-29,20,3713,新晶投控,buy,6,永豐金-三重,9A9K,26.0,2.0,24.0,,moneydj,https://fubon-ebrokerdj.fbs.com.tw/z/zc/zco/zco.djhtm?a=3713&e=2026-7-1&f=2026-7-29
2026-07-29,2026-07-01,2026-07-29,20,3713,新晶投控,sell,6,光和-花壇,6385,0.0,32.0,32.0,,moneydj,https://fubon-ebrokerdj.fbs.com.tw/z/zc/zco/zco.djhtm?a=3713&e=2026-7-1&f=2026-7-29
2026-07-29,2026-07-01,2026-07-29,20,3713,新晶投控,buy,7,群益金鼎-內湖,918d,21.0,0.0,21.0,,moneydj,https://fubon-ebrokerdj.fbs.com.tw/z/zc/zco/zco.djhtm?a=3713&e=2026-7-1&f=2026-7-29
2026-07-29,2026-07-01,2026-07-29,20,3713,新晶投控,sell,7,永豐金-亞灣,9A9a,5.0,35.0,30.0,,moneydj,https://fubon-ebrokerdj.fbs.com.tw/z/zc/zco/zco.djhtm?a=3713&e=2026-7-1&f=2026-7-29
2026-07-29,2026-07-01,2026-07-29,20,3713,新晶投控,buy,8,華南永昌-中正,9359,20.0,0.0,20.0,,moneydj,https://fubon-ebrokerdj.fbs.com.tw/z/zc/zco/zco.djhtm?a=3713&e=2026-7-1&f=2026-7-29
2026-07-29,2026-07-01,2026-07-29,20,3713,新晶投控,sell,8,富邦-北港,969C,0.0,28.0,28.0,,moneydj,https://fubon-ebrokerdj.fbs.com.tw/z/zc/zco/zco.djhtm?a=3713&e=2026-7-1&f=2026-7-29
2026-07-29,2026-07-01,2026-07-29,20,3713,新晶投控,buy,9,富邦-虎尾,9697,22.0,2.0,20.0,,moneydj,https://fubon-ebrokerdj.fbs.com.tw/z/zc/zco/zco.djhtm?a=3713&e=2026-7-1&f=2026-7-29
2026-07-29,2026-07-01,2026-07-29,20,3713,新晶投控,sell,9,國泰-敦南,8888,2.0,22.0,20.0,,moneydj,https://fubon-ebrokerdj.fbs.com.tw/z/zc/zco/zco.djhtm?a=3713&e=2026-7-1&f=2026-7-29
2026-07-29,2026-07-01,2026-07-29,20,3713,新晶投控,buy,10,富邦-嘉義,9692,19.0,1.0,18.0,,moneydj,https://fubon-ebrokerdj.fbs.com.tw/z/zc/zco/zco.djhtm?a=3713&e=2026-7-1&f=2026-7-29
2026-07-29,2026-07-01,2026-07-29,20,3713,新晶投控,sell,10,群益金鼎-東大,9135,7.0,26.0,19.0,,moneydj,https://fubon-ebrokerdj.fbs.com.tw/z/zc/zco/zco.djhtm?a=3713&e=2026-7-1&f=2026-7-29
2026-07-29,2026-07-01,2026-07-29,20,2820,華票,buy,1,摩根大通,8440,4403.0,2106.0,2297.0,,moneydj,https://fubon-ebrokerdj.fbs.com.tw/z/zc/zco/zco.djhtm?a=2820&e=2026-7-1&f=2026-7-29
2026-07-29,2026-07-01,2026-07-29,20,2820,華票,sell,1,兆豐證券,7000,90.0,6455.0,6365.0,,moneydj,https://fubon-ebrokerdj.fbs.com.tw/z/zc/zco/zco.djhtm?a=2820&e=2026-7-1&f=2026-7-29
2026-07-29,2026-07-01,2026-07-29,20,2820,華票,buy,2,美林,1440,2613.0,987.0,1626.0,,moneydj,https://fubon-ebrokerdj.fbs.com.tw/z/zc/zco/zco.djhtm?a=2820&e=2026-7-1&f=2026-7-29
2026-07-29,2026-07-01,2026-07-29,20,2820,華票,sell,2,統一-仁愛,585c,0.0,2800.0,2800.0,,moneydj,https://fubon-ebrokerdj.fbs.com.tw/z/zc/zco/zco.djhtm?a=2820&e=2026-7-1&f=2026-7-29
2026-07-29,2026-07-01,2026-07-29,20,2820,華票,buy,3,台灣摩根士丹利,1470,4883.0,3337.0,1546.0,,moneydj,https://fubon-ebrokerdj.fbs.com.tw/z/zc/zco/zco.djhtm?a=2820&e=2026-7-1&f=2026-7-29
2026-07-29,2026-07-01,2026-07-29,20,2820,華票,sell,3,第一金,5380,0.0,2198.0,2198.0,,moneydj,https://fubon-ebrokerdj.fbs.com.tw/z/zc/zco/zco.djhtm?a=2820&e=2026-7-1&f=2026-7-29
2026-07-29,2026-07-01,2026-07-29,20,2820,華票,buy,4,群益金鼎-瑞豐,918u,1427.0,83.0,1344.0,,moneydj,https://fubon-ebrokerdj.fbs.com.tw/z/zc/zco/zco.djhtm?a=2820&e=2026-7-1&f=2026-7-29
2026-07-29,2026-07-01,2026-07-29,20,2820,華票,sell,4,合庫證券,1020,3.0,2189.0,2186.0,,moneydj,https://fubon-ebrokerdj.fbs.com.tw/z/zc/zco/zco.djhtm?a=2820&e=2026-7-1&f=2026-7-29
2026-07-29,2026-07-01,2026-07-29,20,2820,華票,buy,5,元大-四維,9831,1426.0,127.0,1299.0,,moneydj,https://fubon-ebrokerdj.fbs.com.tw/z/zc/zco/zco.djhtm?a=2820&e=2026-7-1&f=2026-7-29
2026-07-29,2026-07-01,2026-07-29,20,2820,華票,sell,5,港商野村,1560,448.0,2597.0,2149.0,,moneydj,https://fubon-ebrokerdj.fbs.com.tw/z/zc/zco/zco.djhtm?a=2820&e=2026-7-1&f=2026-7-29
2026-07-29,2026-07-01,2026-07-29,20,2820,華票,buy,6,富邦-七賢,961K,1210.0,83.0,1127.0,,moneydj,https://fubon-ebrokerdj.fbs.com.tw/z/zc/zco/zco.djhtm?a=2820&e=2026-7-1&f=2026-7-29
2026-07-29,2026-07-01,2026-07-29,20,2820,華票,sell,6,中國信託,6160,24.0,1409.0,1385.0,,moneydj,https://fubon-ebrokerdj.fbs.com.tw/z/zc/zco/zco.djhtm?a=2820&e=2026-7-1&f=2026-7-29
2026-07-29,2026-07-01,2026-07-29,20,2820,華票,buy,7,群益金鼎-三民,9188,1112.0,70.0,1042.0,,moneydj,https://fubon-ebrokerdj.fbs.com.tw/z/zc/zco/zco.djhtm?a=2820&e=2026-7-1&f=2026-7-29
2026-07-29,2026-07-01,2026-07-29,20,2820,華票,sell,7,宏遠證券,1260,57.0,1436.0,1379.0,,moneydj,https://fubon-ebrokerdj.fbs.com.tw/z/zc/zco/zco.djhtm?a=2820&e=2026-7-1&f=2026-7-29
2026-07-29,2026-07-01,2026-07-29,20,2820,華票,buy,8,兆豐-台中港,7005,778.0,135.0,643.0,,moneydj,https://fubon-ebrokerdj.fbs.com.tw/z/zc/zco/zco.djhtm?a=2820&e=2026-7-1&f=2026-7-29
2026-07-29,2026-07-01,2026-07-29,20,2820,華票,sell,8,美商高盛,1480,4374.0,5039.0,665.0,,moneydj,https://fubon-ebrokerdj.fbs.com.tw/z/zc/zco/zco.djhtm?a=2820&e=2026-7-1&f=2026-7-29
2026-07-29,2026-07-01,2026-07-29,20,2820,華票,buy,9,群益金鼎-高盛,9105,828.0,198.0,630.0,,moneydj,https://fubon-ebrokerdj.fbs.com.tw/z/zc/zco/zco.djhtm?a=2820&e=2026-7-1&f=2026-7-29
2026-07-29,2026-07-01,2026-07-29,20,2820,華票,sell,9,元大-嘉義,989g,605.0,1257.0,652.0,,moneydj,https://fubon-ebrokerdj.fbs.com.tw/z/zc/zco/zco.djhtm?a=2820&e=2026-7-1&f=2026-7-29
2026-07-29,2026-07-01,2026-07-29,20,2820,華票,buy,10,富邦-台北,9623,665.0,58.0,607.0,,moneydj,https://fubon-ebrokerdj.fbs.com.tw/z/zc/zco/zco.djhtm?a=2820&e=2026-7-1&f=2026-7-29
2026-07-29,2026-07-01,2026-07-29,20,2820,華票,sell,10,富邦-板橋,9655,111.0,329.0,218.0,,moneydj,https://fubon-ebrokerdj.fbs.com.tw/z/zc/zco/zco.djhtm?a=2820&e=2026-7-1&f=2026-7-29
2026-07-29,2026-07-01,2026-07-29,20,6904,伯鑫,buy,1,國票-天祥,779V,17.0,1.0,16.0,,moneydj,https://fubon-ebrokerdj.fbs.com.tw/z/zc/zco/zco.djhtm?a=6904&e=2026-7-1&f=2026-7-29
2026-07-29,2026-07-01,2026-07-29,20,6904,伯鑫,sell,1,富邦-虎尾,9697,0.0,3.0,3.0,,moneydj,https://fubon-ebrokerdj.fbs.com.tw/z/zc/zco/zco.djhtm?a=6904&e=2026-7-1&f=2026-7-29
2026-07-29,2026-07-01,2026-07-29,20,6904,伯鑫,buy,2,凱基-台北,9268,1.0,0.0,1.0,,moneydj,https://fubon-ebrokerdj.fbs.com.tw/z/zc/zco/zco.djhtm?a=6904&e=2026-7-1&f=2026-7-29
2026-07-29,2026-07-01,2026-07-29,20,6904,伯鑫,sell,2,群益金鼎-台中,9184,0.0,2.0,2.0,,moneydj,https://fubon-ebrokerdj.fbs.com.tw/z/zc/zco/zco.djhtm?a=6904&e=2026-7-1&f=2026-7-29
2026-07-29,2026-07-01,2026-07-29,20,6904,伯鑫,buy,3,富邦-竹科,962C,1.0,0.0,1.0,,moneydj,https://fubon-ebrokerdj.fbs.com.tw/z/zc/zco/zco.djhtm?a=6904&e=2026-7-1&f=2026-7-29
2026-07-29,2026-07-01,2026-07-29,20,6904,伯鑫,sell,3,華南永昌,9300,9.0,11.0,2.0,,moneydj,https://fubon-ebrokerdj.fbs.com.tw/z/zc/zco/zco.djhtm?a=6904&e=2026-7-1&f=2026-7-29
2026-07-29,2026-07-01,2026-07-29,20,6904,伯鑫,buy,4,群益金鼎-民權,9131,0.0,0.0,0.0,,moneydj,https://fubon-ebrokerdj.fbs.com.tw/z/zc/zco/zco.djhtm?a=6904&e=2026-7-1&f=2026-7-29
2026-07-29,2026-07-01,2026-07-29,20,6904,伯鑫,sell,4,元大-豐原站前,989W,0.0,2.0,2.0,,moneydj,https://fubon-ebrokerdj.fbs.com.tw/z/zc/zco/zco.djhtm?a=6904&e=2026-7-1&f=2026-7-29
2026-07-29,2026-07-01,2026-07-29,20,6904,伯鑫,buy,5,元大-三民,989F,2.0,2.0,0.0,,moneydj,https://fubon-ebrokerdj.fbs.com.tw/z/zc/zco/zco.djhtm?a=6904&e=2026-7-1&f=2026-7-29
2026-07-29,2026-07-01,2026-07-29,20,6904,伯鑫,sell,5,元大-敦化,9833,3.0,4.0,1.0,,moneydj,https://fubon-ebrokerdj.fbs.com.tw/z/zc/zco/zco.djhtm?a=6904&e=2026-7-1&f=2026-7-29
2026-07-29,2026-07-01,2026-07-29,20,6904,伯鑫,buy,6,兆豐-桃園,700M,0.0,0.0,0.0,,moneydj,https://fubon-ebrokerdj.fbs.com.tw/z/zc/zco/zco.djhtm?a=6904&e=2026-7-1&f=2026-7-29
2026-07-29,2026-07-01,2026-07-29,20,6904,伯鑫,sell,6,口袋證券,6620,0.0,1.0,1.0,,moneydj,https://fubon-ebrokerdj.fbs.com.tw/z/zc/zco/zco.djhtm?a=6904&e=2026-7-1&f=2026-7-29
2026-07-29,2026-07-01,2026-07-29,20,6904,伯鑫,buy,7,元大-松江,9801,0.0,0.0,0.0,,moneydj,https://fubon-ebrokerdj.fbs.com.tw/z/zc/zco/zco.djhtm?a=6904&e=2026-7-1&f=2026-7-29
2026-07-29,2026-07-01,2026-07-29,20,6904,伯鑫,sell,7,臺銀,1040,0.0,1.0,1.0,,moneydj,https://fubon-ebrokerdj.fbs.com.tw/z/zc/zco/zco.djhtm?a=6904&e=2026-7-1&f=2026-7-29
2026-07-29,2026-07-01,2026-07-29,20,6904,伯鑫,buy,8,永豐金-潮州,9A9q,0.0,0.0,0.0,,moneydj,https://fubon-ebrokerdj.fbs.com.tw/z/zc/zco/zco.djhtm?a=6904&e=2026-7-1&f=2026-7-29
2026-07-29,2026-07-01,2026-07-29,20,6904,伯鑫,sell,8,土銀-台中,1031,0.0,1.0,1.0,,moneydj,https://fubon-ebrokerdj.fbs.com.tw/z/zc/zco/zco.djhtm?a=6904&e=2026-7-1&f=2026-7-29
2026-07-29,2026-07-01,2026-07-29,20,6904,伯鑫,buy,9,凱基-東勢,921Y,0.0,0.0,0.0,,moneydj,https://fubon-ebrokerdj.fbs.com.tw/z/zc/zco/zco.djhtm?a=6904&e=2026-7-1&f=2026-7-29
2026-07-29,2026-07-01,2026-07-29,20,6904,伯鑫,sell,9,新光-台中,8561,0.0,1.0,1.0,,moneydj,https://fubon-ebrokerdj.fbs.com.tw/z/zc/zco/zco.djhtm?a=6904&e=2026-7-1&f=2026-7-29
2026-07-29,2026-07-01,2026-07-29,20,6904,伯鑫,buy,10,元大-大里,981g,0.0,0.0,0.0,,moneydj,https://fubon-ebrokerdj.fbs.com.tw/z/zc/zco/zco.djhtm?a=6904&e=2026-7-1&f=2026-7-29
2026-07-29,2026-07-01,2026-07-29,20,6904,伯鑫,sell,10,國泰-館前,888A,0.0,1.0,1.0,,moneydj,https://fubon-ebrokerdj.fbs.com.tw/z/zc/zco/zco.djhtm?a=6904&e=2026-7-1&f=2026-7-29
2026-07-29,2026-07-01,2026-07-29,20,4938,和碩,buy,1,美商高盛,1480,27132.0,12924.0,14208.0,,moneydj,https://fubon-ebrokerdj.fbs.com.tw/z/zc/zco/zco.djhtm?a=4938&e=2026-7-1&f=2026-7-29
2026-07-29,2026-07-01,2026-07-29,20,4938,和碩,sell,1,港商野村,1560,3924.0,20757.0,16833.0,,moneydj,https://fubon-ebrokerdj.fbs.com.tw/z/zc/zco/zco.djhtm?a=4938&e=2026-7-1&f=2026-7-29
2026-07-29,2026-07-01,2026-07-29,20,4938,和碩,buy,2,台灣摩根士丹利,1470,28735.0,14616.0,14119.0,,moneydj,https://fubon-ebrokerdj.fbs.com.tw/z/zc/zco/zco.djhtm?a=4938&e=2026-7-1&f=2026-7-29
2026-07-29,2026-07-01,2026-07-29,20,4938,和碩,sell,2,群益金鼎,9100,1994.0,11834.0,9840.0,,moneydj,https://fubon-ebrokerdj.fbs.com.tw/z/zc/zco/zco.djhtm?a=4938&e=2026-7-1&f=2026-7-29
2026-07-29,2026-07-01,2026-07-29,20,4938,和碩,buy,3,元大證券,9800,29397.0,18188.0,11209.0,,moneydj,https://fubon-ebrokerdj.fbs.com.tw/z/zc/zco/zco.djhtm?a=4938&e=2026-7-1&f=2026-7-29
2026-07-29,2026-07-01,2026-07-29,20,4938,和碩,sell,3,永豐金證券,9A00,3858.0,9592.0,5734.0,,moneydj,https://fubon-ebrokerdj.fbs.com.tw/z/zc/zco/zco.djhtm?a=4938&e=2026-7-1&f=2026-7-29
2026-07-29,2026-07-01,2026-07-29,20,4938,和碩,buy,4,花旗環球,1590,9696.0,2223.0,7473.0,,moneydj,https://fubon-ebrokerdj.fbs.com.tw/z/zc/zco/zco.djhtm?a=4938&e=2026-7-1&f=2026-7-29
2026-07-29,2026-07-01,2026-07-29,20,4938,和碩,sell,4,臺銀,1040,140.0,5236.0,5096.0,,moneydj,https://fubon-ebrokerdj.fbs.com.tw/z/zc/zco/zco.djhtm?a=4938&e=2026-7-1&f=2026-7-29
2026-07-29,2026-07-01,2026-07-29,20,4938,和碩,buy,5,摩根大通,8440,18465.0,11021.0,7444.0,,moneydj,https://fubon-ebrokerdj.fbs.com.tw/z/zc/zco/zco.djhtm?a=4938&e=2026-7-1&f=2026-7-29
2026-07-29,2026-07-01,2026-07-29,20,4938,和碩,sell,5,富邦證券,9600,1926.0,5186.0,3260.0,,moneydj,https://fubon-ebrokerdj.fbs.com.tw/z/zc/zco/zco.djhtm?a=4938&e=2026-7-1&f=2026-7-29
2026-07-29,2026-07-01,2026-07-29,20,4938,和碩,buy,6,美林,1440,13636.0,6604.0,7032.0,,moneydj,https://fubon-ebrokerdj.fbs.com.tw/z/zc/zco/zco.djhtm?a=4938&e=2026-7-1&f=2026-7-29
2026-07-29,2026-07-01,2026-07-29,20,4938,和碩,sell,6,華南永昌,9300,417.0,2751.0,2334.0,,moneydj,https://fubon-ebrokerdj.fbs.com.tw/z/zc/zco/zco.djhtm?a=4938&e=2026-7-1&f=2026-7-29
2026-07-29,2026-07-01,2026-07-29,20,4938,和碩,buy,7,新加坡商瑞銀,1650,12283.0,5862.0,6421.0,,moneydj,https://fubon-ebrokerdj.fbs.com.tw/z/zc/zco/zco.djhtm?a=4938&e=2026-7-1&f=2026-7-29
2026-07-29,2026-07-01,2026-07-29,20,4938,和碩,sell,7,凱基,9200,1048.0,2528.0,1480.0,,moneydj,https://fubon-ebrokerdj.fbs.com.tw/z/zc/zco/zco.djhtm?a=4938&e=2026-7-1&f=2026-7-29
2026-07-29,2026-07-01,2026-07-29,20,4938,和碩,buy,8,凱基-台北,9268,15252.0,9591.0,5661.0,,moneydj,https://fubon-ebrokerdj.fbs.com.tw/z/zc/zco/zco.djhtm?a=4938&e=2026-7-1&f=2026-7-29
2026-07-29,2026-07-01,2026-07-29,20,4938,和碩,sell,8,土銀,1030,36.0,1126.0,1090.0,,moneydj,https://fubon-ebrokerdj.fbs.com.tw/z/zc/zco/zco.djhtm?a=4938&e=2026-7-1&f=2026-7-29
2026-07-29,2026-07-01,2026-07-29,20,4938,和碩,buy,9,港商麥格理,1360,1614.0,806.0,808.0,,moneydj,https://fubon-ebrokerdj.fbs.com.tw/z/zc/zco/zco.djhtm?a=4938&e=2026-7-1&f=2026-7-29
2026-07-29,2026-07-01,2026-07-29,20,4938,和碩,sell,9,國票-博愛,779z,7.0,676.0,669.0,,moneydj,https://fubon-ebrokerdj.fbs.com.tw/z/zc/zco/zco.djhtm?a=4938&e=2026-7-1&f=2026-7-29
2026-07-29,2026-07-01,2026-07-29,20,4938,和碩,buy,10,永豐金-匯立,9A81,847.0,114.0,733.0,,moneydj,https://fubon-ebrokerdj.fbs.com.tw/z/zc/zco/zco.djhtm?a=4938&e=2026-7-1&f=2026-7-29
2026-07-29,2026-07-01,2026-07-29,20,4938,和碩,sell,10,國票-敦北法人,779c,40.0,672.0,632.0,,moneydj,https://fubon-ebrokerdj.fbs.com.tw/z/zc/zco/zco.djhtm?a=4938&e=2026-7-1&f=2026-7-29
2026-07-29,2026-07-01,2026-07-29,20,5386,青雲,buy,1,元大證券,9800,2351.0,1994.0,357.0,,moneydj,https://fubon-ebrokerdj.fbs.com.tw/z/zc/zco/zco.djhtm?a=5386&e=2026-7-1&f=2026-7-29
2026-07-29,2026-07-01,2026-07-29,20,5386,青雲,sell,1,永豐金證券,9A00,140.0,370.0,230.0,,moneydj,https://fubon-ebrokerdj.fbs.com.tw/z/zc/zco/zco.djhtm?a=5386&e=2026-7-1&f=2026-7-29
2026-07-29,2026-07-01,2026-07-29,20,5386,青雲,buy,2,凱基-台北,9268,2757.0,2575.0,182.0,,moneydj,https://fubon-ebrokerdj.fbs.com.tw/z/zc/zco/zco.djhtm?a=5386&e=2026-7-1&f=2026-7-29
2026-07-29,2026-07-01,2026-07-29,20,5386,青雲,sell,2,富邦-仁愛,9676,87.0,299.0,212.0,,moneydj,https://fubon-ebrokerdj.fbs.com.tw/z/zc/zco/zco.djhtm?a=5386&e=2026-7-1&f=2026-7-29
2026-07-29,2026-07-01,2026-07-29,20,5386,青雲,buy,3,美林,1440,401.0,311.0,90.0,,moneydj,https://fubon-ebrokerdj.fbs.com.tw/z/zc/zco/zco.djhtm?a=5386&e=2026-7-1&f=2026-7-29
2026-07-29,2026-07-01,2026-07-29,20,5386,青雲,sell,3,國泰-敦南,8888,508.0,678.0,170.0,,moneydj,https://fubon-ebrokerdj.fbs.com.tw/z/zc/zco/zco.djhtm?a=5386&e=2026-7-1&f=2026-7-29
2026-07-29,2026-07-01,2026-07-29,20,5386,青雲,buy,4,兆豐-板橋,700B,110.0,21.0,89.0,,moneydj,https://fubon-ebrokerdj.fbs.com.tw/z/zc/zco/zco.djhtm?a=5386&e=2026-7-1&f=2026-7-29
2026-07-29,2026-07-01,2026-07-29,20,5386,青雲,sell,4,摩根大通,8440,1593.0,1719.0,126.0,,moneydj,https://fubon-ebrokerdj.fbs.com.tw/z/zc/zco/zco.djhtm?a=5386&e=2026-7-1&f=2026-7-29
2026-07-29,2026-07-01,2026-07-29,20,5386,青雲,buy,5,元大-竹科,980K,104.0,37.0,67.0,,moneydj,https://fubon-ebrokerdj.fbs.com.tw/z/zc/zco/zco.djhtm?a=5386&e=2026-7-1&f=2026-7-29
2026-07-29,2026-07-01,2026-07-29,20,5386,青雲,sell,5,凱基-竹科,9272,24.0,140.0,116.0,,moneydj,https://fubon-ebrokerdj.fbs.com.tw/z/zc/zco/zco.djhtm?a=5386&e=2026-7-1&f=2026-7-29
2026-07-29,2026-07-01,2026-07-29,20,5386,青雲,buy,6,美商高盛,1480,1318.0,1252.0,66.0,,moneydj,https://fubon-ebrokerdj.fbs.com.tw/z/zc/zco/zco.djhtm?a=5386&e=2026-7-1&f=2026-7-29
2026-07-29,2026-07-01,2026-07-29,20,5386,青雲,sell,6,合庫-桃園,102E,48.0,148.0,100.0,,moneydj,https://fubon-ebrokerdj.fbs.com.tw/z/zc/zco/zco.djhtm?a=5386&e=2026-7-1&f=2026-7-29
2026-07-29,2026-07-01,2026-07-29,20,5386,青雲,buy,7,新光,8560,344.0,279.0,65.0,,moneydj,https://fubon-ebrokerdj.fbs.com.tw/z/zc/zco/zco.djhtm?a=5386&e=2026-7-1&f=2026-7-29
2026-07-29,2026-07-01,2026-07-29,20,5386,青雲,sell,7,富邦-敦南,9663,63.0,159.0,96.0,,moneydj,https://fubon-ebrokerdj.fbs.com.tw/z/zc/zco/zco.djhtm?a=5386&e=2026-7-1&f=2026-7-29
2026-07-29,2026-07-01,2026-07-29,20,5386,青雲,buy,8,統一-士林,585M,167.0,108.0,59.0,,moneydj,https://fubon-ebrokerdj.fbs.com.tw/z/zc/zco/zco.djhtm?a=5386&e=2026-7-1&f=2026-7-29
2026-07-29,2026-07-01,2026-07-29,20,5386,青雲,sell,8,富邦-花蓮,9621,59.0,152.0,93.0,,moneydj,https://fubon-ebrokerdj.fbs.com.tw/z/zc/zco/zco.djhtm?a=5386&e=2026-7-1&f=2026-7-29
2026-07-29,2026-07-01,2026-07-29,20,5386,青雲,buy,9,玉山-桃園,884F,94.0,44.0,50.0,,moneydj,https://fubon-ebrokerdj.fbs.com.tw/z/zc/zco/zco.djhtm?a=5386&e=2026-7-1&f=2026-7-29
2026-07-29,2026-07-01,2026-07-29,20,5386,青雲,sell,9,凱基-高美館,9215,43.0,128.0,85.0,,moneydj,https://fubon-ebrokerdj.fbs.com.tw/z/zc/zco/zco.djhtm?a=5386&e=2026-7-1&f=2026-7-29
2026-07-29,2026-07-01,2026-07-29,20,5386,青雲,buy,10,元大-楊梅,987A,67.0,19.0,48.0,,moneydj,https://fubon-ebrokerdj.fbs.com.tw/z/zc/zco/zco.djhtm?a=5386&e=2026-7-1&f=2026-7-29
2026-07-29,2026-07-01,2026-07-29,20,5386,青雲,sell,10,兆豐-北高雄,700I,15.0,99.0,84.0,,moneydj,https://fubon-ebrokerdj.fbs.com.tw/z/zc/zco/zco.djhtm?a=5386&e=2026-7-1&f=2026-7-29
2026-07-29,2026-07-01,2026-07-29,20,2352,佳世達,buy,1,凱基,9200,21657.0,2730.0,18927.0,,moneydj,https://fubon-ebrokerdj.fbs.com.tw/z/zc/zco/zco.djhtm?a=2352&e=2026-7-1&f=2026-7-29
2026-07-29,2026-07-01,2026-07-29,20,2352,佳世達,sell,1,摩根大通,8440,14103.0,30835.0,16732.0,,moneydj,https://fubon-ebrokerdj.fbs.com.tw/z/zc/zco/zco.djhtm?a=2352&e=2026-7-1&f=2026-7-29
2026-07-29,2026-07-01,2026-07-29,20,2352,佳世達,buy,2,永豐金證券,9A00,16051.0,4894.0,11157.0,,moneydj,https://fubon-ebrokerdj.fbs.com.tw/z/zc/zco/zco.djhtm?a=2352&e=2026-7-1&f=2026-7-29
2026-07-29,2026-07-01,2026-07-29,20,2352,佳世達,sell,2,台灣摩根士丹利,1470,13584.0,27387.0,13803.0,,moneydj,https://fubon-ebrokerdj.fbs.com.tw/z/zc/zco/zco.djhtm?a=2352&e=2026-7-1&f=2026-7-29
2026-07-29,2026-07-01,2026-07-29,20,2352,佳世達,buy,3,美好,5260,1207.0,228.0,979.0,,moneydj,https://fubon-ebrokerdj.fbs.com.tw/z/zc/zco/zco.djhtm?a=2352&e=2026-7-1&f=2026-7-29
2026-07-29,2026-07-01,2026-07-29,20,2352,佳世達,sell,3,凱基-台北,9268,23932.0,29827.0,5895.0,,moneydj,https://fubon-ebrokerdj.fbs.com.tw/z/zc/zco/zco.djhtm?a=2352&e=2026-7-1&f=2026-7-29
2026-07-29,2026-07-01,2026-07-29,20,2352,佳世達,buy,4,台新-世貿,9B2u,905.0,140.0,765.0,,moneydj,https://fubon-ebrokerdj.fbs.com.tw/z/zc/zco/zco.djhtm?a=2352&e=2026-7-1&f=2026-7-29
2026-07-29,2026-07-01,2026-07-29,20,2352,佳世達,sell,4,富邦證券,9600,3852.0,8228.0,4376.0,,moneydj,https://fubon-ebrokerdj.fbs.com.tw/z/zc/zco/zco.djhtm?a=2352&e=2026-7-1&f=2026-7-29
2026-07-29,2026-07-01,2026-07-29,20,2352,佳世達,buy,5,台新-安南,9B2Z,1129.0,432.0,697.0,,moneydj,https://fubon-ebrokerdj.fbs.com.tw/z/zc/zco/zco.djhtm?a=2352&e=2026-7-1&f=2026-7-29
2026-07-29,2026-07-01,2026-07-29,20,2352,佳世達,sell,5,美林,1440,3918.0,8135.0,4217.0,,moneydj,https://fubon-ebrokerdj.fbs.com.tw/z/zc/zco/zco.djhtm?a=2352&e=2026-7-1&f=2026-7-29
2026-07-29,2026-07-01,2026-07-29,20,2352,佳世達,buy,6,統一,5850,6646.0,5965.0,681.0,,moneydj,https://fubon-ebrokerdj.fbs.com.tw/z/zc/zco/zco.djhtm?a=2352&e=2026-7-1&f=2026-7-29
2026-07-29,2026-07-01,2026-07-29,20,2352,佳世達,sell,6,新加坡商瑞銀,1650,11567.0,15482.0,3915.0,,moneydj,https://fubon-ebrokerdj.fbs.com.tw/z/zc/zco/zco.djhtm?a=2352&e=2026-7-1&f=2026-7-29
2026-07-29,2026-07-01,2026-07-29,20,2352,佳世達,buy,7,富邦-竹東,9625,1565.0,945.0,620.0,,moneydj,https://fubon-ebrokerdj.fbs.com.tw/z/zc/zco/zco.djhtm?a=2352&e=2026-7-1&f=2026-7-29
2026-07-29,2026-07-01,2026-07-29,20,2352,佳世達,sell,7,美商高盛,1480,17432.0,20776.0,3344.0,,moneydj,https://fubon-ebrokerdj.fbs.com.tw/z/zc/zco/zco.djhtm?a=2352&e=2026-7-1&f=2026-7-29
2026-07-29,2026-07-01,2026-07-29,20,2352,佳世達,buy,8,永全-八德,6452,875.0,264.0,611.0,,moneydj,https://fubon-ebrokerdj.fbs.com.tw/z/zc/zco/zco.djhtm?a=2352&e=2026-7-1&f=2026-7-29
2026-07-29,2026-07-01,2026-07-29,20,2352,佳世達,sell,8,花旗環球,1590,877.0,3395.0,2518.0,,moneydj,https://fubon-ebrokerdj.fbs.com.tw/z/zc/zco/zco.djhtm?a=2352&e=2026-7-1&f=2026-7-29
2026-07-29,2026-07-01,2026-07-29,20,2352,佳世達,buy,9,元大-南屯,9853,946.0,364.0,582.0,,moneydj,https://fubon-ebrokerdj.fbs.com.tw/z/zc/zco/zco.djhtm?a=2352&e=2026-7-1&f=2026-7-29
2026-07-29,2026-07-01,2026-07-29,20,2352,佳世達,sell,9,凱基-城中,9227,449.0,2807.0,2358.0,,moneydj,https://fubon-ebrokerdj.fbs.com.tw/z/zc/zco/zco.djhtm?a=2352&e=2026-7-1&f=2026-7-29
2026-07-29,2026-07-01,2026-07-29,20,2352,佳世達,buy,10,大昌-樹林,6461,1292.0,728.0,564.0,,moneydj,https://fubon-ebrokerdj.fbs.com.tw/z/zc/zco/zco.djhtm?a=2352&e=2026-7-1&f=2026-7-29
2026-07-29,2026-07-01,2026-07-29,20,2352,佳世達,sell,10,港商野村,1560,4668.0,6272.0,1604.0,,moneydj,https://fubon-ebrokerdj.fbs.com.tw/z/zc/zco/zco.djhtm?a=2352&e=2026-7-1&f=2026-7-29
2026-07-29,2026-07-01,2026-07-29,20,4577,達航科技,buy,1,元大-歸仁,981a,140.0,12.0,128.0,,moneydj,https://fubon-ebrokerdj.fbs.com.tw/z/zc/zco/zco.djhtm?a=4577&e=2026-7-1&f=2026-7-29
2026-07-29,2026-07-01,2026-07-29,20,4577,達航科技,sell,1,凱基-台北,9268,1123.0,1416.0,293.0,,moneydj,https://fubon-ebrokerdj.fbs.com.tw/z/zc/zco/zco.djhtm?a=4577&e=2026-7-1&f=2026-7-29
2026-07-29,2026-07-01,2026-07-29,20,4577,達航科技,buy,2,台新-大昌,9B2D,118.0,46.0,72.0,,moneydj,https://fubon-ebrokerdj.fbs.com.tw/z/zc/zco/zco.djhtm?a=4577&e=2026-7-1&f=2026-7-29
2026-07-29,2026-07-01,2026-07-29,20,4577,達航科技,sell,2,元大-天母,981I,7.0,236.0,229.0,,moneydj,https://fubon-ebrokerdj.fbs.com.tw/z/zc/zco/zco.djhtm?a=4577&e=2026-7-1&f=2026-7-29
2026-07-29,2026-07-01,2026-07-29,20,4577,達航科技,buy,3,第一金-嘉義,538M,44.0,5.0,39.0,,moneydj,https://fubon-ebrokerdj.fbs.com.tw/z/zc/zco/zco.djhtm?a=4577&e=2026-7-1&f=2026-7-29
2026-07-29,2026-07-01,2026-07-29,20,4577,達航科技,sell,3,台灣摩根士丹利,1470,570.0,672.0,102.0,,moneydj,https://fubon-ebrokerdj.fbs.com.tw/z/zc/zco/zco.djhtm?a=4577&e=2026-7-1&f=2026-7-29
2026-07-29,2026-07-01,2026-07-29,20,4577,達航科技,buy,4,華南永昌-鳳山,9331,46.0,9.0,37.0,,moneydj,https://fubon-ebrokerdj.fbs.com.tw/z/zc/zco/zco.djhtm?a=4577&e=2026-7-1&f=2026-7-29
2026-07-29,2026-07-01,2026-07-29,20,4577,達航科技,sell,4,台新-松德,9B2a,12.0,84.0,72.0,,moneydj,https://fubon-ebrokerdj.fbs.com.tw/z/zc/zco/zco.djhtm?a=4577&e=2026-7-1&f=2026-7-29
2026-07-29,2026-07-01,2026-07-29,20,4577,達航科技,buy,5,富邦-陽明,9604,49.0,15.0,34.0,,moneydj,https://fubon-ebrokerdj.fbs.com.tw/z/zc/zco/zco.djhtm?a=4577&e=2026-7-1&f=2026-7-29
2026-07-29,2026-07-01,2026-07-29,20,4577,達航科技,sell,5,大昌-樹林,6461,2.0,73.0,71.0,,moneydj,https://fubon-ebrokerdj.fbs.com.tw/z/zc/zco/zco.djhtm?a=4577&e=2026-7-1&f=2026-7-29
2026-07-29,2026-07-01,2026-07-29,20,4577,達航科技,buy,6,國票-內壢,7798,28.0,1.0,27.0,,moneydj,https://fubon-ebrokerdj.fbs.com.tw/z/zc/zco/zco.djhtm?a=4577&e=2026-7-1&f=2026-7-29
2026-07-29,2026-07-01,2026-07-29,20,4577,達航科技,sell,6,中國信託-文心,6164,8.0,62.0,54.0,,moneydj,https://fubon-ebrokerdj.fbs.com.tw/z/zc/zco/zco.djhtm?a=4577&e=2026-7-1&f=2026-7-29
2026-07-29,2026-07-01,2026-07-29,20,4577,達航科技,buy,7,大展,5050,32.0,6.0,26.0,,moneydj,https://fubon-ebrokerdj.fbs.com.tw/z/zc/zco/zco.djhtm?a=4577&e=2026-7-1&f=2026-7-29
2026-07-29,2026-07-01,2026-07-29,20,4577,達航科技,sell,7,國泰-敦南,8888,230.0,277.0,47.0,,moneydj,https://fubon-ebrokerdj.fbs.com.tw/z/zc/zco/zco.djhtm?a=4577&e=2026-7-1&f=2026-7-29
2026-07-29,2026-07-01,2026-07-29,20,4577,達航科技,buy,8,群益金鼎-中港,9138,27.0,3.0,24.0,,moneydj,https://fubon-ebrokerdj.fbs.com.tw/z/zc/zco/zco.djhtm?a=4577&e=2026-7-1&f=2026-7-29
2026-07-29,2026-07-01,2026-07-29,20,4577,達航科技,sell,8,國泰-忠孝,8887,3.0,43.0,40.0,,moneydj,https://fubon-ebrokerdj.fbs.com.tw/z/zc/zco/zco.djhtm?a=4577&e=2026-7-1&f=2026-7-29
2026-07-29,2026-07-01,2026-07-29,20,4577,達航科技,buy,9,富邦-八德,963A,34.0,11.0,23.0,,moneydj,https://fubon-ebrokerdj.fbs.com.tw/z/zc/zco/zco.djhtm?a=4577&e=2026-7-1&f=2026-7-29
2026-07-29,2026-07-01,2026-07-29,20,4577,達航科技,sell,9,富邦-宜蘭,9686,47.0,83.0,36.0,,moneydj,https://fubon-ebrokerdj.fbs.com.tw/z/zc/zco/zco.djhtm?a=4577&e=2026-7-1&f=2026-7-29
2026-07-29,2026-07-01,2026-07-29,20,4577,達航科技,buy,10,永豐金-新店,9A9i,28.0,6.0,22.0,,moneydj,https://fubon-ebrokerdj.fbs.com.tw/z/zc/zco/zco.djhtm?a=4577&e=2026-7-1&f=2026-7-29
2026-07-29,2026-07-01,2026-07-29,20,4577,達航科技,sell,10,統一-敦南,5852,88.0,112.0,24.0,,moneydj,https://fubon-ebrokerdj.fbs.com.tw/z/zc/zco/zco.djhtm?a=4577&e=2026-7-1&f=2026-7-29
2026-07-29,2026-07-01,2026-07-29,20,2233,宇隆,buy,1,台灣摩根士丹利,1470,1485.0,594.0,891.0,,moneydj,https://fubon-ebrokerdj.fbs.com.tw/z/zc/zco/zco.djhtm?a=2233&e=2026-7-1&f=2026-7-29
2026-07-29,2026-07-01,2026-07-29,20,2233,宇隆,sell,1,統一,5850,643.0,1219.0,576.0,,moneydj,https://fubon-ebrokerdj.fbs.com.tw/z/zc/zco/zco.djhtm?a=2233&e=2026-7-1&f=2026-7-29
2026-07-29,2026-07-01,2026-07-29,20,2233,宇隆,buy,2,美商高盛,1480,1071.0,764.0,307.0,,moneydj,https://fubon-ebrokerdj.fbs.com.tw/z/zc/zco/zco.djhtm?a=2233&e=2026-7-1&f=2026-7-29
2026-07-29,2026-07-01,2026-07-29,20,2233,宇隆,sell,2,摩根大通,8440,355.0,493.0,138.0,,moneydj,https://fubon-ebrokerdj.fbs.com.tw/z/zc/zco/zco.djhtm?a=2233&e=2026-7-1&f=2026-7-29
2026-07-29,2026-07-01,2026-07-29,20,2233,宇隆,buy,3,群益金鼎,9100,429.0,160.0,269.0,,moneydj,https://fubon-ebrokerdj.fbs.com.tw/z/zc/zco/zco.djhtm?a=2233&e=2026-7-1&f=2026-7-29
2026-07-29,2026-07-01,2026-07-29,20,2233,宇隆,sell,3,元大證券,9800,1001.0,1131.0,130.0,,moneydj,https://fubon-ebrokerdj.fbs.com.tw/z/zc/zco/zco.djhtm?a=2233&e=2026-7-1&f=2026-7-29
2026-07-29,2026-07-01,2026-07-29,20,2233,宇隆,buy,4,國泰證券,8880,340.0,82.0,258.0,,moneydj,https://fubon-ebrokerdj.fbs.com.tw/z/zc/zco/zco.djhtm?a=2233&e=2026-7-1&f=2026-7-29
2026-07-29,2026-07-01,2026-07-29,20,2233,宇隆,sell,4,凱基-信義,9216,3.0,101.0,98.0,,moneydj,https://fubon-ebrokerdj.fbs.com.tw/z/zc/zco/zco.djhtm?a=2233&e=2026-7-1&f=2026-7-29
2026-07-29,2026-07-01,2026-07-29,20,2233,宇隆,buy,5,統一-新台中,585D,213.0,42.0,171.0,,moneydj,https://fubon-ebrokerdj.fbs.com.tw/z/zc/zco/zco.djhtm?a=2233&e=2026-7-1&f=2026-7-29
2026-07-29,2026-07-01,2026-07-29,20,2233,宇隆,sell,5,元大-敦化,9833,11.0,108.0,97.0,,moneydj,https://fubon-ebrokerdj.fbs.com.tw/z/zc/zco/zco.djhtm?a=2233&e=2026-7-1&f=2026-7-29
2026-07-29,2026-07-01,2026-07-29,20,2233,宇隆,buy,6,富邦-新店,9661,202.0,65.0,137.0,,moneydj,https://fubon-ebrokerdj.fbs.com.tw/z/zc/zco/zco.djhtm?a=2233&e=2026-7-1&f=2026-7-29
2026-07-29,2026-07-01,2026-07-29,20,2233,宇隆,sell,6,兆豐-大安,700j,24.0,121.0,97.0,,moneydj,https://fubon-ebrokerdj.fbs.com.tw/z/zc/zco/zco.djhtm?a=2233&e=2026-7-1&f=2026-7-29
2026-07-29,2026-07-01,2026-07-29,20,2233,宇隆,buy,7,凱基-台北,9268,1567.0,1439.0,128.0,,moneydj,https://fubon-ebrokerdj.fbs.com.tw/z/zc/zco/zco.djhtm?a=2233&e=2026-7-1&f=2026-7-29
2026-07-29,2026-07-01,2026-07-29,20,2233,宇隆,sell,7,台新-西松,9B2n,3.0,99.0,96.0,,moneydj,https://fubon-ebrokerdj.fbs.com.tw/z/zc/zco/zco.djhtm?a=2233&e=2026-7-1&f=2026-7-29
2026-07-29,2026-07-01,2026-07-29,20,2233,宇隆,buy,8,元大-中山北路,980a,123.0,21.0,102.0,,moneydj,https://fubon-ebrokerdj.fbs.com.tw/z/zc/zco/zco.djhtm?a=2233&e=2026-7-1&f=2026-7-29
2026-07-29,2026-07-01,2026-07-29,20,2233,宇隆,sell,8,聯邦-台南,8588,98.0,191.0,93.0,,moneydj,https://fubon-ebrokerdj.fbs.com.tw/z/zc/zco/zco.djhtm?a=2233&e=2026-7-1&f=2026-7-29
2026-07-29,2026-07-01,2026-07-29,20,2233,宇隆,buy,9,元大-南屯,9853,113.0,20.0,93.0,,moneydj,https://fubon-ebrokerdj.fbs.com.tw/z/zc/zco/zco.djhtm?a=2233&e=2026-7-1&f=2026-7-29
2026-07-29,2026-07-01,2026-07-29,20,2233,宇隆,sell,9,華南永昌-台南,9306,145.0,225.0,80.0,,moneydj,https://fubon-ebrokerdj.fbs.com.tw/z/zc/zco/zco.djhtm?a=2233&e=2026-7-1&f=2026-7-29
2026-07-29,2026-07-01,2026-07-29,20,2233,宇隆,buy,10,群益金鼎-內湖,918d,100.0,13.0,87.0,,moneydj,https://fubon-ebrokerdj.fbs.com.tw/z/zc/zco/zco.djhtm?a=2233&e=2026-7-1&f=2026-7-29
2026-07-29,2026-07-01,2026-07-29,20,2233,宇隆,sell,10,凱基-台南,9211,12.0,80.0,68.0,,moneydj,https://fubon-ebrokerdj.fbs.com.tw/z/zc/zco/zco.djhtm?a=2233&e=2026-7-1&f=2026-7-29
2026-07-29,2026-07-01,2026-07-29,20,6147,頎邦,buy,1,台灣摩根士丹利,1470,44071.0,20085.0,23986.0,,moneydj,https://fubon-ebrokerdj.fbs.com.tw/z/zc/zco/zco.djhtm?a=6147&e=2026-7-1&f=2026-7-29
2026-07-29,2026-07-01,2026-07-29,20,6147,頎邦,sell,1,富邦證券,9600,17363.0,31470.0,14107.0,,moneydj,https://fubon-ebrokerdj.fbs.com.tw/z/zc/zco/zco.djhtm?a=6147&e=2026-7-1&f=2026-7-29
2026-07-29,2026-07-01,2026-07-29,20,6147,頎邦,buy,2,新加坡商瑞銀,1650,24903.0,16862.0,8041.0,,moneydj,https://fubon-ebrokerdj.fbs.com.tw/z/zc/zco/zco.djhtm?a=6147&e=2026-7-1&f=2026-7-29
2026-07-29,2026-07-01,2026-07-29,20,6147,頎邦,sell,2,永豐金證券,9A00,8596.0,18037.0,9441.0,,moneydj,https://fubon-ebrokerdj.fbs.com.tw/z/zc/zco/zco.djhtm?a=6147&e=2026-7-1&f=2026-7-29
2026-07-29,2026-07-01,2026-07-29,20,6147,頎邦,buy,3,美林,1440,11040.0,3400.0,7640.0,,moneydj,https://fubon-ebrokerdj.fbs.com.tw/z/zc/zco/zco.djhtm?a=6147&e=2026-7-1&f=2026-7-29
2026-07-29,2026-07-01,2026-07-29,20,6147,頎邦,sell,3,統一,5850,5396.0,12037.0,6641.0,,moneydj,https://fubon-ebrokerdj.fbs.com.tw/z/zc/zco/zco.djhtm?a=6147&e=2026-7-1&f=2026-7-29
2026-07-29,2026-07-01,2026-07-29,20,6147,頎邦,buy,4,摩根大通,8440,23370.0,18904.0,4466.0,,moneydj,https://fubon-ebrokerdj.fbs.com.tw/z/zc/zco/zco.djhtm?a=6147&e=2026-7-1&f=2026-7-29
2026-07-29,2026-07-01,2026-07-29,20,6147,頎邦,sell,4,國泰證券,8880,1724.0,8007.0,6283.0,,moneydj,https://fubon-ebrokerdj.fbs.com.tw/z/zc/zco/zco.djhtm?a=6147&e=2026-7-1&f=2026-7-29
2026-07-29,2026-07-01,2026-07-29,20,6147,頎邦,buy,5,美商高盛,1480,24711.0,21333.0,3378.0,,moneydj,https://fubon-ebrokerdj.fbs.com.tw/z/zc/zco/zco.djhtm?a=6147&e=2026-7-1&f=2026-7-29
2026-07-29,2026-07-01,2026-07-29,20,6147,頎邦,sell,5,群益金鼎,9100,7351.0,12737.0,5386.0,,moneydj,https://fubon-ebrokerdj.fbs.com.tw/z/zc/zco/zco.djhtm?a=6147&e=2026-7-1&f=2026-7-29
2026-07-29,2026-07-01,2026-07-29,20,6147,頎邦,buy,6,港商野村,1560,6353.0,3654.0,2699.0,,moneydj,https://fubon-ebrokerdj.fbs.com.tw/z/zc/zco/zco.djhtm?a=6147&e=2026-7-1&f=2026-7-29
2026-07-29,2026-07-01,2026-07-29,20,6147,頎邦,sell,6,台新,9B00,4651.0,8121.0,3470.0,,moneydj,https://fubon-ebrokerdj.fbs.com.tw/z/zc/zco/zco.djhtm?a=6147&e=2026-7-1&f=2026-7-29
2026-07-29,2026-07-01,2026-07-29,20,6147,頎邦,buy,7,元大-松江,9801,2865.0,819.0,2046.0,,moneydj,https://fubon-ebrokerdj.fbs.com.tw/z/zc/zco/zco.djhtm?a=6147&e=2026-7-1&f=2026-7-29
2026-07-29,2026-07-01,2026-07-29,20,6147,頎邦,sell,7,元大證券,9800,74201.0,77392.0,3191.0,,moneydj,https://fubon-ebrokerdj.fbs.com.tw/z/zc/zco/zco.djhtm?a=6147&e=2026-7-1&f=2026-7-29
2026-07-29,2026-07-01,2026-07-29,20,6147,頎邦,buy,8,花旗環球,1590,2879.0,929.0,1950.0,,moneydj,https://fubon-ebrokerdj.fbs.com.tw/z/zc/zco/zco.djhtm?a=6147&e=2026-7-1&f=2026-7-29
2026-07-29,2026-07-01,2026-07-29,20,6147,頎邦,sell,8,凱基-台北,9268,51259.0,54027.0,2768.0,,moneydj,https://fubon-ebrokerdj.fbs.com.tw/z/zc/zco/zco.djhtm?a=6147&e=2026-7-1&f=2026-7-29
2026-07-29,2026-07-01,2026-07-29,20,6147,頎邦,buy,9,凱基-松山,9217,1986.0,323.0,1663.0,,moneydj,https://fubon-ebrokerdj.fbs.com.tw/z/zc/zco/zco.djhtm?a=6147&e=2026-7-1&f=2026-7-29
2026-07-29,2026-07-01,2026-07-29,20,6147,頎邦,sell,9,凱基,9200,7475.0,10045.0,2570.0,,moneydj,https://fubon-ebrokerdj.fbs.com.tw/z/zc/zco/zco.djhtm?a=6147&e=2026-7-1&f=2026-7-29
2026-07-29,2026-07-01,2026-07-29,20,6147,頎邦,buy,10,凱基-斗六,9281,1394.0,67.0,1327.0,,moneydj,https://fubon-ebrokerdj.fbs.com.tw/z/zc/zco/zco.djhtm?a=6147&e=2026-7-1&f=2026-7-29
2026-07-29,2026-07-01,2026-07-29,20,6147,頎邦,sell,10,中國信託,6160,1810.0,4008.0,2198.0,,moneydj,https://fubon-ebrokerdj.fbs.com.tw/z/zc/zco/zco.djhtm?a=6147&e=2026-7-1&f=2026-7-29
2026-07-29,2026-07-01,2026-07-29,20,6805,富世達,buy,1,台灣摩根士丹利,1470,2308.0,1493.0,815.0,,moneydj,https://fubon-ebrokerdj.fbs.com.tw/z/zc/zco/zco.djhtm?a=6805&e=2026-7-1&f=2026-7-29
2026-07-29,2026-07-01,2026-07-29,20,6805,富世達,sell,1,元大證券,9800,2176.0,2874.0,698.0,,moneydj,https://fubon-ebrokerdj.fbs.com.tw/z/zc/zco/zco.djhtm?a=6805&e=2026-7-1&f=2026-7-29
2026-07-29,2026-07-01,2026-07-29,20,6805,富世達,buy,2,凱基-士林,9238,536.0,120.0,416.0,,moneydj,https://fubon-ebrokerdj.fbs.com.tw/z/zc/zco/zco.djhtm?a=6805&e=2026-7-1&f=2026-7-29
2026-07-29,2026-07-01,2026-07-29,20,6805,富世達,sell,2,兆豐證券,7000,80.0,734.0,654.0,,moneydj,https://fubon-ebrokerdj.fbs.com.tw/z/zc/zco/zco.djhtm?a=6805&e=2026-7-1&f=2026-7-29
2026-07-29,2026-07-01,2026-07-29,20,6805,富世達,buy,3,美商高盛,1480,2382.0,1983.0,399.0,,moneydj,https://fubon-ebrokerdj.fbs.com.tw/z/zc/zco/zco.djhtm?a=6805&e=2026-7-1&f=2026-7-29
2026-07-29,2026-07-01,2026-07-29,20,6805,富世達,sell,3,大和國泰,8890,0.0,278.0,278.0,,moneydj,https://fubon-ebrokerdj.fbs.com.tw/z/zc/zco/zco.djhtm?a=6805&e=2026-7-1&f=2026-7-29
2026-07-29,2026-07-01,2026-07-29,20,6805,富世達,buy,4,凱基-台北,9268,1840.0,1517.0,323.0,,moneydj,https://fubon-ebrokerdj.fbs.com.tw/z/zc/zco/zco.djhtm?a=6805&e=2026-7-1&f=2026-7-29
2026-07-29,2026-07-01,2026-07-29,20,6805,富世達,sell,4,美林,1440,988.0,1236.0,248.0,,moneydj,https://fubon-ebrokerdj.fbs.com.tw/z/zc/zco/zco.djhtm?a=6805&e=2026-7-1&f=2026-7-29
2026-07-29,2026-07-01,2026-07-29,20,6805,富世達,buy,5,富邦證券,9600,798.0,510.0,288.0,,moneydj,https://fubon-ebrokerdj.fbs.com.tw/z/zc/zco/zco.djhtm?a=6805&e=2026-7-1&f=2026-7-29
2026-07-29,2026-07-01,2026-07-29,20,6805,富世達,sell,5,華南永昌,9300,85.0,330.0,245.0,,moneydj,https://fubon-ebrokerdj.fbs.com.tw/z/zc/zco/zco.djhtm?a=6805&e=2026-7-1&f=2026-7-29
2026-07-29,2026-07-01,2026-07-29,20,6805,富世達,buy,6,新加坡商瑞銀,1650,530.0,362.0,168.0,,moneydj,https://fubon-ebrokerdj.fbs.com.tw/z/zc/zco/zco.djhtm?a=6805&e=2026-7-1&f=2026-7-29
2026-07-29,2026-07-01,2026-07-29,20,6805,富世達,sell,6,花旗環球,1590,171.0,414.0,243.0,,moneydj,https://fubon-ebrokerdj.fbs.com.tw/z/zc/zco/zco.djhtm?a=6805&e=2026-7-1&f=2026-7-29
2026-07-29,2026-07-01,2026-07-29,20,6805,富世達,buy,7,香港上海匯豐,8960,75.0,6.0,69.0,,moneydj,https://fubon-ebrokerdj.fbs.com.tw/z/zc/zco/zco.djhtm?a=6805&e=2026-7-1&f=2026-7-29
2026-07-29,2026-07-01,2026-07-29,20,6805,富世達,sell,7,國泰證券,8880,46.0,210.0,164.0,,moneydj,https://fubon-ebrokerdj.fbs.com.tw/z/zc/zco/zco.djhtm?a=6805&e=2026-7-1&f=2026-7-29
2026-07-29,2026-07-01,2026-07-29,20,6805,富世達,buy,8,元大-天母,981I,63.0,6.0,57.0,,moneydj,https://fubon-ebrokerdj.fbs.com.tw/z/zc/zco/zco.djhtm?a=6805&e=2026-7-1&f=2026-7-29
2026-07-29,2026-07-01,2026-07-29,20,6805,富世達,sell,8,第一金,5380,11.0,154.0,143.0,,moneydj,https://fubon-ebrokerdj.fbs.com.tw/z/zc/zco/zco.djhtm?a=6805&e=2026-7-1&f=2026-7-29
2026-07-29,2026-07-01,2026-07-29,20,6805,富世達,buy,9,台新,9B00,191.0,138.0,53.0,,moneydj,https://fubon-ebrokerdj.fbs.com.tw/z/zc/zco/zco.djhtm?a=6805&e=2026-7-1&f=2026-7-29
2026-07-29,2026-07-01,2026-07-29,20,6805,富世達,sell,9,群益金鼎,9100,239.0,373.0,134.0,,moneydj,https://fubon-ebrokerdj.fbs.com.tw/z/zc/zco/zco.djhtm?a=6805&e=2026-7-1&f=2026-7-29
2026-07-29,2026-07-01,2026-07-29,20,6805,富世達,buy,10,元大-南屯,9853,107.0,56.0,51.0,,moneydj,https://fubon-ebrokerdj.fbs.com.tw/z/zc/zco/zco.djhtm?a=6805&e=2026-7-1&f=2026-7-29
2026-07-29,2026-07-01,2026-07-29,20,6805,富世達,sell,10,永豐金-復興,9A9Z,3.0,127.0,124.0,,moneydj,https://fubon-ebrokerdj.fbs.com.tw/z/zc/zco/zco.djhtm?a=6805&e=2026-7-1&f=2026-7-29
2026-07-29,2026-07-01,2026-07-29,20,5490,同亨,buy,1,美商高盛,1480,1324.0,719.0,605.0,,moneydj,https://fubon-ebrokerdj.fbs.com.tw/z/zc/zco/zco.djhtm?a=5490&e=2026-7-1&f=2026-7-29
2026-07-29,2026-07-01,2026-07-29,20,5490,同亨,sell,1,臺銀,1040,208.0,563.0,355.0,,moneydj,https://fubon-ebrokerdj.fbs.com.tw/z/zc/zco/zco.djhtm?a=5490&e=2026-7-1&f=2026-7-29
2026-07-29,2026-07-01,2026-07-29,20,5490,同亨,buy,2,凱基-台北,9268,2440.0,1967.0,473.0,,moneydj,https://fubon-ebrokerdj.fbs.com.tw/z/zc/zco/zco.djhtm?a=5490&e=2026-7-1&f=2026-7-29
2026-07-29,2026-07-01,2026-07-29,20,5490,同亨,sell,2,高橋,5320,62.0,335.0,273.0,,moneydj,https://fubon-ebrokerdj.fbs.com.tw/z/zc/zco/zco.djhtm?a=5490&e=2026-7-1&f=2026-7-29
2026-07-29,2026-07-01,2026-07-29,20,5490,同亨,buy,3,台灣摩根士丹利,1470,1215.0,888.0,327.0,,moneydj,https://fubon-ebrokerdj.fbs.com.tw/z/zc/zco/zco.djhtm?a=5490&e=2026-7-1&f=2026-7-29
2026-07-29,2026-07-01,2026-07-29,20,5490,同亨,sell,3,富邦-陽明,9604,53.0,211.0,158.0,,moneydj,https://fubon-ebrokerdj.fbs.com.tw/z/zc/zco/zco.djhtm?a=5490&e=2026-7-1&f=2026-7-29
2026-07-29,2026-07-01,2026-07-29,20,5490,同亨,buy,4,摩根大通,8440,1082.0,857.0,225.0,,moneydj,https://fubon-ebrokerdj.fbs.com.tw/z/zc/zco/zco.djhtm?a=5490&e=2026-7-1&f=2026-7-29
2026-07-29,2026-07-01,2026-07-29,20,5490,同亨,sell,4,台新-桃園,9B2v,46.0,175.0,129.0,,moneydj,https://fubon-ebrokerdj.fbs.com.tw/z/zc/zco/zco.djhtm?a=5490&e=2026-7-1&f=2026-7-29
2026-07-29,2026-07-01,2026-07-29,20,5490,同亨,buy,5,港商野村,1560,538.0,356.0,182.0,,moneydj,https://fubon-ebrokerdj.fbs.com.tw/z/zc/zco/zco.djhtm?a=5490&e=2026-7-1&f=2026-7-29
2026-07-29,2026-07-01,2026-07-29,20,5490,同亨,sell,5,富邦-新板,961H,36.0,164.0,128.0,,moneydj,https://fubon-ebrokerdj.fbs.com.tw/z/zc/zco/zco.djhtm?a=5490&e=2026-7-1&f=2026-7-29
2026-07-29,2026-07-01,2026-07-29,20,5490,同亨,buy,6,新光-桃園,8565,313.0,132.0,181.0,,moneydj,https://fubon-ebrokerdj.fbs.com.tw/z/zc/zco/zco.djhtm?a=5490&e=2026-7-1&f=2026-7-29
2026-07-29,2026-07-01,2026-07-29,20,5490,同亨,sell,6,國泰-板橋,888K,132.0,258.0,126.0,,moneydj,https://fubon-ebrokerdj.fbs.com.tw/z/zc/zco/zco.djhtm?a=5490&e=2026-7-1&f=2026-7-29
2026-07-29,2026-07-01,2026-07-29,20,5490,同亨,buy,7,(牛牛牛)亞-網路,6012,173.0,10.0,163.0,,moneydj,https://fubon-ebrokerdj.fbs.com.tw/z/zc/zco/zco.djhtm?a=5490&e=2026-7-1&f=2026-7-29
2026-07-29,2026-07-01,2026-07-29,20,5490,同亨,sell,7,兆豐-台中港,7005,105.0,230.0,125.0,,moneydj,https://fubon-ebrokerdj.fbs.com.tw/z/zc/zco/zco.djhtm?a=5490&e=2026-7-1&f=2026-7-29
2026-07-29,2026-07-01,2026-07-29,20,5490,同亨,buy,8,新加坡商瑞銀,1650,782.0,641.0,141.0,,moneydj,https://fubon-ebrokerdj.fbs.com.tw/z/zc/zco/zco.djhtm?a=5490&e=2026-7-1&f=2026-7-29
2026-07-29,2026-07-01,2026-07-29,20,5490,同亨,sell,8,華南永昌-頭份,9343,16.0,106.0,90.0,,moneydj,https://fubon-ebrokerdj.fbs.com.tw/z/zc/zco/zco.djhtm?a=5490&e=2026-7-1&f=2026-7-29
2026-07-29,2026-07-01,2026-07-29,20,5490,同亨,buy,9,國票-桃園,779r,180.0,68.0,112.0,,moneydj,https://fubon-ebrokerdj.fbs.com.tw/z/zc/zco/zco.djhtm?a=5490&e=2026-7-1&f=2026-7-29
2026-07-29,2026-07-01,2026-07-29,20,5490,同亨,sell,9,富邦-永和,9654,61.0,149.0,88.0,,moneydj,https://fubon-ebrokerdj.fbs.com.tw/z/zc/zco/zco.djhtm?a=5490&e=2026-7-1&f=2026-7-29
2026-07-29,2026-07-01,2026-07-29,20,5490,同亨,buy,10,元大-大里德芳,983W,188.0,86.0,102.0,,moneydj,https://fubon-ebrokerdj.fbs.com.tw/z/zc/zco/zco.djhtm?a=5490&e=2026-7-1&f=2026-7-29
2026-07-29,2026-07-01,2026-07-29,20,5490,同亨,sell,10,國泰-館前,888A,139.0,218.0,79.0,,moneydj,https://fubon-ebrokerdj.fbs.com.tw/z/zc/zco/zco.djhtm?a=5490&e=2026-7-1&f=2026-7-29
2026-07-29,2026-07-01,2026-07-29,20,2345,智邦,buy,1,元大證券,9800,5053.0,3883.0,1170.0,,moneydj,https://fubon-ebrokerdj.fbs.com.tw/z/zc/zco/zco.djhtm?a=2345&e=2026-7-1&f=2026-7-29
2026-07-29,2026-07-01,2026-07-29,20,2345,智邦,sell,1,永豐金-匯立,9A81,743.0,2178.0,1435.0,,moneydj,https://fubon-ebrokerdj.fbs.com.tw/z/zc/zco/zco.djhtm?a=2345&e=2026-7-1&f=2026-7-29
2026-07-29,2026-07-01,2026-07-29,20,2345,智邦,buy,2,富邦證券,9600,2009.0,1160.0,849.0,,moneydj,https://fubon-ebrokerdj.fbs.com.tw/z/zc/zco/zco.djhtm?a=2345&e=2026-7-1&f=2026-7-29
2026-07-29,2026-07-01,2026-07-29,20,2345,智邦,sell,2,美商高盛,1480,5005.0,6136.0,1131.0,,moneydj,https://fubon-ebrokerdj.fbs.com.tw/z/zc/zco/zco.djhtm?a=2345&e=2026-7-1&f=2026-7-29
2026-07-29,2026-07-01,2026-07-29,20,2345,智邦,buy,3,凱基,9200,863.0,368.0,495.0,,moneydj,https://fubon-ebrokerdj.fbs.com.tw/z/zc/zco/zco.djhtm?a=2345&e=2026-7-1&f=2026-7-29
2026-07-29,2026-07-01,2026-07-29,20,2345,智邦,sell,3,台灣摩根士丹利,1470,4550.0,5279.0,729.0,,moneydj,https://fubon-ebrokerdj.fbs.com.tw/z/zc/zco/zco.djhtm?a=2345&e=2026-7-1&f=2026-7-29
2026-07-29,2026-07-01,2026-07-29,20,2345,智邦,buy,4,永豐金證券,9A00,1737.0,1383.0,354.0,,moneydj,https://fubon-ebrokerdj.fbs.com.tw/z/zc/zco/zco.djhtm?a=2345&e=2026-7-1&f=2026-7-29
2026-07-29,2026-07-01,2026-07-29,20,2345,智邦,sell,4,香港上海匯豐,8960,712.0,1171.0,459.0,,moneydj,https://fubon-ebrokerdj.fbs.com.tw/z/zc/zco/zco.djhtm?a=2345&e=2026-7-1&f=2026-7-29
2026-07-29,2026-07-01,2026-07-29,20,2345,智邦,buy,5,凱基-台北,9268,3890.0,3575.0,315.0,,moneydj,https://fubon-ebrokerdj.fbs.com.tw/z/zc/zco/zco.djhtm?a=2345&e=2026-7-1&f=2026-7-29
2026-07-29,2026-07-01,2026-07-29,20,2345,智邦,sell,5,新加坡商瑞銀,1650,2388.0,2828.0,440.0,,moneydj,https://fubon-ebrokerdj.fbs.com.tw/z/zc/zco/zco.djhtm?a=2345&e=2026-7-1&f=2026-7-29
2026-07-29,2026-07-01,2026-07-29,20,2345,智邦,buy,6,群益金鼎,9100,538.0,249.0,289.0,,moneydj,https://fubon-ebrokerdj.fbs.com.tw/z/zc/zco/zco.djhtm?a=2345&e=2026-7-1&f=2026-7-29
2026-07-29,2026-07-01,2026-07-29,20,2345,智邦,sell,6,美林,1440,2549.0,2977.0,428.0,,moneydj,https://fubon-ebrokerdj.fbs.com.tw/z/zc/zco/zco.djhtm?a=2345&e=2026-7-1&f=2026-7-29
2026-07-29,2026-07-01,2026-07-29,20,2345,智邦,buy,7,港商野村,1560,868.0,623.0,245.0,,moneydj,https://fubon-ebrokerdj.fbs.com.tw/z/zc/zco/zco.djhtm?a=2345&e=2026-7-1&f=2026-7-29
2026-07-29,2026-07-01,2026-07-29,20,2345,智邦,sell,7,統一-內湖,585b,12.0,213.0,201.0,,moneydj,https://fubon-ebrokerdj.fbs.com.tw/z/zc/zco/zco.djhtm?a=2345&e=2026-7-1&f=2026-7-29
2026-07-29,2026-07-01,2026-07-29,20,2345,智邦,buy,8,兆豐證券,7000,195.0,34.0,161.0,,moneydj,https://fubon-ebrokerdj.fbs.com.tw/z/zc/zco/zco.djhtm?a=2345&e=2026-7-1&f=2026-7-29
2026-07-29,2026-07-01,2026-07-29,20,2345,智邦,sell,8,國泰證券,8880,270.0,423.0,153.0,,moneydj,https://fubon-ebrokerdj.fbs.com.tw/z/zc/zco/zco.djhtm?a=2345&e=2026-7-1&f=2026-7-29
2026-07-29,2026-07-01,2026-07-29,20,2345,智邦,buy,9,(牛牛牛)亞證券,6010,160.0,23.0,137.0,,moneydj,https://fubon-ebrokerdj.fbs.com.tw/z/zc/zco/zco.djhtm?a=2345&e=2026-7-1&f=2026-7-29
2026-07-29,2026-07-01,2026-07-29,20,2345,智邦,sell,9,港商麥格理,1360,517.0,664.0,147.0,,moneydj,https://fubon-ebrokerdj.fbs.com.tw/z/zc/zco/zco.djhtm?a=2345&e=2026-7-1&f=2026-7-29
2026-07-29,2026-07-01,2026-07-29,20,2345,智邦,buy,10,法銀巴黎,8900,241.0,107.0,134.0,,moneydj,https://fubon-ebrokerdj.fbs.com.tw/z/zc/zco/zco.djhtm?a=2345&e=2026-7-1&f=2026-7-29
2026-07-29,2026-07-01,2026-07-29,20,2345,智邦,sell,10,宏遠證券,1260,26.0,164.0,138.0,,moneydj,https://fubon-ebrokerdj.fbs.com.tw/z/zc/zco/zco.djhtm?a=2345&e=2026-7-1&f=2026-7-29
2026-07-29,2026-07-01,2026-07-29,20,9907,統一實,buy,1,台灣摩根士丹利,1470,8038.0,3885.0,4153.0,,moneydj,https://fubon-ebrokerdj.fbs.com.tw/z/zc/zco/zco.djhtm?a=9907&e=2026-7-1&f=2026-7-29
2026-07-29,2026-07-01,2026-07-29,20,9907,統一實,sell,1,統一,5850,102.0,6891.0,6789.0,,moneydj,https://fubon-ebrokerdj.fbs.com.tw/z/zc/zco/zco.djhtm?a=9907&e=2026-7-1&f=2026-7-29
2026-07-29,2026-07-01,2026-07-29,20,9907,統一實,buy,2,永豐金證券,9A00,5017.0,1778.0,3239.0,,moneydj,https://fubon-ebrokerdj.fbs.com.tw/z/zc/zco/zco.djhtm?a=9907&e=2026-7-1&f=2026-7-29
2026-07-29,2026-07-01,2026-07-29,20,9907,統一實,sell,2,合庫證券,1020,16.0,5413.0,5397.0,,moneydj,https://fubon-ebrokerdj.fbs.com.tw/z/zc/zco/zco.djhtm?a=9907&e=2026-7-1&f=2026-7-29
2026-07-29,2026-07-01,2026-07-29,20,9907,統一實,buy,3,新加坡商瑞銀,1650,5346.0,2387.0,2959.0,,moneydj,https://fubon-ebrokerdj.fbs.com.tw/z/zc/zco/zco.djhtm?a=9907&e=2026-7-1&f=2026-7-29
2026-07-29,2026-07-01,2026-07-29,20,9907,統一實,sell,3,群益金鼎,9100,211.0,3107.0,2896.0,,moneydj,https://fubon-ebrokerdj.fbs.com.tw/z/zc/zco/zco.djhtm?a=9907&e=2026-7-1&f=2026-7-29
2026-07-29,2026-07-01,2026-07-29,20,9907,統一實,buy,4,永豐金-匯立,9A81,2768.0,302.0,2466.0,,moneydj,https://fubon-ebrokerdj.fbs.com.tw/z/zc/zco/zco.djhtm?a=9907&e=2026-7-1&f=2026-7-29
2026-07-29,2026-07-01,2026-07-29,20,9907,統一實,sell,4,兆豐證券,7000,12.0,1648.0,1636.0,,moneydj,https://fubon-ebrokerdj.fbs.com.tw/z/zc/zco/zco.djhtm?a=9907&e=2026-7-1&f=2026-7-29
2026-07-29,2026-07-01,2026-07-29,20,9907,統一實,buy,5,美林,1440,3496.0,1696.0,1800.0,,moneydj,https://fubon-ebrokerdj.fbs.com.tw/z/zc/zco/zco.djhtm?a=9907&e=2026-7-1&f=2026-7-29
2026-07-29,2026-07-01,2026-07-29,20,9907,統一實,sell,5,第一金,5380,1.0,745.0,744.0,,moneydj,https://fubon-ebrokerdj.fbs.com.tw/z/zc/zco/zco.djhtm?a=9907&e=2026-7-1&f=2026-7-29
2026-07-29,2026-07-01,2026-07-29,20,9907,統一實,buy,6,凱基-台北,9268,6339.0,4838.0,1501.0,,moneydj,https://fubon-ebrokerdj.fbs.com.tw/z/zc/zco/zco.djhtm?a=9907&e=2026-7-1&f=2026-7-29
2026-07-29,2026-07-01,2026-07-29,20,9907,統一實,sell,6,元大-鳳山,983Z,173.0,782.0,609.0,,moneydj,https://fubon-ebrokerdj.fbs.com.tw/z/zc/zco/zco.djhtm?a=9907&e=2026-7-1&f=2026-7-29
2026-07-29,2026-07-01,2026-07-29,20,9907,統一實,buy,7,美商高盛,1480,6562.0,5216.0,1346.0,,moneydj,https://fubon-ebrokerdj.fbs.com.tw/z/zc/zco/zco.djhtm?a=9907&e=2026-7-1&f=2026-7-29
2026-07-29,2026-07-01,2026-07-29,20,9907,統一實,sell,7,國票-敦北法人,779c,2.0,554.0,552.0,,moneydj,https://fubon-ebrokerdj.fbs.com.tw/z/zc/zco/zco.djhtm?a=9907&e=2026-7-1&f=2026-7-29
2026-07-29,2026-07-01,2026-07-29,20,9907,統一實,buy,8,花旗環球,1590,953.0,209.0,744.0,,moneydj,https://fubon-ebrokerdj.fbs.com.tw/z/zc/zco/zco.djhtm?a=9907&e=2026-7-1&f=2026-7-29
2026-07-29,2026-07-01,2026-07-29,20,9907,統一實,sell,8,國泰-館前,888A,229.0,763.0,534.0,,moneydj,https://fubon-ebrokerdj.fbs.com.tw/z/zc/zco/zco.djhtm?a=9907&e=2026-7-1&f=2026-7-29
2026-07-29,2026-07-01,2026-07-29,20,9907,統一實,buy,9,大昌-樹林,6461,623.0,9.0,614.0,,moneydj,https://fubon-ebrokerdj.fbs.com.tw/z/zc/zco/zco.djhtm?a=9907&e=2026-7-1&f=2026-7-29
2026-07-29,2026-07-01,2026-07-29,20,9907,統一實,sell,9,元大-博愛,982B,87.0,540.0,453.0,,moneydj,https://fubon-ebrokerdj.fbs.com.tw/z/zc/zco/zco.djhtm?a=9907&e=2026-7-1&f=2026-7-29
2026-07-29,2026-07-01,2026-07-29,20,9907,統一實,buy,10,富邦-新店,9661,611.0,40.0,571.0,,moneydj,https://fubon-ebrokerdj.fbs.com.tw/z/zc/zco/zco.djhtm?a=9907&e=2026-7-1&f=2026-7-29
2026-07-29,2026-07-01,2026-07-29,20,9907,統一實,sell,10,富邦證券,9600,138.0,547.0,409.0,,moneydj,https://fubon-ebrokerdj.fbs.com.tw/z/zc/zco/zco.djhtm?a=9907&e=2026-7-1&f=2026-7-29
2026-07-29,2026-07-01,2026-07-29,20,3040,遠見,buy,1,國泰證券,8880,1607.0,499.0,1108.0,,moneydj,https://fubon-ebrokerdj.fbs.com.tw/z/zc/zco/zco.djhtm?a=3040&e=2026-7-1&f=2026-7-29
2026-07-29,2026-07-01,2026-07-29,20,3040,遠見,sell,1,國票-安和,779Z,28.0,1109.0,1081.0,,moneydj,https://fubon-ebrokerdj.fbs.com.tw/z/zc/zco/zco.djhtm?a=3040&e=2026-7-1&f=2026-7-29
2026-07-29,2026-07-01,2026-07-29,20,3040,遠見,buy,2,國泰-敦南,8888,280.0,73.0,207.0,,moneydj,https://fubon-ebrokerdj.fbs.com.tw/z/zc/zco/zco.djhtm?a=3040&e=2026-7-1&f=2026-7-29
2026-07-29,2026-07-01,2026-07-29,20,3040,遠見,sell,2,台新-西松,9B2n,50.0,198.0,148.0,,moneydj,https://fubon-ebrokerdj.fbs.com.tw/z/zc/zco/zco.djhtm?a=3040&e=2026-7-1&f=2026-7-29
2026-07-29,2026-07-01,2026-07-29,20,3040,遠見,buy,3,新加坡商瑞銀,1650,153.0,58.0,95.0,,moneydj,https://fubon-ebrokerdj.fbs.com.tw/z/zc/zco/zco.djhtm?a=3040&e=2026-7-1&f=2026-7-29
2026-07-29,2026-07-01,2026-07-29,20,3040,遠見,sell,3,統一-敦南,5852,4.0,143.0,139.0,,moneydj,https://fubon-ebrokerdj.fbs.com.tw/z/zc/zco/zco.djhtm?a=3040&e=2026-7-1&f=2026-7-29
2026-07-29,2026-07-01,2026-07-29,20,3040,遠見,buy,4,安泰,8380,236.0,146.0,90.0,,moneydj,https://fubon-ebrokerdj.fbs.com.tw/z/zc/zco/zco.djhtm?a=3040&e=2026-7-1&f=2026-7-29
2026-07-29,2026-07-01,2026-07-29,20,3040,遠見,sell,4,國票-南崁,779E,23.0,118.0,95.0,,moneydj,https://fubon-ebrokerdj.fbs.com.tw/z/zc/zco/zco.djhtm?a=3040&e=2026-7-1&f=2026-7-29
2026-07-29,2026-07-01,2026-07-29,20,3040,遠見,buy,5,國泰-台中,8882,73.0,14.0,59.0,,moneydj,https://fubon-ebrokerdj.fbs.com.tw/z/zc/zco/zco.djhtm?a=3040&e=2026-7-1&f=2026-7-29
2026-07-29,2026-07-01,2026-07-29,20,3040,遠見,sell,5,國票-內壢,7798,20.0,114.0,94.0,,moneydj,https://fubon-ebrokerdj.fbs.com.tw/z/zc/zco/zco.djhtm?a=3040&e=2026-7-1&f=2026-7-29
2026-07-29,2026-07-01,2026-07-29,20,3040,遠見,buy,6,國泰-新莊,8886,64.0,22.0,42.0,,moneydj,https://fubon-ebrokerdj.fbs.com.tw/z/zc/zco/zco.djhtm?a=3040&e=2026-7-1&f=2026-7-29
2026-07-29,2026-07-01,2026-07-29,20,3040,遠見,sell,6,富邦證券,9600,0.0,72.0,72.0,,moneydj,https://fubon-ebrokerdj.fbs.com.tw/z/zc/zco/zco.djhtm?a=3040&e=2026-7-1&f=2026-7-29
2026-07-29,2026-07-01,2026-07-29,20,3040,遠見,buy,7,國泰-板橋,888K,78.0,37.0,41.0,,moneydj,https://fubon-ebrokerdj.fbs.com.tw/z/zc/zco/zco.djhtm?a=3040&e=2026-7-1&f=2026-7-29
2026-07-29,2026-07-01,2026-07-29,20,3040,遠見,sell,7,中國信託-文心,6164,1.0,60.0,59.0,,moneydj,https://fubon-ebrokerdj.fbs.com.tw/z/zc/zco/zco.djhtm?a=3040&e=2026-7-1&f=2026-7-29
2026-07-29,2026-07-01,2026-07-29,20,3040,遠見,buy,8,凱基-台北,9268,176.0,139.0,37.0,,moneydj,https://fubon-ebrokerdj.fbs.com.tw/z/zc/zco/zco.djhtm?a=3040&e=2026-7-1&f=2026-7-29
2026-07-29,2026-07-01,2026-07-29,20,3040,遠見,sell,8,永豐金-松山,9A91,1.0,57.0,56.0,,moneydj,https://fubon-ebrokerdj.fbs.com.tw/z/zc/zco/zco.djhtm?a=3040&e=2026-7-1&f=2026-7-29
2026-07-29,2026-07-01,2026-07-29,20,3040,遠見,buy,9,國泰-高雄,8881,37.0,3.0,34.0,,moneydj,https://fubon-ebrokerdj.fbs.com.tw/z/zc/zco/zco.djhtm?a=3040&e=2026-7-1&f=2026-7-29
2026-07-29,2026-07-01,2026-07-29,20,3040,遠見,sell,9,統一,5850,48.0,102.0,54.0,,moneydj,https://fubon-ebrokerdj.fbs.com.tw/z/zc/zco/zco.djhtm?a=3040&e=2026-7-1&f=2026-7-29
2026-07-29,2026-07-01,2026-07-29,20,3040,遠見,buy,10,群益金鼎-館前,913Y,51.0,18.0,33.0,,moneydj,https://fubon-ebrokerdj.fbs.com.tw/z/zc/zco/zco.djhtm?a=3040&e=2026-7-1&f=2026-7-29
2026-07-29,2026-07-01,2026-07-29,20,3040,遠見,sell,10,美商高盛,1480,146.0,195.0,49.0,,moneydj,https://fubon-ebrokerdj.fbs.com.tw/z/zc/zco/zco.djhtm?a=3040&e=2026-7-1&f=2026-7-29
2026-07-29,2026-07-01,2026-07-29,20,2455,全新,buy,1,美林,1440,6429.0,3902.0,2527.0,,moneydj,https://fubon-ebrokerdj.fbs.com.tw/z/zc/zco/zco.djhtm?a=2455&e=2026-7-1&f=2026-7-29
2026-07-29,2026-07-01,2026-07-29,20,2455,全新,sell,1,永豐金證券,9A00,2514.0,4652.0,2138.0,,moneydj,https://fubon-ebrokerdj.fbs.com.tw/z/zc/zco/zco.djhtm?a=2455&e=2026-7-1&f=2026-7-29
2026-07-29,2026-07-01,2026-07-29,20,2455,全新,buy,2,元大證券,9800,12202.0,10335.0,1867.0,,moneydj,https://fubon-ebrokerdj.fbs.com.tw/z/zc/zco/zco.djhtm?a=2455&e=2026-7-1&f=2026-7-29
2026-07-29,2026-07-01,2026-07-29,20,2455,全新,sell,2,美商高盛,1480,8377.0,10457.0,2080.0,,moneydj,https://fubon-ebrokerdj.fbs.com.tw/z/zc/zco/zco.djhtm?a=2455&e=2026-7-1&f=2026-7-29
2026-07-29,2026-07-01,2026-07-29,20,2455,全新,buy,3,富邦證券,9600,1764.0,900.0,864.0,,moneydj,https://fubon-ebrokerdj.fbs.com.tw/z/zc/zco/zco.djhtm?a=2455&e=2026-7-1&f=2026-7-29
2026-07-29,2026-07-01,2026-07-29,20,2455,全新,sell,3,新加坡商瑞銀,1650,3858.0,5018.0,1160.0,,moneydj,https://fubon-ebrokerdj.fbs.com.tw/z/zc/zco/zco.djhtm?a=2455&e=2026-7-1&f=2026-7-29
2026-07-29,2026-07-01,2026-07-29,20,2455,全新,buy,4,花旗環球,1590,1167.0,447.0,720.0,,moneydj,https://fubon-ebrokerdj.fbs.com.tw/z/zc/zco/zco.djhtm?a=2455&e=2026-7-1&f=2026-7-29
2026-07-29,2026-07-01,2026-07-29,20,2455,全新,sell,4,摩根大通,8440,5941.0,6925.0,984.0,,moneydj,https://fubon-ebrokerdj.fbs.com.tw/z/zc/zco/zco.djhtm?a=2455&e=2026-7-1&f=2026-7-29
2026-07-29,2026-07-01,2026-07-29,20,2455,全新,buy,5,國泰證券,8880,936.0,523.0,413.0,,moneydj,https://fubon-ebrokerdj.fbs.com.tw/z/zc/zco/zco.djhtm?a=2455&e=2026-7-1&f=2026-7-29
2026-07-29,2026-07-01,2026-07-29,20,2455,全新,sell,5,群益金鼎,9100,1886.0,2742.0,856.0,,moneydj,https://fubon-ebrokerdj.fbs.com.tw/z/zc/zco/zco.djhtm?a=2455&e=2026-7-1&f=2026-7-29
2026-07-29,2026-07-01,2026-07-29,20,2455,全新,buy,6,國票-敦北法人,779c,582.0,188.0,394.0,,moneydj,https://fubon-ebrokerdj.fbs.com.tw/z/zc/zco/zco.djhtm?a=2455&e=2026-7-1&f=2026-7-29
2026-07-29,2026-07-01,2026-07-29,20,2455,全新,sell,6,台灣摩根士丹利,1470,9059.0,9818.0,759.0,,moneydj,https://fubon-ebrokerdj.fbs.com.tw/z/zc/zco/zco.djhtm?a=2455&e=2026-7-1&f=2026-7-29
2026-07-29,2026-07-01,2026-07-29,20,2455,全新,buy,7,華南永昌,9300,726.0,333.0,393.0,,moneydj,https://fubon-ebrokerdj.fbs.com.tw/z/zc/zco/zco.djhtm?a=2455&e=2026-7-1&f=2026-7-29
2026-07-29,2026-07-01,2026-07-29,20,2455,全新,sell,7,永豐金-內湖,9A9g,108.0,390.0,282.0,,moneydj,https://fubon-ebrokerdj.fbs.com.tw/z/zc/zco/zco.djhtm?a=2455&e=2026-7-1&f=2026-7-29
2026-07-29,2026-07-01,2026-07-29,20,2455,全新,buy,8,港商野村,1560,632.0,248.0,384.0,,moneydj,https://fubon-ebrokerdj.fbs.com.tw/z/zc/zco/zco.djhtm?a=2455&e=2026-7-1&f=2026-7-29
2026-07-29,2026-07-01,2026-07-29,20,2455,全新,sell,8,國票證券,7790,187.0,414.0,227.0,,moneydj,https://fubon-ebrokerdj.fbs.com.tw/z/zc/zco/zco.djhtm?a=2455&e=2026-7-1&f=2026-7-29
2026-07-29,2026-07-01,2026-07-29,20,2455,全新,buy,9,(牛牛牛)亞證券,6010,369.0,25.0,344.0,,moneydj,https://fubon-ebrokerdj.fbs.com.tw/z/zc/zco/zco.djhtm?a=2455&e=2026-7-1&f=2026-7-29
2026-07-29,2026-07-01,2026-07-29,20,2455,全新,sell,9,凱基-信義,9216,284.0,490.0,206.0,,moneydj,https://fubon-ebrokerdj.fbs.com.tw/z/zc/zco/zco.djhtm?a=2455&e=2026-7-1&f=2026-7-29
2026-07-29,2026-07-01,2026-07-29,20,2455,全新,buy,10,華南永昌-竹北,9339,1132.0,840.0,292.0,,moneydj,https://fubon-ebrokerdj.fbs.com.tw/z/zc/zco/zco.djhtm?a=2455&e=2026-7-1&f=2026-7-29
2026-07-29,2026-07-01,2026-07-29,20,2455,全新,sell,10,永豐金-信義,9A9R,57.0,239.0,182.0,,moneydj,https://fubon-ebrokerdj.fbs.com.tw/z/zc/zco/zco.djhtm?a=2455&e=2026-7-1&f=2026-7-29
2026-07-29,2026-07-01,2026-07-29,20,2374,佳能,buy,1,美林,1440,2650.0,1603.0,1047.0,,moneydj,https://fubon-ebrokerdj.fbs.com.tw/z/zc/zco/zco.djhtm?a=2374&e=2026-7-1&f=2026-7-29
2026-07-29,2026-07-01,2026-07-29,20,2374,佳能,sell,1,華南永昌,9300,290.0,2837.0,2547.0,,moneydj,https://fubon-ebrokerdj.fbs.com.tw/z/zc/zco/zco.djhtm?a=2374&e=2026-7-1&f=2026-7-29
2026-07-29,2026-07-01,2026-07-29,20,2374,佳能,buy,2,台灣摩根士丹利,1470,5306.0,4427.0,879.0,,moneydj,https://fubon-ebrokerdj.fbs.com.tw/z/zc/zco/zco.djhtm?a=2374&e=2026-7-1&f=2026-7-29
2026-07-29,2026-07-01,2026-07-29,20,2374,佳能,sell,2,元大證券,9800,4117.0,4692.0,575.0,,moneydj,https://fubon-ebrokerdj.fbs.com.tw/z/zc/zco/zco.djhtm?a=2374&e=2026-7-1&f=2026-7-29
2026-07-29,2026-07-01,2026-07-29,20,2374,佳能,buy,3,美商高盛,1480,2433.0,2158.0,275.0,,moneydj,https://fubon-ebrokerdj.fbs.com.tw/z/zc/zco/zco.djhtm?a=2374&e=2026-7-1&f=2026-7-29
2026-07-29,2026-07-01,2026-07-29,20,2374,佳能,sell,3,凱基-台北,9268,3567.0,3928.0,361.0,,moneydj,https://fubon-ebrokerdj.fbs.com.tw/z/zc/zco/zco.djhtm?a=2374&e=2026-7-1&f=2026-7-29
2026-07-29,2026-07-01,2026-07-29,20,2374,佳能,buy,4,元大-仁愛,983j,302.0,40.0,262.0,,moneydj,https://fubon-ebrokerdj.fbs.com.tw/z/zc/zco/zco.djhtm?a=2374&e=2026-7-1&f=2026-7-29
2026-07-29,2026-07-01,2026-07-29,20,2374,佳能,sell,4,新光-台中,8561,695.0,968.0,273.0,,moneydj,https://fubon-ebrokerdj.fbs.com.tw/z/zc/zco/zco.djhtm?a=2374&e=2026-7-1&f=2026-7-29
2026-07-29,2026-07-01,2026-07-29,20,2374,佳能,buy,5,第一金-新竹,538B,293.0,88.0,205.0,,moneydj,https://fubon-ebrokerdj.fbs.com.tw/z/zc/zco/zco.djhtm?a=2374&e=2026-7-1&f=2026-7-29
2026-07-29,2026-07-01,2026-07-29,20,2374,佳能,sell,5,富邦-陽明,9604,353.0,570.0,217.0,,moneydj,https://fubon-ebrokerdj.fbs.com.tw/z/zc/zco/zco.djhtm?a=2374&e=2026-7-1&f=2026-7-29
2026-07-29,2026-07-01,2026-07-29,20,2374,佳能,buy,6,永豐金-中正,9A9U,511.0,312.0,199.0,,moneydj,https://fubon-ebrokerdj.fbs.com.tw/z/zc/zco/zco.djhtm?a=2374&e=2026-7-1&f=2026-7-29
2026-07-29,2026-07-01,2026-07-29,20,2374,佳能,sell,6,玉山-台中,884B,102.0,303.0,201.0,,moneydj,https://fubon-ebrokerdj.fbs.com.tw/z/zc/zco/zco.djhtm?a=2374&e=2026-7-1&f=2026-7-29
2026-07-29,2026-07-01,2026-07-29,20,2374,佳能,buy,7,統一-台中,5856,525.0,333.0,192.0,,moneydj,https://fubon-ebrokerdj.fbs.com.tw/z/zc/zco/zco.djhtm?a=2374&e=2026-7-1&f=2026-7-29
2026-07-29,2026-07-01,2026-07-29,20,2374,佳能,sell,7,彰銀-台中,1233,50.0,231.0,181.0,,moneydj,https://fubon-ebrokerdj.fbs.com.tw/z/zc/zco/zco.djhtm?a=2374&e=2026-7-1&f=2026-7-29
2026-07-29,2026-07-01,2026-07-29,20,2374,佳能,buy,8,第一金-華江,538W,196.0,35.0,161.0,,moneydj,https://fubon-ebrokerdj.fbs.com.tw/z/zc/zco/zco.djhtm?a=2374&e=2026-7-1&f=2026-7-29
2026-07-29,2026-07-01,2026-07-29,20,2374,佳能,sell,8,中國信託-忠孝,6162,149.0,327.0,178.0,,moneydj,https://fubon-ebrokerdj.fbs.com.tw/z/zc/zco/zco.djhtm?a=2374&e=2026-7-1&f=2026-7-29
2026-07-29,2026-07-01,2026-07-29,20,2374,佳能,buy,9,華南永昌-台中,9302,195.0,50.0,145.0,,moneydj,https://fubon-ebrokerdj.fbs.com.tw/z/zc/zco/zco.djhtm?a=2374&e=2026-7-1&f=2026-7-29
2026-07-29,2026-07-01,2026-07-29,20,2374,佳能,sell,9,統一-南京,585U,228.0,393.0,165.0,,moneydj,https://fubon-ebrokerdj.fbs.com.tw/z/zc/zco/zco.djhtm?a=2374&e=2026-7-1&f=2026-7-29
2026-07-29,2026-07-01,2026-07-29,20,2374,佳能,buy,10,元大-樹林,989j,232.0,108.0,124.0,,moneydj,https://fubon-ebrokerdj.fbs.com.tw/z/zc/zco/zco.djhtm?a=2374&e=2026-7-1&f=2026-7-29
2026-07-29,2026-07-01,2026-07-29,20,2374,佳能,sell,10,國泰-松江,8883,124.0,266.0,142.0,,moneydj,https://fubon-ebrokerdj.fbs.com.tw/z/zc/zco/zco.djhtm?a=2374&e=2026-7-1&f=2026-7-29
2026-07-29,2026-07-01,2026-07-29,20,4552,力達-KY,buy,1,群益金鼎-土城,913N,127.0,0.0,127.0,,moneydj,https://fubon-ebrokerdj.fbs.com.tw/z/zc/zco/zco.djhtm?a=4552&e=2026-7-1&f=2026-7-29
2026-07-29,2026-07-01,2026-07-29,20,4552,力達-KY,sell,1,台新-花蓮,9B2y,1.0,368.0,367.0,,moneydj,https://fubon-ebrokerdj.fbs.com.tw/z/zc/zco/zco.djhtm?a=4552&e=2026-7-1&f=2026-7-29
2026-07-29,2026-07-01,2026-07-29,20,4552,力達-KY,buy,2,第一金-豐原,538N,92.0,0.0,92.0,,moneydj,https://fubon-ebrokerdj.fbs.com.tw/z/zc/zco/zco.djhtm?a=4552&e=2026-7-1&f=2026-7-29
2026-07-29,2026-07-01,2026-07-29,20,4552,力達-KY,sell,2,合庫-鳳山,1029,10.0,184.0,174.0,,moneydj,https://fubon-ebrokerdj.fbs.com.tw/z/zc/zco/zco.djhtm?a=4552&e=2026-7-1&f=2026-7-29
2026-07-29,2026-07-01,2026-07-29,20,4552,力達-KY,buy,3,群益金鼎-大甲,918g,90.0,1.0,89.0,,moneydj,https://fubon-ebrokerdj.fbs.com.tw/z/zc/zco/zco.djhtm?a=4552&e=2026-7-1&f=2026-7-29
2026-07-29,2026-07-01,2026-07-29,20,4552,力達-KY,sell,3,元大-花蓮,9856,24.0,189.0,165.0,,moneydj,https://fubon-ebrokerdj.fbs.com.tw/z/zc/zco/zco.djhtm?a=4552&e=2026-7-1&f=2026-7-29
2026-07-29,2026-07-01,2026-07-29,20,4552,力達-KY,buy,4,合庫證券,1020,80.0,16.0,64.0,,moneydj,https://fubon-ebrokerdj.fbs.com.tw/z/zc/zco/zco.djhtm?a=4552&e=2026-7-1&f=2026-7-29
2026-07-29,2026-07-01,2026-07-29,20,4552,力達-KY,sell,4,凱基-台北,9268,155.0,281.0,126.0,,moneydj,https://fubon-ebrokerdj.fbs.com.tw/z/zc/zco/zco.djhtm?a=4552&e=2026-7-1&f=2026-7-29
2026-07-29,2026-07-01,2026-07-29,20,4552,力達-KY,buy,5,台灣摩根士丹利,1470,114.0,54.0,60.0,,moneydj,https://fubon-ebrokerdj.fbs.com.tw/z/zc/zco/zco.djhtm?a=4552&e=2026-7-1&f=2026-7-29
2026-07-29,2026-07-01,2026-07-29,20,4552,力達-KY,sell,5,美好-基隆,5267,0.0,108.0,108.0,,moneydj,https://fubon-ebrokerdj.fbs.com.tw/z/zc/zco/zco.djhtm?a=4552&e=2026-7-1&f=2026-7-29
2026-07-29,2026-07-01,2026-07-29,20,4552,力達-KY,buy,6,永豐金-市政,9A9W,51.0,0.0,51.0,,moneydj,https://fubon-ebrokerdj.fbs.com.tw/z/zc/zco/zco.djhtm?a=4552&e=2026-7-1&f=2026-7-29
2026-07-29,2026-07-01,2026-07-29,20,4552,力達-KY,sell,6,元大-府城,980u,0.0,84.0,84.0,,moneydj,https://fubon-ebrokerdj.fbs.com.tw/z/zc/zco/zco.djhtm?a=4552&e=2026-7-1&f=2026-7-29
2026-07-29,2026-07-01,2026-07-29,20,4552,力達-KY,buy,7,台新-建北,9B18,51.0,0.0,51.0,,moneydj,https://fubon-ebrokerdj.fbs.com.tw/z/zc/zco/zco.djhtm?a=4552&e=2026-7-1&f=2026-7-29
2026-07-29,2026-07-01,2026-07-29,20,4552,力達-KY,sell,7,新光-新竹,8563,7.0,70.0,63.0,,moneydj,https://fubon-ebrokerdj.fbs.com.tw/z/zc/zco/zco.djhtm?a=4552&e=2026-7-1&f=2026-7-29
2026-07-29,2026-07-01,2026-07-29,20,4552,力達-KY,buy,8,第一金-忠孝,538D,41.0,0.0,41.0,,moneydj,https://fubon-ebrokerdj.fbs.com.tw/z/zc/zco/zco.djhtm?a=4552&e=2026-7-1&f=2026-7-29
2026-07-29,2026-07-01,2026-07-29,20,4552,力達-KY,sell,8,富邦-花蓮,9621,43.0,102.0,59.0,,moneydj,https://fubon-ebrokerdj.fbs.com.tw/z/zc/zco/zco.djhtm?a=4552&e=2026-7-1&f=2026-7-29
2026-07-29,2026-07-01,2026-07-29,20,4552,力達-KY,buy,9,亞東-板橋,2181,43.0,6.0,37.0,,moneydj,https://fubon-ebrokerdj.fbs.com.tw/z/zc/zco/zco.djhtm?a=4552&e=2026-7-1&f=2026-7-29
2026-07-29,2026-07-01,2026-07-29,20,4552,力達-KY,sell,9,富邦-台南,9667,21.0,79.0,58.0,,moneydj,https://fubon-ebrokerdj.fbs.com.tw/z/zc/zco/zco.djhtm?a=4552&e=2026-7-1&f=2026-7-29
2026-07-29,2026-07-01,2026-07-29,20,4552,力達-KY,buy,10,花旗環球,1590,40.0,9.0,31.0,,moneydj,https://fubon-ebrokerdj.fbs.com.tw/z/zc/zco/zco.djhtm?a=4552&e=2026-7-1&f=2026-7-29
2026-07-29,2026-07-01,2026-07-29,20,4552,力達-KY,sell,10,國泰-敦南,8888,21.0,45.0,24.0,,moneydj,https://fubon-ebrokerdj.fbs.com.tw/z/zc/zco/zco.djhtm?a=4552&e=2026-7-1&f=2026-7-29
2026-07-29,2026-07-01,2026-07-29,20,3576,聯合再生,buy,1,台灣摩根士丹利,1470,69737.0,20081.0,49656.0,,moneydj,https://fubon-ebrokerdj.fbs.com.tw/z/zc/zco/zco.djhtm?a=3576&e=2026-7-1&f=2026-7-29
2026-07-29,2026-07-01,2026-07-29,20,3576,聯合再生,sell,1,摩根大通,8440,38479.0,46294.0,7815.0,,moneydj,https://fubon-ebrokerdj.fbs.com.tw/z/zc/zco/zco.djhtm?a=3576&e=2026-7-1&f=2026-7-29
2026-07-29,2026-07-01,2026-07-29,20,3576,聯合再生,buy,2,港商麥格理,1360,6318.0,0.0,6318.0,,moneydj,https://fubon-ebrokerdj.fbs.com.tw/z/zc/zco/zco.djhtm?a=3576&e=2026-7-1&f=2026-7-29
2026-07-29,2026-07-01,2026-07-29,20,3576,聯合再生,sell,2,新加坡商瑞銀,1650,8093.0,11564.0,3471.0,,moneydj,https://fubon-ebrokerdj.fbs.com.tw/z/zc/zco/zco.djhtm?a=3576&e=2026-7-1&f=2026-7-29
2026-07-29,2026-07-01,2026-07-29,20,3576,聯合再生,buy,3,美商高盛,1480,18610.0,15669.0,2941.0,,moneydj,https://fubon-ebrokerdj.fbs.com.tw/z/zc/zco/zco.djhtm?a=3576&e=2026-7-1&f=2026-7-29
2026-07-29,2026-07-01,2026-07-29,20,3576,聯合再生,sell,3,玉山-信義,884C,466.0,2600.0,2134.0,,moneydj,https://fubon-ebrokerdj.fbs.com.tw/z/zc/zco/zco.djhtm?a=3576&e=2026-7-1&f=2026-7-29
2026-07-29,2026-07-01,2026-07-29,20,3576,聯合再生,buy,4,花旗環球,1590,739.0,263.0,476.0,,moneydj,https://fubon-ebrokerdj.fbs.com.tw/z/zc/zco/zco.djhtm?a=3576&e=2026-7-1&f=2026-7-29
2026-07-29,2026-07-01,2026-07-29,20,3576,聯合再生,sell,4,國泰-敦南,8888,7170.0,9211.0,2041.0,,moneydj,https://fubon-ebrokerdj.fbs.com.tw/z/zc/zco/zco.djhtm?a=3576&e=2026-7-1&f=2026-7-29
2026-07-29,2026-07-01,2026-07-29,20,3576,聯合再生,buy,5,國票-九鼎,779P,603.0,169.0,434.0,,moneydj,https://fubon-ebrokerdj.fbs.com.tw/z/zc/zco/zco.djhtm?a=3576&e=2026-7-1&f=2026-7-29
2026-07-29,2026-07-01,2026-07-29,20,3576,聯合再生,sell,5,美林,1440,4496.0,6432.0,1936.0,,moneydj,https://fubon-ebrokerdj.fbs.com.tw/z/zc/zco/zco.djhtm?a=3576&e=2026-7-1&f=2026-7-29
2026-07-29,2026-07-01,2026-07-29,20,3576,聯合再生,buy,6,台新-台中,9B1h,2154.0,1758.0,396.0,,moneydj,https://fubon-ebrokerdj.fbs.com.tw/z/zc/zco/zco.djhtm?a=3576&e=2026-7-1&f=2026-7-29
2026-07-29,2026-07-01,2026-07-29,20,3576,聯合再生,sell,6,凱基-台北,9268,20859.0,22582.0,1723.0,,moneydj,https://fubon-ebrokerdj.fbs.com.tw/z/zc/zco/zco.djhtm?a=3576&e=2026-7-1&f=2026-7-29
2026-07-29,2026-07-01,2026-07-29,20,3576,聯合再生,buy,7,元大-屏東民生,981h,739.0,363.0,376.0,,moneydj,https://fubon-ebrokerdj.fbs.com.tw/z/zc/zco/zco.djhtm?a=3576&e=2026-7-1&f=2026-7-29
2026-07-29,2026-07-01,2026-07-29,20,3576,聯合再生,sell,7,群益金鼎-大安,918e,3807.0,4652.0,845.0,,moneydj,https://fubon-ebrokerdj.fbs.com.tw/z/zc/zco/zco.djhtm?a=3576&e=2026-7-1&f=2026-7-29
2026-07-29,2026-07-01,2026-07-29,20,3576,聯合再生,buy,8,華南永昌-鳳山,9331,663.0,300.0,363.0,,moneydj,https://fubon-ebrokerdj.fbs.com.tw/z/zc/zco/zco.djhtm?a=3576&e=2026-7-1&f=2026-7-29
2026-07-29,2026-07-01,2026-07-29,20,3576,聯合再生,sell,8,台新-高雄,9B1g,1661.0,2361.0,700.0,,moneydj,https://fubon-ebrokerdj.fbs.com.tw/z/zc/zco/zco.djhtm?a=3576&e=2026-7-1&f=2026-7-29
2026-07-29,2026-07-01,2026-07-29,20,3576,聯合再生,buy,9,群益金鼎-屏東,913H,644.0,282.0,362.0,,moneydj,https://fubon-ebrokerdj.fbs.com.tw/z/zc/zco/zco.djhtm?a=3576&e=2026-7-1&f=2026-7-29
2026-07-29,2026-07-01,2026-07-29,20,3576,聯合再生,sell,9,第一金-路竹,538P,730.0,1337.0,607.0,,moneydj,https://fubon-ebrokerdj.fbs.com.tw/z/zc/zco/zco.djhtm?a=3576&e=2026-7-1&f=2026-7-29
2026-07-29,2026-07-01,2026-07-29,20,3576,聯合再生,buy,10,凱基-永康,9278,539.0,206.0,333.0,,moneydj,https://fubon-ebrokerdj.fbs.com.tw/z/zc/zco/zco.djhtm?a=3576&e=2026-7-1&f=2026-7-29
2026-07-29,2026-07-01,2026-07-29,20,3576,聯合再生,sell,10,國泰-台中,8882,2233.0,2779.0,546.0,,moneydj,https://fubon-ebrokerdj.fbs.com.tw/z/zc/zco/zco.djhtm?a=3576&e=2026-7-1&f=2026-7-29
2026-07-29,2026-07-01,2026-07-29,20,4967,十銓,buy,1,永豐金證券,9A00,1617.0,482.0,1135.0,,moneydj,https://fubon-ebrokerdj.fbs.com.tw/z/zc/zco/zco.djhtm?a=4967&e=2026-7-1&f=2026-7-29
2026-07-29,2026-07-01,2026-07-29,20,4967,十銓,sell,1,台灣摩根士丹利,1470,1568.0,3189.0,1621.0,,moneydj,https://fubon-ebrokerdj.fbs.com.tw/z/zc/zco/zco.djhtm?a=4967&e=2026-7-1&f=2026-7-29
2026-07-29,2026-07-01,2026-07-29,20,4967,十銓,buy,2,凱基-台北,9268,5964.0,5309.0,655.0,,moneydj,https://fubon-ebrokerdj.fbs.com.tw/z/zc/zco/zco.djhtm?a=4967&e=2026-7-1&f=2026-7-29
2026-07-29,2026-07-01,2026-07-29,20,4967,十銓,sell,2,富邦-建國,9658,106.0,1143.0,1037.0,,moneydj,https://fubon-ebrokerdj.fbs.com.tw/z/zc/zco/zco.djhtm?a=4967&e=2026-7-1&f=2026-7-29
2026-07-29,2026-07-01,2026-07-29,20,4967,十銓,buy,3,第一金,5380,263.0,8.0,255.0,,moneydj,https://fubon-ebrokerdj.fbs.com.tw/z/zc/zco/zco.djhtm?a=4967&e=2026-7-1&f=2026-7-29
2026-07-29,2026-07-01,2026-07-29,20,4967,十銓,sell,3,元大證券,9800,3068.0,3702.0,634.0,,moneydj,https://fubon-ebrokerdj.fbs.com.tw/z/zc/zco/zco.djhtm?a=4967&e=2026-7-1&f=2026-7-29
2026-07-29,2026-07-01,2026-07-29,20,4967,十銓,buy,4,凱基,9200,455.0,217.0,238.0,,moneydj,https://fubon-ebrokerdj.fbs.com.tw/z/zc/zco/zco.djhtm?a=4967&e=2026-7-1&f=2026-7-29
2026-07-29,2026-07-01,2026-07-29,20,4967,十銓,sell,4,凱基-站前,920F,157.0,686.0,529.0,,moneydj,https://fubon-ebrokerdj.fbs.com.tw/z/zc/zco/zco.djhtm?a=4967&e=2026-7-1&f=2026-7-29
2026-07-29,2026-07-01,2026-07-29,20,4967,十銓,buy,5,統一-竹南,585m,208.0,5.0,203.0,,moneydj,https://fubon-ebrokerdj.fbs.com.tw/z/zc/zco/zco.djhtm?a=4967&e=2026-7-1&f=2026-7-29
2026-07-29,2026-07-01,2026-07-29,20,4967,十銓,sell,5,新加坡商瑞銀,1650,789.0,1073.0,284.0,,moneydj,https://fubon-ebrokerdj.fbs.com.tw/z/zc/zco/zco.djhtm?a=4967&e=2026-7-1&f=2026-7-29
2026-07-29,2026-07-01,2026-07-29,20,4967,十銓,buy,6,元大-大同,989G,191.0,29.0,162.0,,moneydj,https://fubon-ebrokerdj.fbs.com.tw/z/zc/zco/zco.djhtm?a=4967&e=2026-7-1&f=2026-7-29
2026-07-29,2026-07-01,2026-07-29,20,4967,十銓,sell,6,摩根大通,8440,1034.0,1233.0,199.0,,moneydj,https://fubon-ebrokerdj.fbs.com.tw/z/zc/zco/zco.djhtm?a=4967&e=2026-7-1&f=2026-7-29
2026-07-29,2026-07-01,2026-07-29,20,4967,十銓,buy,7,元大-仁愛,983j,264.0,108.0,156.0,,moneydj,https://fubon-ebrokerdj.fbs.com.tw/z/zc/zco/zco.djhtm?a=4967&e=2026-7-1&f=2026-7-29
2026-07-29,2026-07-01,2026-07-29,20,4967,十銓,sell,7,群益金鼎-民權,9131,47.0,241.0,194.0,,moneydj,https://fubon-ebrokerdj.fbs.com.tw/z/zc/zco/zco.djhtm?a=4967&e=2026-7-1&f=2026-7-29
2026-07-29,2026-07-01,2026-07-29,20,4967,十銓,buy,8,富邦證券,9600,683.0,539.0,144.0,,moneydj,https://fubon-ebrokerdj.fbs.com.tw/z/zc/zco/zco.djhtm?a=4967&e=2026-7-1&f=2026-7-29
2026-07-29,2026-07-01,2026-07-29,20,4967,十銓,sell,8,兆豐-虎尾,700F,0.0,163.0,163.0,,moneydj,https://fubon-ebrokerdj.fbs.com.tw/z/zc/zco/zco.djhtm?a=4967&e=2026-7-1&f=2026-7-29
2026-07-29,2026-07-01,2026-07-29,20,4967,十銓,buy,9,美商高盛,1480,2581.0,2446.0,135.0,,moneydj,https://fubon-ebrokerdj.fbs.com.tw/z/zc/zco/zco.djhtm?a=4967&e=2026-7-1&f=2026-7-29
2026-07-29,2026-07-01,2026-07-29,20,4967,十銓,sell,9,華南永昌-台中,9302,183.0,344.0,161.0,,moneydj,https://fubon-ebrokerdj.fbs.com.tw/z/zc/zco/zco.djhtm?a=4967&e=2026-7-1&f=2026-7-29
2026-07-29,2026-07-01,2026-07-29,20,4967,十銓,buy,10,凱基-中壢,9285,177.0,45.0,132.0,,moneydj,https://fubon-ebrokerdj.fbs.com.tw/z/zc/zco/zco.djhtm?a=4967&e=2026-7-1&f=2026-7-29
2026-07-29,2026-07-01,2026-07-29,20,4967,十銓,sell,10,台新-敦南,9B2Q,20.0,162.0,142.0,,moneydj,https://fubon-ebrokerdj.fbs.com.tw/z/zc/zco/zco.djhtm?a=4967&e=2026-7-1&f=2026-7-29
2026-07-29,2026-07-01,2026-07-29,20,6277,宏正,buy,1,美商高盛,1480,872.0,563.0,309.0,,moneydj,https://fubon-ebrokerdj.fbs.com.tw/z/zc/zco/zco.djhtm?a=6277&e=2026-7-1&f=2026-7-29
2026-07-29,2026-07-01,2026-07-29,20,6277,宏正,sell,1,元大-新店中正,984C,9.0,92.0,83.0,,moneydj,https://fubon-ebrokerdj.fbs.com.tw/z/zc/zco/zco.djhtm?a=6277&e=2026-7-1&f=2026-7-29
2026-07-29,2026-07-01,2026-07-29,20,6277,宏正,buy,2,元大-成功,989L,284.0,26.0,258.0,,moneydj,https://fubon-ebrokerdj.fbs.com.tw/z/zc/zco/zco.djhtm?a=6277&e=2026-7-1&f=2026-7-29
2026-07-29,2026-07-01,2026-07-29,20,6277,宏正,sell,2,凱基-桃園,9208,20.0,101.0,81.0,,moneydj,https://fubon-ebrokerdj.fbs.com.tw/z/zc/zco/zco.djhtm?a=6277&e=2026-7-1&f=2026-7-29
2026-07-29,2026-07-01,2026-07-29,20,6277,宏正,buy,3,花旗環球,1590,224.0,13.0,211.0,,moneydj,https://fubon-ebrokerdj.fbs.com.tw/z/zc/zco/zco.djhtm?a=6277&e=2026-7-1&f=2026-7-29
2026-07-29,2026-07-01,2026-07-29,20,6277,宏正,sell,3,永豐金-埔里,9A79,1.0,64.0,63.0,,moneydj,https://fubon-ebrokerdj.fbs.com.tw/z/zc/zco/zco.djhtm?a=6277&e=2026-7-1&f=2026-7-29
2026-07-29,2026-07-01,2026-07-29,20,6277,宏正,buy,4,國票-長城,779u,239.0,41.0,198.0,,moneydj,https://fubon-ebrokerdj.fbs.com.tw/z/zc/zco/zco.djhtm?a=6277&e=2026-7-1&f=2026-7-29
2026-07-29,2026-07-01,2026-07-29,20,6277,宏正,sell,4,(牛牛牛)亞-鑫豐,601d,24.0,80.0,56.0,,moneydj,https://fubon-ebrokerdj.fbs.com.tw/z/zc/zco/zco.djhtm?a=6277&e=2026-7-1&f=2026-7-29
2026-07-29,2026-07-01,2026-07-29,20,6277,宏正,buy,5,新加坡商瑞銀,1650,477.0,290.0,187.0,,moneydj,https://fubon-ebrokerdj.fbs.com.tw/z/zc/zco/zco.djhtm?a=6277&e=2026-7-1&f=2026-7-29
2026-07-29,2026-07-01,2026-07-29,20,6277,宏正,sell,5,台新-高雄,9B1g,46.0,101.0,55.0,,moneydj,https://fubon-ebrokerdj.fbs.com.tw/z/zc/zco/zco.djhtm?a=6277&e=2026-7-1&f=2026-7-29
2026-07-29,2026-07-01,2026-07-29,20,6277,宏正,buy,6,凱基-台北,9268,1311.0,1125.0,186.0,,moneydj,https://fubon-ebrokerdj.fbs.com.tw/z/zc/zco/zco.djhtm?a=6277&e=2026-7-1&f=2026-7-29
2026-07-29,2026-07-01,2026-07-29,20,6277,宏正,sell,6,新光,8560,112.0,162.0,50.0,,moneydj,https://fubon-ebrokerdj.fbs.com.tw/z/zc/zco/zco.djhtm?a=6277&e=2026-7-1&f=2026-7-29
2026-07-29,2026-07-01,2026-07-29,20,6277,宏正,buy,7,摩根大通,8440,577.0,455.0,122.0,,moneydj,https://fubon-ebrokerdj.fbs.com.tw/z/zc/zco/zco.djhtm?a=6277&e=2026-7-1&f=2026-7-29
2026-07-29,2026-07-01,2026-07-29,20,6277,宏正,sell,7,富邦-建國,9658,22.0,69.0,47.0,,moneydj,https://fubon-ebrokerdj.fbs.com.tw/z/zc/zco/zco.djhtm?a=6277&e=2026-7-1&f=2026-7-29
2026-07-29,2026-07-01,2026-07-29,20,6277,宏正,buy,8,美林,1440,296.0,202.0,94.0,,moneydj,https://fubon-ebrokerdj.fbs.com.tw/z/zc/zco/zco.djhtm?a=6277&e=2026-7-1&f=2026-7-29
2026-07-29,2026-07-01,2026-07-29,20,6277,宏正,sell,8,元大-北投,989A,35.0,82.0,47.0,,moneydj,https://fubon-ebrokerdj.fbs.com.tw/z/zc/zco/zco.djhtm?a=6277&e=2026-7-1&f=2026-7-29
2026-07-29,2026-07-01,2026-07-29,20,6277,宏正,buy,9,台灣摩根士丹利,1470,889.0,820.0,69.0,,moneydj,https://fubon-ebrokerdj.fbs.com.tw/z/zc/zco/zco.djhtm?a=6277&e=2026-7-1&f=2026-7-29
2026-07-29,2026-07-01,2026-07-29,20,6277,宏正,sell,9,群益金鼎-海山,9108,31.0,77.0,46.0,,moneydj,https://fubon-ebrokerdj.fbs.com.tw/z/zc/zco/zco.djhtm?a=6277&e=2026-7-1&f=2026-7-29
2026-07-29,2026-07-01,2026-07-29,20,6277,宏正,buy,10,富邦-板橋,9655,80.0,27.0,53.0,,moneydj,https://fubon-ebrokerdj.fbs.com.tw/z/zc/zco/zco.djhtm?a=6277&e=2026-7-1&f=2026-7-29
2026-07-29,2026-07-01,2026-07-29,20,6277,宏正,sell,10,新光-台中,8561,32.0,75.0,43.0,,moneydj,https://fubon-ebrokerdj.fbs.com.tw/z/zc/zco/zco.djhtm?a=6277&e=2026-7-1&f=2026-7-29
2026-07-29,2026-07-01,2026-07-29,20,3018,隆銘綠能,buy,1,群益金鼎-西松,9136,100.0,0.0,100.0,,moneydj,https://fubon-ebrokerdj.fbs.com.tw/z/zc/zco/zco.djhtm?a=3018&e=2026-7-1&f=2026-7-29
2026-07-29,2026-07-01,2026-07-29,20,3018,隆銘綠能,sell,1,華南永昌-大安,9307,0.0,75.0,75.0,,moneydj,https://fubon-ebrokerdj.fbs.com.tw/z/zc/zco/zco.djhtm?a=3018&e=2026-7-1&f=2026-7-29
2026-07-29,2026-07-01,2026-07-29,20,3018,隆銘綠能,buy,2,凱基-台北,9268,72.0,2.0,70.0,,moneydj,https://fubon-ebrokerdj.fbs.com.tw/z/zc/zco/zco.djhtm?a=3018&e=2026-7-1&f=2026-7-29
2026-07-29,2026-07-01,2026-07-29,20,3018,隆銘綠能,sell,2,中國信託-高雄,616K,10.0,66.0,56.0,,moneydj,https://fubon-ebrokerdj.fbs.com.tw/z/zc/zco/zco.djhtm?a=3018&e=2026-7-1&f=2026-7-29
2026-07-29,2026-07-01,2026-07-29,20,3018,隆銘綠能,buy,3,元大證券,9800,62.0,0.0,62.0,,moneydj,https://fubon-ebrokerdj.fbs.com.tw/z/zc/zco/zco.djhtm?a=3018&e=2026-7-1&f=2026-7-29
2026-07-29,2026-07-01,2026-07-29,20,3018,隆銘綠能,sell,3,元大-大雅,983i,0.0,50.0,50.0,,moneydj,https://fubon-ebrokerdj.fbs.com.tw/z/zc/zco/zco.djhtm?a=3018&e=2026-7-1&f=2026-7-29
2026-07-29,2026-07-01,2026-07-29,20,3018,隆銘綠能,buy,4,國泰-敦南,8888,220.0,168.0,52.0,,moneydj,https://fubon-ebrokerdj.fbs.com.tw/z/zc/zco/zco.djhtm?a=3018&e=2026-7-1&f=2026-7-29
2026-07-29,2026-07-01,2026-07-29,20,3018,隆銘綠能,sell,4,富邦-高雄,9659,0.0,41.0,41.0,,moneydj,https://fubon-ebrokerdj.fbs.com.tw/z/zc/zco/zco.djhtm?a=3018&e=2026-7-1&f=2026-7-29
2026-07-29,2026-07-01,2026-07-29,20,3018,隆銘綠能,buy,5,國票-敦北法人,779c,50.0,0.0,50.0,,moneydj,https://fubon-ebrokerdj.fbs.com.tw/z/zc/zco/zco.djhtm?a=3018&e=2026-7-1&f=2026-7-29
2026-07-29,2026-07-01,2026-07-29,20,3018,隆銘綠能,sell,5,第一金-路竹,538P,2.0,43.0,41.0,,moneydj,https://fubon-ebrokerdj.fbs.com.tw/z/zc/zco/zco.djhtm?a=3018&e=2026-7-1&f=2026-7-29
2026-07-29,2026-07-01,2026-07-29,20,3018,隆銘綠能,buy,6,玉山-信義,884C,55.0,10.0,45.0,,moneydj,https://fubon-ebrokerdj.fbs.com.tw/z/zc/zco/zco.djhtm?a=3018&e=2026-7-1&f=2026-7-29
2026-07-29,2026-07-01,2026-07-29,20,3018,隆銘綠能,sell,6,國泰-台南,8884,3.0,28.0,25.0,,moneydj,https://fubon-ebrokerdj.fbs.com.tw/z/zc/zco/zco.djhtm?a=3018&e=2026-7-1&f=2026-7-29
2026-07-29,2026-07-01,2026-07-29,20,3018,隆銘綠能,buy,7,台新-信義,9B2H,36.0,15.0,21.0,,moneydj,https://fubon-ebrokerdj.fbs.com.tw/z/zc/zco/zco.djhtm?a=3018&e=2026-7-1&f=2026-7-29
2026-07-29,2026-07-01,2026-07-29,20,3018,隆銘綠能,sell,7,第一金-華江,538W,0.0,24.0,24.0,,moneydj,https://fubon-ebrokerdj.fbs.com.tw/z/zc/zco/zco.djhtm?a=3018&e=2026-7-1&f=2026-7-29
2026-07-29,2026-07-01,2026-07-29,20,3018,隆銘綠能,buy,8,群益金鼎-瑞豐,918u,19.0,0.0,19.0,,moneydj,https://fubon-ebrokerdj.fbs.com.tw/z/zc/zco/zco.djhtm?a=3018&e=2026-7-1&f=2026-7-29
2026-07-29,2026-07-01,2026-07-29,20,3018,隆銘綠能,sell,8,國泰-桃園,8885,1.0,24.0,23.0,,moneydj,https://fubon-ebrokerdj.fbs.com.tw/z/zc/zco/zco.djhtm?a=3018&e=2026-7-1&f=2026-7-29
2026-07-29,2026-07-01,2026-07-29,20,3018,隆銘綠能,buy,9,富邦-建國,9658,26.0,8.0,18.0,,moneydj,https://fubon-ebrokerdj.fbs.com.tw/z/zc/zco/zco.djhtm?a=3018&e=2026-7-1&f=2026-7-29
2026-07-29,2026-07-01,2026-07-29,20,3018,隆銘綠能,sell,9,富邦-公益,961F,0.0,21.0,21.0,,moneydj,https://fubon-ebrokerdj.fbs.com.tw/z/zc/zco/zco.djhtm?a=3018&e=2026-7-1&f=2026-7-29
2026-07-29,2026-07-01,2026-07-29,20,3018,隆銘綠能,buy,10,富邦-新店,9661,20.0,2.0,18.0,,moneydj,https://fubon-ebrokerdj.fbs.com.tw/z/zc/zco/zco.djhtm?a=3018&e=2026-7-1&f=2026-7-29
2026-07-29,2026-07-01,2026-07-29,20,3018,隆銘綠能,sell,10,華南永昌-南京,9326,2.0,22.0,20.0,,moneydj,https://fubon-ebrokerdj.fbs.com.tw/z/zc/zco/zco.djhtm?a=3018&e=2026-7-1&f=2026-7-29
2026-07-29,2026-07-01,2026-07-29,20,5483,中美晶,buy,1,國泰證券,8880,10462.0,1547.0,8915.0,,moneydj,https://fubon-ebrokerdj.fbs.com.tw/z/zc/zco/zco.djhtm?a=5483&e=2026-7-1&f=2026-7-29
2026-07-29,2026-07-01,2026-07-29,20,5483,中美晶,sell,1,台灣摩根士丹利,1470,43540.0,50001.0,6461.0,,moneydj,https://fubon-ebrokerdj.fbs.com.tw/z/zc/zco/zco.djhtm?a=5483&e=2026-7-1&f=2026-7-29
2026-07-29,2026-07-01,2026-07-29,20,5483,中美晶,buy,2,摩根大通,8440,33390.0,25268.0,8122.0,,moneydj,https://fubon-ebrokerdj.fbs.com.tw/z/zc/zco/zco.djhtm?a=5483&e=2026-7-1&f=2026-7-29
2026-07-29,2026-07-01,2026-07-29,20,5483,中美晶,sell,2,美林,1440,7985.0,11383.0,3398.0,,moneydj,https://fubon-ebrokerdj.fbs.com.tw/z/zc/zco/zco.djhtm?a=5483&e=2026-7-1&f=2026-7-29
2026-07-29,2026-07-01,2026-07-29,20,5483,中美晶,buy,3,新加坡商瑞銀,1650,24258.0,16451.0,7807.0,,moneydj,https://fubon-ebrokerdj.fbs.com.tw/z/zc/zco/zco.djhtm?a=5483&e=2026-7-1&f=2026-7-29
2026-07-29,2026-07-01,2026-07-29,20,5483,中美晶,sell,3,合庫證券,1020,495.0,3482.0,2987.0,,moneydj,https://fubon-ebrokerdj.fbs.com.tw/z/zc/zco/zco.djhtm?a=5483&e=2026-7-1&f=2026-7-29
2026-07-29,2026-07-01,2026-07-29,20,5483,中美晶,buy,4,美商高盛,1480,43872.0,36922.0,6950.0,,moneydj,https://fubon-ebrokerdj.fbs.com.tw/z/zc/zco/zco.djhtm?a=5483&e=2026-7-1&f=2026-7-29
2026-07-29,2026-07-01,2026-07-29,20,5483,中美晶,sell,4,第一金-自由,538E,499.0,2034.0,1535.0,,moneydj,https://fubon-ebrokerdj.fbs.com.tw/z/zc/zco/zco.djhtm?a=5483&e=2026-7-1&f=2026-7-29
2026-07-29,2026-07-01,2026-07-29,20,5483,中美晶,buy,5,花旗環球,1590,10514.0,3656.0,6858.0,,moneydj,https://fubon-ebrokerdj.fbs.com.tw/z/zc/zco/zco.djhtm?a=5483&e=2026-7-1&f=2026-7-29
2026-07-29,2026-07-01,2026-07-29,20,5483,中美晶,sell,5,凱基-台北,9268,49057.0,50372.0,1315.0,,moneydj,https://fubon-ebrokerdj.fbs.com.tw/z/zc/zco/zco.djhtm?a=5483&e=2026-7-1&f=2026-7-29
2026-07-29,2026-07-01,2026-07-29,20,5483,中美晶,buy,6,元大證券,9800,84795.0,80451.0,4344.0,,moneydj,https://fubon-ebrokerdj.fbs.com.tw/z/zc/zco/zco.djhtm?a=5483&e=2026-7-1&f=2026-7-29
2026-07-29,2026-07-01,2026-07-29,20,5483,中美晶,sell,6,元大-清水,980e,1145.0,2415.0,1270.0,,moneydj,https://fubon-ebrokerdj.fbs.com.tw/z/zc/zco/zco.djhtm?a=5483&e=2026-7-1&f=2026-7-29
2026-07-29,2026-07-01,2026-07-29,20,5483,中美晶,buy,7,富邦證券,9600,9567.0,7990.0,1577.0,,moneydj,https://fubon-ebrokerdj.fbs.com.tw/z/zc/zco/zco.djhtm?a=5483&e=2026-7-1&f=2026-7-29
2026-07-29,2026-07-01,2026-07-29,20,5483,中美晶,sell,7,凱基-高雄,9206,453.0,1608.0,1155.0,,moneydj,https://fubon-ebrokerdj.fbs.com.tw/z/zc/zco/zco.djhtm?a=5483&e=2026-7-1&f=2026-7-29
2026-07-29,2026-07-01,2026-07-29,20,5483,中美晶,buy,8,兆豐-永和,700X,1663.0,423.0,1240.0,,moneydj,https://fubon-ebrokerdj.fbs.com.tw/z/zc/zco/zco.djhtm?a=5483&e=2026-7-1&f=2026-7-29
2026-07-29,2026-07-01,2026-07-29,20,5483,中美晶,sell,8,群益金鼎-內湖,918d,818.0,1856.0,1038.0,,moneydj,https://fubon-ebrokerdj.fbs.com.tw/z/zc/zco/zco.djhtm?a=5483&e=2026-7-1&f=2026-7-29
2026-07-29,2026-07-01,2026-07-29,20,5483,中美晶,buy,9,玉山證券,8840,2405.0,1292.0,1113.0,,moneydj,https://fubon-ebrokerdj.fbs.com.tw/z/zc/zco/zco.djhtm?a=5483&e=2026-7-1&f=2026-7-29
2026-07-29,2026-07-01,2026-07-29,20,5483,中美晶,sell,9,元大-板橋,989C,798.0,1822.0,1024.0,,moneydj,https://fubon-ebrokerdj.fbs.com.tw/z/zc/zco/zco.djhtm?a=5483&e=2026-7-1&f=2026-7-29
2026-07-29,2026-07-01,2026-07-29,20,5483,中美晶,buy,10,元大-板橋三民,9879,1441.0,530.0,911.0,,moneydj,https://fubon-ebrokerdj.fbs.com.tw/z/zc/zco/zco.djhtm?a=5483&e=2026-7-1&f=2026-7-29
2026-07-29,2026-07-01,2026-07-29,20,5483,中美晶,sell,10,港商野村,1560,4699.0,5702.0,1003.0,,moneydj,https://fubon-ebrokerdj.fbs.com.tw/z/zc/zco/zco.djhtm?a=5483&e=2026-7-1&f=2026-7-29
2026-07-29,2026-07-01,2026-07-29,20,6944,兆聯實業,buy,1,香港上海匯豐,8960,309.0,0.0,309.0,,moneydj,https://fubon-ebrokerdj.fbs.com.tw/z/zc/zco/zco.djhtm?a=6944&e=2026-7-1&f=2026-7-29
2026-07-29,2026-07-01,2026-07-29,20,6944,兆聯實業,sell,1,台灣摩根士丹利,1470,1528.0,2385.0,857.0,,moneydj,https://fubon-ebrokerdj.fbs.com.tw/z/zc/zco/zco.djhtm?a=6944&e=2026-7-1&f=2026-7-29
2026-07-29,2026-07-01,2026-07-29,20,6944,兆聯實業,buy,2,港商麥格理,1360,189.0,36.0,153.0,,moneydj,https://fubon-ebrokerdj.fbs.com.tw/z/zc/zco/zco.djhtm?a=6944&e=2026-7-1&f=2026-7-29
2026-07-29,2026-07-01,2026-07-29,20,6944,兆聯實業,sell,2,美商高盛,1480,742.0,1113.0,371.0,,moneydj,https://fubon-ebrokerdj.fbs.com.tw/z/zc/zco/zco.djhtm?a=6944&e=2026-7-1&f=2026-7-29
2026-07-29,2026-07-01,2026-07-29,20,6944,兆聯實業,buy,3,美林,1440,311.0,241.0,70.0,,moneydj,https://fubon-ebrokerdj.fbs.com.tw/z/zc/zco/zco.djhtm?a=6944&e=2026-7-1&f=2026-7-29
2026-07-29,2026-07-01,2026-07-29,20,6944,兆聯實業,sell,3,新加坡商瑞銀,1650,391.0,515.0,124.0,,moneydj,https://fubon-ebrokerdj.fbs.com.tw/z/zc/zco/zco.djhtm?a=6944&e=2026-7-1&f=2026-7-29
2026-07-29,2026-07-01,2026-07-29,20,6944,兆聯實業,buy,4,台新,9B00,184.0,122.0,62.0,,moneydj,https://fubon-ebrokerdj.fbs.com.tw/z/zc/zco/zco.djhtm?a=6944&e=2026-7-1&f=2026-7-29
2026-07-29,2026-07-01,2026-07-29,20,6944,兆聯實業,sell,4,元大證券,9800,1164.0,1274.0,110.0,,moneydj,https://fubon-ebrokerdj.fbs.com.tw/z/zc/zco/zco.djhtm?a=6944&e=2026-7-1&f=2026-7-29
2026-07-29,2026-07-01,2026-07-29,20,6944,兆聯實業,buy,5,富邦-新竹,9647,77.0,27.0,50.0,,moneydj,https://fubon-ebrokerdj.fbs.com.tw/z/zc/zco/zco.djhtm?a=6944&e=2026-7-1&f=2026-7-29
2026-07-29,2026-07-01,2026-07-29,20,6944,兆聯實業,sell,5,凱基-台北,9268,1142.0,1226.0,84.0,,moneydj,https://fubon-ebrokerdj.fbs.com.tw/z/zc/zco/zco.djhtm?a=6944&e=2026-7-1&f=2026-7-29
2026-07-29,2026-07-01,2026-07-29,20,6944,兆聯實業,buy,6,國泰-敦南,8888,199.0,153.0,46.0,,moneydj,https://fubon-ebrokerdj.fbs.com.tw/z/zc/zco/zco.djhtm?a=6944&e=2026-7-1&f=2026-7-29
2026-07-29,2026-07-01,2026-07-29,20,6944,兆聯實業,sell,6,永豐金-匯立,9A81,9.0,87.0,78.0,,moneydj,https://fubon-ebrokerdj.fbs.com.tw/z/zc/zco/zco.djhtm?a=6944&e=2026-7-1&f=2026-7-29
2026-07-29,2026-07-01,2026-07-29,20,6944,兆聯實業,buy,7,玉山-台南,8847,74.0,32.0,42.0,,moneydj,https://fubon-ebrokerdj.fbs.com.tw/z/zc/zco/zco.djhtm?a=6944&e=2026-7-1&f=2026-7-29
2026-07-29,2026-07-01,2026-07-29,20,6944,兆聯實業,sell,7,花旗環球,1590,94.0,156.0,62.0,,moneydj,https://fubon-ebrokerdj.fbs.com.tw/z/zc/zco/zco.djhtm?a=6944&e=2026-7-1&f=2026-7-29
2026-07-29,2026-07-01,2026-07-29,20,6944,兆聯實業,buy,8,新光-新竹,8563,61.0,19.0,42.0,,moneydj,https://fubon-ebrokerdj.fbs.com.tw/z/zc/zco/zco.djhtm?a=6944&e=2026-7-1&f=2026-7-29
2026-07-29,2026-07-01,2026-07-29,20,6944,兆聯實業,sell,8,玉山-板橋,8846,6.0,62.0,56.0,,moneydj,https://fubon-ebrokerdj.fbs.com.tw/z/zc/zco/zco.djhtm?a=6944&e=2026-7-1&f=2026-7-29
2026-07-29,2026-07-01,2026-07-29,20,6944,兆聯實業,buy,9,凱基-中山,9229,132.0,90.0,42.0,,moneydj,https://fubon-ebrokerdj.fbs.com.tw/z/zc/zco/zco.djhtm?a=6944&e=2026-7-1&f=2026-7-29
2026-07-29,2026-07-01,2026-07-29,20,6944,兆聯實業,sell,9,大和國泰,8890,0.0,50.0,50.0,,moneydj,https://fubon-ebrokerdj.fbs.com.tw/z/zc/zco/zco.djhtm?a=6944&e=2026-7-1&f=2026-7-29
2026-07-29,2026-07-01,2026-07-29,20,6944,兆聯實業,buy,10,台新-三重,9B23,42.0,3.0,39.0,,moneydj,https://fubon-ebrokerdj.fbs.com.tw/z/zc/zco/zco.djhtm?a=6944&e=2026-7-1&f=2026-7-29
2026-07-29,2026-07-01,2026-07-29,20,6944,兆聯實業,sell,10,港商野村,1560,124.0,171.0,47.0,,moneydj,https://fubon-ebrokerdj.fbs.com.tw/z/zc/zco/zco.djhtm?a=6944&e=2026-7-1&f=2026-7-29
2026-07-29,2026-07-01,2026-07-29,20,2539,櫻花建,buy,1,摩根大通,8440,3106.0,1289.0,1817.0,,moneydj,https://fubon-ebrokerdj.fbs.com.tw/z/zc/zco/zco.djhtm?a=2539&e=2026-7-1&f=2026-7-29
2026-07-29,2026-07-01,2026-07-29,20,2539,櫻花建,sell,1,第一金-中山,5389,23.0,1180.0,1157.0,,moneydj,https://fubon-ebrokerdj.fbs.com.tw/z/zc/zco/zco.djhtm?a=2539&e=2026-7-1&f=2026-7-29
2026-07-29,2026-07-01,2026-07-29,20,2539,櫻花建,buy,2,新加坡商瑞銀,1650,1426.0,359.0,1067.0,,moneydj,https://fubon-ebrokerdj.fbs.com.tw/z/zc/zco/zco.djhtm?a=2539&e=2026-7-1&f=2026-7-29
2026-07-29,2026-07-01,2026-07-29,20,2539,櫻花建,sell,2,台新-彰化,9B2M,2.0,551.0,549.0,,moneydj,https://fubon-ebrokerdj.fbs.com.tw/z/zc/zco/zco.djhtm?a=2539&e=2026-7-1&f=2026-7-29
2026-07-29,2026-07-01,2026-07-29,20,2539,櫻花建,buy,3,台灣摩根士丹利,1470,1553.0,662.0,891.0,,moneydj,https://fubon-ebrokerdj.fbs.com.tw/z/zc/zco/zco.djhtm?a=2539&e=2026-7-1&f=2026-7-29
2026-07-29,2026-07-01,2026-07-29,20,2539,櫻花建,sell,3,凱基,9200,76.0,623.0,547.0,,moneydj,https://fubon-ebrokerdj.fbs.com.tw/z/zc/zco/zco.djhtm?a=2539&e=2026-7-1&f=2026-7-29
2026-07-29,2026-07-01,2026-07-29,20,2539,櫻花建,buy,4,港商野村,1560,715.0,107.0,608.0,,moneydj,https://fubon-ebrokerdj.fbs.com.tw/z/zc/zco/zco.djhtm?a=2539&e=2026-7-1&f=2026-7-29
2026-07-29,2026-07-01,2026-07-29,20,2539,櫻花建,sell,4,富邦-新竹,9647,39.0,313.0,274.0,,moneydj,https://fubon-ebrokerdj.fbs.com.tw/z/zc/zco/zco.djhtm?a=2539&e=2026-7-1&f=2026-7-29
2026-07-29,2026-07-01,2026-07-29,20,2539,櫻花建,buy,5,美商高盛,1480,2078.0,1470.0,608.0,,moneydj,https://fubon-ebrokerdj.fbs.com.tw/z/zc/zco/zco.djhtm?a=2539&e=2026-7-1&f=2026-7-29
2026-07-29,2026-07-01,2026-07-29,20,2539,櫻花建,sell,5,富邦-公益,961F,11.0,233.0,222.0,,moneydj,https://fubon-ebrokerdj.fbs.com.tw/z/zc/zco/zco.djhtm?a=2539&e=2026-7-1&f=2026-7-29
2026-07-29,2026-07-01,2026-07-29,20,2539,櫻花建,buy,6,花旗環球,1590,574.0,149.0,425.0,,moneydj,https://fubon-ebrokerdj.fbs.com.tw/z/zc/zco/zco.djhtm?a=2539&e=2026-7-1&f=2026-7-29
2026-07-29,2026-07-01,2026-07-29,20,2539,櫻花建,sell,6,永豐金證券,9A00,312.0,498.0,186.0,,moneydj,https://fubon-ebrokerdj.fbs.com.tw/z/zc/zco/zco.djhtm?a=2539&e=2026-7-1&f=2026-7-29
2026-07-29,2026-07-01,2026-07-29,20,2539,櫻花建,buy,7,美林,1440,846.0,535.0,311.0,,moneydj,https://fubon-ebrokerdj.fbs.com.tw/z/zc/zco/zco.djhtm?a=2539&e=2026-7-1&f=2026-7-29
2026-07-29,2026-07-01,2026-07-29,20,2539,櫻花建,sell,7,台新-敦南,9B2Q,36.0,221.0,185.0,,moneydj,https://fubon-ebrokerdj.fbs.com.tw/z/zc/zco/zco.djhtm?a=2539&e=2026-7-1&f=2026-7-29
2026-07-29,2026-07-01,2026-07-29,20,2539,櫻花建,buy,8,凱基-台北,9268,1741.0,1516.0,225.0,,moneydj,https://fubon-ebrokerdj.fbs.com.tw/z/zc/zco/zco.djhtm?a=2539&e=2026-7-1&f=2026-7-29
2026-07-29,2026-07-01,2026-07-29,20,2539,櫻花建,sell,8,玉山-嘉義,8848,3.0,184.0,181.0,,moneydj,https://fubon-ebrokerdj.fbs.com.tw/z/zc/zco/zco.djhtm?a=2539&e=2026-7-1&f=2026-7-29
2026-07-29,2026-07-01,2026-07-29,20,2539,櫻花建,buy,9,華南永昌-虎尾,9377,280.0,76.0,204.0,,moneydj,https://fubon-ebrokerdj.fbs.com.tw/z/zc/zco/zco.djhtm?a=2539&e=2026-7-1&f=2026-7-29
2026-07-29,2026-07-01,2026-07-29,20,2539,櫻花建,sell,9,國泰-敦南,8888,248.0,410.0,162.0,,moneydj,https://fubon-ebrokerdj.fbs.com.tw/z/zc/zco/zco.djhtm?a=2539&e=2026-7-1&f=2026-7-29
2026-07-29,2026-07-01,2026-07-29,20,2539,櫻花建,buy,10,中國信託-三重,6161,162.0,46.0,116.0,,moneydj,https://fubon-ebrokerdj.fbs.com.tw/z/zc/zco/zco.djhtm?a=2539&e=2026-7-1&f=2026-7-29
2026-07-29,2026-07-01,2026-07-29,20,2539,櫻花建,sell,10,元大-新竹經國,9859,21.0,152.0,131.0,,moneydj,https://fubon-ebrokerdj.fbs.com.tw/z/zc/zco/zco.djhtm?a=2539&e=2026-7-1&f=2026-7-29
2026-07-29,2026-07-01,2026-07-29,20,6219,富旺,buy,1,華南永昌-虎尾,9377,1045.0,149.0,896.0,,moneydj,https://fubon-ebrokerdj.fbs.com.tw/z/zc/zco/zco.djhtm?a=6219&e=2026-7-1&f=2026-7-29
2026-07-29,2026-07-01,2026-07-29,20,6219,富旺,sell,1,台新-高雄,9B1g,4.0,415.0,411.0,,moneydj,https://fubon-ebrokerdj.fbs.com.tw/z/zc/zco/zco.djhtm?a=6219&e=2026-7-1&f=2026-7-29
2026-07-29,2026-07-01,2026-07-29,20,6219,富旺,buy,2,玉山-嘉義,8848,451.0,16.0,435.0,,moneydj,https://fubon-ebrokerdj.fbs.com.tw/z/zc/zco/zco.djhtm?a=6219&e=2026-7-1&f=2026-7-29
2026-07-29,2026-07-01,2026-07-29,20,6219,富旺,sell,2,元大-華山,981U,0.0,375.0,375.0,,moneydj,https://fubon-ebrokerdj.fbs.com.tw/z/zc/zco/zco.djhtm?a=6219&e=2026-7-1&f=2026-7-29
2026-07-29,2026-07-01,2026-07-29,20,6219,富旺,buy,3,凱基-台北,9268,761.0,471.0,290.0,,moneydj,https://fubon-ebrokerdj.fbs.com.tw/z/zc/zco/zco.djhtm?a=6219&e=2026-7-1&f=2026-7-29
2026-07-29,2026-07-01,2026-07-29,20,6219,富旺,sell,3,台新-文心,9B2z,1.0,133.0,132.0,,moneydj,https://fubon-ebrokerdj.fbs.com.tw/z/zc/zco/zco.djhtm?a=6219&e=2026-7-1&f=2026-7-29
2026-07-29,2026-07-01,2026-07-29,20,6219,富旺,buy,4,美商高盛,1480,308.0,115.0,193.0,,moneydj,https://fubon-ebrokerdj.fbs.com.tw/z/zc/zco/zco.djhtm?a=6219&e=2026-7-1&f=2026-7-29
2026-07-29,2026-07-01,2026-07-29,20,6219,富旺,sell,4,兆豐-南門,700g,13.0,142.0,129.0,,moneydj,https://fubon-ebrokerdj.fbs.com.tw/z/zc/zco/zco.djhtm?a=6219&e=2026-7-1&f=2026-7-29
2026-07-29,2026-07-01,2026-07-29,20,6219,富旺,buy,5,台新-台中,9B1h,183.0,37.0,146.0,,moneydj,https://fubon-ebrokerdj.fbs.com.tw/z/zc/zco/zco.djhtm?a=6219&e=2026-7-1&f=2026-7-29
2026-07-29,2026-07-01,2026-07-29,20,6219,富旺,sell,5,富邦-台北,9623,21.0,132.0,111.0,,moneydj,https://fubon-ebrokerdj.fbs.com.tw/z/zc/zco/zco.djhtm?a=6219&e=2026-7-1&f=2026-7-29
2026-07-29,2026-07-01,2026-07-29,20,6219,富旺,buy,6,統一-東湖,585R,98.0,0.0,98.0,,moneydj,https://fubon-ebrokerdj.fbs.com.tw/z/zc/zco/zco.djhtm?a=6219&e=2026-7-1&f=2026-7-29
2026-07-29,2026-07-01,2026-07-29,20,6219,富旺,sell,6,永豐金-松山,9A91,0.0,109.0,109.0,,moneydj,https://fubon-ebrokerdj.fbs.com.tw/z/zc/zco/zco.djhtm?a=6219&e=2026-7-1&f=2026-7-29
2026-07-29,2026-07-01,2026-07-29,20,6219,富旺,buy,7,凱基-高美館,9215,85.0,8.0,77.0,,moneydj,https://fubon-ebrokerdj.fbs.com.tw/z/zc/zco/zco.djhtm?a=6219&e=2026-7-1&f=2026-7-29
2026-07-29,2026-07-01,2026-07-29,20,6219,富旺,sell,7,統一-新竹,5857,18.0,109.0,91.0,,moneydj,https://fubon-ebrokerdj.fbs.com.tw/z/zc/zco/zco.djhtm?a=6219&e=2026-7-1&f=2026-7-29
2026-07-29,2026-07-01,2026-07-29,20,6219,富旺,buy,8,台新,9B00,77.0,5.0,72.0,,moneydj,https://fubon-ebrokerdj.fbs.com.tw/z/zc/zco/zco.djhtm?a=6219&e=2026-7-1&f=2026-7-29
2026-07-29,2026-07-01,2026-07-29,20,6219,富旺,sell,8,永豐金-中和,9A9B,2.0,85.0,83.0,,moneydj,https://fubon-ebrokerdj.fbs.com.tw/z/zc/zco/zco.djhtm?a=6219&e=2026-7-1&f=2026-7-29
2026-07-29,2026-07-01,2026-07-29,20,6219,富旺,buy,9,華南永昌-淡水,9316,62.0,2.0,60.0,,moneydj,https://fubon-ebrokerdj.fbs.com.tw/z/zc/zco/zco.djhtm?a=6219&e=2026-7-1&f=2026-7-29
2026-07-29,2026-07-01,2026-07-29,20,6219,富旺,sell,9,國泰-忠孝,8887,0.0,71.0,71.0,,moneydj,https://fubon-ebrokerdj.fbs.com.tw/z/zc/zco/zco.djhtm?a=6219&e=2026-7-1&f=2026-7-29
2026-07-29,2026-07-01,2026-07-29,20,6219,富旺,buy,10,新光-台中,8561,97.0,51.0,46.0,,moneydj,https://fubon-ebrokerdj.fbs.com.tw/z/zc/zco/zco.djhtm?a=6219&e=2026-7-1&f=2026-7-29
2026-07-29,2026-07-01,2026-07-29,20,6219,富旺,sell,10,凱基-松山,9217,4.0,68.0,64.0,,moneydj,https://fubon-ebrokerdj.fbs.com.tw/z/zc/zco/zco.djhtm?a=6219&e=2026-7-1&f=2026-7-29
2026-07-29,2026-07-01,2026-07-29,20,3481,群創,buy,1,美商高盛,1480,253515.0,193626.0,59889.0,,moneydj,https://fubon-ebrokerdj.fbs.com.tw/z/zc/zco/zco.djhtm?a=3481&e=2026-7-1&f=2026-7-29
2026-07-29,2026-07-01,2026-07-29,20,3481,群創,sell,1,國泰證券,8880,8256.0,57238.0,48982.0,,moneydj,https://fubon-ebrokerdj.fbs.com.tw/z/zc/zco/zco.djhtm?a=3481&e=2026-7-1&f=2026-7-29
2026-07-29,2026-07-01,2026-07-29,20,3481,群創,buy,2,花旗環球,1590,45549.0,24820.0,20729.0,,moneydj,https://fubon-ebrokerdj.fbs.com.tw/z/zc/zco/zco.djhtm?a=3481&e=2026-7-1&f=2026-7-29
2026-07-29,2026-07-01,2026-07-29,20,3481,群創,sell,2,永豐金證券,9A00,69339.0,102511.0,33172.0,,moneydj,https://fubon-ebrokerdj.fbs.com.tw/z/zc/zco/zco.djhtm?a=3481&e=2026-7-1&f=2026-7-29
2026-07-29,2026-07-01,2026-07-29,20,3481,群創,buy,3,凱基-台北,9268,460696.0,447867.0,12829.0,,moneydj,https://fubon-ebrokerdj.fbs.com.tw/z/zc/zco/zco.djhtm?a=3481&e=2026-7-1&f=2026-7-29
2026-07-29,2026-07-01,2026-07-29,20,3481,群創,sell,3,台灣摩根士丹利,1470,318525.0,347928.0,29403.0,,moneydj,https://fubon-ebrokerdj.fbs.com.tw/z/zc/zco/zco.djhtm?a=3481&e=2026-7-1&f=2026-7-29
2026-07-29,2026-07-01,2026-07-29,20,3481,群創,buy,4,國泰-敦南,8888,263234.0,252949.0,10285.0,,moneydj,https://fubon-ebrokerdj.fbs.com.tw/z/zc/zco/zco.djhtm?a=3481&e=2026-7-1&f=2026-7-29
2026-07-29,2026-07-01,2026-07-29,20,3481,群創,sell,4,凱基,9200,13767.0,42730.0,28963.0,,moneydj,https://fubon-ebrokerdj.fbs.com.tw/z/zc/zco/zco.djhtm?a=3481&e=2026-7-1&f=2026-7-29
2026-07-29,2026-07-01,2026-07-29,20,3481,群創,buy,5,美林,1440,105268.0,100349.0,4919.0,,moneydj,https://fubon-ebrokerdj.fbs.com.tw/z/zc/zco/zco.djhtm?a=3481&e=2026-7-1&f=2026-7-29
2026-07-29,2026-07-01,2026-07-29,20,3481,群創,sell,5,台新,9B00,50127.0,71638.0,21511.0,,moneydj,https://fubon-ebrokerdj.fbs.com.tw/z/zc/zco/zco.djhtm?a=3481&e=2026-7-1&f=2026-7-29
2026-07-29,2026-07-01,2026-07-29,20,3481,群創,buy,6,港商麥格理,1360,6425.0,2256.0,4169.0,,moneydj,https://fubon-ebrokerdj.fbs.com.tw/z/zc/zco/zco.djhtm?a=3481&e=2026-7-1&f=2026-7-29
2026-07-29,2026-07-01,2026-07-29,20,3481,群創,sell,6,元大證券,9800,812615.0,833538.0,20923.0,,moneydj,https://fubon-ebrokerdj.fbs.com.tw/z/zc/zco/zco.djhtm?a=3481&e=2026-7-1&f=2026-7-29
2026-07-29,2026-07-01,2026-07-29,20,3481,群創,buy,7,凱基-竹科,9272,13743.0,10676.0,3067.0,,moneydj,https://fubon-ebrokerdj.fbs.com.tw/z/zc/zco/zco.djhtm?a=3481&e=2026-7-1&f=2026-7-29
2026-07-29,2026-07-01,2026-07-29,20,3481,群創,sell,7,摩根大通,8440,99545.0,119887.0,20342.0,,moneydj,https://fubon-ebrokerdj.fbs.com.tw/z/zc/zco/zco.djhtm?a=3481&e=2026-7-1&f=2026-7-29
2026-07-29,2026-07-01,2026-07-29,20,3481,群創,buy,8,第一金-華江,538W,14440.0,11770.0,2670.0,,moneydj,https://fubon-ebrokerdj.fbs.com.tw/z/zc/zco/zco.djhtm?a=3481&e=2026-7-1&f=2026-7-29
2026-07-29,2026-07-01,2026-07-29,20,3481,群創,sell,8,統一,5850,28155.0,44658.0,16503.0,,moneydj,https://fubon-ebrokerdj.fbs.com.tw/z/zc/zco/zco.djhtm?a=3481&e=2026-7-1&f=2026-7-29
2026-07-29,2026-07-01,2026-07-29,20,3481,群創,buy,9,國泰-台中,8882,51586.0,49016.0,2570.0,,moneydj,https://fubon-ebrokerdj.fbs.com.tw/z/zc/zco/zco.djhtm?a=3481&e=2026-7-1&f=2026-7-29
2026-07-29,2026-07-01,2026-07-29,20,3481,群創,sell,9,富邦-台北,9623,24633.0,39154.0,14521.0,,moneydj,https://fubon-ebrokerdj.fbs.com.tw/z/zc/zco/zco.djhtm?a=3481&e=2026-7-1&f=2026-7-29
2026-07-29,2026-07-01,2026-07-29,20,3481,群創,buy,10,兆豐-北高雄,700I,15945.0,13420.0,2525.0,,moneydj,https://fubon-ebrokerdj.fbs.com.tw/z/zc/zco/zco.djhtm?a=3481&e=2026-7-1&f=2026-7-29
2026-07-29,2026-07-01,2026-07-29,20,3481,群創,sell,10,台新-西松,9B2n,13045.0,24458.0,11413.0,,moneydj,https://fubon-ebrokerdj.fbs.com.tw/z/zc/zco/zco.djhtm?a=3481&e=2026-7-1&f=2026-7-29
2026-07-29,2026-07-01,2026-07-29,20,8131,福懋科,buy,1,富邦-台北,9623,917.0,471.0,446.0,,moneydj,https://fubon-ebrokerdj.fbs.com.tw/z/zc/zco/zco.djhtm?a=8131&e=2026-7-1&f=2026-7-29
2026-07-29,2026-07-01,2026-07-29,20,8131,福懋科,sell,1,凱基-台北,9268,9495.0,12525.0,3030.0,,moneydj,https://fubon-ebrokerdj.fbs.com.tw/z/zc/zco/zco.djhtm?a=8131&e=2026-7-1&f=2026-7-29
2026-07-29,2026-07-01,2026-07-29,20,8131,福懋科,buy,2,富邦-彰化,965U,509.0,137.0,372.0,,moneydj,https://fubon-ebrokerdj.fbs.com.tw/z/zc/zco/zco.djhtm?a=8131&e=2026-7-1&f=2026-7-29
2026-07-29,2026-07-01,2026-07-29,20,8131,福懋科,sell,2,美商高盛,1480,11354.0,13526.0,2172.0,,moneydj,https://fubon-ebrokerdj.fbs.com.tw/z/zc/zco/zco.djhtm?a=8131&e=2026-7-1&f=2026-7-29
2026-07-29,2026-07-01,2026-07-29,20,8131,福懋科,buy,3,新加坡商瑞銀,1650,6061.0,5695.0,366.0,,moneydj,https://fubon-ebrokerdj.fbs.com.tw/z/zc/zco/zco.djhtm?a=8131&e=2026-7-1&f=2026-7-29
2026-07-29,2026-07-01,2026-07-29,20,8131,福懋科,sell,3,元大證券,9800,11191.0,12083.0,892.0,,moneydj,https://fubon-ebrokerdj.fbs.com.tw/z/zc/zco/zco.djhtm?a=8131&e=2026-7-1&f=2026-7-29
2026-07-29,2026-07-01,2026-07-29,20,8131,福懋科,buy,4,新光,8560,1788.0,1450.0,338.0,,moneydj,https://fubon-ebrokerdj.fbs.com.tw/z/zc/zco/zco.djhtm?a=8131&e=2026-7-1&f=2026-7-29
2026-07-29,2026-07-01,2026-07-29,20,8131,福懋科,sell,4,台灣摩根士丹利,1470,11810.0,12614.0,804.0,,moneydj,https://fubon-ebrokerdj.fbs.com.tw/z/zc/zco/zco.djhtm?a=8131&e=2026-7-1&f=2026-7-29
2026-07-29,2026-07-01,2026-07-29,20,8131,福懋科,buy,5,元大-新莊,9898,638.0,302.0,336.0,,moneydj,https://fubon-ebrokerdj.fbs.com.tw/z/zc/zco/zco.djhtm?a=8131&e=2026-7-1&f=2026-7-29
2026-07-29,2026-07-01,2026-07-29,20,8131,福懋科,sell,5,美林,1440,3122.0,3755.0,633.0,,moneydj,https://fubon-ebrokerdj.fbs.com.tw/z/zc/zco/zco.djhtm?a=8131&e=2026-7-1&f=2026-7-29
2026-07-29,2026-07-01,2026-07-29,20,8131,福懋科,buy,6,群益金鼎-萬華,913I,342.0,37.0,305.0,,moneydj,https://fubon-ebrokerdj.fbs.com.tw/z/zc/zco/zco.djhtm?a=8131&e=2026-7-1&f=2026-7-29
2026-07-29,2026-07-01,2026-07-29,20,8131,福懋科,sell,6,摩根大通,8440,7038.0,7667.0,629.0,,moneydj,https://fubon-ebrokerdj.fbs.com.tw/z/zc/zco/zco.djhtm?a=8131&e=2026-7-1&f=2026-7-29
2026-07-29,2026-07-01,2026-07-29,20,8131,福懋科,buy,7,港商野村,1560,1015.0,739.0,276.0,,moneydj,https://fubon-ebrokerdj.fbs.com.tw/z/zc/zco/zco.djhtm?a=8131&e=2026-7-1&f=2026-7-29
2026-07-29,2026-07-01,2026-07-29,20,8131,福懋科,sell,7,土銀-花蓮,1037,17.0,437.0,420.0,,moneydj,https://fubon-ebrokerdj.fbs.com.tw/z/zc/zco/zco.djhtm?a=8131&e=2026-7-1&f=2026-7-29
2026-07-29,2026-07-01,2026-07-29,20,8131,福懋科,buy,8,國泰-敦南,8888,3557.0,3296.0,261.0,,moneydj,https://fubon-ebrokerdj.fbs.com.tw/z/zc/zco/zco.djhtm?a=8131&e=2026-7-1&f=2026-7-29
2026-07-29,2026-07-01,2026-07-29,20,8131,福懋科,sell,8,台新,9B00,2031.0,2358.0,327.0,,moneydj,https://fubon-ebrokerdj.fbs.com.tw/z/zc/zco/zco.djhtm?a=8131&e=2026-7-1&f=2026-7-29
2026-07-29,2026-07-01,2026-07-29,20,8131,福懋科,buy,9,臺銀,1040,395.0,213.0,182.0,,moneydj,https://fubon-ebrokerdj.fbs.com.tw/z/zc/zco/zco.djhtm?a=8131&e=2026-7-1&f=2026-7-29
2026-07-29,2026-07-01,2026-07-29,20,8131,福懋科,sell,9,凱基,9200,158.0,340.0,182.0,,moneydj,https://fubon-ebrokerdj.fbs.com.tw/z/zc/zco/zco.djhtm?a=8131&e=2026-7-1&f=2026-7-29
2026-07-29,2026-07-01,2026-07-29,20,8131,福懋科,buy,10,第一金-新興,538A,221.0,43.0,178.0,,moneydj,https://fubon-ebrokerdj.fbs.com.tw/z/zc/zco/zco.djhtm?a=8131&e=2026-7-1&f=2026-7-29
2026-07-29,2026-07-01,2026-07-29,20,8131,福懋科,sell,10,兆豐-桃園,700M,172.0,339.0,167.0,,moneydj,https://fubon-ebrokerdj.fbs.com.tw/z/zc/zco/zco.djhtm?a=8131&e=2026-7-1&f=2026-7-29
2026-07-29,2026-07-01,2026-07-29,20,6515,穎崴,buy,1,台灣摩根士丹利,1470,748.0,495.0,253.0,,moneydj,https://fubon-ebrokerdj.fbs.com.tw/z/zc/zco/zco.djhtm?a=6515&e=2026-7-1&f=2026-7-29
2026-07-29,2026-07-01,2026-07-29,20,6515,穎崴,sell,1,統一,5850,35.0,245.0,210.0,,moneydj,https://fubon-ebrokerdj.fbs.com.tw/z/zc/zco/zco.djhtm?a=6515&e=2026-7-1&f=2026-7-29
2026-07-29,2026-07-01,2026-07-29,20,6515,穎崴,buy,2,新加坡商瑞銀,1650,467.0,342.0,125.0,,moneydj,https://fubon-ebrokerdj.fbs.com.tw/z/zc/zco/zco.djhtm?a=6515&e=2026-7-1&f=2026-7-29
2026-07-29,2026-07-01,2026-07-29,20,6515,穎崴,sell,2,凱基,9200,90.0,270.0,180.0,,moneydj,https://fubon-ebrokerdj.fbs.com.tw/z/zc/zco/zco.djhtm?a=6515&e=2026-7-1&f=2026-7-29
2026-07-29,2026-07-01,2026-07-29,20,6515,穎崴,buy,3,花旗環球,1590,206.0,107.0,99.0,,moneydj,https://fubon-ebrokerdj.fbs.com.tw/z/zc/zco/zco.djhtm?a=6515&e=2026-7-1&f=2026-7-29
2026-07-29,2026-07-01,2026-07-29,20,6515,穎崴,sell,3,元大證券,9800,848.0,961.0,113.0,,moneydj,https://fubon-ebrokerdj.fbs.com.tw/z/zc/zco/zco.djhtm?a=6515&e=2026-7-1&f=2026-7-29
2026-07-29,2026-07-01,2026-07-29,20,6515,穎崴,buy,4,凱基-台北,9268,583.0,494.0,89.0,,moneydj,https://fubon-ebrokerdj.fbs.com.tw/z/zc/zco/zco.djhtm?a=6515&e=2026-7-1&f=2026-7-29
2026-07-29,2026-07-01,2026-07-29,20,6515,穎崴,sell,4,永豐金證券,9A00,160.0,260.0,100.0,,moneydj,https://fubon-ebrokerdj.fbs.com.tw/z/zc/zco/zco.djhtm?a=6515&e=2026-7-1&f=2026-7-29
2026-07-29,2026-07-01,2026-07-29,20,6515,穎崴,buy,5,台新,9B00,136.0,84.0,52.0,,moneydj,https://fubon-ebrokerdj.fbs.com.tw/z/zc/zco/zco.djhtm?a=6515&e=2026-7-1&f=2026-7-29
2026-07-29,2026-07-01,2026-07-29,20,6515,穎崴,sell,5,中國信託,6160,19.0,100.0,81.0,,moneydj,https://fubon-ebrokerdj.fbs.com.tw/z/zc/zco/zco.djhtm?a=6515&e=2026-7-1&f=2026-7-29
2026-07-29,2026-07-01,2026-07-29,20,6515,穎崴,buy,6,福邦證券,6480,27.0,1.0,26.0,,moneydj,https://fubon-ebrokerdj.fbs.com.tw/z/zc/zco/zco.djhtm?a=6515&e=2026-7-1&f=2026-7-29
2026-07-29,2026-07-01,2026-07-29,20,6515,穎崴,sell,6,(牛牛牛)亞證券,6010,14.0,88.0,74.0,,moneydj,https://fubon-ebrokerdj.fbs.com.tw/z/zc/zco/zco.djhtm?a=6515&e=2026-7-1&f=2026-7-29
2026-07-29,2026-07-01,2026-07-29,20,6515,穎崴,buy,7,宏遠證券,1260,28.0,2.0,26.0,,moneydj,https://fubon-ebrokerdj.fbs.com.tw/z/zc/zco/zco.djhtm?a=6515&e=2026-7-1&f=2026-7-29
2026-07-29,2026-07-01,2026-07-29,20,6515,穎崴,sell,7,群益金鼎,9100,33.0,98.0,65.0,,moneydj,https://fubon-ebrokerdj.fbs.com.tw/z/zc/zco/zco.djhtm?a=6515&e=2026-7-1&f=2026-7-29
2026-07-29,2026-07-01,2026-07-29,20,6515,穎崴,buy,8,美商高盛,1480,798.0,774.0,24.0,,moneydj,https://fubon-ebrokerdj.fbs.com.tw/z/zc/zco/zco.djhtm?a=6515&e=2026-7-1&f=2026-7-29
2026-07-29,2026-07-01,2026-07-29,20,6515,穎崴,sell,8,富邦證券,9600,185.0,236.0,51.0,,moneydj,https://fubon-ebrokerdj.fbs.com.tw/z/zc/zco/zco.djhtm?a=6515&e=2026-7-1&f=2026-7-29
2026-07-29,2026-07-01,2026-07-29,20,6515,穎崴,buy,9,康和,8450,64.0,46.0,18.0,,moneydj,https://fubon-ebrokerdj.fbs.com.tw/z/zc/zco/zco.djhtm?a=6515&e=2026-7-1&f=2026-7-29
2026-07-29,2026-07-01,2026-07-29,20,6515,穎崴,sell,9,美林,1440,199.0,247.0,48.0,,moneydj,https://fubon-ebrokerdj.fbs.com.tw/z/zc/zco/zco.djhtm?a=6515&e=2026-7-1&f=2026-7-29
2026-07-29,2026-07-01,2026-07-29,20,6515,穎崴,buy,10,港商野村,1560,122.0,105.0,17.0,,moneydj,https://fubon-ebrokerdj.fbs.com.tw/z/zc/zco/zco.djhtm?a=6515&e=2026-7-1&f=2026-7-29
2026-07-29,2026-07-01,2026-07-29,20,6515,穎崴,sell,10,國票-敦北法人,779c,38.0,85.0,47.0,,moneydj,https://fubon-ebrokerdj.fbs.com.tw/z/zc/zco/zco.djhtm?a=6515&e=2026-7-1&f=2026-7-29
2026-07-29,2026-07-01,2026-07-29,20,2305,全友,buy,1,統一-板橋,585P,2156.0,654.0,1502.0,,moneydj,https://fubon-ebrokerdj.fbs.com.tw/z/zc/zco/zco.djhtm?a=2305&e=2026-7-1&f=2026-7-29
2026-07-29,2026-07-01,2026-07-29,20,2305,全友,sell,1,富邦-建國,9658,787.0,2855.0,2068.0,,moneydj,https://fubon-ebrokerdj.fbs.com.tw/z/zc/zco/zco.djhtm?a=2305&e=2026-7-1&f=2026-7-29
2026-07-29,2026-07-01,2026-07-29,20,2305,全友,buy,2,台中銀-高雄,6116,356.0,11.0,345.0,,moneydj,https://fubon-ebrokerdj.fbs.com.tw/z/zc/zco/zco.djhtm?a=2305&e=2026-7-1&f=2026-7-29
2026-07-29,2026-07-01,2026-07-29,20,2305,全友,sell,2,摩根大通,8440,3302.0,5285.0,1983.0,,moneydj,https://fubon-ebrokerdj.fbs.com.tw/z/zc/zco/zco.djhtm?a=2305&e=2026-7-1&f=2026-7-29
2026-07-29,2026-07-01,2026-07-29,20,2305,全友,buy,3,群益金鼎-大甲,918g,282.0,42.0,240.0,,moneydj,https://fubon-ebrokerdj.fbs.com.tw/z/zc/zco/zco.djhtm?a=2305&e=2026-7-1&f=2026-7-29
2026-07-29,2026-07-01,2026-07-29,20,2305,全友,sell,3,台灣摩根士丹利,1470,5558.0,6647.0,1089.0,,moneydj,https://fubon-ebrokerdj.fbs.com.tw/z/zc/zco/zco.djhtm?a=2305&e=2026-7-1&f=2026-7-29
2026-07-29,2026-07-01,2026-07-29,20,2305,全友,buy,4,國票-安和,779Z,236.0,19.0,217.0,,moneydj,https://fubon-ebrokerdj.fbs.com.tw/z/zc/zco/zco.djhtm?a=2305&e=2026-7-1&f=2026-7-29
2026-07-29,2026-07-01,2026-07-29,20,2305,全友,sell,4,美商高盛,1480,3575.0,4339.0,764.0,,moneydj,https://fubon-ebrokerdj.fbs.com.tw/z/zc/zco/zco.djhtm?a=2305&e=2026-7-1&f=2026-7-29
2026-07-29,2026-07-01,2026-07-29,20,2305,全友,buy,5,花旗環球,1590,233.0,27.0,206.0,,moneydj,https://fubon-ebrokerdj.fbs.com.tw/z/zc/zco/zco.djhtm?a=2305&e=2026-7-1&f=2026-7-29
2026-07-29,2026-07-01,2026-07-29,20,2305,全友,sell,5,新加坡商瑞銀,1650,2430.0,3129.0,699.0,,moneydj,https://fubon-ebrokerdj.fbs.com.tw/z/zc/zco/zco.djhtm?a=2305&e=2026-7-1&f=2026-7-29
2026-07-29,2026-07-01,2026-07-29,20,2305,全友,buy,6,群益金鼎-東大,9135,483.0,296.0,187.0,,moneydj,https://fubon-ebrokerdj.fbs.com.tw/z/zc/zco/zco.djhtm?a=2305&e=2026-7-1&f=2026-7-29
2026-07-29,2026-07-01,2026-07-29,20,2305,全友,sell,6,兆豐-台中,7003,610.0,1112.0,502.0,,moneydj,https://fubon-ebrokerdj.fbs.com.tw/z/zc/zco/zco.djhtm?a=2305&e=2026-7-1&f=2026-7-29
2026-07-29,2026-07-01,2026-07-29,20,2305,全友,buy,7,凱基-城中,9227,278.0,94.0,184.0,,moneydj,https://fubon-ebrokerdj.fbs.com.tw/z/zc/zco/zco.djhtm?a=2305&e=2026-7-1&f=2026-7-29
2026-07-29,2026-07-01,2026-07-29,20,2305,全友,sell,7,港商野村,1560,168.0,603.0,435.0,,moneydj,https://fubon-ebrokerdj.fbs.com.tw/z/zc/zco/zco.djhtm?a=2305&e=2026-7-1&f=2026-7-29
2026-07-29,2026-07-01,2026-07-29,20,2305,全友,buy,8,富邦證券,9600,296.0,115.0,181.0,,moneydj,https://fubon-ebrokerdj.fbs.com.tw/z/zc/zco/zco.djhtm?a=2305&e=2026-7-1&f=2026-7-29
2026-07-29,2026-07-01,2026-07-29,20,2305,全友,sell,8,元大-新營,9825,106.0,469.0,363.0,,moneydj,https://fubon-ebrokerdj.fbs.com.tw/z/zc/zco/zco.djhtm?a=2305&e=2026-7-1&f=2026-7-29
2026-07-29,2026-07-01,2026-07-29,20,2305,全友,buy,9,台新,9B00,628.0,446.0,182.0,,moneydj,https://fubon-ebrokerdj.fbs.com.tw/z/zc/zco/zco.djhtm?a=2305&e=2026-7-1&f=2026-7-29
2026-07-29,2026-07-01,2026-07-29,20,2305,全友,sell,9,第一金-嘉義,538M,1562.0,1894.0,332.0,,moneydj,https://fubon-ebrokerdj.fbs.com.tw/z/zc/zco/zco.djhtm?a=2305&e=2026-7-1&f=2026-7-29
2026-07-29,2026-07-01,2026-07-29,20,2305,全友,buy,10,美好-泰山,5263,228.0,56.0,172.0,,moneydj,https://fubon-ebrokerdj.fbs.com.tw/z/zc/zco/zco.djhtm?a=2305&e=2026-7-1&f=2026-7-29
2026-07-29,2026-07-01,2026-07-29,20,2305,全友,sell,10,永豐金-市政,9A9W,123.0,423.0,300.0,,moneydj,https://fubon-ebrokerdj.fbs.com.tw/z/zc/zco/zco.djhtm?a=2305&e=2026-7-1&f=2026-7-29
2026-07-29,2026-07-01,2026-07-29,20,1718,中纖,buy,1,國泰-敦南,8888,43083.0,34104.0,8979.0,,moneydj,https://fubon-ebrokerdj.fbs.com.tw/z/zc/zco/zco.djhtm?a=1718&e=2026-7-1&f=2026-7-29
2026-07-29,2026-07-01,2026-07-29,20,1718,中纖,sell,1,富邦證券,9600,15280.0,40973.0,25693.0,,moneydj,https://fubon-ebrokerdj.fbs.com.tw/z/zc/zco/zco.djhtm?a=1718&e=2026-7-1&f=2026-7-29
2026-07-29,2026-07-01,2026-07-29,20,1718,中纖,buy,2,台灣摩根士丹利,1470,55917.0,50620.0,5297.0,,moneydj,https://fubon-ebrokerdj.fbs.com.tw/z/zc/zco/zco.djhtm?a=1718&e=2026-7-1&f=2026-7-29
2026-07-29,2026-07-01,2026-07-29,20,1718,中纖,sell,2,國票-北高雄,779J,505.0,25107.0,24602.0,,moneydj,https://fubon-ebrokerdj.fbs.com.tw/z/zc/zco/zco.djhtm?a=1718&e=2026-7-1&f=2026-7-29
2026-07-29,2026-07-01,2026-07-29,20,1718,中纖,buy,3,元大證券,9800,110749.0,106992.0,3757.0,,moneydj,https://fubon-ebrokerdj.fbs.com.tw/z/zc/zco/zco.djhtm?a=1718&e=2026-7-1&f=2026-7-29
2026-07-29,2026-07-01,2026-07-29,20,1718,中纖,sell,3,凱基-城中,9227,53227.0,67543.0,14316.0,,moneydj,https://fubon-ebrokerdj.fbs.com.tw/z/zc/zco/zco.djhtm?a=1718&e=2026-7-1&f=2026-7-29
2026-07-29,2026-07-01,2026-07-29,20,1718,中纖,buy,4,永豐金證券,9A00,13414.0,10484.0,2930.0,,moneydj,https://fubon-ebrokerdj.fbs.com.tw/z/zc/zco/zco.djhtm?a=1718&e=2026-7-1&f=2026-7-29
2026-07-29,2026-07-01,2026-07-29,20,1718,中纖,sell,4,凱基-台北,9268,69420.0,75976.0,6556.0,,moneydj,https://fubon-ebrokerdj.fbs.com.tw/z/zc/zco/zco.djhtm?a=1718&e=2026-7-1&f=2026-7-29
2026-07-29,2026-07-01,2026-07-29,20,1718,中纖,buy,5,康和,8450,4000.0,1440.0,2560.0,,moneydj,https://fubon-ebrokerdj.fbs.com.tw/z/zc/zco/zco.djhtm?a=1718&e=2026-7-1&f=2026-7-29
2026-07-29,2026-07-01,2026-07-29,20,1718,中纖,sell,5,國票-安和,779Z,472.0,5311.0,4839.0,,moneydj,https://fubon-ebrokerdj.fbs.com.tw/z/zc/zco/zco.djhtm?a=1718&e=2026-7-1&f=2026-7-29
2026-07-29,2026-07-01,2026-07-29,20,1718,中纖,buy,6,聯邦-忠孝,8583,2166.0,88.0,2078.0,,moneydj,https://fubon-ebrokerdj.fbs.com.tw/z/zc/zco/zco.djhtm?a=1718&e=2026-7-1&f=2026-7-29
2026-07-29,2026-07-01,2026-07-29,20,1718,中纖,sell,6,國票-敦北法人,779c,335.0,4308.0,3973.0,,moneydj,https://fubon-ebrokerdj.fbs.com.tw/z/zc/zco/zco.djhtm?a=1718&e=2026-7-1&f=2026-7-29
2026-07-29,2026-07-01,2026-07-29,20,1718,中纖,buy,7,統一,5850,12984.0,11007.0,1977.0,,moneydj,https://fubon-ebrokerdj.fbs.com.tw/z/zc/zco/zco.djhtm?a=1718&e=2026-7-1&f=2026-7-29
2026-07-29,2026-07-01,2026-07-29,20,1718,中纖,sell,7,元大-成功,989L,1881.0,4292.0,2411.0,,moneydj,https://fubon-ebrokerdj.fbs.com.tw/z/zc/zco/zco.djhtm?a=1718&e=2026-7-1&f=2026-7-29
2026-07-29,2026-07-01,2026-07-29,20,1718,中纖,buy,8,永豐金-南投,9A9M,3009.0,1071.0,1938.0,,moneydj,https://fubon-ebrokerdj.fbs.com.tw/z/zc/zco/zco.djhtm?a=1718&e=2026-7-1&f=2026-7-29
2026-07-29,2026-07-01,2026-07-29,20,1718,中纖,sell,8,群益金鼎-館前,913Y,4915.0,6949.0,2034.0,,moneydj,https://fubon-ebrokerdj.fbs.com.tw/z/zc/zco/zco.djhtm?a=1718&e=2026-7-1&f=2026-7-29
2026-07-29,2026-07-01,2026-07-29,20,1718,中纖,buy,9,美林,1440,6852.0,5027.0,1825.0,,moneydj,https://fubon-ebrokerdj.fbs.com.tw/z/zc/zco/zco.djhtm?a=1718&e=2026-7-1&f=2026-7-29
2026-07-29,2026-07-01,2026-07-29,20,1718,中纖,sell,9,群益金鼎,9100,5398.0,7355.0,1957.0,,moneydj,https://fubon-ebrokerdj.fbs.com.tw/z/zc/zco/zco.djhtm?a=1718&e=2026-7-1&f=2026-7-29
2026-07-29,2026-07-01,2026-07-29,20,1718,中纖,buy,10,國泰-台中,8882,8122.0,6476.0,1646.0,,moneydj,https://fubon-ebrokerdj.fbs.com.tw/z/zc/zco/zco.djhtm?a=1718&e=2026-7-1&f=2026-7-29
2026-07-29,2026-07-01,2026-07-29,20,1718,中纖,sell,10,富邦-南京,961C,1939.0,3884.0,1945.0,,moneydj,https://fubon-ebrokerdj.fbs.com.tw/z/zc/zco/zco.djhtm?a=1718&e=2026-7-1&f=2026-7-29
2026-07-29,2026-07-01,2026-07-29,20,6182,合晶,buy,1,台灣摩根士丹利,1470,63679.0,45328.0,18351.0,,moneydj,https://fubon-ebrokerdj.fbs.com.tw/z/zc/zco/zco.djhtm?a=6182&e=2026-7-1&f=2026-7-29
2026-07-29,2026-07-01,2026-07-29,20,6182,合晶,sell,1,元大證券,9800,214210.0,226532.0,12322.0,,moneydj,https://fubon-ebrokerdj.fbs.com.tw/z/zc/zco/zco.djhtm?a=6182&e=2026-7-1&f=2026-7-29
2026-07-29,2026-07-01,2026-07-29,20,6182,合晶,buy,2,摩根大通,8440,63576.0,53556.0,10020.0,,moneydj,https://fubon-ebrokerdj.fbs.com.tw/z/zc/zco/zco.djhtm?a=6182&e=2026-7-1&f=2026-7-29
2026-07-29,2026-07-01,2026-07-29,20,6182,合晶,sell,2,永豐金證券,9A00,22145.0,30093.0,7948.0,,moneydj,https://fubon-ebrokerdj.fbs.com.tw/z/zc/zco/zco.djhtm?a=6182&e=2026-7-1&f=2026-7-29
2026-07-29,2026-07-01,2026-07-29,20,6182,合晶,buy,3,國票-安和,779Z,18463.0,12242.0,6221.0,,moneydj,https://fubon-ebrokerdj.fbs.com.tw/z/zc/zco/zco.djhtm?a=6182&e=2026-7-1&f=2026-7-29
2026-07-29,2026-07-01,2026-07-29,20,6182,合晶,sell,3,港商野村,1560,2900.0,8176.0,5276.0,,moneydj,https://fubon-ebrokerdj.fbs.com.tw/z/zc/zco/zco.djhtm?a=6182&e=2026-7-1&f=2026-7-29
2026-07-29,2026-07-01,2026-07-29,20,6182,合晶,buy,4,花旗環球,1590,6858.0,2012.0,4846.0,,moneydj,https://fubon-ebrokerdj.fbs.com.tw/z/zc/zco/zco.djhtm?a=6182&e=2026-7-1&f=2026-7-29
2026-07-29,2026-07-01,2026-07-29,20,6182,合晶,sell,4,台新-台北,9B20,11018.0,16293.0,5275.0,,moneydj,https://fubon-ebrokerdj.fbs.com.tw/z/zc/zco/zco.djhtm?a=6182&e=2026-7-1&f=2026-7-29
2026-07-29,2026-07-01,2026-07-29,20,6182,合晶,buy,5,美商高盛,1480,44972.0,40175.0,4797.0,,moneydj,https://fubon-ebrokerdj.fbs.com.tw/z/zc/zco/zco.djhtm?a=6182&e=2026-7-1&f=2026-7-29
2026-07-29,2026-07-01,2026-07-29,20,6182,合晶,sell,5,統一,5850,21689.0,25764.0,4075.0,,moneydj,https://fubon-ebrokerdj.fbs.com.tw/z/zc/zco/zco.djhtm?a=6182&e=2026-7-1&f=2026-7-29
2026-07-29,2026-07-01,2026-07-29,20,6182,合晶,buy,6,新加坡商瑞銀,1650,34105.0,31365.0,2740.0,,moneydj,https://fubon-ebrokerdj.fbs.com.tw/z/zc/zco/zco.djhtm?a=6182&e=2026-7-1&f=2026-7-29
2026-07-29,2026-07-01,2026-07-29,20,6182,合晶,sell,6,富邦證券,9600,102837.0,106044.0,3207.0,,moneydj,https://fubon-ebrokerdj.fbs.com.tw/z/zc/zco/zco.djhtm?a=6182&e=2026-7-1&f=2026-7-29
2026-07-29,2026-07-01,2026-07-29,20,6182,合晶,buy,7,永豐金-匯立,9A81,1425.0,11.0,1414.0,,moneydj,https://fubon-ebrokerdj.fbs.com.tw/z/zc/zco/zco.djhtm?a=6182&e=2026-7-1&f=2026-7-29
2026-07-29,2026-07-01,2026-07-29,20,6182,合晶,sell,7,兆豐證券,7000,5178.0,8200.0,3022.0,,moneydj,https://fubon-ebrokerdj.fbs.com.tw/z/zc/zco/zco.djhtm?a=6182&e=2026-7-1&f=2026-7-29
2026-07-29,2026-07-01,2026-07-29,20,6182,合晶,buy,8,新光-台南,8564,5549.0,4143.0,1406.0,,moneydj,https://fubon-ebrokerdj.fbs.com.tw/z/zc/zco/zco.djhtm?a=6182&e=2026-7-1&f=2026-7-29
2026-07-29,2026-07-01,2026-07-29,20,6182,合晶,sell,8,康和,8450,5838.0,8303.0,2465.0,,moneydj,https://fubon-ebrokerdj.fbs.com.tw/z/zc/zco/zco.djhtm?a=6182&e=2026-7-1&f=2026-7-29
2026-07-29,2026-07-01,2026-07-29,20,6182,合晶,buy,9,凱基-台北,9268,127004.0,125734.0,1270.0,,moneydj,https://fubon-ebrokerdj.fbs.com.tw/z/zc/zco/zco.djhtm?a=6182&e=2026-7-1&f=2026-7-29
2026-07-29,2026-07-01,2026-07-29,20,6182,合晶,sell,9,國泰證券,8880,9590.0,12038.0,2448.0,,moneydj,https://fubon-ebrokerdj.fbs.com.tw/z/zc/zco/zco.djhtm?a=6182&e=2026-7-1&f=2026-7-29
2026-07-29,2026-07-01,2026-07-29,20,6182,合晶,buy,10,凱基,9200,17259.0,16175.0,1084.0,,moneydj,https://fubon-ebrokerdj.fbs.com.tw/z/zc/zco/zco.djhtm?a=6182&e=2026-7-1&f=2026-7-29
2026-07-29,2026-07-01,2026-07-29,20,6182,合晶,sell,10,永豐金-豐原,9A9Q,3616.0,5844.0,2228.0,,moneydj,https://fubon-ebrokerdj.fbs.com.tw/z/zc/zco/zco.djhtm?a=6182&e=2026-7-1&f=2026-7-29
2026-07-29,2026-07-01,2026-07-29,20,3515,華擎,buy,1,台灣摩根士丹利,1470,545.0,223.0,322.0,,moneydj,https://fubon-ebrokerdj.fbs.com.tw/z/zc/zco/zco.djhtm?a=3515&e=2026-7-1&f=2026-7-29
2026-07-29,2026-07-01,2026-07-29,20,3515,華擎,sell,1,富邦證券,9600,29.0,476.0,447.0,,moneydj,https://fubon-ebrokerdj.fbs.com.tw/z/zc/zco/zco.djhtm?a=3515&e=2026-7-1&f=2026-7-29
2026-07-29,2026-07-01,2026-07-29,20,3515,華擎,buy,2,港商野村,1560,407.0,242.0,165.0,,moneydj,https://fubon-ebrokerdj.fbs.com.tw/z/zc/zco/zco.djhtm?a=3515&e=2026-7-1&f=2026-7-29
2026-07-29,2026-07-01,2026-07-29,20,3515,華擎,sell,2,兆豐證券,7000,24.0,387.0,363.0,,moneydj,https://fubon-ebrokerdj.fbs.com.tw/z/zc/zco/zco.djhtm?a=3515&e=2026-7-1&f=2026-7-29
2026-07-29,2026-07-01,2026-07-29,20,3515,華擎,buy,3,台新,9B00,176.0,90.0,86.0,,moneydj,https://fubon-ebrokerdj.fbs.com.tw/z/zc/zco/zco.djhtm?a=3515&e=2026-7-1&f=2026-7-29
2026-07-29,2026-07-01,2026-07-29,20,3515,華擎,sell,3,中國信託,6160,17.0,361.0,344.0,,moneydj,https://fubon-ebrokerdj.fbs.com.tw/z/zc/zco/zco.djhtm?a=3515&e=2026-7-1&f=2026-7-29
2026-07-29,2026-07-01,2026-07-29,20,3515,華擎,buy,4,新光,8560,98.0,47.0,51.0,,moneydj,https://fubon-ebrokerdj.fbs.com.tw/z/zc/zco/zco.djhtm?a=3515&e=2026-7-1&f=2026-7-29
2026-07-29,2026-07-01,2026-07-29,20,3515,華擎,sell,4,宏遠證券,1260,1.0,342.0,341.0,,moneydj,https://fubon-ebrokerdj.fbs.com.tw/z/zc/zco/zco.djhtm?a=3515&e=2026-7-1&f=2026-7-29
2026-07-29,2026-07-01,2026-07-29,20,3515,華擎,buy,5,花旗環球,1590,103.0,55.0,48.0,,moneydj,https://fubon-ebrokerdj.fbs.com.tw/z/zc/zco/zco.djhtm?a=3515&e=2026-7-1&f=2026-7-29
2026-07-29,2026-07-01,2026-07-29,20,3515,華擎,sell,5,元大-蘆洲中正,989I,62.0,315.0,253.0,,moneydj,https://fubon-ebrokerdj.fbs.com.tw/z/zc/zco/zco.djhtm?a=3515&e=2026-7-1&f=2026-7-29
2026-07-29,2026-07-01,2026-07-29,20,3515,華擎,buy,6,富邦-陽明,9604,67.0,25.0,42.0,,moneydj,https://fubon-ebrokerdj.fbs.com.tw/z/zc/zco/zco.djhtm?a=3515&e=2026-7-1&f=2026-7-29
2026-07-29,2026-07-01,2026-07-29,20,3515,華擎,sell,6,統一,5850,39.0,241.0,202.0,,moneydj,https://fubon-ebrokerdj.fbs.com.tw/z/zc/zco/zco.djhtm?a=3515&e=2026-7-1&f=2026-7-29
2026-07-29,2026-07-01,2026-07-29,20,3515,華擎,buy,7,元大-向上,9824,45.0,4.0,41.0,,moneydj,https://fubon-ebrokerdj.fbs.com.tw/z/zc/zco/zco.djhtm?a=3515&e=2026-7-1&f=2026-7-29
2026-07-29,2026-07-01,2026-07-29,20,3515,華擎,sell,7,群益金鼎,9100,21.0,200.0,179.0,,moneydj,https://fubon-ebrokerdj.fbs.com.tw/z/zc/zco/zco.djhtm?a=3515&e=2026-7-1&f=2026-7-29
2026-07-29,2026-07-01,2026-07-29,20,3515,華擎,buy,8,統一-桃園,585H,41.0,2.0,39.0,,moneydj,https://fubon-ebrokerdj.fbs.com.tw/z/zc/zco/zco.djhtm?a=3515&e=2026-7-1&f=2026-7-29
2026-07-29,2026-07-01,2026-07-29,20,3515,華擎,sell,8,摩根大通,8440,332.0,492.0,160.0,,moneydj,https://fubon-ebrokerdj.fbs.com.tw/z/zc/zco/zco.djhtm?a=3515&e=2026-7-1&f=2026-7-29
2026-07-29,2026-07-01,2026-07-29,20,3515,華擎,buy,9,元大-忠孝,9871,80.0,44.0,36.0,,moneydj,https://fubon-ebrokerdj.fbs.com.tw/z/zc/zco/zco.djhtm?a=3515&e=2026-7-1&f=2026-7-29
2026-07-29,2026-07-01,2026-07-29,20,3515,華擎,sell,9,康和,8450,3.0,146.0,143.0,,moneydj,https://fubon-ebrokerdj.fbs.com.tw/z/zc/zco/zco.djhtm?a=3515&e=2026-7-1&f=2026-7-29
2026-07-29,2026-07-01,2026-07-29,20,3515,華擎,buy,10,凱基-台東,920Z,35.0,0.0,35.0,,moneydj,https://fubon-ebrokerdj.fbs.com.tw/z/zc/zco/zco.djhtm?a=3515&e=2026-7-1&f=2026-7-29
2026-07-29,2026-07-01,2026-07-29,20,3515,華擎,sell,10,富邦-港都,962Q,5.0,137.0,132.0,,moneydj,https://fubon-ebrokerdj.fbs.com.tw/z/zc/zco/zco.djhtm?a=3515&e=2026-7-1&f=2026-7-29
2026-07-29,2026-07-01,2026-07-29,20,8050,廣積,buy,1,美商高盛,1480,3579.0,2443.0,1136.0,,moneydj,https://fubon-ebrokerdj.fbs.com.tw/z/zc/zco/zco.djhtm?a=8050&e=2026-7-1&f=2026-7-29
2026-07-29,2026-07-01,2026-07-29,20,8050,廣積,sell,1,國泰-台中,8882,189.0,503.0,314.0,,moneydj,https://fubon-ebrokerdj.fbs.com.tw/z/zc/zco/zco.djhtm?a=8050&e=2026-7-1&f=2026-7-29
2026-07-29,2026-07-01,2026-07-29,20,8050,廣積,buy,2,摩根大通,8440,1560.0,957.0,603.0,,moneydj,https://fubon-ebrokerdj.fbs.com.tw/z/zc/zco/zco.djhtm?a=8050&e=2026-7-1&f=2026-7-29
2026-07-29,2026-07-01,2026-07-29,20,8050,廣積,sell,2,華南永昌-竹北,9339,29.0,334.0,305.0,,moneydj,https://fubon-ebrokerdj.fbs.com.tw/z/zc/zco/zco.djhtm?a=8050&e=2026-7-1&f=2026-7-29
2026-07-29,2026-07-01,2026-07-29,20,8050,廣積,buy,3,新加坡商瑞銀,1650,1818.0,1398.0,420.0,,moneydj,https://fubon-ebrokerdj.fbs.com.tw/z/zc/zco/zco.djhtm?a=8050&e=2026-7-1&f=2026-7-29
2026-07-29,2026-07-01,2026-07-29,20,8050,廣積,sell,3,宏遠證券,1260,31.0,305.0,274.0,,moneydj,https://fubon-ebrokerdj.fbs.com.tw/z/zc/zco/zco.djhtm?a=8050&e=2026-7-1&f=2026-7-29
2026-07-29,2026-07-01,2026-07-29,20,8050,廣積,buy,4,凱基,9200,407.0,7.0,400.0,,moneydj,https://fubon-ebrokerdj.fbs.com.tw/z/zc/zco/zco.djhtm?a=8050&e=2026-7-1&f=2026-7-29
2026-07-29,2026-07-01,2026-07-29,20,8050,廣積,sell,4,兆豐-永和,700X,11.0,177.0,166.0,,moneydj,https://fubon-ebrokerdj.fbs.com.tw/z/zc/zco/zco.djhtm?a=8050&e=2026-7-1&f=2026-7-29
2026-07-29,2026-07-01,2026-07-29,20,8050,廣積,buy,5,港商野村,1560,712.0,390.0,322.0,,moneydj,https://fubon-ebrokerdj.fbs.com.tw/z/zc/zco/zco.djhtm?a=8050&e=2026-7-1&f=2026-7-29
2026-07-29,2026-07-01,2026-07-29,20,8050,廣積,sell,5,富邦-台北,9623,181.0,346.0,165.0,,moneydj,https://fubon-ebrokerdj.fbs.com.tw/z/zc/zco/zco.djhtm?a=8050&e=2026-7-1&f=2026-7-29
2026-07-29,2026-07-01,2026-07-29,20,8050,廣積,buy,6,國泰證券,8880,508.0,275.0,233.0,,moneydj,https://fubon-ebrokerdj.fbs.com.tw/z/zc/zco/zco.djhtm?a=8050&e=2026-7-1&f=2026-7-29
2026-07-29,2026-07-01,2026-07-29,20,8050,廣積,sell,6,國泰-敦南,8888,779.0,944.0,165.0,,moneydj,https://fubon-ebrokerdj.fbs.com.tw/z/zc/zco/zco.djhtm?a=8050&e=2026-7-1&f=2026-7-29
2026-07-29,2026-07-01,2026-07-29,20,8050,廣積,buy,7,美林,1440,725.0,509.0,216.0,,moneydj,https://fubon-ebrokerdj.fbs.com.tw/z/zc/zco/zco.djhtm?a=8050&e=2026-7-1&f=2026-7-29
2026-07-29,2026-07-01,2026-07-29,20,8050,廣積,sell,7,台中銀,6110,75.0,238.0,163.0,,moneydj,https://fubon-ebrokerdj.fbs.com.tw/z/zc/zco/zco.djhtm?a=8050&e=2026-7-1&f=2026-7-29
2026-07-29,2026-07-01,2026-07-29,20,8050,廣積,buy,8,新光,8560,809.0,628.0,181.0,,moneydj,https://fubon-ebrokerdj.fbs.com.tw/z/zc/zco/zco.djhtm?a=8050&e=2026-7-1&f=2026-7-29
2026-07-29,2026-07-01,2026-07-29,20,8050,廣積,sell,8,凱基-台北,9268,3226.0,3342.0,116.0,,moneydj,https://fubon-ebrokerdj.fbs.com.tw/z/zc/zco/zco.djhtm?a=8050&e=2026-7-1&f=2026-7-29
2026-07-29,2026-07-01,2026-07-29,20,8050,廣積,buy,9,新光-高雄,8562,478.0,329.0,149.0,,moneydj,https://fubon-ebrokerdj.fbs.com.tw/z/zc/zco/zco.djhtm?a=8050&e=2026-7-1&f=2026-7-29
2026-07-29,2026-07-01,2026-07-29,20,8050,廣積,sell,9,宏遠-館前,126U,32.0,143.0,111.0,,moneydj,https://fubon-ebrokerdj.fbs.com.tw/z/zc/zco/zco.djhtm?a=8050&e=2026-7-1&f=2026-7-29
2026-07-29,2026-07-01,2026-07-29,20,8050,廣積,buy,10,群益金鼎-內湖,918d,287.0,139.0,148.0,,moneydj,https://fubon-ebrokerdj.fbs.com.tw/z/zc/zco/zco.djhtm?a=8050&e=2026-7-1&f=2026-7-29
2026-07-29,2026-07-01,2026-07-29,20,8050,廣積,sell,10,大昌,6460,47.0,150.0,103.0,,moneydj,https://fubon-ebrokerdj.fbs.com.tw/z/zc/zco/zco.djhtm?a=8050&e=2026-7-1&f=2026-7-29
2026-07-29,2026-07-01,2026-07-29,20,6026,福邦證,buy,1,福邦證券,6480,4541.0,231.0,4310.0,,moneydj,https://fubon-ebrokerdj.fbs.com.tw/z/zc/zco/zco.djhtm?a=6026&e=2026-7-1&f=2026-7-29
2026-07-29,2026-07-01,2026-07-29,20,6026,福邦證,sell,1,凱基-中壢,9285,294.0,2985.0,2691.0,,moneydj,https://fubon-ebrokerdj.fbs.com.tw/z/zc/zco/zco.djhtm?a=6026&e=2026-7-1&f=2026-7-29
2026-07-29,2026-07-01,2026-07-29,20,6026,福邦證,buy,2,永豐金證券,9A00,2466.0,390.0,2076.0,,moneydj,https://fubon-ebrokerdj.fbs.com.tw/z/zc/zco/zco.djhtm?a=6026&e=2026-7-1&f=2026-7-29
2026-07-29,2026-07-01,2026-07-29,20,6026,福邦證,sell,2,台灣摩根士丹利,1470,1934.0,3410.0,1476.0,,moneydj,https://fubon-ebrokerdj.fbs.com.tw/z/zc/zco/zco.djhtm?a=6026&e=2026-7-1&f=2026-7-29
2026-07-29,2026-07-01,2026-07-29,20,6026,福邦證,buy,3,福邦-新竹,6489,716.0,11.0,705.0,,moneydj,https://fubon-ebrokerdj.fbs.com.tw/z/zc/zco/zco.djhtm?a=6026&e=2026-7-1&f=2026-7-29
2026-07-29,2026-07-01,2026-07-29,20,6026,福邦證,sell,3,摩根大通,8440,1750.0,2798.0,1048.0,,moneydj,https://fubon-ebrokerdj.fbs.com.tw/z/zc/zco/zco.djhtm?a=6026&e=2026-7-1&f=2026-7-29
2026-07-29,2026-07-01,2026-07-29,20,6026,福邦證,buy,4,台中銀,6110,673.0,93.0,580.0,,moneydj,https://fubon-ebrokerdj.fbs.com.tw/z/zc/zco/zco.djhtm?a=6026&e=2026-7-1&f=2026-7-29
2026-07-29,2026-07-01,2026-07-29,20,6026,福邦證,sell,4,美商高盛,1480,1586.0,2312.0,726.0,,moneydj,https://fubon-ebrokerdj.fbs.com.tw/z/zc/zco/zco.djhtm?a=6026&e=2026-7-1&f=2026-7-29
2026-07-29,2026-07-01,2026-07-29,20,6026,福邦證,buy,5,港商野村,1560,1104.0,560.0,544.0,,moneydj,https://fubon-ebrokerdj.fbs.com.tw/z/zc/zco/zco.djhtm?a=6026&e=2026-7-1&f=2026-7-29
2026-07-29,2026-07-01,2026-07-29,20,6026,福邦證,sell,5,美好-富順,526K,8.0,574.0,566.0,,moneydj,https://fubon-ebrokerdj.fbs.com.tw/z/zc/zco/zco.djhtm?a=6026&e=2026-7-1&f=2026-7-29
2026-07-29,2026-07-01,2026-07-29,20,6026,福邦證,buy,6,永豐金-桃園,9A9x,454.0,17.0,437.0,,moneydj,https://fubon-ebrokerdj.fbs.com.tw/z/zc/zco/zco.djhtm?a=6026&e=2026-7-1&f=2026-7-29
2026-07-29,2026-07-01,2026-07-29,20,6026,福邦證,sell,6,元大證券,9800,943.0,1488.0,545.0,,moneydj,https://fubon-ebrokerdj.fbs.com.tw/z/zc/zco/zco.djhtm?a=6026&e=2026-7-1&f=2026-7-29
2026-07-29,2026-07-01,2026-07-29,20,6026,福邦證,buy,7,國票-敦北法人,779c,422.0,10.0,412.0,,moneydj,https://fubon-ebrokerdj.fbs.com.tw/z/zc/zco/zco.djhtm?a=6026&e=2026-7-1&f=2026-7-29
2026-07-29,2026-07-01,2026-07-29,20,6026,福邦證,sell,7,新加坡商瑞銀,1650,818.0,1323.0,505.0,,moneydj,https://fubon-ebrokerdj.fbs.com.tw/z/zc/zco/zco.djhtm?a=6026&e=2026-7-1&f=2026-7-29
2026-07-29,2026-07-01,2026-07-29,20,6026,福邦證,buy,8,永豐金-台南,9A9h,389.0,17.0,372.0,,moneydj,https://fubon-ebrokerdj.fbs.com.tw/z/zc/zco/zco.djhtm?a=6026&e=2026-7-1&f=2026-7-29
2026-07-29,2026-07-01,2026-07-29,20,6026,福邦證,sell,8,兆豐-復興,700p,70.0,440.0,370.0,,moneydj,https://fubon-ebrokerdj.fbs.com.tw/z/zc/zco/zco.djhtm?a=6026&e=2026-7-1&f=2026-7-29
2026-07-29,2026-07-01,2026-07-29,20,6026,福邦證,buy,9,台新,9B00,596.0,224.0,372.0,,moneydj,https://fubon-ebrokerdj.fbs.com.tw/z/zc/zco/zco.djhtm?a=6026&e=2026-7-1&f=2026-7-29
2026-07-29,2026-07-01,2026-07-29,20,6026,福邦證,sell,9,永豐金-桃盛,9A9N,19.0,322.0,303.0,,moneydj,https://fubon-ebrokerdj.fbs.com.tw/z/zc/zco/zco.djhtm?a=6026&e=2026-7-1&f=2026-7-29
2026-07-29,2026-07-01,2026-07-29,20,6026,福邦證,buy,10,統一,5850,469.0,110.0,359.0,,moneydj,https://fubon-ebrokerdj.fbs.com.tw/z/zc/zco/zco.djhtm?a=6026&e=2026-7-1&f=2026-7-29
2026-07-29,2026-07-01,2026-07-29,20,6026,福邦證,sell,10,台新-建北,9B18,110.0,373.0,263.0,,moneydj,https://fubon-ebrokerdj.fbs.com.tw/z/zc/zco/zco.djhtm?a=6026&e=2026-7-1&f=2026-7-29
2026-07-29,2026-07-01,2026-07-29,20,3711,日月光投控,buy,1,凱基,9200,8133.0,1992.0,6141.0,,moneydj,https://fubon-ebrokerdj.fbs.com.tw/z/zc/zco/zco.djhtm?a=3711&e=2026-7-1&f=2026-7-29
2026-07-29,2026-07-01,2026-07-29,20,3711,日月光投控,sell,1,美商高盛,1480,31574.0,44367.0,12793.0,,moneydj,https://fubon-ebrokerdj.fbs.com.tw/z/zc/zco/zco.djhtm?a=3711&e=2026-7-1&f=2026-7-29
2026-07-29,2026-07-01,2026-07-29,20,3711,日月光投控,buy,2,元大證券,9800,48526.0,43985.0,4541.0,,moneydj,https://fubon-ebrokerdj.fbs.com.tw/z/zc/zco/zco.djhtm?a=3711&e=2026-7-1&f=2026-7-29
2026-07-29,2026-07-01,2026-07-29,20,3711,日月光投控,sell,2,摩根大通,8440,24790.0,34281.0,9491.0,,moneydj,https://fubon-ebrokerdj.fbs.com.tw/z/zc/zco/zco.djhtm?a=3711&e=2026-7-1&f=2026-7-29
2026-07-29,2026-07-01,2026-07-29,20,3711,日月光投控,buy,3,永豐金證券,9A00,11619.0,7735.0,3884.0,,moneydj,https://fubon-ebrokerdj.fbs.com.tw/z/zc/zco/zco.djhtm?a=3711&e=2026-7-1&f=2026-7-29
2026-07-29,2026-07-01,2026-07-29,20,3711,日月光投控,sell,3,新加坡商瑞銀,1650,18188.0,24104.0,5916.0,,moneydj,https://fubon-ebrokerdj.fbs.com.tw/z/zc/zco/zco.djhtm?a=3711&e=2026-7-1&f=2026-7-29
2026-07-29,2026-07-01,2026-07-29,20,3711,日月光投控,buy,4,統一,5850,7207.0,4187.0,3020.0,,moneydj,https://fubon-ebrokerdj.fbs.com.tw/z/zc/zco/zco.djhtm?a=3711&e=2026-7-1&f=2026-7-29
2026-07-29,2026-07-01,2026-07-29,20,3711,日月光投控,sell,4,美林,1440,17345.0,21792.0,4447.0,,moneydj,https://fubon-ebrokerdj.fbs.com.tw/z/zc/zco/zco.djhtm?a=3711&e=2026-7-1&f=2026-7-29
2026-07-29,2026-07-01,2026-07-29,20,3711,日月光投控,buy,5,群益金鼎,9100,6266.0,3960.0,2306.0,,moneydj,https://fubon-ebrokerdj.fbs.com.tw/z/zc/zco/zco.djhtm?a=3711&e=2026-7-1&f=2026-7-29
2026-07-29,2026-07-01,2026-07-29,20,3711,日月光投控,sell,5,凱基-台北,9268,23480.0,27572.0,4092.0,,moneydj,https://fubon-ebrokerdj.fbs.com.tw/z/zc/zco/zco.djhtm?a=3711&e=2026-7-1&f=2026-7-29
2026-07-29,2026-07-01,2026-07-29,20,3711,日月光投控,buy,6,兆豐證券,7000,2304.0,381.0,1923.0,,moneydj,https://fubon-ebrokerdj.fbs.com.tw/z/zc/zco/zco.djhtm?a=3711&e=2026-7-1&f=2026-7-29
2026-07-29,2026-07-01,2026-07-29,20,3711,日月光投控,sell,6,法銀巴黎,8900,1608.0,5658.0,4050.0,,moneydj,https://fubon-ebrokerdj.fbs.com.tw/z/zc/zco/zco.djhtm?a=3711&e=2026-7-1&f=2026-7-29
2026-07-29,2026-07-01,2026-07-29,20,3711,日月光投控,buy,7,港商麥格理,1360,5992.0,4410.0,1582.0,,moneydj,https://fubon-ebrokerdj.fbs.com.tw/z/zc/zco/zco.djhtm?a=3711&e=2026-7-1&f=2026-7-29
2026-07-29,2026-07-01,2026-07-29,20,3711,日月光投控,sell,7,台灣摩根士丹利,1470,28001.0,31953.0,3952.0,,moneydj,https://fubon-ebrokerdj.fbs.com.tw/z/zc/zco/zco.djhtm?a=3711&e=2026-7-1&f=2026-7-29
2026-07-29,2026-07-01,2026-07-29,20,3711,日月光投控,buy,8,國泰-敦南,8888,9490.0,8165.0,1325.0,,moneydj,https://fubon-ebrokerdj.fbs.com.tw/z/zc/zco/zco.djhtm?a=3711&e=2026-7-1&f=2026-7-29
2026-07-29,2026-07-01,2026-07-29,20,3711,日月光投控,sell,8,香港上海匯豐,8960,2476.0,5703.0,3227.0,,moneydj,https://fubon-ebrokerdj.fbs.com.tw/z/zc/zco/zco.djhtm?a=3711&e=2026-7-1&f=2026-7-29
2026-07-29,2026-07-01,2026-07-29,20,3711,日月光投控,buy,9,國票-敦北法人,779c,1931.0,677.0,1254.0,,moneydj,https://fubon-ebrokerdj.fbs.com.tw/z/zc/zco/zco.djhtm?a=3711&e=2026-7-1&f=2026-7-29
2026-07-29,2026-07-01,2026-07-29,20,3711,日月光投控,sell,9,花旗環球,1590,9225.0,12198.0,2973.0,,moneydj,https://fubon-ebrokerdj.fbs.com.tw/z/zc/zco/zco.djhtm?a=3711&e=2026-7-1&f=2026-7-29
2026-07-29,2026-07-01,2026-07-29,20,3711,日月光投控,buy,10,台新,9B00,3748.0,2549.0,1199.0,,moneydj,https://fubon-ebrokerdj.fbs.com.tw/z/zc/zco/zco.djhtm?a=3711&e=2026-7-1&f=2026-7-29
2026-07-29,2026-07-01,2026-07-29,20,3711,日月光投控,sell,10,永豐金-匯立,9A81,9690.0,12096.0,2406.0,,moneydj,https://fubon-ebrokerdj.fbs.com.tw/z/zc/zco/zco.djhtm?a=3711&e=2026-7-1&f=2026-7-29
2026-07-29,2026-07-01,2026-07-29,20,6592,和潤企業,buy,1,台灣摩根士丹利,1470,1437.0,542.0,895.0,,moneydj,https://fubon-ebrokerdj.fbs.com.tw/z/zc/zco/zco.djhtm?a=6592&e=2026-7-1&f=2026-7-29
2026-07-29,2026-07-01,2026-07-29,20,6592,和潤企業,sell,1,永豐金證券,9A00,145.0,714.0,569.0,,moneydj,https://fubon-ebrokerdj.fbs.com.tw/z/zc/zco/zco.djhtm?a=6592&e=2026-7-1&f=2026-7-29
2026-07-29,2026-07-01,2026-07-29,20,6592,和潤企業,buy,2,凱基-台北,9268,2649.0,2267.0,382.0,,moneydj,https://fubon-ebrokerdj.fbs.com.tw/z/zc/zco/zco.djhtm?a=6592&e=2026-7-1&f=2026-7-29
2026-07-29,2026-07-01,2026-07-29,20,6592,和潤企業,sell,2,美商高盛,1480,1847.0,2119.0,272.0,,moneydj,https://fubon-ebrokerdj.fbs.com.tw/z/zc/zco/zco.djhtm?a=6592&e=2026-7-1&f=2026-7-29
2026-07-29,2026-07-01,2026-07-29,20,6592,和潤企業,buy,3,永豐金-豐原,9A9Q,295.0,3.0,292.0,,moneydj,https://fubon-ebrokerdj.fbs.com.tw/z/zc/zco/zco.djhtm?a=6592&e=2026-7-1&f=2026-7-29
2026-07-29,2026-07-01,2026-07-29,20,6592,和潤企業,sell,3,摩根大通,8440,889.0,1094.0,205.0,,moneydj,https://fubon-ebrokerdj.fbs.com.tw/z/zc/zco/zco.djhtm?a=6592&e=2026-7-1&f=2026-7-29
2026-07-29,2026-07-01,2026-07-29,20,6592,和潤企業,buy,4,花旗環球,1590,209.0,84.0,125.0,,moneydj,https://fubon-ebrokerdj.fbs.com.tw/z/zc/zco/zco.djhtm?a=6592&e=2026-7-1&f=2026-7-29
2026-07-29,2026-07-01,2026-07-29,20,6592,和潤企業,sell,4,美林,1440,334.0,438.0,104.0,,moneydj,https://fubon-ebrokerdj.fbs.com.tw/z/zc/zco/zco.djhtm?a=6592&e=2026-7-1&f=2026-7-29
2026-07-29,2026-07-01,2026-07-29,20,6592,和潤企業,buy,5,台新-花蓮,9B2y,89.0,2.0,87.0,,moneydj,https://fubon-ebrokerdj.fbs.com.tw/z/zc/zco/zco.djhtm?a=6592&e=2026-7-1&f=2026-7-29
2026-07-29,2026-07-01,2026-07-29,20,6592,和潤企業,sell,5,統一,5850,73.0,128.0,55.0,,moneydj,https://fubon-ebrokerdj.fbs.com.tw/z/zc/zco/zco.djhtm?a=6592&e=2026-7-1&f=2026-7-29
2026-07-29,2026-07-01,2026-07-29,20,6592,和潤企業,buy,6,凱基-竹北,9234,90.0,11.0,79.0,,moneydj,https://fubon-ebrokerdj.fbs.com.tw/z/zc/zco/zco.djhtm?a=6592&e=2026-7-1&f=2026-7-29
2026-07-29,2026-07-01,2026-07-29,20,6592,和潤企業,sell,6,凱基-三峽,921E,3.0,56.0,53.0,,moneydj,https://fubon-ebrokerdj.fbs.com.tw/z/zc/zco/zco.djhtm?a=6592&e=2026-7-1&f=2026-7-29
2026-07-29,2026-07-01,2026-07-29,20,6592,和潤企業,buy,7,新加坡商瑞銀,1650,624.0,547.0,77.0,,moneydj,https://fubon-ebrokerdj.fbs.com.tw/z/zc/zco/zco.djhtm?a=6592&e=2026-7-1&f=2026-7-29
2026-07-29,2026-07-01,2026-07-29,20,6592,和潤企業,sell,7,元大-和平,9863,10.0,62.0,52.0,,moneydj,https://fubon-ebrokerdj.fbs.com.tw/z/zc/zco/zco.djhtm?a=6592&e=2026-7-1&f=2026-7-29
2026-07-29,2026-07-01,2026-07-29,20,6592,和潤企業,buy,8,群益金鼎-開元,9134,54.0,1.0,53.0,,moneydj,https://fubon-ebrokerdj.fbs.com.tw/z/zc/zco/zco.djhtm?a=6592&e=2026-7-1&f=2026-7-29
2026-07-29,2026-07-01,2026-07-29,20,6592,和潤企業,sell,8,富邦-羅東,9634,3.0,46.0,43.0,,moneydj,https://fubon-ebrokerdj.fbs.com.tw/z/zc/zco/zco.djhtm?a=6592&e=2026-7-1&f=2026-7-29
2026-07-29,2026-07-01,2026-07-29,20,6592,和潤企業,buy,9,新光-新竹,8563,53.0,1.0,52.0,,moneydj,https://fubon-ebrokerdj.fbs.com.tw/z/zc/zco/zco.djhtm?a=6592&e=2026-7-1&f=2026-7-29
2026-07-29,2026-07-01,2026-07-29,20,6592,和潤企業,sell,9,凱基-科園,9254,1.0,44.0,43.0,,moneydj,https://fubon-ebrokerdj.fbs.com.tw/z/zc/zco/zco.djhtm?a=6592&e=2026-7-1&f=2026-7-29
2026-07-29,2026-07-01,2026-07-29,20,6592,和潤企業,buy,10,港商野村,1560,184.0,133.0,51.0,,moneydj,https://fubon-ebrokerdj.fbs.com.tw/z/zc/zco/zco.djhtm?a=6592&e=2026-7-1&f=2026-7-29
2026-07-29,2026-07-01,2026-07-29,20,6592,和潤企業,sell,10,永豐金-大園,9A98,3.0,43.0,40.0,,moneydj,https://fubon-ebrokerdj.fbs.com.tw/z/zc/zco/zco.djhtm?a=6592&e=2026-7-1&f=2026-7-29
2026-07-29,2026-07-01,2026-07-29,20,4502,健信,buy,1,凱基-站前,920F,199.0,0.0,199.0,,moneydj,https://fubon-ebrokerdj.fbs.com.tw/z/zc/zco/zco.djhtm?a=4502&e=2026-7-1&f=2026-7-29
2026-07-29,2026-07-01,2026-07-29,20,4502,健信,sell,1,群益金鼎,9100,0.0,87.0,87.0,,moneydj,https://fubon-ebrokerdj.fbs.com.tw/z/zc/zco/zco.djhtm?a=4502&e=2026-7-1&f=2026-7-29
2026-07-29,2026-07-01,2026-07-29,20,4502,健信,buy,2,中國信託-高雄,616K,118.0,0.0,118.0,,moneydj,https://fubon-ebrokerdj.fbs.com.tw/z/zc/zco/zco.djhtm?a=4502&e=2026-7-1&f=2026-7-29
2026-07-29,2026-07-01,2026-07-29,20,4502,健信,sell,2,永豐金-亞灣,9A9a,0.0,59.0,59.0,,moneydj,https://fubon-ebrokerdj.fbs.com.tw/z/zc/zco/zco.djhtm?a=4502&e=2026-7-1&f=2026-7-29
2026-07-29,2026-07-01,2026-07-29,20,4502,健信,buy,3,摩根大通,8440,29.0,0.0,29.0,,moneydj,https://fubon-ebrokerdj.fbs.com.tw/z/zc/zco/zco.djhtm?a=4502&e=2026-7-1&f=2026-7-29
2026-07-29,2026-07-01,2026-07-29,20,4502,健信,sell,3,兆豐-來福,700C,0.0,30.0,30.0,,moneydj,https://fubon-ebrokerdj.fbs.com.tw/z/zc/zco/zco.djhtm?a=4502&e=2026-7-1&f=2026-7-29
2026-07-29,2026-07-01,2026-07-29,20,4502,健信,buy,4,國票-博愛,779z,13.0,2.0,11.0,,moneydj,https://fubon-ebrokerdj.fbs.com.tw/z/zc/zco/zco.djhtm?a=4502&e=2026-7-1&f=2026-7-29
2026-07-29,2026-07-01,2026-07-29,20,4502,健信,sell,4,台灣企銀-九如,1113,0.0,28.0,28.0,,moneydj,https://fubon-ebrokerdj.fbs.com.tw/z/zc/zco/zco.djhtm?a=4502&e=2026-7-1&f=2026-7-29
2026-07-29,2026-07-01,2026-07-29,20,4502,健信,buy,5,宏遠-台中,126L,6.0,0.0,6.0,,moneydj,https://fubon-ebrokerdj.fbs.com.tw/z/zc/zco/zco.djhtm?a=4502&e=2026-7-1&f=2026-7-29
2026-07-29,2026-07-01,2026-07-29,20,4502,健信,sell,5,永豐金-永康,9A9c,0.0,20.0,20.0,,moneydj,https://fubon-ebrokerdj.fbs.com.tw/z/zc/zco/zco.djhtm?a=4502&e=2026-7-1&f=2026-7-29
2026-07-29,2026-07-01,2026-07-29,20,4502,健信,buy,6,永豐金-嘉義,9A9j,6.0,0.0,6.0,,moneydj,https://fubon-ebrokerdj.fbs.com.tw/z/zc/zco/zco.djhtm?a=4502&e=2026-7-1&f=2026-7-29
2026-07-29,2026-07-01,2026-07-29,20,4502,健信,sell,6,玉山-左營,884D,0.0,19.0,19.0,,moneydj,https://fubon-ebrokerdj.fbs.com.tw/z/zc/zco/zco.djhtm?a=4502&e=2026-7-1&f=2026-7-29
2026-07-29,2026-07-01,2026-07-29,20,4502,健信,buy,7,大昌-新店,6464,5.0,0.0,5.0,,moneydj,https://fubon-ebrokerdj.fbs.com.tw/z/zc/zco/zco.djhtm?a=4502&e=2026-7-1&f=2026-7-29
2026-07-29,2026-07-01,2026-07-29,20,4502,健信,sell,7,元大-新盛,9869,0.0,18.0,18.0,,moneydj,https://fubon-ebrokerdj.fbs.com.tw/z/zc/zco/zco.djhtm?a=4502&e=2026-7-1&f=2026-7-29
2026-07-29,2026-07-01,2026-07-29,20,4502,健信,buy,8,元大證券,9800,5.0,2.0,3.0,,moneydj,https://fubon-ebrokerdj.fbs.com.tw/z/zc/zco/zco.djhtm?a=4502&e=2026-7-1&f=2026-7-29
2026-07-29,2026-07-01,2026-07-29,20,4502,健信,sell,8,台新-台中,9B1h,0.0,15.0,15.0,,moneydj,https://fubon-ebrokerdj.fbs.com.tw/z/zc/zco/zco.djhtm?a=4502&e=2026-7-1&f=2026-7-29
2026-07-29,2026-07-01,2026-07-29,20,4502,健信,buy,9,國泰-敦南,8888,19.0,16.0,3.0,,moneydj,https://fubon-ebrokerdj.fbs.com.tw/z/zc/zco/zco.djhtm?a=4502&e=2026-7-1&f=2026-7-29
2026-07-29,2026-07-01,2026-07-29,20,4502,健信,sell,9,統一-高雄,5851,0.0,10.0,10.0,,moneydj,https://fubon-ebrokerdj.fbs.com.tw/z/zc/zco/zco.djhtm?a=4502&e=2026-7-1&f=2026-7-29
2026-07-29,2026-07-01,2026-07-29,20,4502,健信,buy,10,臺銀-臺南,1042,3.0,0.0,3.0,,moneydj,https://fubon-ebrokerdj.fbs.com.tw/z/zc/zco/zco.djhtm?a=4502&e=2026-7-1&f=2026-7-29
2026-07-29,2026-07-01,2026-07-29,20,4502,健信,sell,10,群益金鼎-嘉義,918M,0.0,10.0,10.0,,moneydj,https://fubon-ebrokerdj.fbs.com.tw/z/zc/zco/zco.djhtm?a=4502&e=2026-7-1&f=2026-7-29
2026-07-29,2026-07-01,2026-07-29,20,1301,台塑,buy,1,台灣摩根士丹利,1470,100177.0,66172.0,34005.0,,moneydj,https://fubon-ebrokerdj.fbs.com.tw/z/zc/zco/zco.djhtm?a=1301&e=2026-7-1&f=2026-7-29
2026-07-29,2026-07-01,2026-07-29,20,1301,台塑,sell,1,新加坡商瑞銀,1650,44864.0,79608.0,34744.0,,moneydj,https://fubon-ebrokerdj.fbs.com.tw/z/zc/zco/zco.djhtm?a=1301&e=2026-7-1&f=2026-7-29
2026-07-29,2026-07-01,2026-07-29,20,1301,台塑,buy,2,美商高盛,1480,99035.0,83271.0,15764.0,,moneydj,https://fubon-ebrokerdj.fbs.com.tw/z/zc/zco/zco.djhtm?a=1301&e=2026-7-1&f=2026-7-29
2026-07-29,2026-07-01,2026-07-29,20,1301,台塑,sell,2,美林,1440,25517.0,40790.0,15273.0,,moneydj,https://fubon-ebrokerdj.fbs.com.tw/z/zc/zco/zco.djhtm?a=1301&e=2026-7-1&f=2026-7-29
2026-07-29,2026-07-01,2026-07-29,20,1301,台塑,buy,3,凱基-台北,9268,99587.0,89195.0,10392.0,,moneydj,https://fubon-ebrokerdj.fbs.com.tw/z/zc/zco/zco.djhtm?a=1301&e=2026-7-1&f=2026-7-29
2026-07-29,2026-07-01,2026-07-29,20,1301,台塑,sell,3,永豐金-匯立,9A81,1333.0,8859.0,7526.0,,moneydj,https://fubon-ebrokerdj.fbs.com.tw/z/zc/zco/zco.djhtm?a=1301&e=2026-7-1&f=2026-7-29
2026-07-29,2026-07-01,2026-07-29,20,1301,台塑,buy,4,元大證券,9800,163665.0,157253.0,6412.0,,moneydj,https://fubon-ebrokerdj.fbs.com.tw/z/zc/zco/zco.djhtm?a=1301&e=2026-7-1&f=2026-7-29
2026-07-29,2026-07-01,2026-07-29,20,1301,台塑,sell,4,華南永昌,9300,4090.0,9771.0,5681.0,,moneydj,https://fubon-ebrokerdj.fbs.com.tw/z/zc/zco/zco.djhtm?a=1301&e=2026-7-1&f=2026-7-29
2026-07-29,2026-07-01,2026-07-29,20,1301,台塑,buy,5,摩根大通,8440,48447.0,42630.0,5817.0,,moneydj,https://fubon-ebrokerdj.fbs.com.tw/z/zc/zco/zco.djhtm?a=1301&e=2026-7-1&f=2026-7-29
2026-07-29,2026-07-01,2026-07-29,20,1301,台塑,sell,5,元大-松江,9801,1680.0,5000.0,3320.0,,moneydj,https://fubon-ebrokerdj.fbs.com.tw/z/zc/zco/zco.djhtm?a=1301&e=2026-7-1&f=2026-7-29
2026-07-29,2026-07-01,2026-07-29,20,1301,台塑,buy,6,元大-西屯,980w,5162.0,686.0,4476.0,,moneydj,https://fubon-ebrokerdj.fbs.com.tw/z/zc/zco/zco.djhtm?a=1301&e=2026-7-1&f=2026-7-29
2026-07-29,2026-07-01,2026-07-29,20,1301,台塑,sell,6,統一,5850,14095.0,16346.0,2251.0,,moneydj,https://fubon-ebrokerdj.fbs.com.tw/z/zc/zco/zco.djhtm?a=1301&e=2026-7-1&f=2026-7-29
2026-07-29,2026-07-01,2026-07-29,20,1301,台塑,buy,7,玉山證券,8840,7065.0,2716.0,4349.0,,moneydj,https://fubon-ebrokerdj.fbs.com.tw/z/zc/zco/zco.djhtm?a=1301&e=2026-7-1&f=2026-7-29
2026-07-29,2026-07-01,2026-07-29,20,1301,台塑,sell,7,富邦-仁愛,9676,2678.0,4159.0,1481.0,,moneydj,https://fubon-ebrokerdj.fbs.com.tw/z/zc/zco/zco.djhtm?a=1301&e=2026-7-1&f=2026-7-29
2026-07-29,2026-07-01,2026-07-29,20,1301,台塑,buy,8,花旗環球,1590,8049.0,4607.0,3442.0,,moneydj,https://fubon-ebrokerdj.fbs.com.tw/z/zc/zco/zco.djhtm?a=1301&e=2026-7-1&f=2026-7-29
2026-07-29,2026-07-01,2026-07-29,20,1301,台塑,sell,8,永豐金-信義,9A9R,231.0,1602.0,1371.0,,moneydj,https://fubon-ebrokerdj.fbs.com.tw/z/zc/zco/zco.djhtm?a=1301&e=2026-7-1&f=2026-7-29
2026-07-29,2026-07-01,2026-07-29,20,1301,台塑,buy,9,統一-城中,5854,9311.0,5887.0,3424.0,,moneydj,https://fubon-ebrokerdj.fbs.com.tw/z/zc/zco/zco.djhtm?a=1301&e=2026-7-1&f=2026-7-29
2026-07-29,2026-07-01,2026-07-29,20,1301,台塑,sell,9,國票-敦北法人,779c,3885.0,5227.0,1342.0,,moneydj,https://fubon-ebrokerdj.fbs.com.tw/z/zc/zco/zco.djhtm?a=1301&e=2026-7-1&f=2026-7-29
2026-07-29,2026-07-01,2026-07-29,20,1301,台塑,buy,10,國泰證券,8880,4304.0,1183.0,3121.0,,moneydj,https://fubon-ebrokerdj.fbs.com.tw/z/zc/zco/zco.djhtm?a=1301&e=2026-7-1&f=2026-7-29
2026-07-29,2026-07-01,2026-07-29,20,1301,台塑,sell,10,兆豐證券,7000,615.0,1919.0,1304.0,,moneydj,https://fubon-ebrokerdj.fbs.com.tw/z/zc/zco/zco.djhtm?a=1301&e=2026-7-1&f=2026-7-29
2026-07-29,2026-07-01,2026-07-29,20,4749,新應材,buy,1,美林,1440,393.0,211.0,182.0,,moneydj,https://fubon-ebrokerdj.fbs.com.tw/z/zc/zco/zco.djhtm?a=4749&e=2026-7-1&f=2026-7-29
2026-07-29,2026-07-01,2026-07-29,20,4749,新應材,sell,1,美商高盛,1480,530.0,996.0,466.0,,moneydj,https://fubon-ebrokerdj.fbs.com.tw/z/zc/zco/zco.djhtm?a=4749&e=2026-7-1&f=2026-7-29
2026-07-29,2026-07-01,2026-07-29,20,4749,新應材,buy,2,新加坡商瑞銀,1650,719.0,539.0,180.0,,moneydj,https://fubon-ebrokerdj.fbs.com.tw/z/zc/zco/zco.djhtm?a=4749&e=2026-7-1&f=2026-7-29
2026-07-29,2026-07-01,2026-07-29,20,4749,新應材,sell,2,永豐金證券,9A00,278.0,612.0,334.0,,moneydj,https://fubon-ebrokerdj.fbs.com.tw/z/zc/zco/zco.djhtm?a=4749&e=2026-7-1&f=2026-7-29
2026-07-29,2026-07-01,2026-07-29,20,4749,新應材,buy,3,港商野村,1560,209.0,62.0,147.0,,moneydj,https://fubon-ebrokerdj.fbs.com.tw/z/zc/zco/zco.djhtm?a=4749&e=2026-7-1&f=2026-7-29
2026-07-29,2026-07-01,2026-07-29,20,4749,新應材,sell,3,凱基,9200,83.0,353.0,270.0,,moneydj,https://fubon-ebrokerdj.fbs.com.tw/z/zc/zco/zco.djhtm?a=4749&e=2026-7-1&f=2026-7-29
2026-07-29,2026-07-01,2026-07-29,20,4749,新應材,buy,4,華南永昌-岡山,9324,106.0,23.0,83.0,,moneydj,https://fubon-ebrokerdj.fbs.com.tw/z/zc/zco/zco.djhtm?a=4749&e=2026-7-1&f=2026-7-29
2026-07-29,2026-07-01,2026-07-29,20,4749,新應材,sell,4,富邦證券,9600,333.0,562.0,229.0,,moneydj,https://fubon-ebrokerdj.fbs.com.tw/z/zc/zco/zco.djhtm?a=4749&e=2026-7-1&f=2026-7-29
2026-07-29,2026-07-01,2026-07-29,20,4749,新應材,buy,5,永豐金-亞灣,9A9a,96.0,24.0,72.0,,moneydj,https://fubon-ebrokerdj.fbs.com.tw/z/zc/zco/zco.djhtm?a=4749&e=2026-7-1&f=2026-7-29
2026-07-29,2026-07-01,2026-07-29,20,4749,新應材,sell,5,大和國泰,8890,0.0,178.0,178.0,,moneydj,https://fubon-ebrokerdj.fbs.com.tw/z/zc/zco/zco.djhtm?a=4749&e=2026-7-1&f=2026-7-29
2026-07-29,2026-07-01,2026-07-29,20,4749,新應材,buy,6,凱基-台北,9268,924.0,862.0,62.0,,moneydj,https://fubon-ebrokerdj.fbs.com.tw/z/zc/zco/zco.djhtm?a=4749&e=2026-7-1&f=2026-7-29
2026-07-29,2026-07-01,2026-07-29,20,4749,新應材,sell,6,國泰證券,8880,103.0,257.0,154.0,,moneydj,https://fubon-ebrokerdj.fbs.com.tw/z/zc/zco/zco.djhtm?a=4749&e=2026-7-1&f=2026-7-29
2026-07-29,2026-07-01,2026-07-29,20,4749,新應材,buy,7,元大-土城永寧,9875,75.0,17.0,58.0,,moneydj,https://fubon-ebrokerdj.fbs.com.tw/z/zc/zco/zco.djhtm?a=4749&e=2026-7-1&f=2026-7-29
2026-07-29,2026-07-01,2026-07-29,20,4749,新應材,sell,7,玉山證券,8840,62.0,197.0,135.0,,moneydj,https://fubon-ebrokerdj.fbs.com.tw/z/zc/zco/zco.djhtm?a=4749&e=2026-7-1&f=2026-7-29
2026-07-29,2026-07-01,2026-07-29,20,4749,新應材,buy,8,富邦-台中,965K,133.0,82.0,51.0,,moneydj,https://fubon-ebrokerdj.fbs.com.tw/z/zc/zco/zco.djhtm?a=4749&e=2026-7-1&f=2026-7-29
2026-07-29,2026-07-01,2026-07-29,20,4749,新應材,sell,8,元大證券,9800,1679.0,1803.0,124.0,,moneydj,https://fubon-ebrokerdj.fbs.com.tw/z/zc/zco/zco.djhtm?a=4749&e=2026-7-1&f=2026-7-29
2026-07-29,2026-07-01,2026-07-29,20,4749,新應材,buy,9,元大-萬華,981q,61.0,12.0,49.0,,moneydj,https://fubon-ebrokerdj.fbs.com.tw/z/zc/zco/zco.djhtm?a=4749&e=2026-7-1&f=2026-7-29
2026-07-29,2026-07-01,2026-07-29,20,4749,新應材,sell,9,摩根大通,8440,152.0,259.0,107.0,,moneydj,https://fubon-ebrokerdj.fbs.com.tw/z/zc/zco/zco.djhtm?a=4749&e=2026-7-1&f=2026-7-29
2026-07-29,2026-07-01,2026-07-29,20,4749,新應材,buy,10,凱基-中港,9202,52.0,6.0,46.0,,moneydj,https://fubon-ebrokerdj.fbs.com.tw/z/zc/zco/zco.djhtm?a=4749&e=2026-7-1&f=2026-7-29
2026-07-29,2026-07-01,2026-07-29,20,4749,新應材,sell,10,國票-安和,779Z,15.0,117.0,102.0,,moneydj,https://fubon-ebrokerdj.fbs.com.tw/z/zc/zco/zco.djhtm?a=4749&e=2026-7-1&f=2026-7-29
2026-07-29,2026-07-01,2026-07-29,20,4991,環宇-KY,buy,1,新加坡商瑞銀,1650,3766.0,2275.0,1491.0,,moneydj,https://fubon-ebrokerdj.fbs.com.tw/z/zc/zco/zco.djhtm?a=4991&e=2026-7-1&f=2026-7-29
2026-07-29,2026-07-01,2026-07-29,20,4991,環宇-KY,sell,1,台灣摩根士丹利,1470,6111.0,7887.0,1776.0,,moneydj,https://fubon-ebrokerdj.fbs.com.tw/z/zc/zco/zco.djhtm?a=4991&e=2026-7-1&f=2026-7-29
2026-07-29,2026-07-01,2026-07-29,20,4991,環宇-KY,buy,2,摩根大通,8440,3577.0,2474.0,1103.0,,moneydj,https://fubon-ebrokerdj.fbs.com.tw/z/zc/zco/zco.djhtm?a=4991&e=2026-7-1&f=2026-7-29
2026-07-29,2026-07-01,2026-07-29,20,4991,環宇-KY,sell,2,凱基,9200,324.0,2056.0,1732.0,,moneydj,https://fubon-ebrokerdj.fbs.com.tw/z/zc/zco/zco.djhtm?a=4991&e=2026-7-1&f=2026-7-29
2026-07-29,2026-07-01,2026-07-29,20,4991,環宇-KY,buy,3,美商高盛,1480,6256.0,5878.0,378.0,,moneydj,https://fubon-ebrokerdj.fbs.com.tw/z/zc/zco/zco.djhtm?a=4991&e=2026-7-1&f=2026-7-29
2026-07-29,2026-07-01,2026-07-29,20,4991,環宇-KY,sell,3,凱基-站前,920F,243.0,1617.0,1374.0,,moneydj,https://fubon-ebrokerdj.fbs.com.tw/z/zc/zco/zco.djhtm?a=4991&e=2026-7-1&f=2026-7-29
2026-07-29,2026-07-01,2026-07-29,20,4991,環宇-KY,buy,4,國泰-敦南,8888,2604.0,2274.0,330.0,,moneydj,https://fubon-ebrokerdj.fbs.com.tw/z/zc/zco/zco.djhtm?a=4991&e=2026-7-1&f=2026-7-29
2026-07-29,2026-07-01,2026-07-29,20,4991,環宇-KY,sell,4,香港上海匯豐,8960,28.0,802.0,774.0,,moneydj,https://fubon-ebrokerdj.fbs.com.tw/z/zc/zco/zco.djhtm?a=4991&e=2026-7-1&f=2026-7-29
2026-07-29,2026-07-01,2026-07-29,20,4991,環宇-KY,buy,5,法銀巴黎,8900,251.0,0.0,251.0,,moneydj,https://fubon-ebrokerdj.fbs.com.tw/z/zc/zco/zco.djhtm?a=4991&e=2026-7-1&f=2026-7-29
2026-07-29,2026-07-01,2026-07-29,20,4991,環宇-KY,sell,5,元大證券,9800,8598.0,9309.0,711.0,,moneydj,https://fubon-ebrokerdj.fbs.com.tw/z/zc/zco/zco.djhtm?a=4991&e=2026-7-1&f=2026-7-29
2026-07-29,2026-07-01,2026-07-29,20,4991,環宇-KY,buy,6,華南永昌-竹北,9339,440.0,196.0,244.0,,moneydj,https://fubon-ebrokerdj.fbs.com.tw/z/zc/zco/zco.djhtm?a=4991&e=2026-7-1&f=2026-7-29
2026-07-29,2026-07-01,2026-07-29,20,4991,環宇-KY,sell,6,花旗環球,1590,42.0,595.0,553.0,,moneydj,https://fubon-ebrokerdj.fbs.com.tw/z/zc/zco/zco.djhtm?a=4991&e=2026-7-1&f=2026-7-29
2026-07-29,2026-07-01,2026-07-29,20,4991,環宇-KY,buy,7,群益金鼎,9100,1699.0,1480.0,219.0,,moneydj,https://fubon-ebrokerdj.fbs.com.tw/z/zc/zco/zco.djhtm?a=4991&e=2026-7-1&f=2026-7-29
2026-07-29,2026-07-01,2026-07-29,20,4991,環宇-KY,sell,7,永豐金-匯立,9A81,515.0,1003.0,488.0,,moneydj,https://fubon-ebrokerdj.fbs.com.tw/z/zc/zco/zco.djhtm?a=4991&e=2026-7-1&f=2026-7-29
2026-07-29,2026-07-01,2026-07-29,20,4991,環宇-KY,buy,8,元大-彰化,981G,225.0,93.0,132.0,,moneydj,https://fubon-ebrokerdj.fbs.com.tw/z/zc/zco/zco.djhtm?a=4991&e=2026-7-1&f=2026-7-29
2026-07-29,2026-07-01,2026-07-29,20,4991,環宇-KY,sell,8,中國信託,6160,223.0,710.0,487.0,,moneydj,https://fubon-ebrokerdj.fbs.com.tw/z/zc/zco/zco.djhtm?a=4991&e=2026-7-1&f=2026-7-29
2026-07-29,2026-07-01,2026-07-29,20,4991,環宇-KY,buy,9,華南永昌-大安,9307,374.0,242.0,132.0,,moneydj,https://fubon-ebrokerdj.fbs.com.tw/z/zc/zco/zco.djhtm?a=4991&e=2026-7-1&f=2026-7-29
2026-07-29,2026-07-01,2026-07-29,20,4991,環宇-KY,sell,9,港商麥格理,1360,39.0,474.0,435.0,,moneydj,https://fubon-ebrokerdj.fbs.com.tw/z/zc/zco/zco.djhtm?a=4991&e=2026-7-1&f=2026-7-29
2026-07-29,2026-07-01,2026-07-29,20,4991,環宇-KY,buy,10,中國信託-永康,6163,341.0,216.0,125.0,,moneydj,https://fubon-ebrokerdj.fbs.com.tw/z/zc/zco/zco.djhtm?a=4991&e=2026-7-1&f=2026-7-29
2026-07-29,2026-07-01,2026-07-29,20,4991,環宇-KY,sell,10,國泰證券,8880,313.0,648.0,335.0,,moneydj,https://fubon-ebrokerdj.fbs.com.tw/z/zc/zco/zco.djhtm?a=4991&e=2026-7-1&f=2026-7-29
2026-07-29,2026-07-01,2026-07-29,20,2330,台積電,buy,1,元大證券,9800,62173.0,41817.0,20356.0,,moneydj,https://fubon-ebrokerdj.fbs.com.tw/z/zc/zco/zco.djhtm?a=2330&e=2026-7-1&f=2026-7-29
2026-07-29,2026-07-01,2026-07-29,20,2330,台積電,sell,1,摩根大通,8440,46620.0,91242.0,44622.0,,moneydj,https://fubon-ebrokerdj.fbs.com.tw/z/zc/zco/zco.djhtm?a=2330&e=2026-7-1&f=2026-7-29
2026-07-29,2026-07-01,2026-07-29,20,2330,台積電,buy,2,永豐金證券,9A00,27839.0,11160.0,16679.0,,moneydj,https://fubon-ebrokerdj.fbs.com.tw/z/zc/zco/zco.djhtm?a=2330&e=2026-7-1&f=2026-7-29
2026-07-29,2026-07-01,2026-07-29,20,2330,台積電,sell,2,台灣摩根士丹利,1470,27255.0,62482.0,35227.0,,moneydj,https://fubon-ebrokerdj.fbs.com.tw/z/zc/zco/zco.djhtm?a=2330&e=2026-7-1&f=2026-7-29
2026-07-29,2026-07-01,2026-07-29,20,2330,台積電,buy,3,港商麥格理,1360,25381.0,13291.0,12090.0,,moneydj,https://fubon-ebrokerdj.fbs.com.tw/z/zc/zco/zco.djhtm?a=2330&e=2026-7-1&f=2026-7-29
2026-07-29,2026-07-01,2026-07-29,20,2330,台積電,sell,3,美林,1440,26928.0,43875.0,16947.0,,moneydj,https://fubon-ebrokerdj.fbs.com.tw/z/zc/zco/zco.djhtm?a=2330&e=2026-7-1&f=2026-7-29
2026-07-29,2026-07-01,2026-07-29,20,2330,台積電,buy,4,群益金鼎,9100,14177.0,5139.0,9038.0,,moneydj,https://fubon-ebrokerdj.fbs.com.tw/z/zc/zco/zco.djhtm?a=2330&e=2026-7-1&f=2026-7-29
2026-07-29,2026-07-01,2026-07-29,20,2330,台積電,sell,4,永豐金-匯立,9A81,8442.0,22789.0,14347.0,,moneydj,https://fubon-ebrokerdj.fbs.com.tw/z/zc/zco/zco.djhtm?a=2330&e=2026-7-1&f=2026-7-29
2026-07-29,2026-07-01,2026-07-29,20,2330,台積電,buy,5,花旗環球,1590,30447.0,25529.0,4918.0,,moneydj,https://fubon-ebrokerdj.fbs.com.tw/z/zc/zco/zco.djhtm?a=2330&e=2026-7-1&f=2026-7-29
2026-07-29,2026-07-01,2026-07-29,20,2330,台積電,sell,5,凱基-台北,9268,22016.0,34493.0,12477.0,,moneydj,https://fubon-ebrokerdj.fbs.com.tw/z/zc/zco/zco.djhtm?a=2330&e=2026-7-1&f=2026-7-29
2026-07-29,2026-07-01,2026-07-29,20,2330,台積電,buy,6,國泰-敦南,8888,9113.0,5040.0,4073.0,,moneydj,https://fubon-ebrokerdj.fbs.com.tw/z/zc/zco/zco.djhtm?a=2330&e=2026-7-1&f=2026-7-29
2026-07-29,2026-07-01,2026-07-29,20,2330,台積電,sell,6,美商高盛,1480,35143.0,47111.0,11968.0,,moneydj,https://fubon-ebrokerdj.fbs.com.tw/z/zc/zco/zco.djhtm?a=2330&e=2026-7-1&f=2026-7-29
2026-07-29,2026-07-01,2026-07-29,20,2330,台積電,buy,7,凱基,9200,9775.0,7334.0,2441.0,,moneydj,https://fubon-ebrokerdj.fbs.com.tw/z/zc/zco/zco.djhtm?a=2330&e=2026-7-1&f=2026-7-29
2026-07-29,2026-07-01,2026-07-29,20,2330,台積電,sell,7,富邦證券,9600,15441.0,26223.0,10782.0,,moneydj,https://fubon-ebrokerdj.fbs.com.tw/z/zc/zco/zco.djhtm?a=2330&e=2026-7-1&f=2026-7-29
2026-07-29,2026-07-01,2026-07-29,20,2330,台積電,buy,8,中國信託,6160,7353.0,5593.0,1760.0,,moneydj,https://fubon-ebrokerdj.fbs.com.tw/z/zc/zco/zco.djhtm?a=2330&e=2026-7-1&f=2026-7-29
2026-07-29,2026-07-01,2026-07-29,20,2330,台積電,sell,8,港商野村,1560,8119.0,16336.0,8217.0,,moneydj,https://fubon-ebrokerdj.fbs.com.tw/z/zc/zco/zco.djhtm?a=2330&e=2026-7-1&f=2026-7-29
2026-07-29,2026-07-01,2026-07-29,20,2330,台積電,buy,9,玉山證券,8840,2617.0,1099.0,1518.0,,moneydj,https://fubon-ebrokerdj.fbs.com.tw/z/zc/zco/zco.djhtm?a=2330&e=2026-7-1&f=2026-7-29
2026-07-29,2026-07-01,2026-07-29,20,2330,台積電,sell,9,法銀巴黎,8900,7039.0,13408.0,6369.0,,moneydj,https://fubon-ebrokerdj.fbs.com.tw/z/zc/zco/zco.djhtm?a=2330&e=2026-7-1&f=2026-7-29
2026-07-29,2026-07-01,2026-07-29,20,2330,台積電,buy,10,新光,8560,3924.0,2780.0,1144.0,,moneydj,https://fubon-ebrokerdj.fbs.com.tw/z/zc/zco/zco.djhtm?a=2330&e=2026-7-1&f=2026-7-29
2026-07-29,2026-07-01,2026-07-29,20,2330,台積電,sell,10,香港上海匯豐,8960,3174.0,8568.0,5394.0,,moneydj,https://fubon-ebrokerdj.fbs.com.tw/z/zc/zco/zco.djhtm?a=2330&e=2026-7-1&f=2026-7-29
2026-07-29,2026-07-01,2026-07-29,20,4961,天鈺,buy,1,美林,1440,602.0,228.0,374.0,,moneydj,https://fubon-ebrokerdj.fbs.com.tw/z/zc/zco/zco.djhtm?a=4961&e=2026-7-1&f=2026-7-29
2026-07-29,2026-07-01,2026-07-29,20,4961,天鈺,sell,1,新加坡商瑞銀,1650,539.0,875.0,336.0,,moneydj,https://fubon-ebrokerdj.fbs.com.tw/z/zc/zco/zco.djhtm?a=4961&e=2026-7-1&f=2026-7-29
2026-07-29,2026-07-01,2026-07-29,20,4961,天鈺,buy,2,台灣摩根士丹利,1470,1245.0,973.0,272.0,,moneydj,https://fubon-ebrokerdj.fbs.com.tw/z/zc/zco/zco.djhtm?a=4961&e=2026-7-1&f=2026-7-29
2026-07-29,2026-07-01,2026-07-29,20,4961,天鈺,sell,2,富邦-港都,962Q,4.0,172.0,168.0,,moneydj,https://fubon-ebrokerdj.fbs.com.tw/z/zc/zco/zco.djhtm?a=4961&e=2026-7-1&f=2026-7-29
2026-07-29,2026-07-01,2026-07-29,20,4961,天鈺,buy,3,花旗環球,1590,278.0,51.0,227.0,,moneydj,https://fubon-ebrokerdj.fbs.com.tw/z/zc/zco/zco.djhtm?a=4961&e=2026-7-1&f=2026-7-29
2026-07-29,2026-07-01,2026-07-29,20,4961,天鈺,sell,3,摩根大通,8440,1145.0,1313.0,168.0,,moneydj,https://fubon-ebrokerdj.fbs.com.tw/z/zc/zco/zco.djhtm?a=4961&e=2026-7-1&f=2026-7-29
2026-07-29,2026-07-01,2026-07-29,20,4961,天鈺,buy,4,港商野村,1560,327.0,101.0,226.0,,moneydj,https://fubon-ebrokerdj.fbs.com.tw/z/zc/zco/zco.djhtm?a=4961&e=2026-7-1&f=2026-7-29
2026-07-29,2026-07-01,2026-07-29,20,4961,天鈺,sell,4,國泰-敦南,8888,304.0,364.0,60.0,,moneydj,https://fubon-ebrokerdj.fbs.com.tw/z/zc/zco/zco.djhtm?a=4961&e=2026-7-1&f=2026-7-29
2026-07-29,2026-07-01,2026-07-29,20,4961,天鈺,buy,5,永豐金證券,9A00,458.0,233.0,225.0,,moneydj,https://fubon-ebrokerdj.fbs.com.tw/z/zc/zco/zco.djhtm?a=4961&e=2026-7-1&f=2026-7-29
2026-07-29,2026-07-01,2026-07-29,20,4961,天鈺,sell,5,華南永昌-麻豆,9308,18.0,71.0,53.0,,moneydj,https://fubon-ebrokerdj.fbs.com.tw/z/zc/zco/zco.djhtm?a=4961&e=2026-7-1&f=2026-7-29
2026-07-29,2026-07-01,2026-07-29,20,4961,天鈺,buy,6,群益金鼎,9100,314.0,100.0,214.0,,moneydj,https://fubon-ebrokerdj.fbs.com.tw/z/zc/zco/zco.djhtm?a=4961&e=2026-7-1&f=2026-7-29
2026-07-29,2026-07-01,2026-07-29,20,4961,天鈺,sell,6,永豐金-中壢,9A99,1.0,53.0,52.0,,moneydj,https://fubon-ebrokerdj.fbs.com.tw/z/zc/zco/zco.djhtm?a=4961&e=2026-7-1&f=2026-7-29
2026-07-29,2026-07-01,2026-07-29,20,4961,天鈺,buy,7,富邦證券,9600,208.0,22.0,186.0,,moneydj,https://fubon-ebrokerdj.fbs.com.tw/z/zc/zco/zco.djhtm?a=4961&e=2026-7-1&f=2026-7-29
2026-07-29,2026-07-01,2026-07-29,20,4961,天鈺,sell,7,台灣企銀-九如,1113,2.0,53.0,51.0,,moneydj,https://fubon-ebrokerdj.fbs.com.tw/z/zc/zco/zco.djhtm?a=4961&e=2026-7-1&f=2026-7-29
2026-07-29,2026-07-01,2026-07-29,20,4961,天鈺,buy,8,凱基,9200,195.0,37.0,158.0,,moneydj,https://fubon-ebrokerdj.fbs.com.tw/z/zc/zco/zco.djhtm?a=4961&e=2026-7-1&f=2026-7-29
2026-07-29,2026-07-01,2026-07-29,20,4961,天鈺,sell,8,元大-豐原站前,989W,4.0,54.0,50.0,,moneydj,https://fubon-ebrokerdj.fbs.com.tw/z/zc/zco/zco.djhtm?a=4961&e=2026-7-1&f=2026-7-29
2026-07-29,2026-07-01,2026-07-29,20,4961,天鈺,buy,9,凱基-台北,9268,1166.0,1037.0,129.0,,moneydj,https://fubon-ebrokerdj.fbs.com.tw/z/zc/zco/zco.djhtm?a=4961&e=2026-7-1&f=2026-7-29
2026-07-29,2026-07-01,2026-07-29,20,4961,天鈺,sell,9,元大-學甲,983K,0.0,40.0,40.0,,moneydj,https://fubon-ebrokerdj.fbs.com.tw/z/zc/zco/zco.djhtm?a=4961&e=2026-7-1&f=2026-7-29
2026-07-29,2026-07-01,2026-07-29,20,4961,天鈺,buy,10,中國信託-文心,6164,83.0,35.0,48.0,,moneydj,https://fubon-ebrokerdj.fbs.com.tw/z/zc/zco/zco.djhtm?a=4961&e=2026-7-1&f=2026-7-29
2026-07-29,2026-07-01,2026-07-29,20,4961,天鈺,sell,10,富邦-彰化,965U,11.0,46.0,35.0,,moneydj,https://fubon-ebrokerdj.fbs.com.tw/z/zc/zco/zco.djhtm?a=4961&e=2026-7-1&f=2026-7-29
2026-07-29,2026-07-01,2026-07-29,20,4747,強生,buy,1,德信,6910,37.0,0.0,37.0,,moneydj,https://fubon-ebrokerdj.fbs.com.tw/z/zc/zco/zco.djhtm?a=4747&e=2026-7-1&f=2026-7-29
2026-07-29,2026-07-01,2026-07-29,20,4747,強生,sell,1,第一金-光復,538C,0.0,20.0,20.0,,moneydj,https://fubon-ebrokerdj.fbs.com.tw/z/zc/zco/zco.djhtm?a=4747&e=2026-7-1&f=2026-7-29
2026-07-29,2026-07-01,2026-07-29,20,4747,強生,buy,2,凱基-長庚,9233,31.0,0.0,31.0,,moneydj,https://fubon-ebrokerdj.fbs.com.tw/z/zc/zco/zco.djhtm?a=4747&e=2026-7-1&f=2026-7-29
2026-07-29,2026-07-01,2026-07-29,20,4747,強生,sell,2,康和,8450,0.0,20.0,20.0,,moneydj,https://fubon-ebrokerdj.fbs.com.tw/z/zc/zco/zco.djhtm?a=4747&e=2026-7-1&f=2026-7-29
2026-07-29,2026-07-01,2026-07-29,20,4747,強生,buy,3,國票-南科,779e,27.0,0.0,27.0,,moneydj,https://fubon-ebrokerdj.fbs.com.tw/z/zc/zco/zco.djhtm?a=4747&e=2026-7-1&f=2026-7-29
2026-07-29,2026-07-01,2026-07-29,20,4747,強生,sell,3,大昌,6460,0.0,13.0,13.0,,moneydj,https://fubon-ebrokerdj.fbs.com.tw/z/zc/zco/zco.djhtm?a=4747&e=2026-7-1&f=2026-7-29
2026-07-29,2026-07-01,2026-07-29,20,4747,強生,buy,4,統一-新營,585E,43.0,24.0,19.0,,moneydj,https://fubon-ebrokerdj.fbs.com.tw/z/zc/zco/zco.djhtm?a=4747&e=2026-7-1&f=2026-7-29
2026-07-29,2026-07-01,2026-07-29,20,4747,強生,sell,4,元大-新莊,9898,1.0,13.0,12.0,,moneydj,https://fubon-ebrokerdj.fbs.com.tw/z/zc/zco/zco.djhtm?a=4747&e=2026-7-1&f=2026-7-29
2026-07-29,2026-07-01,2026-07-29,20,4747,強生,buy,5,凱基-中壢,9285,10.0,0.0,10.0,,moneydj,https://fubon-ebrokerdj.fbs.com.tw/z/zc/zco/zco.djhtm?a=4747&e=2026-7-1&f=2026-7-29
2026-07-29,2026-07-01,2026-07-29,20,4747,強生,sell,5,華南永昌-淡水,9316,0.0,8.0,8.0,,moneydj,https://fubon-ebrokerdj.fbs.com.tw/z/zc/zco/zco.djhtm?a=4747&e=2026-7-1&f=2026-7-29
2026-07-29,2026-07-01,2026-07-29,20,4747,強生,buy,6,福勝,6950,6.0,0.0,6.0,,moneydj,https://fubon-ebrokerdj.fbs.com.tw/z/zc/zco/zco.djhtm?a=4747&e=2026-7-1&f=2026-7-29
2026-07-29,2026-07-01,2026-07-29,20,4747,強生,sell,6,永豐金-新店,9A9i,0.0,8.0,8.0,,moneydj,https://fubon-ebrokerdj.fbs.com.tw/z/zc/zco/zco.djhtm?a=4747&e=2026-7-1&f=2026-7-29
2026-07-29,2026-07-01,2026-07-29,20,4747,強生,buy,7,群益金鼎-高雄,9183,8.0,2.0,6.0,,moneydj,https://fubon-ebrokerdj.fbs.com.tw/z/zc/zco/zco.djhtm?a=4747&e=2026-7-1&f=2026-7-29
2026-07-29,2026-07-01,2026-07-29,20,4747,強生,sell,7,中國信託,6160,0.0,6.0,6.0,,moneydj,https://fubon-ebrokerdj.fbs.com.tw/z/zc/zco/zco.djhtm?a=4747&e=2026-7-1&f=2026-7-29
2026-07-29,2026-07-01,2026-07-29,20,4747,強生,buy,8,統一-南京,585U,5.0,0.0,5.0,,moneydj,https://fubon-ebrokerdj.fbs.com.tw/z/zc/zco/zco.djhtm?a=4747&e=2026-7-1&f=2026-7-29
2026-07-29,2026-07-01,2026-07-29,20,4747,強生,sell,8,台新-新營,9B11,0.0,6.0,6.0,,moneydj,https://fubon-ebrokerdj.fbs.com.tw/z/zc/zco/zco.djhtm?a=4747&e=2026-7-1&f=2026-7-29
2026-07-29,2026-07-01,2026-07-29,20,4747,強生,buy,9,台新-文心,9B2z,5.0,0.0,5.0,,moneydj,https://fubon-ebrokerdj.fbs.com.tw/z/zc/zco/zco.djhtm?a=4747&e=2026-7-1&f=2026-7-29
2026-07-29,2026-07-01,2026-07-29,20,4747,強生,sell,9,群益金鼎-萬華,913I,0.0,5.0,5.0,,moneydj,https://fubon-ebrokerdj.fbs.com.tw/z/zc/zco/zco.djhtm?a=4747&e=2026-7-1&f=2026-7-29
2026-07-29,2026-07-01,2026-07-29,20,4747,強生,buy,10,凱基-站前,920F,5.0,1.0,4.0,,moneydj,https://fubon-ebrokerdj.fbs.com.tw/z/zc/zco/zco.djhtm?a=4747&e=2026-7-1&f=2026-7-29
2026-07-29,2026-07-01,2026-07-29,20,4747,強生,sell,10,凱基-大直,9218,0.0,5.0,5.0,,moneydj,https://fubon-ebrokerdj.fbs.com.tw/z/zc/zco/zco.djhtm?a=4747&e=2026-7-1&f=2026-7-29
2026-07-29,2026-07-01,2026-07-29,20,3592,瑞鼎,buy,1,凱基,9200,429.0,174.0,255.0,,moneydj,https://fubon-ebrokerdj.fbs.com.tw/z/zc/zco/zco.djhtm?a=3592&e=2026-7-1&f=2026-7-29
2026-07-29,2026-07-01,2026-07-29,20,3592,瑞鼎,sell,1,宏遠證券,1260,3.0,489.0,486.0,,moneydj,https://fubon-ebrokerdj.fbs.com.tw/z/zc/zco/zco.djhtm?a=3592&e=2026-7-1&f=2026-7-29
2026-07-29,2026-07-01,2026-07-29,20,3592,瑞鼎,buy,2,國泰證券,8880,299.0,57.0,242.0,,moneydj,https://fubon-ebrokerdj.fbs.com.tw/z/zc/zco/zco.djhtm?a=3592&e=2026-7-1&f=2026-7-29
2026-07-29,2026-07-01,2026-07-29,20,3592,瑞鼎,sell,2,康和,8450,2.0,384.0,382.0,,moneydj,https://fubon-ebrokerdj.fbs.com.tw/z/zc/zco/zco.djhtm?a=3592&e=2026-7-1&f=2026-7-29
2026-07-29,2026-07-01,2026-07-29,20,3592,瑞鼎,buy,3,元大-三峽,981A,217.0,0.0,217.0,,moneydj,https://fubon-ebrokerdj.fbs.com.tw/z/zc/zco/zco.djhtm?a=3592&e=2026-7-1&f=2026-7-29
2026-07-29,2026-07-01,2026-07-29,20,3592,瑞鼎,sell,3,統一,5850,21.0,392.0,371.0,,moneydj,https://fubon-ebrokerdj.fbs.com.tw/z/zc/zco/zco.djhtm?a=3592&e=2026-7-1&f=2026-7-29
2026-07-29,2026-07-01,2026-07-29,20,3592,瑞鼎,buy,4,新加坡商瑞銀,1650,638.0,436.0,202.0,,moneydj,https://fubon-ebrokerdj.fbs.com.tw/z/zc/zco/zco.djhtm?a=3592&e=2026-7-1&f=2026-7-29
2026-07-29,2026-07-01,2026-07-29,20,3592,瑞鼎,sell,4,中國信託,6160,70.0,343.0,273.0,,moneydj,https://fubon-ebrokerdj.fbs.com.tw/z/zc/zco/zco.djhtm?a=3592&e=2026-7-1&f=2026-7-29
2026-07-29,2026-07-01,2026-07-29,20,3592,瑞鼎,buy,5,港商野村,1560,372.0,174.0,198.0,,moneydj,https://fubon-ebrokerdj.fbs.com.tw/z/zc/zco/zco.djhtm?a=3592&e=2026-7-1&f=2026-7-29
2026-07-29,2026-07-01,2026-07-29,20,3592,瑞鼎,sell,5,兆豐證券,7000,7.0,275.0,268.0,,moneydj,https://fubon-ebrokerdj.fbs.com.tw/z/zc/zco/zco.djhtm?a=3592&e=2026-7-1&f=2026-7-29
2026-07-29,2026-07-01,2026-07-29,20,3592,瑞鼎,buy,6,凱基-台北,9268,1460.0,1338.0,122.0,,moneydj,https://fubon-ebrokerdj.fbs.com.tw/z/zc/zco/zco.djhtm?a=3592&e=2026-7-1&f=2026-7-29
2026-07-29,2026-07-01,2026-07-29,20,3592,瑞鼎,sell,6,合庫證券,1020,9.0,221.0,212.0,,moneydj,https://fubon-ebrokerdj.fbs.com.tw/z/zc/zco/zco.djhtm?a=3592&e=2026-7-1&f=2026-7-29
2026-07-29,2026-07-01,2026-07-29,20,3592,瑞鼎,buy,7,台灣摩根士丹利,1470,932.0,831.0,101.0,,moneydj,https://fubon-ebrokerdj.fbs.com.tw/z/zc/zco/zco.djhtm?a=3592&e=2026-7-1&f=2026-7-29
2026-07-29,2026-07-01,2026-07-29,20,3592,瑞鼎,sell,7,台新,9B00,81.0,238.0,157.0,,moneydj,https://fubon-ebrokerdj.fbs.com.tw/z/zc/zco/zco.djhtm?a=3592&e=2026-7-1&f=2026-7-29
2026-07-29,2026-07-01,2026-07-29,20,3592,瑞鼎,buy,8,美商高盛,1480,660.0,575.0,85.0,,moneydj,https://fubon-ebrokerdj.fbs.com.tw/z/zc/zco/zco.djhtm?a=3592&e=2026-7-1&f=2026-7-29
2026-07-29,2026-07-01,2026-07-29,20,3592,瑞鼎,sell,8,(牛牛牛)亞證券,6010,0.0,155.0,155.0,,moneydj,https://fubon-ebrokerdj.fbs.com.tw/z/zc/zco/zco.djhtm?a=3592&e=2026-7-1&f=2026-7-29
2026-07-29,2026-07-01,2026-07-29,20,3592,瑞鼎,buy,9,花旗環球,1590,240.0,164.0,76.0,,moneydj,https://fubon-ebrokerdj.fbs.com.tw/z/zc/zco/zco.djhtm?a=3592&e=2026-7-1&f=2026-7-29
2026-07-29,2026-07-01,2026-07-29,20,3592,瑞鼎,sell,9,華南永昌-高雄,9303,13.0,139.0,126.0,,moneydj,https://fubon-ebrokerdj.fbs.com.tw/z/zc/zco/zco.djhtm?a=3592&e=2026-7-1&f=2026-7-29
2026-07-29,2026-07-01,2026-07-29,20,3592,瑞鼎,buy,10,台中銀-台北,6115,84.0,23.0,61.0,,moneydj,https://fubon-ebrokerdj.fbs.com.tw/z/zc/zco/zco.djhtm?a=3592&e=2026-7-1&f=2026-7-29
2026-07-29,2026-07-01,2026-07-29,20,3592,瑞鼎,sell,10,美好-中和,526A,2.0,117.0,115.0,,moneydj,https://fubon-ebrokerdj.fbs.com.tw/z/zc/zco/zco.djhtm?a=3592&e=2026-7-1&f=2026-7-29
2026-07-29,2026-07-01,2026-07-29,20,2609,陽明,buy,1,台灣摩根士丹利,1470,45027.0,30354.0,14673.0,,moneydj,https://fubon-ebrokerdj.fbs.com.tw/z/zc/zco/zco.djhtm?a=2609&e=2026-7-1&f=2026-7-29
2026-07-29,2026-07-01,2026-07-29,20,2609,陽明,sell,1,美林,1440,7112.0,14496.0,7384.0,,moneydj,https://fubon-ebrokerdj.fbs.com.tw/z/zc/zco/zco.djhtm?a=2609&e=2026-7-1&f=2026-7-29
2026-07-29,2026-07-01,2026-07-29,20,2609,陽明,buy,2,香港上海匯豐,8960,5876.0,294.0,5582.0,,moneydj,https://fubon-ebrokerdj.fbs.com.tw/z/zc/zco/zco.djhtm?a=2609&e=2026-7-1&f=2026-7-29
2026-07-29,2026-07-01,2026-07-29,20,2609,陽明,sell,2,新加坡商瑞銀,1650,9614.0,13209.0,3595.0,,moneydj,https://fubon-ebrokerdj.fbs.com.tw/z/zc/zco/zco.djhtm?a=2609&e=2026-7-1&f=2026-7-29
2026-07-29,2026-07-01,2026-07-29,20,2609,陽明,buy,3,富邦證券,9600,7292.0,2991.0,4301.0,,moneydj,https://fubon-ebrokerdj.fbs.com.tw/z/zc/zco/zco.djhtm?a=2609&e=2026-7-1&f=2026-7-29
2026-07-29,2026-07-01,2026-07-29,20,2609,陽明,sell,3,凱基-台北,9268,21334.0,23125.0,1791.0,,moneydj,https://fubon-ebrokerdj.fbs.com.tw/z/zc/zco/zco.djhtm?a=2609&e=2026-7-1&f=2026-7-29
2026-07-29,2026-07-01,2026-07-29,20,2609,陽明,buy,4,花旗環球,1590,16498.0,12715.0,3783.0,,moneydj,https://fubon-ebrokerdj.fbs.com.tw/z/zc/zco/zco.djhtm?a=2609&e=2026-7-1&f=2026-7-29
2026-07-29,2026-07-01,2026-07-29,20,2609,陽明,sell,4,摩根大通,8440,16107.0,17895.0,1788.0,,moneydj,https://fubon-ebrokerdj.fbs.com.tw/z/zc/zco/zco.djhtm?a=2609&e=2026-7-1&f=2026-7-29
2026-07-29,2026-07-01,2026-07-29,20,2609,陽明,buy,5,永豐金-匯立,9A81,3769.0,116.0,3653.0,,moneydj,https://fubon-ebrokerdj.fbs.com.tw/z/zc/zco/zco.djhtm?a=2609&e=2026-7-1&f=2026-7-29
2026-07-29,2026-07-01,2026-07-29,20,2609,陽明,sell,5,國泰-敦南,8888,5173.0,6324.0,1151.0,,moneydj,https://fubon-ebrokerdj.fbs.com.tw/z/zc/zco/zco.djhtm?a=2609&e=2026-7-1&f=2026-7-29
2026-07-29,2026-07-01,2026-07-29,20,2609,陽明,buy,6,國泰證券,8880,5797.0,2505.0,3292.0,,moneydj,https://fubon-ebrokerdj.fbs.com.tw/z/zc/zco/zco.djhtm?a=2609&e=2026-7-1&f=2026-7-29
2026-07-29,2026-07-01,2026-07-29,20,2609,陽明,sell,6,新光,8560,2345.0,3207.0,862.0,,moneydj,https://fubon-ebrokerdj.fbs.com.tw/z/zc/zco/zco.djhtm?a=2609&e=2026-7-1&f=2026-7-29
2026-07-29,2026-07-01,2026-07-29,20,2609,陽明,buy,7,中國信託,6160,5189.0,2880.0,2309.0,,moneydj,https://fubon-ebrokerdj.fbs.com.tw/z/zc/zco/zco.djhtm?a=2609&e=2026-7-1&f=2026-7-29
2026-07-29,2026-07-01,2026-07-29,20,2609,陽明,sell,7,富邦-仁愛,9676,630.0,1206.0,576.0,,moneydj,https://fubon-ebrokerdj.fbs.com.tw/z/zc/zco/zco.djhtm?a=2609&e=2026-7-1&f=2026-7-29
2026-07-29,2026-07-01,2026-07-29,20,2609,陽明,buy,8,港商麥格理,1360,3258.0,1206.0,2052.0,,moneydj,https://fubon-ebrokerdj.fbs.com.tw/z/zc/zco/zco.djhtm?a=2609&e=2026-7-1&f=2026-7-29
2026-07-29,2026-07-01,2026-07-29,20,2609,陽明,sell,8,群益金鼎-延平,918x,97.0,572.0,475.0,,moneydj,https://fubon-ebrokerdj.fbs.com.tw/z/zc/zco/zco.djhtm?a=2609&e=2026-7-1&f=2026-7-29
2026-07-29,2026-07-01,2026-07-29,20,2609,陽明,buy,9,華南永昌,9300,2753.0,1100.0,1653.0,,moneydj,https://fubon-ebrokerdj.fbs.com.tw/z/zc/zco/zco.djhtm?a=2609&e=2026-7-1&f=2026-7-29
2026-07-29,2026-07-01,2026-07-29,20,2609,陽明,sell,9,華南永昌-頭份,9343,132.0,598.0,466.0,,moneydj,https://fubon-ebrokerdj.fbs.com.tw/z/zc/zco/zco.djhtm?a=2609&e=2026-7-1&f=2026-7-29
2026-07-29,2026-07-01,2026-07-29,20,2609,陽明,buy,10,港商野村,1560,5171.0,3799.0,1372.0,,moneydj,https://fubon-ebrokerdj.fbs.com.tw/z/zc/zco/zco.djhtm?a=2609&e=2026-7-1&f=2026-7-29
2026-07-29,2026-07-01,2026-07-29,20,2609,陽明,sell,10,富邦-樹林,962E,346.0,783.0,437.0,,moneydj,https://fubon-ebrokerdj.fbs.com.tw/z/zc/zco/zco.djhtm?a=2609&e=2026-7-1&f=2026-7-29
2026-07-29,2026-07-01,2026-07-29,20,6670,復盛應用,buy,1,台灣摩根士丹利,1470,1293.0,280.0,1013.0,,moneydj,https://fubon-ebrokerdj.fbs.com.tw/z/zc/zco/zco.djhtm?a=6670&e=2026-7-1&f=2026-7-29
2026-07-29,2026-07-01,2026-07-29,20,6670,復盛應用,sell,1,永豐金證券,9A00,74.0,597.0,523.0,,moneydj,https://fubon-ebrokerdj.fbs.com.tw/z/zc/zco/zco.djhtm?a=6670&e=2026-7-1&f=2026-7-29
2026-07-29,2026-07-01,2026-07-29,20,6670,復盛應用,buy,2,美商高盛,1480,1047.0,551.0,496.0,,moneydj,https://fubon-ebrokerdj.fbs.com.tw/z/zc/zco/zco.djhtm?a=6670&e=2026-7-1&f=2026-7-29
2026-07-29,2026-07-01,2026-07-29,20,6670,復盛應用,sell,2,元大證券,9800,353.0,833.0,480.0,,moneydj,https://fubon-ebrokerdj.fbs.com.tw/z/zc/zco/zco.djhtm?a=6670&e=2026-7-1&f=2026-7-29
2026-07-29,2026-07-01,2026-07-29,20,6670,復盛應用,buy,3,凱基,9200,541.0,112.0,429.0,,moneydj,https://fubon-ebrokerdj.fbs.com.tw/z/zc/zco/zco.djhtm?a=6670&e=2026-7-1&f=2026-7-29
2026-07-29,2026-07-01,2026-07-29,20,6670,復盛應用,sell,3,台新,9B00,10.0,279.0,269.0,,moneydj,https://fubon-ebrokerdj.fbs.com.tw/z/zc/zco/zco.djhtm?a=6670&e=2026-7-1&f=2026-7-29
2026-07-29,2026-07-01,2026-07-29,20,6670,復盛應用,buy,4,大和國泰,8890,401.0,44.0,357.0,,moneydj,https://fubon-ebrokerdj.fbs.com.tw/z/zc/zco/zco.djhtm?a=6670&e=2026-7-1&f=2026-7-29
2026-07-29,2026-07-01,2026-07-29,20,6670,復盛應用,sell,4,富邦證券,9600,29.0,262.0,233.0,,moneydj,https://fubon-ebrokerdj.fbs.com.tw/z/zc/zco/zco.djhtm?a=6670&e=2026-7-1&f=2026-7-29
2026-07-29,2026-07-01,2026-07-29,20,6670,復盛應用,buy,5,新加坡商瑞銀,1650,542.0,220.0,322.0,,moneydj,https://fubon-ebrokerdj.fbs.com.tw/z/zc/zco/zco.djhtm?a=6670&e=2026-7-1&f=2026-7-29
2026-07-29,2026-07-01,2026-07-29,20,6670,復盛應用,sell,5,國泰證券,8880,119.0,346.0,227.0,,moneydj,https://fubon-ebrokerdj.fbs.com.tw/z/zc/zco/zco.djhtm?a=6670&e=2026-7-1&f=2026-7-29
2026-07-29,2026-07-01,2026-07-29,20,6670,復盛應用,buy,6,凱基-台北,9268,776.0,513.0,263.0,,moneydj,https://fubon-ebrokerdj.fbs.com.tw/z/zc/zco/zco.djhtm?a=6670&e=2026-7-1&f=2026-7-29
2026-07-29,2026-07-01,2026-07-29,20,6670,復盛應用,sell,6,統一,5850,56.0,202.0,146.0,,moneydj,https://fubon-ebrokerdj.fbs.com.tw/z/zc/zco/zco.djhtm?a=6670&e=2026-7-1&f=2026-7-29
2026-07-29,2026-07-01,2026-07-29,20,6670,復盛應用,buy,7,摩根大通,8440,631.0,386.0,245.0,,moneydj,https://fubon-ebrokerdj.fbs.com.tw/z/zc/zco/zco.djhtm?a=6670&e=2026-7-1&f=2026-7-29
2026-07-29,2026-07-01,2026-07-29,20,6670,復盛應用,sell,7,兆豐證券,7000,86.0,192.0,106.0,,moneydj,https://fubon-ebrokerdj.fbs.com.tw/z/zc/zco/zco.djhtm?a=6670&e=2026-7-1&f=2026-7-29
2026-07-29,2026-07-01,2026-07-29,20,6670,復盛應用,buy,8,花旗環球,1590,308.0,96.0,212.0,,moneydj,https://fubon-ebrokerdj.fbs.com.tw/z/zc/zco/zco.djhtm?a=6670&e=2026-7-1&f=2026-7-29
2026-07-29,2026-07-01,2026-07-29,20,6670,復盛應用,sell,8,第一金,5380,17.0,107.0,90.0,,moneydj,https://fubon-ebrokerdj.fbs.com.tw/z/zc/zco/zco.djhtm?a=6670&e=2026-7-1&f=2026-7-29
2026-07-29,2026-07-01,2026-07-29,20,6670,復盛應用,buy,9,港商野村,1560,133.0,31.0,102.0,,moneydj,https://fubon-ebrokerdj.fbs.com.tw/z/zc/zco/zco.djhtm?a=6670&e=2026-7-1&f=2026-7-29
2026-07-29,2026-07-01,2026-07-29,20,6670,復盛應用,sell,9,華南永昌,9300,11.0,96.0,85.0,,moneydj,https://fubon-ebrokerdj.fbs.com.tw/z/zc/zco/zco.djhtm?a=6670&e=2026-7-1&f=2026-7-29
2026-07-29,2026-07-01,2026-07-29,20,6670,復盛應用,buy,10,美林,1440,202.0,105.0,97.0,,moneydj,https://fubon-ebrokerdj.fbs.com.tw/z/zc/zco/zco.djhtm?a=6670&e=2026-7-1&f=2026-7-29
2026-07-29,2026-07-01,2026-07-29,20,6670,復盛應用,sell,10,台新-台北,9B20,0.0,85.0,85.0,,moneydj,https://fubon-ebrokerdj.fbs.com.tw/z/zc/zco/zco.djhtm?a=6670&e=2026-7-1&f=2026-7-29
2026-07-29,2026-07-01,2026-07-29,20,8086,宏捷科,buy,1,港商野村,1560,1399.0,530.0,869.0,,moneydj,https://fubon-ebrokerdj.fbs.com.tw/z/zc/zco/zco.djhtm?a=8086&e=2026-7-1&f=2026-7-29
2026-07-29,2026-07-01,2026-07-29,20,8086,宏捷科,sell,1,摩根大通,8440,2675.0,4209.0,1534.0,,moneydj,https://fubon-ebrokerdj.fbs.com.tw/z/zc/zco/zco.djhtm?a=8086&e=2026-7-1&f=2026-7-29
2026-07-29,2026-07-01,2026-07-29,20,8086,宏捷科,buy,2,元大證券,9800,3934.0,3195.0,739.0,,moneydj,https://fubon-ebrokerdj.fbs.com.tw/z/zc/zco/zco.djhtm?a=8086&e=2026-7-1&f=2026-7-29
2026-07-29,2026-07-01,2026-07-29,20,8086,宏捷科,sell,2,新加坡商瑞銀,1650,884.0,1984.0,1100.0,,moneydj,https://fubon-ebrokerdj.fbs.com.tw/z/zc/zco/zco.djhtm?a=8086&e=2026-7-1&f=2026-7-29
2026-07-29,2026-07-01,2026-07-29,20,8086,宏捷科,buy,3,華南永昌-竹北,9339,1630.0,923.0,707.0,,moneydj,https://fubon-ebrokerdj.fbs.com.tw/z/zc/zco/zco.djhtm?a=8086&e=2026-7-1&f=2026-7-29
2026-07-29,2026-07-01,2026-07-29,20,8086,宏捷科,sell,3,凱基-台北,9268,3441.0,4403.0,962.0,,moneydj,https://fubon-ebrokerdj.fbs.com.tw/z/zc/zco/zco.djhtm?a=8086&e=2026-7-1&f=2026-7-29
2026-07-29,2026-07-01,2026-07-29,20,8086,宏捷科,buy,4,富邦-竹科,962C,430.0,71.0,359.0,,moneydj,https://fubon-ebrokerdj.fbs.com.tw/z/zc/zco/zco.djhtm?a=8086&e=2026-7-1&f=2026-7-29
2026-07-29,2026-07-01,2026-07-29,20,8086,宏捷科,sell,4,台灣摩根士丹利,1470,2661.0,3311.0,650.0,,moneydj,https://fubon-ebrokerdj.fbs.com.tw/z/zc/zco/zco.djhtm?a=8086&e=2026-7-1&f=2026-7-29
2026-07-29,2026-07-01,2026-07-29,20,8086,宏捷科,buy,5,元大-向上,9824,2999.0,2744.0,255.0,,moneydj,https://fubon-ebrokerdj.fbs.com.tw/z/zc/zco/zco.djhtm?a=8086&e=2026-7-1&f=2026-7-29
2026-07-29,2026-07-01,2026-07-29,20,8086,宏捷科,sell,5,美商高盛,1480,3983.0,4347.0,364.0,,moneydj,https://fubon-ebrokerdj.fbs.com.tw/z/zc/zco/zco.djhtm?a=8086&e=2026-7-1&f=2026-7-29
2026-07-29,2026-07-01,2026-07-29,20,8086,宏捷科,buy,6,元大-中崙,9813,230.0,49.0,181.0,,moneydj,https://fubon-ebrokerdj.fbs.com.tw/z/zc/zco/zco.djhtm?a=8086&e=2026-7-1&f=2026-7-29
2026-07-29,2026-07-01,2026-07-29,20,8086,宏捷科,sell,6,美林,1440,825.0,1159.0,334.0,,moneydj,https://fubon-ebrokerdj.fbs.com.tw/z/zc/zco/zco.djhtm?a=8086&e=2026-7-1&f=2026-7-29
2026-07-29,2026-07-01,2026-07-29,20,8086,宏捷科,buy,7,永豐金-潮州,9A9q,174.0,4.0,170.0,,moneydj,https://fubon-ebrokerdj.fbs.com.tw/z/zc/zco/zco.djhtm?a=8086&e=2026-7-1&f=2026-7-29
2026-07-29,2026-07-01,2026-07-29,20,8086,宏捷科,sell,7,台新,9B00,419.0,711.0,292.0,,moneydj,https://fubon-ebrokerdj.fbs.com.tw/z/zc/zco/zco.djhtm?a=8086&e=2026-7-1&f=2026-7-29
2026-07-29,2026-07-01,2026-07-29,20,8086,宏捷科,buy,8,台灣企銀-台南,1112,203.0,35.0,168.0,,moneydj,https://fubon-ebrokerdj.fbs.com.tw/z/zc/zco/zco.djhtm?a=8086&e=2026-7-1&f=2026-7-29
2026-07-29,2026-07-01,2026-07-29,20,8086,宏捷科,sell,8,統一-板橋,585P,188.0,414.0,226.0,,moneydj,https://fubon-ebrokerdj.fbs.com.tw/z/zc/zco/zco.djhtm?a=8086&e=2026-7-1&f=2026-7-29
2026-07-29,2026-07-01,2026-07-29,20,8086,宏捷科,buy,9,永豐金-中正,9A9U,293.0,143.0,150.0,,moneydj,https://fubon-ebrokerdj.fbs.com.tw/z/zc/zco/zco.djhtm?a=8086&e=2026-7-1&f=2026-7-29
2026-07-29,2026-07-01,2026-07-29,20,8086,宏捷科,sell,9,港商麥格理,1360,2.0,211.0,209.0,,moneydj,https://fubon-ebrokerdj.fbs.com.tw/z/zc/zco/zco.djhtm?a=8086&e=2026-7-1&f=2026-7-29
2026-07-29,2026-07-01,2026-07-29,20,8086,宏捷科,buy,10,富邦-永和,9654,283.0,135.0,148.0,,moneydj,https://fubon-ebrokerdj.fbs.com.tw/z/zc/zco/zco.djhtm?a=8086&e=2026-7-1&f=2026-7-29
2026-07-29,2026-07-01,2026-07-29,20,8086,宏捷科,sell,10,花旗環球,1590,180.0,385.0,205.0,,moneydj,https://fubon-ebrokerdj.fbs.com.tw/z/zc/zco/zco.djhtm?a=8086&e=2026-7-1&f=2026-7-29
2026-07-29,2026-07-01,2026-07-29,20,7708,全家餐飲,buy,1,元大-四維,9831,21.0,0.0,21.0,,moneydj,https://fubon-ebrokerdj.fbs.com.tw/z/zc/zco/zco.djhtm?a=7708&e=2026-7-1&f=2026-7-29
2026-07-29,2026-07-01,2026-07-29,20,7708,全家餐飲,sell,1,元大-頭份,983U,1.0,73.0,72.0,,moneydj,https://fubon-ebrokerdj.fbs.com.tw/z/zc/zco/zco.djhtm?a=7708&e=2026-7-1&f=2026-7-29
2026-07-29,2026-07-01,2026-07-29,20,7708,全家餐飲,buy,2,臺銀-高雄,104C,19.0,3.0,16.0,,moneydj,https://fubon-ebrokerdj.fbs.com.tw/z/zc/zco/zco.djhtm?a=7708&e=2026-7-1&f=2026-7-29
2026-07-29,2026-07-01,2026-07-29,20,7708,全家餐飲,sell,2,凱基-高雄,9206,0.0,20.0,20.0,,moneydj,https://fubon-ebrokerdj.fbs.com.tw/z/zc/zco/zco.djhtm?a=7708&e=2026-7-1&f=2026-7-29
2026-07-29,2026-07-01,2026-07-29,20,7708,全家餐飲,buy,3,福邦證券,6480,15.0,0.0,15.0,,moneydj,https://fubon-ebrokerdj.fbs.com.tw/z/zc/zco/zco.djhtm?a=7708&e=2026-7-1&f=2026-7-29
2026-07-29,2026-07-01,2026-07-29,20,7708,全家餐飲,sell,3,新光,8560,18.0,32.0,14.0,,moneydj,https://fubon-ebrokerdj.fbs.com.tw/z/zc/zco/zco.djhtm?a=7708&e=2026-7-1&f=2026-7-29
2026-07-29,2026-07-01,2026-07-29,20,7708,全家餐飲,buy,4,富邦-港都,962Q,15.0,0.0,15.0,,moneydj,https://fubon-ebrokerdj.fbs.com.tw/z/zc/zco/zco.djhtm?a=7708&e=2026-7-1&f=2026-7-29
2026-07-29,2026-07-01,2026-07-29,20,7708,全家餐飲,sell,4,元大-淡水,9899,0.0,12.0,12.0,,moneydj,https://fubon-ebrokerdj.fbs.com.tw/z/zc/zco/zco.djhtm?a=7708&e=2026-7-1&f=2026-7-29
2026-07-29,2026-07-01,2026-07-29,20,7708,全家餐飲,buy,5,台新,9B00,13.0,2.0,11.0,,moneydj,https://fubon-ebrokerdj.fbs.com.tw/z/zc/zco/zco.djhtm?a=7708&e=2026-7-1&f=2026-7-29
2026-07-29,2026-07-01,2026-07-29,20,7708,全家餐飲,sell,5,凱基-斗六,9281,0.0,11.0,11.0,,moneydj,https://fubon-ebrokerdj.fbs.com.tw/z/zc/zco/zco.djhtm?a=7708&e=2026-7-1&f=2026-7-29
2026-07-29,2026-07-01,2026-07-29,20,7708,全家餐飲,buy,6,永豐金-台中,9A9L,10.0,0.0,10.0,,moneydj,https://fubon-ebrokerdj.fbs.com.tw/z/zc/zco/zco.djhtm?a=7708&e=2026-7-1&f=2026-7-29
2026-07-29,2026-07-01,2026-07-29,20,7708,全家餐飲,sell,6,宏遠-新化,126X,0.0,10.0,10.0,,moneydj,https://fubon-ebrokerdj.fbs.com.tw/z/zc/zco/zco.djhtm?a=7708&e=2026-7-1&f=2026-7-29
2026-07-29,2026-07-01,2026-07-29,20,7708,全家餐飲,buy,7,元大-南京,9862,10.0,0.0,10.0,,moneydj,https://fubon-ebrokerdj.fbs.com.tw/z/zc/zco/zco.djhtm?a=7708&e=2026-7-1&f=2026-7-29
2026-07-29,2026-07-01,2026-07-29,20,7708,全家餐飲,sell,7,康和-嘉義,8459,0.0,10.0,10.0,,moneydj,https://fubon-ebrokerdj.fbs.com.tw/z/zc/zco/zco.djhtm?a=7708&e=2026-7-1&f=2026-7-29
2026-07-29,2026-07-01,2026-07-29,20,7708,全家餐飲,buy,8,永豐金-敦南,9A8F,10.0,0.0,10.0,,moneydj,https://fubon-ebrokerdj.fbs.com.tw/z/zc/zco/zco.djhtm?a=7708&e=2026-7-1&f=2026-7-29
2026-07-29,2026-07-01,2026-07-29,20,7708,全家餐飲,sell,8,永豐金-大園,9A98,0.0,10.0,10.0,,moneydj,https://fubon-ebrokerdj.fbs.com.tw/z/zc/zco/zco.djhtm?a=7708&e=2026-7-1&f=2026-7-29
2026-07-29,2026-07-01,2026-07-29,20,7708,全家餐飲,buy,9,富邦-桃園,9665,10.0,1.0,9.0,,moneydj,https://fubon-ebrokerdj.fbs.com.tw/z/zc/zco/zco.djhtm?a=7708&e=2026-7-1&f=2026-7-29
2026-07-29,2026-07-01,2026-07-29,20,7708,全家餐飲,sell,9,台新-松德,9B2a,1.0,10.0,9.0,,moneydj,https://fubon-ebrokerdj.fbs.com.tw/z/zc/zco/zco.djhtm?a=7708&e=2026-7-1&f=2026-7-29
2026-07-29,2026-07-01,2026-07-29,20,7708,全家餐飲,buy,10,第一金-中山,5389,10.0,1.0,9.0,,moneydj,https://fubon-ebrokerdj.fbs.com.tw/z/zc/zco/zco.djhtm?a=7708&e=2026-7-1&f=2026-7-29
2026-07-29,2026-07-01,2026-07-29,20,7708,全家餐飲,sell,10,永豐金-中壢,9A99,0.0,8.0,8.0,,moneydj,https://fubon-ebrokerdj.fbs.com.tw/z/zc/zco/zco.djhtm?a=7708&e=2026-7-1&f=2026-7-29
2026-07-29,2026-07-01,2026-07-29,20,8261,富鼎,buy,1,台灣摩根士丹利,1470,6763.0,3544.0,3219.0,,moneydj,https://fubon-ebrokerdj.fbs.com.tw/z/zc/zco/zco.djhtm?a=8261&e=2026-7-1&f=2026-7-29
2026-07-29,2026-07-01,2026-07-29,20,8261,富鼎,sell,1,凱基,9200,200.0,1916.0,1716.0,,moneydj,https://fubon-ebrokerdj.fbs.com.tw/z/zc/zco/zco.djhtm?a=8261&e=2026-7-1&f=2026-7-29
2026-07-29,2026-07-01,2026-07-29,20,8261,富鼎,buy,2,凱基-台北,9268,14153.0,11629.0,2524.0,,moneydj,https://fubon-ebrokerdj.fbs.com.tw/z/zc/zco/zco.djhtm?a=8261&e=2026-7-1&f=2026-7-29
2026-07-29,2026-07-01,2026-07-29,20,8261,富鼎,sell,2,凱基-信義,9216,640.0,2280.0,1640.0,,moneydj,https://fubon-ebrokerdj.fbs.com.tw/z/zc/zco/zco.djhtm?a=8261&e=2026-7-1&f=2026-7-29
2026-07-29,2026-07-01,2026-07-29,20,8261,富鼎,buy,3,美商高盛,1480,3977.0,2893.0,1084.0,,moneydj,https://fubon-ebrokerdj.fbs.com.tw/z/zc/zco/zco.djhtm?a=8261&e=2026-7-1&f=2026-7-29
2026-07-29,2026-07-01,2026-07-29,20,8261,富鼎,sell,3,元大證券,9800,13082.0,13912.0,830.0,,moneydj,https://fubon-ebrokerdj.fbs.com.tw/z/zc/zco/zco.djhtm?a=8261&e=2026-7-1&f=2026-7-29
2026-07-29,2026-07-01,2026-07-29,20,8261,富鼎,buy,4,港商野村,1560,591.0,350.0,241.0,,moneydj,https://fubon-ebrokerdj.fbs.com.tw/z/zc/zco/zco.djhtm?a=8261&e=2026-7-1&f=2026-7-29
2026-07-29,2026-07-01,2026-07-29,20,8261,富鼎,sell,4,統一-員林,585I,349.0,832.0,483.0,,moneydj,https://fubon-ebrokerdj.fbs.com.tw/z/zc/zco/zco.djhtm?a=8261&e=2026-7-1&f=2026-7-29
2026-07-29,2026-07-01,2026-07-29,20,8261,富鼎,buy,5,富邦-嘉義,9692,1616.0,1376.0,240.0,,moneydj,https://fubon-ebrokerdj.fbs.com.tw/z/zc/zco/zco.djhtm?a=8261&e=2026-7-1&f=2026-7-29
2026-07-29,2026-07-01,2026-07-29,20,8261,富鼎,sell,5,元大-台北,980h,252.0,727.0,475.0,,moneydj,https://fubon-ebrokerdj.fbs.com.tw/z/zc/zco/zco.djhtm?a=8261&e=2026-7-1&f=2026-7-29
2026-07-29,2026-07-01,2026-07-29,20,8261,富鼎,buy,6,美林,1440,1030.0,794.0,236.0,,moneydj,https://fubon-ebrokerdj.fbs.com.tw/z/zc/zco/zco.djhtm?a=8261&e=2026-7-1&f=2026-7-29
2026-07-29,2026-07-01,2026-07-29,20,8261,富鼎,sell,6,元大-士林,981j,109.0,473.0,364.0,,moneydj,https://fubon-ebrokerdj.fbs.com.tw/z/zc/zco/zco.djhtm?a=8261&e=2026-7-1&f=2026-7-29
2026-07-29,2026-07-01,2026-07-29,20,8261,富鼎,buy,7,永豐金-敦南,9A8F,431.0,266.0,165.0,,moneydj,https://fubon-ebrokerdj.fbs.com.tw/z/zc/zco/zco.djhtm?a=8261&e=2026-7-1&f=2026-7-29
2026-07-29,2026-07-01,2026-07-29,20,8261,富鼎,sell,7,新加坡商瑞銀,1650,2658.0,2976.0,318.0,,moneydj,https://fubon-ebrokerdj.fbs.com.tw/z/zc/zco/zco.djhtm?a=8261&e=2026-7-1&f=2026-7-29
2026-07-29,2026-07-01,2026-07-29,20,8261,富鼎,buy,8,國泰證券,8880,760.0,599.0,161.0,,moneydj,https://fubon-ebrokerdj.fbs.com.tw/z/zc/zco/zco.djhtm?a=8261&e=2026-7-1&f=2026-7-29
2026-07-29,2026-07-01,2026-07-29,20,8261,富鼎,sell,8,台新-府城,9B29,22.0,302.0,280.0,,moneydj,https://fubon-ebrokerdj.fbs.com.tw/z/zc/zco/zco.djhtm?a=8261&e=2026-7-1&f=2026-7-29
2026-07-29,2026-07-01,2026-07-29,20,8261,富鼎,buy,9,新光,8560,1379.0,1228.0,151.0,,moneydj,https://fubon-ebrokerdj.fbs.com.tw/z/zc/zco/zco.djhtm?a=8261&e=2026-7-1&f=2026-7-29
2026-07-29,2026-07-01,2026-07-29,20,8261,富鼎,sell,9,元大-敦南,989P,178.0,424.0,246.0,,moneydj,https://fubon-ebrokerdj.fbs.com.tw/z/zc/zco/zco.djhtm?a=8261&e=2026-7-1&f=2026-7-29
2026-07-29,2026-07-01,2026-07-29,20,8261,富鼎,buy,10,兆豐-三民,700h,260.0,110.0,150.0,,moneydj,https://fubon-ebrokerdj.fbs.com.tw/z/zc/zco/zco.djhtm?a=8261&e=2026-7-1&f=2026-7-29
2026-07-29,2026-07-01,2026-07-29,20,8261,富鼎,sell,10,永豐金-忠孝,9A9D,240.0,483.0,243.0,,moneydj,https://fubon-ebrokerdj.fbs.com.tw/z/zc/zco/zco.djhtm?a=8261&e=2026-7-1&f=2026-7-29
2026-07-29,2026-07-01,2026-07-29,20,2641,正德,buy,1,港商野村,1560,998.0,291.0,707.0,,moneydj,https://fubon-ebrokerdj.fbs.com.tw/z/zc/zco/zco.djhtm?a=2641&e=2026-7-1&f=2026-7-29
2026-07-29,2026-07-01,2026-07-29,20,2641,正德,sell,1,美商高盛,1480,1057.0,2269.0,1212.0,,moneydj,https://fubon-ebrokerdj.fbs.com.tw/z/zc/zco/zco.djhtm?a=2641&e=2026-7-1&f=2026-7-29
2026-07-29,2026-07-01,2026-07-29,20,2641,正德,buy,2,凱基-台北,9268,1828.0,1183.0,645.0,,moneydj,https://fubon-ebrokerdj.fbs.com.tw/z/zc/zco/zco.djhtm?a=2641&e=2026-7-1&f=2026-7-29
2026-07-29,2026-07-01,2026-07-29,20,2641,正德,sell,2,台新,9B00,223.0,1105.0,882.0,,moneydj,https://fubon-ebrokerdj.fbs.com.tw/z/zc/zco/zco.djhtm?a=2641&e=2026-7-1&f=2026-7-29
2026-07-29,2026-07-01,2026-07-29,20,2641,正德,buy,3,群益金鼎-北高雄,913R,525.0,71.0,454.0,,moneydj,https://fubon-ebrokerdj.fbs.com.tw/z/zc/zco/zco.djhtm?a=2641&e=2026-7-1&f=2026-7-29
2026-07-29,2026-07-01,2026-07-29,20,2641,正德,sell,3,美林,1440,413.0,867.0,454.0,,moneydj,https://fubon-ebrokerdj.fbs.com.tw/z/zc/zco/zco.djhtm?a=2641&e=2026-7-1&f=2026-7-29
2026-07-29,2026-07-01,2026-07-29,20,2641,正德,buy,4,國票-和平,779j,394.0,4.0,390.0,,moneydj,https://fubon-ebrokerdj.fbs.com.tw/z/zc/zco/zco.djhtm?a=2641&e=2026-7-1&f=2026-7-29
2026-07-29,2026-07-01,2026-07-29,20,2641,正德,sell,4,摩根大通,8440,840.0,1186.0,346.0,,moneydj,https://fubon-ebrokerdj.fbs.com.tw/z/zc/zco/zco.djhtm?a=2641&e=2026-7-1&f=2026-7-29
2026-07-29,2026-07-01,2026-07-29,20,2641,正德,buy,5,台灣摩根士丹利,1470,1580.0,1246.0,334.0,,moneydj,https://fubon-ebrokerdj.fbs.com.tw/z/zc/zco/zco.djhtm?a=2641&e=2026-7-1&f=2026-7-29
2026-07-29,2026-07-01,2026-07-29,20,2641,正德,sell,5,富邦-公益,961F,17.0,226.0,209.0,,moneydj,https://fubon-ebrokerdj.fbs.com.tw/z/zc/zco/zco.djhtm?a=2641&e=2026-7-1&f=2026-7-29
2026-07-29,2026-07-01,2026-07-29,20,2641,正德,buy,6,玉山-嘉義,8848,218.0,2.0,216.0,,moneydj,https://fubon-ebrokerdj.fbs.com.tw/z/zc/zco/zco.djhtm?a=2641&e=2026-7-1&f=2026-7-29
2026-07-29,2026-07-01,2026-07-29,20,2641,正德,sell,6,台新-同大,9B2P,18.0,223.0,205.0,,moneydj,https://fubon-ebrokerdj.fbs.com.tw/z/zc/zco/zco.djhtm?a=2641&e=2026-7-1&f=2026-7-29
2026-07-29,2026-07-01,2026-07-29,20,2641,正德,buy,7,華南永昌,9300,211.0,44.0,167.0,,moneydj,https://fubon-ebrokerdj.fbs.com.tw/z/zc/zco/zco.djhtm?a=2641&e=2026-7-1&f=2026-7-29
2026-07-29,2026-07-01,2026-07-29,20,2641,正德,sell,7,玉山-士林,884A,115.0,249.0,134.0,,moneydj,https://fubon-ebrokerdj.fbs.com.tw/z/zc/zco/zco.djhtm?a=2641&e=2026-7-1&f=2026-7-29
2026-07-29,2026-07-01,2026-07-29,20,2641,正德,buy,8,國票-南科,779e,204.0,39.0,165.0,,moneydj,https://fubon-ebrokerdj.fbs.com.tw/z/zc/zco/zco.djhtm?a=2641&e=2026-7-1&f=2026-7-29
2026-07-29,2026-07-01,2026-07-29,20,2641,正德,sell,8,合庫-鳳山,1029,6.0,136.0,130.0,,moneydj,https://fubon-ebrokerdj.fbs.com.tw/z/zc/zco/zco.djhtm?a=2641&e=2026-7-1&f=2026-7-29
2026-07-29,2026-07-01,2026-07-29,20,2641,正德,buy,9,兆豐-北高雄,700I,164.0,11.0,153.0,,moneydj,https://fubon-ebrokerdj.fbs.com.tw/z/zc/zco/zco.djhtm?a=2641&e=2026-7-1&f=2026-7-29
2026-07-29,2026-07-01,2026-07-29,20,2641,正德,sell,9,臺銀-高雄,104C,79.0,208.0,129.0,,moneydj,https://fubon-ebrokerdj.fbs.com.tw/z/zc/zco/zco.djhtm?a=2641&e=2026-7-1&f=2026-7-29
2026-07-29,2026-07-01,2026-07-29,20,2641,正德,buy,10,元大-小港,989Z,153.0,5.0,148.0,,moneydj,https://fubon-ebrokerdj.fbs.com.tw/z/zc/zco/zco.djhtm?a=2641&e=2026-7-1&f=2026-7-29
2026-07-29,2026-07-01,2026-07-29,20,2641,正德,sell,10,凱基-和平,9255,44.0,162.0,118.0,,moneydj,https://fubon-ebrokerdj.fbs.com.tw/z/zc/zco/zco.djhtm?a=2641&e=2026-7-1&f=2026-7-29
2026-07-29,2026-07-01,2026-07-29,20,6654,天正國際,buy,1,國票-桃園,779r,135.0,0.0,135.0,,moneydj,https://fubon-ebrokerdj.fbs.com.tw/z/zc/zco/zco.djhtm?a=6654&e=2026-7-1&f=2026-7-29
2026-07-29,2026-07-01,2026-07-29,20,6654,天正國際,sell,1,台灣摩根士丹利,1470,33.0,105.0,72.0,,moneydj,https://fubon-ebrokerdj.fbs.com.tw/z/zc/zco/zco.djhtm?a=6654&e=2026-7-1&f=2026-7-29
2026-07-29,2026-07-01,2026-07-29,20,6654,天正國際,buy,2,玉山-左營,884D,66.0,4.0,62.0,,moneydj,https://fubon-ebrokerdj.fbs.com.tw/z/zc/zco/zco.djhtm?a=6654&e=2026-7-1&f=2026-7-29
2026-07-29,2026-07-01,2026-07-29,20,6654,天正國際,sell,2,國票-北高雄,779J,0.0,66.0,66.0,,moneydj,https://fubon-ebrokerdj.fbs.com.tw/z/zc/zco/zco.djhtm?a=6654&e=2026-7-1&f=2026-7-29
2026-07-29,2026-07-01,2026-07-29,20,6654,天正國際,buy,3,元大-桃興,9894,60.0,15.0,45.0,,moneydj,https://fubon-ebrokerdj.fbs.com.tw/z/zc/zco/zco.djhtm?a=6654&e=2026-7-1&f=2026-7-29
2026-07-29,2026-07-01,2026-07-29,20,6654,天正國際,sell,3,港商野村,1560,25.0,66.0,41.0,,moneydj,https://fubon-ebrokerdj.fbs.com.tw/z/zc/zco/zco.djhtm?a=6654&e=2026-7-1&f=2026-7-29
2026-07-29,2026-07-01,2026-07-29,20,6654,天正國際,buy,4,第一金-豐原,538N,31.0,0.0,31.0,,moneydj,https://fubon-ebrokerdj.fbs.com.tw/z/zc/zco/zco.djhtm?a=6654&e=2026-7-1&f=2026-7-29
2026-07-29,2026-07-01,2026-07-29,20,6654,天正國際,sell,4,第一金-安和,538j,9.0,28.0,19.0,,moneydj,https://fubon-ebrokerdj.fbs.com.tw/z/zc/zco/zco.djhtm?a=6654&e=2026-7-1&f=2026-7-29
2026-07-29,2026-07-01,2026-07-29,20,6654,天正國際,buy,5,玉山證券,8840,17.0,1.0,16.0,,moneydj,https://fubon-ebrokerdj.fbs.com.tw/z/zc/zco/zco.djhtm?a=6654&e=2026-7-1&f=2026-7-29
2026-07-29,2026-07-01,2026-07-29,20,6654,天正國際,sell,5,國泰-高雄,8881,20.0,35.0,15.0,,moneydj,https://fubon-ebrokerdj.fbs.com.tw/z/zc/zco/zco.djhtm?a=6654&e=2026-7-1&f=2026-7-29
2026-07-29,2026-07-01,2026-07-29,20,6654,天正國際,buy,6,元大-歸仁,981a,26.0,10.0,16.0,,moneydj,https://fubon-ebrokerdj.fbs.com.tw/z/zc/zco/zco.djhtm?a=6654&e=2026-7-1&f=2026-7-29
2026-07-29,2026-07-01,2026-07-29,20,6654,天正國際,sell,6,中國信託-忠孝,6162,0.0,14.0,14.0,,moneydj,https://fubon-ebrokerdj.fbs.com.tw/z/zc/zco/zco.djhtm?a=6654&e=2026-7-1&f=2026-7-29
2026-07-29,2026-07-01,2026-07-29,20,6654,天正國際,buy,7,凱基-台北,9268,141.0,126.0,15.0,,moneydj,https://fubon-ebrokerdj.fbs.com.tw/z/zc/zco/zco.djhtm?a=6654&e=2026-7-1&f=2026-7-29
2026-07-29,2026-07-01,2026-07-29,20,6654,天正國際,sell,7,美商高盛,1480,50.0,62.0,12.0,,moneydj,https://fubon-ebrokerdj.fbs.com.tw/z/zc/zco/zco.djhtm?a=6654&e=2026-7-1&f=2026-7-29
2026-07-29,2026-07-01,2026-07-29,20,6654,天正國際,buy,8,兆豐-復興,700p,14.0,0.0,14.0,,moneydj,https://fubon-ebrokerdj.fbs.com.tw/z/zc/zco/zco.djhtm?a=6654&e=2026-7-1&f=2026-7-29
2026-07-29,2026-07-01,2026-07-29,20,6654,天正國際,sell,8,美林,1440,52.0,63.0,11.0,,moneydj,https://fubon-ebrokerdj.fbs.com.tw/z/zc/zco/zco.djhtm?a=6654&e=2026-7-1&f=2026-7-29
2026-07-29,2026-07-01,2026-07-29,20,6654,天正國際,buy,9,國泰-敦南,8888,28.0,14.0,14.0,,moneydj,https://fubon-ebrokerdj.fbs.com.tw/z/zc/zco/zco.djhtm?a=6654&e=2026-7-1&f=2026-7-29
2026-07-29,2026-07-01,2026-07-29,20,6654,天正國際,sell,9,國泰-館前,888A,0.0,11.0,11.0,,moneydj,https://fubon-ebrokerdj.fbs.com.tw/z/zc/zco/zco.djhtm?a=6654&e=2026-7-1&f=2026-7-29
2026-07-29,2026-07-01,2026-07-29,20,6654,天正國際,buy,10,統一-高雄,5851,17.0,5.0,12.0,,moneydj,https://fubon-ebrokerdj.fbs.com.tw/z/zc/zco/zco.djhtm?a=6654&e=2026-7-1&f=2026-7-29
2026-07-29,2026-07-01,2026-07-29,20,6654,天正國際,sell,10,元大-成功,989L,0.0,10.0,10.0,,moneydj,https://fubon-ebrokerdj.fbs.com.tw/z/zc/zco/zco.djhtm?a=6654&e=2026-7-1&f=2026-7-29
2026-07-29,2026-07-01,2026-07-29,20,3037,欣興,buy,1,永豐金證券,9A00,10959.0,6668.0,4291.0,,moneydj,https://fubon-ebrokerdj.fbs.com.tw/z/zc/zco/zco.djhtm?a=3037&e=2026-7-1&f=2026-7-29
2026-07-29,2026-07-01,2026-07-29,20,3037,欣興,sell,1,台灣摩根士丹利,1470,31429.0,50888.0,19459.0,,moneydj,https://fubon-ebrokerdj.fbs.com.tw/z/zc/zco/zco.djhtm?a=3037&e=2026-7-1&f=2026-7-29
2026-07-29,2026-07-01,2026-07-29,20,3037,欣興,buy,2,兆豐證券,7000,4691.0,1402.0,3289.0,,moneydj,https://fubon-ebrokerdj.fbs.com.tw/z/zc/zco/zco.djhtm?a=3037&e=2026-7-1&f=2026-7-29
2026-07-29,2026-07-01,2026-07-29,20,3037,欣興,sell,2,摩根大通,8440,14004.0,23400.0,9396.0,,moneydj,https://fubon-ebrokerdj.fbs.com.tw/z/zc/zco/zco.djhtm?a=3037&e=2026-7-1&f=2026-7-29
2026-07-29,2026-07-01,2026-07-29,20,3037,欣興,buy,3,國泰-敦南,8888,16997.0,14318.0,2679.0,,moneydj,https://fubon-ebrokerdj.fbs.com.tw/z/zc/zco/zco.djhtm?a=3037&e=2026-7-1&f=2026-7-29
2026-07-29,2026-07-01,2026-07-29,20,3037,欣興,sell,3,美商高盛,1480,24874.0,33474.0,8600.0,,moneydj,https://fubon-ebrokerdj.fbs.com.tw/z/zc/zco/zco.djhtm?a=3037&e=2026-7-1&f=2026-7-29
2026-07-29,2026-07-01,2026-07-29,20,3037,欣興,buy,4,群益金鼎,9100,5563.0,3324.0,2239.0,,moneydj,https://fubon-ebrokerdj.fbs.com.tw/z/zc/zco/zco.djhtm?a=3037&e=2026-7-1&f=2026-7-29
2026-07-29,2026-07-01,2026-07-29,20,3037,欣興,sell,4,美林,1440,11617.0,19931.0,8314.0,,moneydj,https://fubon-ebrokerdj.fbs.com.tw/z/zc/zco/zco.djhtm?a=3037&e=2026-7-1&f=2026-7-29
2026-07-29,2026-07-01,2026-07-29,20,3037,欣興,buy,5,凱基,9200,3518.0,1937.0,1581.0,,moneydj,https://fubon-ebrokerdj.fbs.com.tw/z/zc/zco/zco.djhtm?a=3037&e=2026-7-1&f=2026-7-29
2026-07-29,2026-07-01,2026-07-29,20,3037,欣興,sell,5,永豐金-匯立,9A81,955.0,5718.0,4763.0,,moneydj,https://fubon-ebrokerdj.fbs.com.tw/z/zc/zco/zco.djhtm?a=3037&e=2026-7-1&f=2026-7-29
2026-07-29,2026-07-01,2026-07-29,20,3037,欣興,buy,6,元大證券,9800,58116.0,56884.0,1232.0,,moneydj,https://fubon-ebrokerdj.fbs.com.tw/z/zc/zco/zco.djhtm?a=3037&e=2026-7-1&f=2026-7-29
2026-07-29,2026-07-01,2026-07-29,20,3037,欣興,sell,6,新加坡商瑞銀,1650,15276.0,18721.0,3445.0,,moneydj,https://fubon-ebrokerdj.fbs.com.tw/z/zc/zco/zco.djhtm?a=3037&e=2026-7-1&f=2026-7-29
2026-07-29,2026-07-01,2026-07-29,20,3037,欣興,buy,7,國泰證券,8880,4513.0,3307.0,1206.0,,moneydj,https://fubon-ebrokerdj.fbs.com.tw/z/zc/zco/zco.djhtm?a=3037&e=2026-7-1&f=2026-7-29
2026-07-29,2026-07-01,2026-07-29,20,3037,欣興,sell,7,凱基-台北,9268,39809.0,42355.0,2546.0,,moneydj,https://fubon-ebrokerdj.fbs.com.tw/z/zc/zco/zco.djhtm?a=3037&e=2026-7-1&f=2026-7-29
2026-07-29,2026-07-01,2026-07-29,20,3037,欣興,buy,8,統一,5850,5218.0,4157.0,1061.0,,moneydj,https://fubon-ebrokerdj.fbs.com.tw/z/zc/zco/zco.djhtm?a=3037&e=2026-7-1&f=2026-7-29
2026-07-29,2026-07-01,2026-07-29,20,3037,欣興,sell,8,元大-松江,9801,422.0,2329.0,1907.0,,moneydj,https://fubon-ebrokerdj.fbs.com.tw/z/zc/zco/zco.djhtm?a=3037&e=2026-7-1&f=2026-7-29
2026-07-29,2026-07-01,2026-07-29,20,3037,欣興,buy,9,凱基-站前,920F,2523.0,1594.0,929.0,,moneydj,https://fubon-ebrokerdj.fbs.com.tw/z/zc/zco/zco.djhtm?a=3037&e=2026-7-1&f=2026-7-29
2026-07-29,2026-07-01,2026-07-29,20,3037,欣興,sell,9,香港上海匯豐,8960,626.0,2380.0,1754.0,,moneydj,https://fubon-ebrokerdj.fbs.com.tw/z/zc/zco/zco.djhtm?a=3037&e=2026-7-1&f=2026-7-29
2026-07-29,2026-07-01,2026-07-29,20,3037,欣興,buy,10,國票-敦北法人,779c,2075.0,1220.0,855.0,,moneydj,https://fubon-ebrokerdj.fbs.com.tw/z/zc/zco/zco.djhtm?a=3037&e=2026-7-1&f=2026-7-29
2026-07-29,2026-07-01,2026-07-29,20,3037,欣興,sell,10,花旗環球,1590,4955.0,6350.0,1395.0,,moneydj,https://fubon-ebrokerdj.fbs.com.tw/z/zc/zco/zco.djhtm?a=3037&e=2026-7-1&f=2026-7-29
2026-07-29,2026-07-01,2026-07-29,20,4557,永新-KY,buy,1,摩根大通,8440,185.0,42.0,143.0,,moneydj,https://fubon-ebrokerdj.fbs.com.tw/z/zc/zco/zco.djhtm?a=4557&e=2026-7-1&f=2026-7-29
2026-07-29,2026-07-01,2026-07-29,20,4557,永新-KY,sell,1,台灣摩根士丹利,1470,59.0,109.0,50.0,,moneydj,https://fubon-ebrokerdj.fbs.com.tw/z/zc/zco/zco.djhtm?a=4557&e=2026-7-1&f=2026-7-29
2026-07-29,2026-07-01,2026-07-29,20,4557,永新-KY,buy,2,中農,8520,30.0,0.0,30.0,,moneydj,https://fubon-ebrokerdj.fbs.com.tw/z/zc/zco/zco.djhtm?a=4557&e=2026-7-1&f=2026-7-29
2026-07-29,2026-07-01,2026-07-29,20,4557,永新-KY,sell,2,玉山-雙和,8841,0.0,30.0,30.0,,moneydj,https://fubon-ebrokerdj.fbs.com.tw/z/zc/zco/zco.djhtm?a=4557&e=2026-7-1&f=2026-7-29
2026-07-29,2026-07-01,2026-07-29,20,4557,永新-KY,buy,3,國票-台中,779v,26.0,0.0,26.0,,moneydj,https://fubon-ebrokerdj.fbs.com.tw/z/zc/zco/zco.djhtm?a=4557&e=2026-7-1&f=2026-7-29
2026-07-29,2026-07-01,2026-07-29,20,4557,永新-KY,sell,3,群益金鼎-三重,913g,0.0,23.0,23.0,,moneydj,https://fubon-ebrokerdj.fbs.com.tw/z/zc/zco/zco.djhtm?a=4557&e=2026-7-1&f=2026-7-29
2026-07-29,2026-07-01,2026-07-29,20,4557,永新-KY,buy,4,美商高盛,1480,97.0,73.0,24.0,,moneydj,https://fubon-ebrokerdj.fbs.com.tw/z/zc/zco/zco.djhtm?a=4557&e=2026-7-1&f=2026-7-29
2026-07-29,2026-07-01,2026-07-29,20,4557,永新-KY,sell,4,兆豐-嘉義,7001,2.0,23.0,21.0,,moneydj,https://fubon-ebrokerdj.fbs.com.tw/z/zc/zco/zco.djhtm?a=4557&e=2026-7-1&f=2026-7-29
2026-07-29,2026-07-01,2026-07-29,20,4557,永新-KY,buy,5,國泰-忠孝,8887,21.0,0.0,21.0,,moneydj,https://fubon-ebrokerdj.fbs.com.tw/z/zc/zco/zco.djhtm?a=4557&e=2026-7-1&f=2026-7-29
2026-07-29,2026-07-01,2026-07-29,20,4557,永新-KY,sell,5,新加坡商瑞銀,1650,5.0,25.0,20.0,,moneydj,https://fubon-ebrokerdj.fbs.com.tw/z/zc/zco/zco.djhtm?a=4557&e=2026-7-1&f=2026-7-29
2026-07-29,2026-07-01,2026-07-29,20,4557,永新-KY,buy,6,新光-台中,8561,21.0,1.0,20.0,,moneydj,https://fubon-ebrokerdj.fbs.com.tw/z/zc/zco/zco.djhtm?a=4557&e=2026-7-1&f=2026-7-29
2026-07-29,2026-07-01,2026-07-29,20,4557,永新-KY,sell,6,華南永昌-林口,9317,0.0,19.0,19.0,,moneydj,https://fubon-ebrokerdj.fbs.com.tw/z/zc/zco/zco.djhtm?a=4557&e=2026-7-1&f=2026-7-29
2026-07-29,2026-07-01,2026-07-29,20,4557,永新-KY,buy,7,富邦-建國,9658,31.0,11.0,20.0,,moneydj,https://fubon-ebrokerdj.fbs.com.tw/z/zc/zco/zco.djhtm?a=4557&e=2026-7-1&f=2026-7-29
2026-07-29,2026-07-01,2026-07-29,20,4557,永新-KY,sell,7,美林,1440,24.0,38.0,14.0,,moneydj,https://fubon-ebrokerdj.fbs.com.tw/z/zc/zco/zco.djhtm?a=4557&e=2026-7-1&f=2026-7-29
2026-07-29,2026-07-01,2026-07-29,20,4557,永新-KY,buy,8,元大-太平,981Q,18.0,0.0,18.0,,moneydj,https://fubon-ebrokerdj.fbs.com.tw/z/zc/zco/zco.djhtm?a=4557&e=2026-7-1&f=2026-7-29
2026-07-29,2026-07-01,2026-07-29,20,4557,永新-KY,sell,8,台新-新店,9B22,0.0,14.0,14.0,,moneydj,https://fubon-ebrokerdj.fbs.com.tw/z/zc/zco/zco.djhtm?a=4557&e=2026-7-1&f=2026-7-29
2026-07-29,2026-07-01,2026-07-29,20,4557,永新-KY,buy,9,玉山-城中,884E,15.0,0.0,15.0,,moneydj,https://fubon-ebrokerdj.fbs.com.tw/z/zc/zco/zco.djhtm?a=4557&e=2026-7-1&f=2026-7-29
2026-07-29,2026-07-01,2026-07-29,20,4557,永新-KY,sell,9,康和-石牌,845R,0.0,13.0,13.0,,moneydj,https://fubon-ebrokerdj.fbs.com.tw/z/zc/zco/zco.djhtm?a=4557&e=2026-7-1&f=2026-7-29
2026-07-29,2026-07-01,2026-07-29,20,4557,永新-KY,buy,10,凱基-台北,9268,154.0,139.0,15.0,,moneydj,https://fubon-ebrokerdj.fbs.com.tw/z/zc/zco/zco.djhtm?a=4557&e=2026-7-1&f=2026-7-29
2026-07-29,2026-07-01,2026-07-29,20,4557,永新-KY,sell,10,群益金鼎-台北,918X,2.0,14.0,12.0,,moneydj,https://fubon-ebrokerdj.fbs.com.tw/z/zc/zco/zco.djhtm?a=4557&e=2026-7-1&f=2026-7-29
2026-07-29,2026-07-01,2026-07-29,20,2606,裕民,buy,1,美商高盛,1480,9755.0,4511.0,5244.0,,moneydj,https://fubon-ebrokerdj.fbs.com.tw/z/zc/zco/zco.djhtm?a=2606&e=2026-7-1&f=2026-7-29
2026-07-29,2026-07-01,2026-07-29,20,2606,裕民,sell,1,合庫證券,1020,102.0,2865.0,2763.0,,moneydj,https://fubon-ebrokerdj.fbs.com.tw/z/zc/zco/zco.djhtm?a=2606&e=2026-7-1&f=2026-7-29
2026-07-29,2026-07-01,2026-07-29,20,2606,裕民,buy,2,台灣摩根士丹利,1470,9343.0,4545.0,4798.0,,moneydj,https://fubon-ebrokerdj.fbs.com.tw/z/zc/zco/zco.djhtm?a=2606&e=2026-7-1&f=2026-7-29
2026-07-29,2026-07-01,2026-07-29,20,2606,裕民,sell,2,兆豐證券,7000,57.0,1458.0,1401.0,,moneydj,https://fubon-ebrokerdj.fbs.com.tw/z/zc/zco/zco.djhtm?a=2606&e=2026-7-1&f=2026-7-29
2026-07-29,2026-07-01,2026-07-29,20,2606,裕民,buy,3,凱基-台北,9268,7340.0,4382.0,2958.0,,moneydj,https://fubon-ebrokerdj.fbs.com.tw/z/zc/zco/zco.djhtm?a=2606&e=2026-7-1&f=2026-7-29
2026-07-29,2026-07-01,2026-07-29,20,2606,裕民,sell,3,永豐金證券,9A00,697.0,1928.0,1231.0,,moneydj,https://fubon-ebrokerdj.fbs.com.tw/z/zc/zco/zco.djhtm?a=2606&e=2026-7-1&f=2026-7-29
2026-07-29,2026-07-01,2026-07-29,20,2606,裕民,buy,4,摩根大通,8440,5489.0,2742.0,2747.0,,moneydj,https://fubon-ebrokerdj.fbs.com.tw/z/zc/zco/zco.djhtm?a=2606&e=2026-7-1&f=2026-7-29
2026-07-29,2026-07-01,2026-07-29,20,2606,裕民,sell,4,元大證券,9800,3430.0,4627.0,1197.0,,moneydj,https://fubon-ebrokerdj.fbs.com.tw/z/zc/zco/zco.djhtm?a=2606&e=2026-7-1&f=2026-7-29
2026-07-29,2026-07-01,2026-07-29,20,2606,裕民,buy,5,美林,1440,2437.0,758.0,1679.0,,moneydj,https://fubon-ebrokerdj.fbs.com.tw/z/zc/zco/zco.djhtm?a=2606&e=2026-7-1&f=2026-7-29
2026-07-29,2026-07-01,2026-07-29,20,2606,裕民,sell,5,統一,5850,248.0,1394.0,1146.0,,moneydj,https://fubon-ebrokerdj.fbs.com.tw/z/zc/zco/zco.djhtm?a=2606&e=2026-7-1&f=2026-7-29
2026-07-29,2026-07-01,2026-07-29,20,2606,裕民,buy,6,花旗環球,1590,1820.0,327.0,1493.0,,moneydj,https://fubon-ebrokerdj.fbs.com.tw/z/zc/zco/zco.djhtm?a=2606&e=2026-7-1&f=2026-7-29
2026-07-29,2026-07-01,2026-07-29,20,2606,裕民,sell,6,群益金鼎,9100,198.0,1144.0,946.0,,moneydj,https://fubon-ebrokerdj.fbs.com.tw/z/zc/zco/zco.djhtm?a=2606&e=2026-7-1&f=2026-7-29
2026-07-29,2026-07-01,2026-07-29,20,2606,裕民,buy,7,香港上海匯豐,8960,1334.0,15.0,1319.0,,moneydj,https://fubon-ebrokerdj.fbs.com.tw/z/zc/zco/zco.djhtm?a=2606&e=2026-7-1&f=2026-7-29
2026-07-29,2026-07-01,2026-07-29,20,2606,裕民,sell,7,凱基,9200,389.0,1148.0,759.0,,moneydj,https://fubon-ebrokerdj.fbs.com.tw/z/zc/zco/zco.djhtm?a=2606&e=2026-7-1&f=2026-7-29
2026-07-29,2026-07-01,2026-07-29,20,2606,裕民,buy,8,新加坡商瑞銀,1650,2325.0,1940.0,385.0,,moneydj,https://fubon-ebrokerdj.fbs.com.tw/z/zc/zco/zco.djhtm?a=2606&e=2026-7-1&f=2026-7-29
2026-07-29,2026-07-01,2026-07-29,20,2606,裕民,sell,8,國票-敦北法人,779c,38.0,792.0,754.0,,moneydj,https://fubon-ebrokerdj.fbs.com.tw/z/zc/zco/zco.djhtm?a=2606&e=2026-7-1&f=2026-7-29
2026-07-29,2026-07-01,2026-07-29,20,2606,裕民,buy,9,富邦-南京,961C,336.0,17.0,319.0,,moneydj,https://fubon-ebrokerdj.fbs.com.tw/z/zc/zco/zco.djhtm?a=2606&e=2026-7-1&f=2026-7-29
2026-07-29,2026-07-01,2026-07-29,20,2606,裕民,sell,9,華南永昌,9300,193.0,937.0,744.0,,moneydj,https://fubon-ebrokerdj.fbs.com.tw/z/zc/zco/zco.djhtm?a=2606&e=2026-7-1&f=2026-7-29
2026-07-29,2026-07-01,2026-07-29,20,2606,裕民,buy,10,第一金,5380,274.0,6.0,268.0,,moneydj,https://fubon-ebrokerdj.fbs.com.tw/z/zc/zco/zco.djhtm?a=2606&e=2026-7-1&f=2026-7-29
2026-07-29,2026-07-01,2026-07-29,20,2606,裕民,sell,10,大和國泰,8890,0.0,700.0,700.0,,moneydj,https://fubon-ebrokerdj.fbs.com.tw/z/zc/zco/zco.djhtm?a=2606&e=2026-7-1&f=2026-7-29
2026-07-29,2026-07-01,2026-07-29,20,3260,威剛,buy,1,凱基-台北,9268,14352.0,12443.0,1909.0,,moneydj,https://fubon-ebrokerdj.fbs.com.tw/z/zc/zco/zco.djhtm?a=3260&e=2026-7-1&f=2026-7-29
2026-07-29,2026-07-01,2026-07-29,20,3260,威剛,sell,1,凱基-站前,920F,404.0,1833.0,1429.0,,moneydj,https://fubon-ebrokerdj.fbs.com.tw/z/zc/zco/zco.djhtm?a=3260&e=2026-7-1&f=2026-7-29
2026-07-29,2026-07-01,2026-07-29,20,3260,威剛,buy,2,統一-城中,5854,1240.0,349.0,891.0,,moneydj,https://fubon-ebrokerdj.fbs.com.tw/z/zc/zco/zco.djhtm?a=3260&e=2026-7-1&f=2026-7-29
2026-07-29,2026-07-01,2026-07-29,20,3260,威剛,sell,2,美商高盛,1480,3347.0,3932.0,585.0,,moneydj,https://fubon-ebrokerdj.fbs.com.tw/z/zc/zco/zco.djhtm?a=3260&e=2026-7-1&f=2026-7-29
2026-07-29,2026-07-01,2026-07-29,20,3260,威剛,buy,3,凱基,9200,947.0,284.0,663.0,,moneydj,https://fubon-ebrokerdj.fbs.com.tw/z/zc/zco/zco.djhtm?a=3260&e=2026-7-1&f=2026-7-29
2026-07-29,2026-07-01,2026-07-29,20,3260,威剛,sell,3,元大證券,9800,16291.0,16805.0,514.0,,moneydj,https://fubon-ebrokerdj.fbs.com.tw/z/zc/zco/zco.djhtm?a=3260&e=2026-7-1&f=2026-7-29
2026-07-29,2026-07-01,2026-07-29,20,3260,威剛,buy,4,花旗環球,1590,2227.0,1575.0,652.0,,moneydj,https://fubon-ebrokerdj.fbs.com.tw/z/zc/zco/zco.djhtm?a=3260&e=2026-7-1&f=2026-7-29
2026-07-29,2026-07-01,2026-07-29,20,3260,威剛,sell,4,凱基-信義,9216,187.0,636.0,449.0,,moneydj,https://fubon-ebrokerdj.fbs.com.tw/z/zc/zco/zco.djhtm?a=3260&e=2026-7-1&f=2026-7-29
2026-07-29,2026-07-01,2026-07-29,20,3260,威剛,buy,5,新加坡商瑞銀,1650,3256.0,2841.0,415.0,,moneydj,https://fubon-ebrokerdj.fbs.com.tw/z/zc/zco/zco.djhtm?a=3260&e=2026-7-1&f=2026-7-29
2026-07-29,2026-07-01,2026-07-29,20,3260,威剛,sell,5,港商野村,1560,448.0,823.0,375.0,,moneydj,https://fubon-ebrokerdj.fbs.com.tw/z/zc/zco/zco.djhtm?a=3260&e=2026-7-1&f=2026-7-29
2026-07-29,2026-07-01,2026-07-29,20,3260,威剛,buy,6,兆豐-嘉義,7001,349.0,48.0,301.0,,moneydj,https://fubon-ebrokerdj.fbs.com.tw/z/zc/zco/zco.djhtm?a=3260&e=2026-7-1&f=2026-7-29
2026-07-29,2026-07-01,2026-07-29,20,3260,威剛,sell,6,統一-南京,585U,302.0,639.0,337.0,,moneydj,https://fubon-ebrokerdj.fbs.com.tw/z/zc/zco/zco.djhtm?a=3260&e=2026-7-1&f=2026-7-29
2026-07-29,2026-07-01,2026-07-29,20,3260,威剛,buy,7,第一金,5380,387.0,118.0,269.0,,moneydj,https://fubon-ebrokerdj.fbs.com.tw/z/zc/zco/zco.djhtm?a=3260&e=2026-7-1&f=2026-7-29
2026-07-29,2026-07-01,2026-07-29,20,3260,威剛,sell,7,國票-安和,779Z,420.0,704.0,284.0,,moneydj,https://fubon-ebrokerdj.fbs.com.tw/z/zc/zco/zco.djhtm?a=3260&e=2026-7-1&f=2026-7-29
2026-07-29,2026-07-01,2026-07-29,20,3260,威剛,buy,8,群益金鼎-士林,9137,337.0,77.0,260.0,,moneydj,https://fubon-ebrokerdj.fbs.com.tw/z/zc/zco/zco.djhtm?a=3260&e=2026-7-1&f=2026-7-29
2026-07-29,2026-07-01,2026-07-29,20,3260,威剛,sell,8,台新-大裕,9B2l,322.0,597.0,275.0,,moneydj,https://fubon-ebrokerdj.fbs.com.tw/z/zc/zco/zco.djhtm?a=3260&e=2026-7-1&f=2026-7-29
2026-07-29,2026-07-01,2026-07-29,20,3260,威剛,buy,9,統一,5850,1509.0,1275.0,234.0,,moneydj,https://fubon-ebrokerdj.fbs.com.tw/z/zc/zco/zco.djhtm?a=3260&e=2026-7-1&f=2026-7-29
2026-07-29,2026-07-01,2026-07-29,20,3260,威剛,sell,9,摩根大通,8440,3754.0,3983.0,229.0,,moneydj,https://fubon-ebrokerdj.fbs.com.tw/z/zc/zco/zco.djhtm?a=3260&e=2026-7-1&f=2026-7-29
2026-07-29,2026-07-01,2026-07-29,20,3260,威剛,buy,10,永豐金-敦南,9A8F,705.0,500.0,205.0,,moneydj,https://fubon-ebrokerdj.fbs.com.tw/z/zc/zco/zco.djhtm?a=3260&e=2026-7-1&f=2026-7-29
2026-07-29,2026-07-01,2026-07-29,20,3260,威剛,sell,10,永豐金-中壢,9A99,259.0,487.0,228.0,,moneydj,https://fubon-ebrokerdj.fbs.com.tw/z/zc/zco/zco.djhtm?a=3260&e=2026-7-1&f=2026-7-29
2026-07-29,2026-07-01,2026-07-29,20,8210,勤誠,buy,1,港商野村,1560,922.0,50.0,872.0,,moneydj,https://fubon-ebrokerdj.fbs.com.tw/z/zc/zco/zco.djhtm?a=8210&e=2026-7-1&f=2026-7-29
2026-07-29,2026-07-01,2026-07-29,20,8210,勤誠,sell,1,富邦證券,9600,91.0,662.0,571.0,,moneydj,https://fubon-ebrokerdj.fbs.com.tw/z/zc/zco/zco.djhtm?a=8210&e=2026-7-1&f=2026-7-29
2026-07-29,2026-07-01,2026-07-29,20,8210,勤誠,buy,2,台灣摩根士丹利,1470,1752.0,1322.0,430.0,,moneydj,https://fubon-ebrokerdj.fbs.com.tw/z/zc/zco/zco.djhtm?a=8210&e=2026-7-1&f=2026-7-29
2026-07-29,2026-07-01,2026-07-29,20,8210,勤誠,sell,2,國泰證券,8880,89.0,626.0,537.0,,moneydj,https://fubon-ebrokerdj.fbs.com.tw/z/zc/zco/zco.djhtm?a=8210&e=2026-7-1&f=2026-7-29
2026-07-29,2026-07-01,2026-07-29,20,8210,勤誠,buy,3,美商高盛,1480,1569.0,1249.0,320.0,,moneydj,https://fubon-ebrokerdj.fbs.com.tw/z/zc/zco/zco.djhtm?a=8210&e=2026-7-1&f=2026-7-29
2026-07-29,2026-07-01,2026-07-29,20,8210,勤誠,sell,3,元大證券,9800,1432.0,1921.0,489.0,,moneydj,https://fubon-ebrokerdj.fbs.com.tw/z/zc/zco/zco.djhtm?a=8210&e=2026-7-1&f=2026-7-29
2026-07-29,2026-07-01,2026-07-29,20,8210,勤誠,buy,4,華南永昌-桃園,9352,193.0,11.0,182.0,,moneydj,https://fubon-ebrokerdj.fbs.com.tw/z/zc/zco/zco.djhtm?a=8210&e=2026-7-1&f=2026-7-29
2026-07-29,2026-07-01,2026-07-29,20,8210,勤誠,sell,4,台新,9B00,64.0,377.0,313.0,,moneydj,https://fubon-ebrokerdj.fbs.com.tw/z/zc/zco/zco.djhtm?a=8210&e=2026-7-1&f=2026-7-29
2026-07-29,2026-07-01,2026-07-29,20,8210,勤誠,buy,5,美林,1440,557.0,413.0,144.0,,moneydj,https://fubon-ebrokerdj.fbs.com.tw/z/zc/zco/zco.djhtm?a=8210&e=2026-7-1&f=2026-7-29
2026-07-29,2026-07-01,2026-07-29,20,8210,勤誠,sell,5,永豐金-匯立,9A81,0.0,243.0,243.0,,moneydj,https://fubon-ebrokerdj.fbs.com.tw/z/zc/zco/zco.djhtm?a=8210&e=2026-7-1&f=2026-7-29
2026-07-29,2026-07-01,2026-07-29,20,8210,勤誠,buy,6,統一,5850,263.0,153.0,110.0,,moneydj,https://fubon-ebrokerdj.fbs.com.tw/z/zc/zco/zco.djhtm?a=8210&e=2026-7-1&f=2026-7-29
2026-07-29,2026-07-01,2026-07-29,20,8210,勤誠,sell,6,群益金鼎,9100,182.0,425.0,243.0,,moneydj,https://fubon-ebrokerdj.fbs.com.tw/z/zc/zco/zco.djhtm?a=8210&e=2026-7-1&f=2026-7-29
2026-07-29,2026-07-01,2026-07-29,20,8210,勤誠,buy,7,國票-桃園,779r,104.0,3.0,101.0,,moneydj,https://fubon-ebrokerdj.fbs.com.tw/z/zc/zco/zco.djhtm?a=8210&e=2026-7-1&f=2026-7-29
2026-07-29,2026-07-01,2026-07-29,20,8210,勤誠,sell,7,康和,8450,1.0,174.0,173.0,,moneydj,https://fubon-ebrokerdj.fbs.com.tw/z/zc/zco/zco.djhtm?a=8210&e=2026-7-1&f=2026-7-29
2026-07-29,2026-07-01,2026-07-29,20,8210,勤誠,buy,8,港商麥格理,1360,85.0,3.0,82.0,,moneydj,https://fubon-ebrokerdj.fbs.com.tw/z/zc/zco/zco.djhtm?a=8210&e=2026-7-1&f=2026-7-29
2026-07-29,2026-07-01,2026-07-29,20,8210,勤誠,sell,8,凱基-台北,9268,1520.0,1677.0,157.0,,moneydj,https://fubon-ebrokerdj.fbs.com.tw/z/zc/zco/zco.djhtm?a=8210&e=2026-7-1&f=2026-7-29
2026-07-29,2026-07-01,2026-07-29,20,8210,勤誠,buy,9,凱基,9200,346.0,272.0,74.0,,moneydj,https://fubon-ebrokerdj.fbs.com.tw/z/zc/zco/zco.djhtm?a=8210&e=2026-7-1&f=2026-7-29
2026-07-29,2026-07-01,2026-07-29,20,8210,勤誠,sell,9,永豐金證券,9A00,176.0,332.0,156.0,,moneydj,https://fubon-ebrokerdj.fbs.com.tw/z/zc/zco/zco.djhtm?a=8210&e=2026-7-1&f=2026-7-29
2026-07-29,2026-07-01,2026-07-29,20,8210,勤誠,buy,10,群益金鼎-高雄,9183,65.0,5.0,60.0,,moneydj,https://fubon-ebrokerdj.fbs.com.tw/z/zc/zco/zco.djhtm?a=8210&e=2026-7-1&f=2026-7-29
2026-07-29,2026-07-01,2026-07-29,20,8210,勤誠,sell,10,(牛牛牛)亞證券,6010,0.0,132.0,132.0,,moneydj,https://fubon-ebrokerdj.fbs.com.tw/z/zc/zco/zco.djhtm?a=8210&e=2026-7-1&f=2026-7-29
2026-07-29,2026-07-01,2026-07-29,20,8046,南電,buy,1,永豐金證券,9A00,9090.0,5389.0,3701.0,,moneydj,https://fubon-ebrokerdj.fbs.com.tw/z/zc/zco/zco.djhtm?a=8046&e=2026-7-1&f=2026-7-29
2026-07-29,2026-07-01,2026-07-29,20,8046,南電,sell,1,台灣摩根士丹利,1470,17635.0,23111.0,5476.0,,moneydj,https://fubon-ebrokerdj.fbs.com.tw/z/zc/zco/zco.djhtm?a=8046&e=2026-7-1&f=2026-7-29
2026-07-29,2026-07-01,2026-07-29,20,8046,南電,buy,2,統一,5850,6341.0,4018.0,2323.0,,moneydj,https://fubon-ebrokerdj.fbs.com.tw/z/zc/zco/zco.djhtm?a=8046&e=2026-7-1&f=2026-7-29
2026-07-29,2026-07-01,2026-07-29,20,8046,南電,sell,2,美商高盛,1480,23896.0,28454.0,4558.0,,moneydj,https://fubon-ebrokerdj.fbs.com.tw/z/zc/zco/zco.djhtm?a=8046&e=2026-7-1&f=2026-7-29
2026-07-29,2026-07-01,2026-07-29,20,8046,南電,buy,3,凱基-站前,920F,3807.0,1892.0,1915.0,,moneydj,https://fubon-ebrokerdj.fbs.com.tw/z/zc/zco/zco.djhtm?a=8046&e=2026-7-1&f=2026-7-29
2026-07-29,2026-07-01,2026-07-29,20,8046,南電,sell,3,美林,1440,6770.0,9579.0,2809.0,,moneydj,https://fubon-ebrokerdj.fbs.com.tw/z/zc/zco/zco.djhtm?a=8046&e=2026-7-1&f=2026-7-29
2026-07-29,2026-07-01,2026-07-29,20,8046,南電,buy,4,元大證券,9800,41039.0,39614.0,1425.0,,moneydj,https://fubon-ebrokerdj.fbs.com.tw/z/zc/zco/zco.djhtm?a=8046&e=2026-7-1&f=2026-7-29
2026-07-29,2026-07-01,2026-07-29,20,8046,南電,sell,4,摩根大通,8440,8919.0,10526.0,1607.0,,moneydj,https://fubon-ebrokerdj.fbs.com.tw/z/zc/zco/zco.djhtm?a=8046&e=2026-7-1&f=2026-7-29
2026-07-29,2026-07-01,2026-07-29,20,8046,南電,buy,5,新加坡商瑞銀,1650,8908.0,7914.0,994.0,,moneydj,https://fubon-ebrokerdj.fbs.com.tw/z/zc/zco/zco.djhtm?a=8046&e=2026-7-1&f=2026-7-29
2026-07-29,2026-07-01,2026-07-29,20,8046,南電,sell,5,港商野村,1560,2220.0,3317.0,1097.0,,moneydj,https://fubon-ebrokerdj.fbs.com.tw/z/zc/zco/zco.djhtm?a=8046&e=2026-7-1&f=2026-7-29
2026-07-29,2026-07-01,2026-07-29,20,8046,南電,buy,6,宏遠證券,1260,1665.0,760.0,905.0,,moneydj,https://fubon-ebrokerdj.fbs.com.tw/z/zc/zco/zco.djhtm?a=8046&e=2026-7-1&f=2026-7-29
2026-07-29,2026-07-01,2026-07-29,20,8046,南電,sell,6,凱基-台北,9268,23561.0,24422.0,861.0,,moneydj,https://fubon-ebrokerdj.fbs.com.tw/z/zc/zco/zco.djhtm?a=8046&e=2026-7-1&f=2026-7-29
2026-07-29,2026-07-01,2026-07-29,20,8046,南電,buy,7,凱基,9200,2437.0,1542.0,895.0,,moneydj,https://fubon-ebrokerdj.fbs.com.tw/z/zc/zco/zco.djhtm?a=8046&e=2026-7-1&f=2026-7-29
2026-07-29,2026-07-01,2026-07-29,20,8046,南電,sell,7,港商麥格理,1360,192.0,880.0,688.0,,moneydj,https://fubon-ebrokerdj.fbs.com.tw/z/zc/zco/zco.djhtm?a=8046&e=2026-7-1&f=2026-7-29
2026-07-29,2026-07-01,2026-07-29,20,8046,南電,buy,8,兆豐證券,7000,1439.0,636.0,803.0,,moneydj,https://fubon-ebrokerdj.fbs.com.tw/z/zc/zco/zco.djhtm?a=8046&e=2026-7-1&f=2026-7-29
2026-07-29,2026-07-01,2026-07-29,20,8046,南電,sell,8,法銀巴黎,8900,272.0,727.0,455.0,,moneydj,https://fubon-ebrokerdj.fbs.com.tw/z/zc/zco/zco.djhtm?a=8046&e=2026-7-1&f=2026-7-29
2026-07-29,2026-07-01,2026-07-29,20,8046,南電,buy,9,國泰證券,8880,2484.0,1757.0,727.0,,moneydj,https://fubon-ebrokerdj.fbs.com.tw/z/zc/zco/zco.djhtm?a=8046&e=2026-7-1&f=2026-7-29
2026-07-29,2026-07-01,2026-07-29,20,8046,南電,sell,9,兆豐-忠孝,700a,898.0,1129.0,231.0,,moneydj,https://fubon-ebrokerdj.fbs.com.tw/z/zc/zco/zco.djhtm?a=8046&e=2026-7-1&f=2026-7-29
2026-07-29,2026-07-01,2026-07-29,20,8046,南電,buy,10,康和,8450,1181.0,519.0,662.0,,moneydj,https://fubon-ebrokerdj.fbs.com.tw/z/zc/zco/zco.djhtm?a=8046&e=2026-7-1&f=2026-7-29
2026-07-29,2026-07-01,2026-07-29,20,8046,南電,sell,10,永豐金-敦北,9A89,1150.0,1377.0,227.0,,moneydj,https://fubon-ebrokerdj.fbs.com.tw/z/zc/zco/zco.djhtm?a=8046&e=2026-7-1&f=2026-7-29
2026-07-29,2026-07-01,2026-07-29,20,6605,帝寶,buy,1,台灣摩根士丹利,1470,802.0,419.0,383.0,,moneydj,https://fubon-ebrokerdj.fbs.com.tw/z/zc/zco/zco.djhtm?a=6605&e=2026-7-1&f=2026-7-29
2026-07-29,2026-07-01,2026-07-29,20,6605,帝寶,sell,1,兆豐證券,7000,401.0,871.0,470.0,,moneydj,https://fubon-ebrokerdj.fbs.com.tw/z/zc/zco/zco.djhtm?a=6605&e=2026-7-1&f=2026-7-29
2026-07-29,2026-07-01,2026-07-29,20,6605,帝寶,buy,2,元大-彰化民生,989J,250.0,10.0,240.0,,moneydj,https://fubon-ebrokerdj.fbs.com.tw/z/zc/zco/zco.djhtm?a=6605&e=2026-7-1&f=2026-7-29
2026-07-29,2026-07-01,2026-07-29,20,6605,帝寶,sell,2,合庫證券,1020,5.0,465.0,460.0,,moneydj,https://fubon-ebrokerdj.fbs.com.tw/z/zc/zco/zco.djhtm?a=6605&e=2026-7-1&f=2026-7-29
2026-07-29,2026-07-01,2026-07-29,20,6605,帝寶,buy,3,玉山-大里,884J,182.0,1.0,181.0,,moneydj,https://fubon-ebrokerdj.fbs.com.tw/z/zc/zco/zco.djhtm?a=6605&e=2026-7-1&f=2026-7-29
2026-07-29,2026-07-01,2026-07-29,20,6605,帝寶,sell,3,元大證券,9800,227.0,660.0,433.0,,moneydj,https://fubon-ebrokerdj.fbs.com.tw/z/zc/zco/zco.djhtm?a=6605&e=2026-7-1&f=2026-7-29
2026-07-29,2026-07-01,2026-07-29,20,6605,帝寶,buy,4,美林,1440,499.0,330.0,169.0,,moneydj,https://fubon-ebrokerdj.fbs.com.tw/z/zc/zco/zco.djhtm?a=6605&e=2026-7-1&f=2026-7-29
2026-07-29,2026-07-01,2026-07-29,20,6605,帝寶,sell,4,富邦證券,9600,79.0,406.0,327.0,,moneydj,https://fubon-ebrokerdj.fbs.com.tw/z/zc/zco/zco.djhtm?a=6605&e=2026-7-1&f=2026-7-29
2026-07-29,2026-07-01,2026-07-29,20,6605,帝寶,buy,5,新光,8560,190.0,45.0,145.0,,moneydj,https://fubon-ebrokerdj.fbs.com.tw/z/zc/zco/zco.djhtm?a=6605&e=2026-7-1&f=2026-7-29
2026-07-29,2026-07-01,2026-07-29,20,6605,帝寶,sell,5,兆豐-三民,700h,82.0,165.0,83.0,,moneydj,https://fubon-ebrokerdj.fbs.com.tw/z/zc/zco/zco.djhtm?a=6605&e=2026-7-1&f=2026-7-29
2026-07-29,2026-07-01,2026-07-29,20,6605,帝寶,buy,6,中國信託,6160,132.0,7.0,125.0,,moneydj,https://fubon-ebrokerdj.fbs.com.tw/z/zc/zco/zco.djhtm?a=6605&e=2026-7-1&f=2026-7-29
2026-07-29,2026-07-01,2026-07-29,20,6605,帝寶,sell,6,玉山-板橋,8846,0.0,75.0,75.0,,moneydj,https://fubon-ebrokerdj.fbs.com.tw/z/zc/zco/zco.djhtm?a=6605&e=2026-7-1&f=2026-7-29
2026-07-29,2026-07-01,2026-07-29,20,6605,帝寶,buy,7,新加坡商瑞銀,1650,242.0,163.0,79.0,,moneydj,https://fubon-ebrokerdj.fbs.com.tw/z/zc/zco/zco.djhtm?a=6605&e=2026-7-1&f=2026-7-29
2026-07-29,2026-07-01,2026-07-29,20,6605,帝寶,sell,7,美商高盛,1480,856.0,931.0,75.0,,moneydj,https://fubon-ebrokerdj.fbs.com.tw/z/zc/zco/zco.djhtm?a=6605&e=2026-7-1&f=2026-7-29
2026-07-29,2026-07-01,2026-07-29,20,6605,帝寶,buy,8,統一,5850,129.0,59.0,70.0,,moneydj,https://fubon-ebrokerdj.fbs.com.tw/z/zc/zco/zco.djhtm?a=6605&e=2026-7-1&f=2026-7-29
2026-07-29,2026-07-01,2026-07-29,20,6605,帝寶,sell,8,凱基-台北,9268,802.0,874.0,72.0,,moneydj,https://fubon-ebrokerdj.fbs.com.tw/z/zc/zco/zco.djhtm?a=6605&e=2026-7-1&f=2026-7-29
2026-07-29,2026-07-01,2026-07-29,20,6605,帝寶,buy,9,港商野村,1560,173.0,106.0,67.0,,moneydj,https://fubon-ebrokerdj.fbs.com.tw/z/zc/zco/zco.djhtm?a=6605&e=2026-7-1&f=2026-7-29
2026-07-29,2026-07-01,2026-07-29,20,6605,帝寶,sell,9,元大-大安,983N,60.0,119.0,59.0,,moneydj,https://fubon-ebrokerdj.fbs.com.tw/z/zc/zco/zco.djhtm?a=6605&e=2026-7-1&f=2026-7-29
2026-07-29,2026-07-01,2026-07-29,20,6605,帝寶,buy,10,康和,8450,60.0,2.0,58.0,,moneydj,https://fubon-ebrokerdj.fbs.com.tw/z/zc/zco/zco.djhtm?a=6605&e=2026-7-1&f=2026-7-29
2026-07-29,2026-07-01,2026-07-29,20,6605,帝寶,sell,10,凱基-高美館,9215,128.0,175.0,47.0,,moneydj,https://fubon-ebrokerdj.fbs.com.tw/z/zc/zco/zco.djhtm?a=6605&e=2026-7-1&f=2026-7-29
2026-07-29,2026-07-01,2026-07-29,20,6225,天瀚,buy,1,凱基-大安,9291,67.0,0.0,67.0,,moneydj,https://fubon-ebrokerdj.fbs.com.tw/z/zc/zco/zco.djhtm?a=6225&e=2026-7-1&f=2026-7-29
2026-07-29,2026-07-01,2026-07-29,20,6225,天瀚,sell,1,新光,8560,30.0,140.0,110.0,,moneydj,https://fubon-ebrokerdj.fbs.com.tw/z/zc/zco/zco.djhtm?a=6225&e=2026-7-1&f=2026-7-29
2026-07-29,2026-07-01,2026-07-29,20,6225,天瀚,buy,2,聯邦-忠孝,8583,97.0,42.0,55.0,,moneydj,https://fubon-ebrokerdj.fbs.com.tw/z/zc/zco/zco.djhtm?a=6225&e=2026-7-1&f=2026-7-29
2026-07-29,2026-07-01,2026-07-29,20,6225,天瀚,sell,2,凱基-埔墘,9288,15.0,53.0,38.0,,moneydj,https://fubon-ebrokerdj.fbs.com.tw/z/zc/zco/zco.djhtm?a=6225&e=2026-7-1&f=2026-7-29
2026-07-29,2026-07-01,2026-07-29,20,6225,天瀚,buy,3,元大-中和,989e,38.0,5.0,33.0,,moneydj,https://fubon-ebrokerdj.fbs.com.tw/z/zc/zco/zco.djhtm?a=6225&e=2026-7-1&f=2026-7-29
2026-07-29,2026-07-01,2026-07-29,20,6225,天瀚,sell,3,凱基-台南,9211,4.0,40.0,36.0,,moneydj,https://fubon-ebrokerdj.fbs.com.tw/z/zc/zco/zco.djhtm?a=6225&e=2026-7-1&f=2026-7-29
2026-07-29,2026-07-01,2026-07-29,20,6225,天瀚,buy,4,富邦-樹林,962E,31.0,0.0,31.0,,moneydj,https://fubon-ebrokerdj.fbs.com.tw/z/zc/zco/zco.djhtm?a=6225&e=2026-7-1&f=2026-7-29
2026-07-29,2026-07-01,2026-07-29,20,6225,天瀚,sell,4,群益金鼎-新竹,9186,0.0,20.0,20.0,,moneydj,https://fubon-ebrokerdj.fbs.com.tw/z/zc/zco/zco.djhtm?a=6225&e=2026-7-1&f=2026-7-29
2026-07-29,2026-07-01,2026-07-29,20,6225,天瀚,buy,5,國泰-敦南,8888,24.0,1.0,23.0,,moneydj,https://fubon-ebrokerdj.fbs.com.tw/z/zc/zco/zco.djhtm?a=6225&e=2026-7-1&f=2026-7-29
2026-07-29,2026-07-01,2026-07-29,20,6225,天瀚,sell,5,群益金鼎-崇德,913U,0.0,17.0,17.0,,moneydj,https://fubon-ebrokerdj.fbs.com.tw/z/zc/zco/zco.djhtm?a=6225&e=2026-7-1&f=2026-7-29
2026-07-29,2026-07-01,2026-07-29,20,6225,天瀚,buy,6,富邦-中壢,9636,23.0,0.0,23.0,,moneydj,https://fubon-ebrokerdj.fbs.com.tw/z/zc/zco/zco.djhtm?a=6225&e=2026-7-1&f=2026-7-29
2026-07-29,2026-07-01,2026-07-29,20,6225,天瀚,sell,6,富邦-高雄,9659,2.0,18.0,16.0,,moneydj,https://fubon-ebrokerdj.fbs.com.tw/z/zc/zco/zco.djhtm?a=6225&e=2026-7-1&f=2026-7-29
2026-07-29,2026-07-01,2026-07-29,20,6225,天瀚,buy,7,元大-新店中正,984C,19.0,0.0,19.0,,moneydj,https://fubon-ebrokerdj.fbs.com.tw/z/zc/zco/zco.djhtm?a=6225&e=2026-7-1&f=2026-7-29
2026-07-29,2026-07-01,2026-07-29,20,6225,天瀚,sell,7,元大-台中,9812,0.0,11.0,11.0,,moneydj,https://fubon-ebrokerdj.fbs.com.tw/z/zc/zco/zco.djhtm?a=6225&e=2026-7-1&f=2026-7-29
2026-07-29,2026-07-01,2026-07-29,20,6225,天瀚,buy,8,永豐金-中壢,9A99,14.0,0.0,14.0,,moneydj,https://fubon-ebrokerdj.fbs.com.tw/z/zc/zco/zco.djhtm?a=6225&e=2026-7-1&f=2026-7-29
2026-07-29,2026-07-01,2026-07-29,20,6225,天瀚,sell,8,永興-水湳,5602,0.0,10.0,10.0,,moneydj,https://fubon-ebrokerdj.fbs.com.tw/z/zc/zco/zco.djhtm?a=6225&e=2026-7-1&f=2026-7-29
2026-07-29,2026-07-01,2026-07-29,20,6225,天瀚,buy,9,永豐金-台中,9A9L,13.0,0.0,13.0,,moneydj,https://fubon-ebrokerdj.fbs.com.tw/z/zc/zco/zco.djhtm?a=6225&e=2026-7-1&f=2026-7-29
2026-07-29,2026-07-01,2026-07-29,20,6225,天瀚,sell,9,富邦-竹北,9624,0.0,10.0,10.0,,moneydj,https://fubon-ebrokerdj.fbs.com.tw/z/zc/zco/zco.djhtm?a=6225&e=2026-7-1&f=2026-7-29
2026-07-29,2026-07-01,2026-07-29,20,6225,天瀚,buy,10,華南永昌-中正,9359,10.0,0.0,10.0,,moneydj,https://fubon-ebrokerdj.fbs.com.tw/z/zc/zco/zco.djhtm?a=6225&e=2026-7-1&f=2026-7-29
2026-07-29,2026-07-01,2026-07-29,20,6225,天瀚,sell,10,美好-苗栗,5265,0.0,9.0,9.0,,moneydj,https://fubon-ebrokerdj.fbs.com.tw/z/zc/zco/zco.djhtm?a=6225&e=2026-7-1&f=2026-7-29
2026-07-29,2026-07-01,2026-07-29,20,8183,精星,buy,1,群益金鼎-內湖,918d,322.0,87.0,235.0,,moneydj,https://fubon-ebrokerdj.fbs.com.tw/z/zc/zco/zco.djhtm?a=8183&e=2026-7-1&f=2026-7-29
2026-07-29,2026-07-01,2026-07-29,20,8183,精星,sell,1,新光-新竹,8563,7.0,362.0,355.0,,moneydj,https://fubon-ebrokerdj.fbs.com.tw/z/zc/zco/zco.djhtm?a=8183&e=2026-7-1&f=2026-7-29
2026-07-29,2026-07-01,2026-07-29,20,8183,精星,buy,2,凱基-高美館,9215,199.0,7.0,192.0,,moneydj,https://fubon-ebrokerdj.fbs.com.tw/z/zc/zco/zco.djhtm?a=8183&e=2026-7-1&f=2026-7-29
2026-07-29,2026-07-01,2026-07-29,20,8183,精星,sell,2,凱基-台北,9268,1176.0,1339.0,163.0,,moneydj,https://fubon-ebrokerdj.fbs.com.tw/z/zc/zco/zco.djhtm?a=8183&e=2026-7-1&f=2026-7-29
2026-07-29,2026-07-01,2026-07-29,20,8183,精星,buy,3,港商野村,1560,284.0,182.0,102.0,,moneydj,https://fubon-ebrokerdj.fbs.com.tw/z/zc/zco/zco.djhtm?a=8183&e=2026-7-1&f=2026-7-29
2026-07-29,2026-07-01,2026-07-29,20,8183,精星,sell,3,台新-緯城,9B2A,24.0,154.0,130.0,,moneydj,https://fubon-ebrokerdj.fbs.com.tw/z/zc/zco/zco.djhtm?a=8183&e=2026-7-1&f=2026-7-29
2026-07-29,2026-07-01,2026-07-29,20,8183,精星,buy,4,康和-台北,845U,98.0,9.0,89.0,,moneydj,https://fubon-ebrokerdj.fbs.com.tw/z/zc/zco/zco.djhtm?a=8183&e=2026-7-1&f=2026-7-29
2026-07-29,2026-07-01,2026-07-29,20,8183,精星,sell,4,富邦-嘉義,9692,73.0,194.0,121.0,,moneydj,https://fubon-ebrokerdj.fbs.com.tw/z/zc/zco/zco.djhtm?a=8183&e=2026-7-1&f=2026-7-29
2026-07-29,2026-07-01,2026-07-29,20,8183,精星,buy,5,元大-北投,989A,95.0,16.0,79.0,,moneydj,https://fubon-ebrokerdj.fbs.com.tw/z/zc/zco/zco.djhtm?a=8183&e=2026-7-1&f=2026-7-29
2026-07-29,2026-07-01,2026-07-29,20,8183,精星,sell,5,美商高盛,1480,360.0,475.0,115.0,,moneydj,https://fubon-ebrokerdj.fbs.com.tw/z/zc/zco/zco.djhtm?a=8183&e=2026-7-1&f=2026-7-29
2026-07-29,2026-07-01,2026-07-29,20,8183,精星,buy,6,美好-泰山,5263,96.0,21.0,75.0,,moneydj,https://fubon-ebrokerdj.fbs.com.tw/z/zc/zco/zco.djhtm?a=8183&e=2026-7-1&f=2026-7-29
2026-07-29,2026-07-01,2026-07-29,20,8183,精星,sell,6,新加坡商瑞銀,1650,161.0,227.0,66.0,,moneydj,https://fubon-ebrokerdj.fbs.com.tw/z/zc/zco/zco.djhtm?a=8183&e=2026-7-1&f=2026-7-29
2026-07-29,2026-07-01,2026-07-29,20,8183,精星,buy,7,美林,1440,298.0,226.0,72.0,,moneydj,https://fubon-ebrokerdj.fbs.com.tw/z/zc/zco/zco.djhtm?a=8183&e=2026-7-1&f=2026-7-29
2026-07-29,2026-07-01,2026-07-29,20,8183,精星,sell,7,台新-台南,9B16,13.0,79.0,66.0,,moneydj,https://fubon-ebrokerdj.fbs.com.tw/z/zc/zco/zco.djhtm?a=8183&e=2026-7-1&f=2026-7-29
2026-07-29,2026-07-01,2026-07-29,20,8183,精星,buy,8,國票-桃園,779r,65.0,0.0,65.0,,moneydj,https://fubon-ebrokerdj.fbs.com.tw/z/zc/zco/zco.djhtm?a=8183&e=2026-7-1&f=2026-7-29
2026-07-29,2026-07-01,2026-07-29,20,8183,精星,sell,8,玉山-新竹,884H,23.0,85.0,62.0,,moneydj,https://fubon-ebrokerdj.fbs.com.tw/z/zc/zco/zco.djhtm?a=8183&e=2026-7-1&f=2026-7-29
2026-07-29,2026-07-01,2026-07-29,20,8183,精星,buy,9,富邦-南員林,961R,97.0,33.0,64.0,,moneydj,https://fubon-ebrokerdj.fbs.com.tw/z/zc/zco/zco.djhtm?a=8183&e=2026-7-1&f=2026-7-29
2026-07-29,2026-07-01,2026-07-29,20,8183,精星,sell,9,台新,9B00,102.0,161.0,59.0,,moneydj,https://fubon-ebrokerdj.fbs.com.tw/z/zc/zco/zco.djhtm?a=8183&e=2026-7-1&f=2026-7-29
2026-07-29,2026-07-01,2026-07-29,20,8183,精星,buy,10,新光-台中,8561,186.0,124.0,62.0,,moneydj,https://fubon-ebrokerdj.fbs.com.tw/z/zc/zco/zco.djhtm?a=8183&e=2026-7-1&f=2026-7-29
2026-07-29,2026-07-01,2026-07-29,20,8183,精星,sell,10,富邦-內湖,9627,6.0,59.0,53.0,,moneydj,https://fubon-ebrokerdj.fbs.com.tw/z/zc/zco/zco.djhtm?a=8183&e=2026-7-1&f=2026-7-29
2026-07-29,2026-07-01,2026-07-29,20,6613,朋億*,buy,1,永豐金證券,9A00,159.0,83.0,76.0,,moneydj,https://fubon-ebrokerdj.fbs.com.tw/z/zc/zco/zco.djhtm?a=6613&e=2026-7-1&f=2026-7-29
2026-07-29,2026-07-01,2026-07-29,20,6613,朋億*,sell,1,元大-竹科,980K,22.0,128.0,106.0,,moneydj,https://fubon-ebrokerdj.fbs.com.tw/z/zc/zco/zco.djhtm?a=6613&e=2026-7-1&f=2026-7-29
2026-07-29,2026-07-01,2026-07-29,20,6613,朋億*,buy,2,台新-花蓮,9B2y,108.0,54.0,54.0,,moneydj,https://fubon-ebrokerdj.fbs.com.tw/z/zc/zco/zco.djhtm?a=6613&e=2026-7-1&f=2026-7-29
2026-07-29,2026-07-01,2026-07-29,20,6613,朋億*,sell,2,新加坡商瑞銀,1650,279.0,378.0,99.0,,moneydj,https://fubon-ebrokerdj.fbs.com.tw/z/zc/zco/zco.djhtm?a=6613&e=2026-7-1&f=2026-7-29
2026-07-29,2026-07-01,2026-07-29,20,6613,朋億*,buy,3,摩根大通,8440,343.0,289.0,54.0,,moneydj,https://fubon-ebrokerdj.fbs.com.tw/z/zc/zco/zco.djhtm?a=6613&e=2026-7-1&f=2026-7-29
2026-07-29,2026-07-01,2026-07-29,20,6613,朋億*,sell,3,港商野村,1560,59.0,142.0,83.0,,moneydj,https://fubon-ebrokerdj.fbs.com.tw/z/zc/zco/zco.djhtm?a=6613&e=2026-7-1&f=2026-7-29
2026-07-29,2026-07-01,2026-07-29,20,6613,朋億*,buy,4,兆豐-台中,7003,42.0,0.0,42.0,,moneydj,https://fubon-ebrokerdj.fbs.com.tw/z/zc/zco/zco.djhtm?a=6613&e=2026-7-1&f=2026-7-29
2026-07-29,2026-07-01,2026-07-29,20,6613,朋億*,sell,4,第一金-自由,538E,73.0,154.0,81.0,,moneydj,https://fubon-ebrokerdj.fbs.com.tw/z/zc/zco/zco.djhtm?a=6613&e=2026-7-1&f=2026-7-29
2026-07-29,2026-07-01,2026-07-29,20,6613,朋億*,buy,5,富邦-新竹,9647,57.0,15.0,42.0,,moneydj,https://fubon-ebrokerdj.fbs.com.tw/z/zc/zco/zco.djhtm?a=6613&e=2026-7-1&f=2026-7-29
2026-07-29,2026-07-01,2026-07-29,20,6613,朋億*,sell,5,國票證券,7790,42.0,87.0,45.0,,moneydj,https://fubon-ebrokerdj.fbs.com.tw/z/zc/zco/zco.djhtm?a=6613&e=2026-7-1&f=2026-7-29
2026-07-29,2026-07-01,2026-07-29,20,6613,朋億*,buy,6,美林,1440,235.0,197.0,38.0,,moneydj,https://fubon-ebrokerdj.fbs.com.tw/z/zc/zco/zco.djhtm?a=6613&e=2026-7-1&f=2026-7-29
2026-07-29,2026-07-01,2026-07-29,20,6613,朋億*,sell,6,元大證券,9800,593.0,635.0,42.0,,moneydj,https://fubon-ebrokerdj.fbs.com.tw/z/zc/zco/zco.djhtm?a=6613&e=2026-7-1&f=2026-7-29
2026-07-29,2026-07-01,2026-07-29,20,6613,朋億*,buy,7,富邦-竹科,962C,71.0,33.0,38.0,,moneydj,https://fubon-ebrokerdj.fbs.com.tw/z/zc/zco/zco.djhtm?a=6613&e=2026-7-1&f=2026-7-29
2026-07-29,2026-07-01,2026-07-29,20,6613,朋億*,sell,7,台灣摩根士丹利,1470,437.0,477.0,40.0,,moneydj,https://fubon-ebrokerdj.fbs.com.tw/z/zc/zco/zco.djhtm?a=6613&e=2026-7-1&f=2026-7-29
2026-07-29,2026-07-01,2026-07-29,20,6613,朋億*,buy,8,合庫-西台中,102F,44.0,10.0,34.0,,moneydj,https://fubon-ebrokerdj.fbs.com.tw/z/zc/zco/zco.djhtm?a=6613&e=2026-7-1&f=2026-7-29
2026-07-29,2026-07-01,2026-07-29,20,6613,朋億*,sell,8,群益金鼎-高雄,9183,1.0,37.0,36.0,,moneydj,https://fubon-ebrokerdj.fbs.com.tw/z/zc/zco/zco.djhtm?a=6613&e=2026-7-1&f=2026-7-29
2026-07-29,2026-07-01,2026-07-29,20,6613,朋億*,buy,9,元大-林森,983B,36.0,3.0,33.0,,moneydj,https://fubon-ebrokerdj.fbs.com.tw/z/zc/zco/zco.djhtm?a=6613&e=2026-7-1&f=2026-7-29
2026-07-29,2026-07-01,2026-07-29,20,6613,朋億*,sell,9,康和,8450,1.0,32.0,31.0,,moneydj,https://fubon-ebrokerdj.fbs.com.tw/z/zc/zco/zco.djhtm?a=6613&e=2026-7-1&f=2026-7-29
2026-07-29,2026-07-01,2026-07-29,20,6613,朋億*,buy,10,美商高盛,1480,399.0,368.0,31.0,,moneydj,https://fubon-ebrokerdj.fbs.com.tw/z/zc/zco/zco.djhtm?a=6613&e=2026-7-1&f=2026-7-29
2026-07-29,2026-07-01,2026-07-29,20,6613,朋億*,sell,10,國票-敦北法人,779c,1.0,29.0,28.0,,moneydj,https://fubon-ebrokerdj.fbs.com.tw/z/zc/zco/zco.djhtm?a=6613&e=2026-7-1&f=2026-7-29
2026-07-29,2026-07-01,2026-07-29,20,6191,精成科,buy,1,群益金鼎,9100,7583.0,994.0,6589.0,,moneydj,https://fubon-ebrokerdj.fbs.com.tw/z/zc/zco/zco.djhtm?a=6191&e=2026-7-1&f=2026-7-29
2026-07-29,2026-07-01,2026-07-29,20,6191,精成科,sell,1,凱基-台北,9268,12791.0,17657.0,4866.0,,moneydj,https://fubon-ebrokerdj.fbs.com.tw/z/zc/zco/zco.djhtm?a=6191&e=2026-7-1&f=2026-7-29
2026-07-29,2026-07-01,2026-07-29,20,6191,精成科,buy,2,凱基,9200,3107.0,206.0,2901.0,,moneydj,https://fubon-ebrokerdj.fbs.com.tw/z/zc/zco/zco.djhtm?a=6191&e=2026-7-1&f=2026-7-29
2026-07-29,2026-07-01,2026-07-29,20,6191,精成科,sell,2,台灣摩根士丹利,1470,1806.0,5253.0,3447.0,,moneydj,https://fubon-ebrokerdj.fbs.com.tw/z/zc/zco/zco.djhtm?a=6191&e=2026-7-1&f=2026-7-29
2026-07-29,2026-07-01,2026-07-29,20,6191,精成科,buy,3,元大證券,9800,14120.0,11972.0,2148.0,,moneydj,https://fubon-ebrokerdj.fbs.com.tw/z/zc/zco/zco.djhtm?a=6191&e=2026-7-1&f=2026-7-29
2026-07-29,2026-07-01,2026-07-29,20,6191,精成科,sell,3,摩根大通,8440,3096.0,6193.0,3097.0,,moneydj,https://fubon-ebrokerdj.fbs.com.tw/z/zc/zco/zco.djhtm?a=6191&e=2026-7-1&f=2026-7-29
2026-07-29,2026-07-01,2026-07-29,20,6191,精成科,buy,4,國票-中港,779m,1307.0,65.0,1242.0,,moneydj,https://fubon-ebrokerdj.fbs.com.tw/z/zc/zco/zco.djhtm?a=6191&e=2026-7-1&f=2026-7-29
2026-07-29,2026-07-01,2026-07-29,20,6191,精成科,sell,4,美林,1440,1114.0,3518.0,2404.0,,moneydj,https://fubon-ebrokerdj.fbs.com.tw/z/zc/zco/zco.djhtm?a=6191&e=2026-7-1&f=2026-7-29
2026-07-29,2026-07-01,2026-07-29,20,6191,精成科,buy,5,統一,5850,2298.0,1137.0,1161.0,,moneydj,https://fubon-ebrokerdj.fbs.com.tw/z/zc/zco/zco.djhtm?a=6191&e=2026-7-1&f=2026-7-29
2026-07-29,2026-07-01,2026-07-29,20,6191,精成科,sell,5,美商高盛,1480,1493.0,3399.0,1906.0,,moneydj,https://fubon-ebrokerdj.fbs.com.tw/z/zc/zco/zco.djhtm?a=6191&e=2026-7-1&f=2026-7-29
2026-07-29,2026-07-01,2026-07-29,20,6191,精成科,buy,6,富邦證券,9600,5406.0,4413.0,993.0,,moneydj,https://fubon-ebrokerdj.fbs.com.tw/z/zc/zco/zco.djhtm?a=6191&e=2026-7-1&f=2026-7-29
2026-07-29,2026-07-01,2026-07-29,20,6191,精成科,sell,6,新加坡商瑞銀,1650,944.0,2572.0,1628.0,,moneydj,https://fubon-ebrokerdj.fbs.com.tw/z/zc/zco/zco.djhtm?a=6191&e=2026-7-1&f=2026-7-29
2026-07-29,2026-07-01,2026-07-29,20,6191,精成科,buy,7,元大-大同,989G,1001.0,254.0,747.0,,moneydj,https://fubon-ebrokerdj.fbs.com.tw/z/zc/zco/zco.djhtm?a=6191&e=2026-7-1&f=2026-7-29
2026-07-29,2026-07-01,2026-07-29,20,6191,精成科,sell,7,新百王,6210,218.0,1205.0,987.0,,moneydj,https://fubon-ebrokerdj.fbs.com.tw/z/zc/zco/zco.djhtm?a=6191&e=2026-7-1&f=2026-7-29
2026-07-29,2026-07-01,2026-07-29,20,6191,精成科,buy,8,元大-成功,989L,1636.0,1074.0,562.0,,moneydj,https://fubon-ebrokerdj.fbs.com.tw/z/zc/zco/zco.djhtm?a=6191&e=2026-7-1&f=2026-7-29
2026-07-29,2026-07-01,2026-07-29,20,6191,精成科,sell,8,花旗環球,1590,700.0,1598.0,898.0,,moneydj,https://fubon-ebrokerdj.fbs.com.tw/z/zc/zco/zco.djhtm?a=6191&e=2026-7-1&f=2026-7-29
2026-07-29,2026-07-01,2026-07-29,20,6191,精成科,buy,9,富邦-竹科,962C,650.0,115.0,535.0,,moneydj,https://fubon-ebrokerdj.fbs.com.tw/z/zc/zco/zco.djhtm?a=6191&e=2026-7-1&f=2026-7-29
2026-07-29,2026-07-01,2026-07-29,20,6191,精成科,sell,9,玉山-桃園,884F,217.0,620.0,403.0,,moneydj,https://fubon-ebrokerdj.fbs.com.tw/z/zc/zco/zco.djhtm?a=6191&e=2026-7-1&f=2026-7-29
2026-07-29,2026-07-01,2026-07-29,20,6191,精成科,buy,10,國票-台中,779v,540.0,219.0,321.0,,moneydj,https://fubon-ebrokerdj.fbs.com.tw/z/zc/zco/zco.djhtm?a=6191&e=2026-7-1&f=2026-7-29
2026-07-29,2026-07-01,2026-07-29,20,6191,精成科,sell,10,元大-和平,9863,192.0,494.0,302.0,,moneydj,https://fubon-ebrokerdj.fbs.com.tw/z/zc/zco/zco.djhtm?a=6191&e=2026-7-1&f=2026-7-29
2026-07-29,2026-07-01,2026-07-29,20,3114,好德,buy,1,凱基-台北,9268,2244.0,1302.0,942.0,,moneydj,https://fubon-ebrokerdj.fbs.com.tw/z/zc/zco/zco.djhtm?a=3114&e=2026-7-1&f=2026-7-29
2026-07-29,2026-07-01,2026-07-29,20,3114,好德,sell,1,台新-新營,9B11,19.0,362.0,343.0,,moneydj,https://fubon-ebrokerdj.fbs.com.tw/z/zc/zco/zco.djhtm?a=3114&e=2026-7-1&f=2026-7-29
2026-07-29,2026-07-01,2026-07-29,20,3114,好德,buy,2,摩根大通,8440,754.0,439.0,315.0,,moneydj,https://fubon-ebrokerdj.fbs.com.tw/z/zc/zco/zco.djhtm?a=3114&e=2026-7-1&f=2026-7-29
2026-07-29,2026-07-01,2026-07-29,20,3114,好德,sell,2,華南永昌-高雄,9303,26.0,223.0,197.0,,moneydj,https://fubon-ebrokerdj.fbs.com.tw/z/zc/zco/zco.djhtm?a=3114&e=2026-7-1&f=2026-7-29
2026-07-29,2026-07-01,2026-07-29,20,3114,好德,buy,3,新加坡商瑞銀,1650,506.0,383.0,123.0,,moneydj,https://fubon-ebrokerdj.fbs.com.tw/z/zc/zco/zco.djhtm?a=3114&e=2026-7-1&f=2026-7-29
2026-07-29,2026-07-01,2026-07-29,20,3114,好德,sell,3,台新,9B00,67.0,251.0,184.0,,moneydj,https://fubon-ebrokerdj.fbs.com.tw/z/zc/zco/zco.djhtm?a=3114&e=2026-7-1&f=2026-7-29
2026-07-29,2026-07-01,2026-07-29,20,3114,好德,buy,4,玉山-嘉義,8848,143.0,47.0,96.0,,moneydj,https://fubon-ebrokerdj.fbs.com.tw/z/zc/zco/zco.djhtm?a=3114&e=2026-7-1&f=2026-7-29
2026-07-29,2026-07-01,2026-07-29,20,3114,好德,sell,4,大展,5050,6.0,152.0,146.0,,moneydj,https://fubon-ebrokerdj.fbs.com.tw/z/zc/zco/zco.djhtm?a=3114&e=2026-7-1&f=2026-7-29
2026-07-29,2026-07-01,2026-07-29,20,3114,好德,buy,5,富邦-陽明,9604,118.0,26.0,92.0,,moneydj,https://fubon-ebrokerdj.fbs.com.tw/z/zc/zco/zco.djhtm?a=3114&e=2026-7-1&f=2026-7-29
2026-07-29,2026-07-01,2026-07-29,20,3114,好德,sell,5,富邦-新竹,9647,18.0,157.0,139.0,,moneydj,https://fubon-ebrokerdj.fbs.com.tw/z/zc/zco/zco.djhtm?a=3114&e=2026-7-1&f=2026-7-29
2026-07-29,2026-07-01,2026-07-29,20,3114,好德,buy,6,中國信託-三重,6161,90.0,20.0,70.0,,moneydj,https://fubon-ebrokerdj.fbs.com.tw/z/zc/zco/zco.djhtm?a=3114&e=2026-7-1&f=2026-7-29
2026-07-29,2026-07-01,2026-07-29,20,3114,好德,sell,6,國泰-敦南,8888,171.0,283.0,112.0,,moneydj,https://fubon-ebrokerdj.fbs.com.tw/z/zc/zco/zco.djhtm?a=3114&e=2026-7-1&f=2026-7-29
2026-07-29,2026-07-01,2026-07-29,20,3114,好德,buy,7,群益金鼎-鳳山,918c,91.0,30.0,61.0,,moneydj,https://fubon-ebrokerdj.fbs.com.tw/z/zc/zco/zco.djhtm?a=3114&e=2026-7-1&f=2026-7-29
2026-07-29,2026-07-01,2026-07-29,20,3114,好德,sell,7,元大-基隆,989Y,4.0,83.0,79.0,,moneydj,https://fubon-ebrokerdj.fbs.com.tw/z/zc/zco/zco.djhtm?a=3114&e=2026-7-1&f=2026-7-29
2026-07-29,2026-07-01,2026-07-29,20,3114,好德,buy,8,富邦-台北,9623,82.0,25.0,57.0,,moneydj,https://fubon-ebrokerdj.fbs.com.tw/z/zc/zco/zco.djhtm?a=3114&e=2026-7-1&f=2026-7-29
2026-07-29,2026-07-01,2026-07-29,20,3114,好德,sell,8,新光,8560,136.0,208.0,72.0,,moneydj,https://fubon-ebrokerdj.fbs.com.tw/z/zc/zco/zco.djhtm?a=3114&e=2026-7-1&f=2026-7-29
2026-07-29,2026-07-01,2026-07-29,20,3114,好德,buy,9,華南永昌-板橋,9349,79.0,25.0,54.0,,moneydj,https://fubon-ebrokerdj.fbs.com.tw/z/zc/zco/zco.djhtm?a=3114&e=2026-7-1&f=2026-7-29
2026-07-29,2026-07-01,2026-07-29,20,3114,好德,sell,9,合庫-西台中,102F,22.0,93.0,71.0,,moneydj,https://fubon-ebrokerdj.fbs.com.tw/z/zc/zco/zco.djhtm?a=3114&e=2026-7-1&f=2026-7-29
2026-07-29,2026-07-01,2026-07-29,20,3114,好德,buy,10,群益金鼎-三重,913g,62.0,11.0,51.0,,moneydj,https://fubon-ebrokerdj.fbs.com.tw/z/zc/zco/zco.djhtm?a=3114&e=2026-7-1&f=2026-7-29
2026-07-29,2026-07-01,2026-07-29,20,3114,好德,sell,10,富邦-台南,9667,18.0,82.0,64.0,,moneydj,https://fubon-ebrokerdj.fbs.com.tw/z/zc/zco/zco.djhtm?a=3114&e=2026-7-1&f=2026-7-29
2026-07-29,2026-07-01,2026-07-29,20,4406,新昕纖,buy,1,元大-館前,984K,177.0,30.0,147.0,,moneydj,https://fubon-ebrokerdj.fbs.com.tw/z/zc/zco/zco.djhtm?a=4406&e=2026-7-1&f=2026-7-29
2026-07-29,2026-07-01,2026-07-29,20,4406,新昕纖,sell,1,(牛牛牛)亞-網路,6012,0.0,150.0,150.0,,moneydj,https://fubon-ebrokerdj.fbs.com.tw/z/zc/zco/zco.djhtm?a=4406&e=2026-7-1&f=2026-7-29
2026-07-29,2026-07-01,2026-07-29,20,4406,新昕纖,buy,2,富邦-板橋,9655,197.0,71.0,126.0,,moneydj,https://fubon-ebrokerdj.fbs.com.tw/z/zc/zco/zco.djhtm?a=4406&e=2026-7-1&f=2026-7-29
2026-07-29,2026-07-01,2026-07-29,20,4406,新昕纖,sell,2,元大-長庚,988V,0.0,93.0,93.0,,moneydj,https://fubon-ebrokerdj.fbs.com.tw/z/zc/zco/zco.djhtm?a=4406&e=2026-7-1&f=2026-7-29
2026-07-29,2026-07-01,2026-07-29,20,4406,新昕纖,buy,3,凱基-桃園,9208,102.0,0.0,102.0,,moneydj,https://fubon-ebrokerdj.fbs.com.tw/z/zc/zco/zco.djhtm?a=4406&e=2026-7-1&f=2026-7-29
2026-07-29,2026-07-01,2026-07-29,20,4406,新昕纖,sell,3,大昌-新店,6464,0.0,47.0,47.0,,moneydj,https://fubon-ebrokerdj.fbs.com.tw/z/zc/zco/zco.djhtm?a=4406&e=2026-7-1&f=2026-7-29
2026-07-29,2026-07-01,2026-07-29,20,4406,新昕纖,buy,4,合庫-西台中,102F,89.0,4.0,85.0,,moneydj,https://fubon-ebrokerdj.fbs.com.tw/z/zc/zco/zco.djhtm?a=4406&e=2026-7-1&f=2026-7-29
2026-07-29,2026-07-01,2026-07-29,20,4406,新昕纖,sell,4,國泰-館前,888A,13.0,50.0,37.0,,moneydj,https://fubon-ebrokerdj.fbs.com.tw/z/zc/zco/zco.djhtm?a=4406&e=2026-7-1&f=2026-7-29
2026-07-29,2026-07-01,2026-07-29,20,4406,新昕纖,buy,5,台新-新營,9B11,30.0,0.0,30.0,,moneydj,https://fubon-ebrokerdj.fbs.com.tw/z/zc/zco/zco.djhtm?a=4406&e=2026-7-1&f=2026-7-29
2026-07-29,2026-07-01,2026-07-29,20,4406,新昕纖,sell,5,富邦-仁愛,9676,0.0,32.0,32.0,,moneydj,https://fubon-ebrokerdj.fbs.com.tw/z/zc/zco/zco.djhtm?a=4406&e=2026-7-1&f=2026-7-29
2026-07-29,2026-07-01,2026-07-29,20,4406,新昕纖,buy,6,群益金鼎-高盛,9105,20.0,0.0,20.0,,moneydj,https://fubon-ebrokerdj.fbs.com.tw/z/zc/zco/zco.djhtm?a=4406&e=2026-7-1&f=2026-7-29
2026-07-29,2026-07-01,2026-07-29,20,4406,新昕纖,sell,6,凱基-站前,920F,0.0,30.0,30.0,,moneydj,https://fubon-ebrokerdj.fbs.com.tw/z/zc/zco/zco.djhtm?a=4406&e=2026-7-1&f=2026-7-29
2026-07-29,2026-07-01,2026-07-29,20,4406,新昕纖,buy,7,台新-五權西,9B25,13.0,0.0,13.0,,moneydj,https://fubon-ebrokerdj.fbs.com.tw/z/zc/zco/zco.djhtm?a=4406&e=2026-7-1&f=2026-7-29
2026-07-29,2026-07-01,2026-07-29,20,4406,新昕纖,sell,7,新光,8560,2.0,23.0,21.0,,moneydj,https://fubon-ebrokerdj.fbs.com.tw/z/zc/zco/zco.djhtm?a=4406&e=2026-7-1&f=2026-7-29
2026-07-29,2026-07-01,2026-07-29,20,4406,新昕纖,buy,8,致和-小北,7039,11.0,0.0,11.0,,moneydj,https://fubon-ebrokerdj.fbs.com.tw/z/zc/zco/zco.djhtm?a=4406&e=2026-7-1&f=2026-7-29
2026-07-29,2026-07-01,2026-07-29,20,4406,新昕纖,sell,8,凱基-台北,9268,8.0,27.0,19.0,,moneydj,https://fubon-ebrokerdj.fbs.com.tw/z/zc/zco/zco.djhtm?a=4406&e=2026-7-1&f=2026-7-29
2026-07-29,2026-07-01,2026-07-29,20,4406,新昕纖,buy,9,臺銀-高雄,104C,10.0,0.0,10.0,,moneydj,https://fubon-ebrokerdj.fbs.com.tw/z/zc/zco/zco.djhtm?a=4406&e=2026-7-1&f=2026-7-29
2026-07-29,2026-07-01,2026-07-29,20,4406,新昕纖,sell,9,兆豐-桃園,700M,17.0,31.0,14.0,,moneydj,https://fubon-ebrokerdj.fbs.com.tw/z/zc/zco/zco.djhtm?a=4406&e=2026-7-1&f=2026-7-29
2026-07-29,2026-07-01,2026-07-29,20,4406,新昕纖,buy,10,元大-大同,989G,15.0,5.0,10.0,,moneydj,https://fubon-ebrokerdj.fbs.com.tw/z/zc/zco/zco.djhtm?a=4406&e=2026-7-1&f=2026-7-29
2026-07-29,2026-07-01,2026-07-29,20,4406,新昕纖,sell,10,永豐金-板新,9A9J,5.0,18.0,13.0,,moneydj,https://fubon-ebrokerdj.fbs.com.tw/z/zc/zco/zco.djhtm?a=4406&e=2026-7-1&f=2026-7-29
2026-07-29,2026-07-01,2026-07-29,20,1203,味王,buy,1,陽信-石牌,8711,81.0,0.0,81.0,,moneydj,https://fubon-ebrokerdj.fbs.com.tw/z/zc/zco/zco.djhtm?a=1203&e=2026-7-1&f=2026-7-29
2026-07-29,2026-07-01,2026-07-29,20,1203,味王,sell,1,凱基-信義,9216,0.0,44.0,44.0,,moneydj,https://fubon-ebrokerdj.fbs.com.tw/z/zc/zco/zco.djhtm?a=1203&e=2026-7-1&f=2026-7-29
2026-07-29,2026-07-01,2026-07-29,20,1203,味王,buy,2,美林,1440,67.0,7.0,60.0,,moneydj,https://fubon-ebrokerdj.fbs.com.tw/z/zc/zco/zco.djhtm?a=1203&e=2026-7-1&f=2026-7-29
2026-07-29,2026-07-01,2026-07-29,20,1203,味王,sell,2,國泰-敦南,8888,4.0,38.0,34.0,,moneydj,https://fubon-ebrokerdj.fbs.com.tw/z/zc/zco/zco.djhtm?a=1203&e=2026-7-1&f=2026-7-29
2026-07-29,2026-07-01,2026-07-29,20,1203,味王,buy,3,花旗環球,1590,61.0,7.0,54.0,,moneydj,https://fubon-ebrokerdj.fbs.com.tw/z/zc/zco/zco.djhtm?a=1203&e=2026-7-1&f=2026-7-29
2026-07-29,2026-07-01,2026-07-29,20,1203,味王,sell,3,第一金-台中,5382,0.0,30.0,30.0,,moneydj,https://fubon-ebrokerdj.fbs.com.tw/z/zc/zco/zco.djhtm?a=1203&e=2026-7-1&f=2026-7-29
2026-07-29,2026-07-01,2026-07-29,20,1203,味王,buy,4,摩根大通,8440,74.0,24.0,50.0,,moneydj,https://fubon-ebrokerdj.fbs.com.tw/z/zc/zco/zco.djhtm?a=1203&e=2026-7-1&f=2026-7-29
2026-07-29,2026-07-01,2026-07-29,20,1203,味王,sell,4,富邦-和美,961P,2.0,27.0,25.0,,moneydj,https://fubon-ebrokerdj.fbs.com.tw/z/zc/zco/zco.djhtm?a=1203&e=2026-7-1&f=2026-7-29
2026-07-29,2026-07-01,2026-07-29,20,1203,味王,buy,5,國票證券,7790,45.0,1.0,44.0,,moneydj,https://fubon-ebrokerdj.fbs.com.tw/z/zc/zco/zco.djhtm?a=1203&e=2026-7-1&f=2026-7-29
2026-07-29,2026-07-01,2026-07-29,20,1203,味王,sell,5,兆豐-台南,7006,0.0,18.0,18.0,,moneydj,https://fubon-ebrokerdj.fbs.com.tw/z/zc/zco/zco.djhtm?a=1203&e=2026-7-1&f=2026-7-29
2026-07-29,2026-07-01,2026-07-29,20,1203,味王,buy,6,台灣摩根士丹利,1470,37.0,11.0,26.0,,moneydj,https://fubon-ebrokerdj.fbs.com.tw/z/zc/zco/zco.djhtm?a=1203&e=2026-7-1&f=2026-7-29
2026-07-29,2026-07-01,2026-07-29,20,1203,味王,sell,6,合庫-自強,102C,0.0,17.0,17.0,,moneydj,https://fubon-ebrokerdj.fbs.com.tw/z/zc/zco/zco.djhtm?a=1203&e=2026-7-1&f=2026-7-29
2026-07-29,2026-07-01,2026-07-29,20,1203,味王,buy,7,新加坡商瑞銀,1650,25.0,3.0,22.0,,moneydj,https://fubon-ebrokerdj.fbs.com.tw/z/zc/zco/zco.djhtm?a=1203&e=2026-7-1&f=2026-7-29
2026-07-29,2026-07-01,2026-07-29,20,1203,味王,sell,7,國票-安和,779Z,0.0,15.0,15.0,,moneydj,https://fubon-ebrokerdj.fbs.com.tw/z/zc/zco/zco.djhtm?a=1203&e=2026-7-1&f=2026-7-29
2026-07-29,2026-07-01,2026-07-29,20,1203,味王,buy,8,康和-延平,8451,20.0,0.0,20.0,,moneydj,https://fubon-ebrokerdj.fbs.com.tw/z/zc/zco/zco.djhtm?a=1203&e=2026-7-1&f=2026-7-29
2026-07-29,2026-07-01,2026-07-29,20,1203,味王,sell,8,凱基-高美館,9215,0.0,11.0,11.0,,moneydj,https://fubon-ebrokerdj.fbs.com.tw/z/zc/zco/zco.djhtm?a=1203&e=2026-7-1&f=2026-7-29
2026-07-29,2026-07-01,2026-07-29,20,1203,味王,buy,9,永豐金證券,9A00,43.0,26.0,17.0,,moneydj,https://fubon-ebrokerdj.fbs.com.tw/z/zc/zco/zco.djhtm?a=1203&e=2026-7-1&f=2026-7-29
2026-07-29,2026-07-01,2026-07-29,20,1203,味王,sell,9,國票-台南,779D,0.0,10.0,10.0,,moneydj,https://fubon-ebrokerdj.fbs.com.tw/z/zc/zco/zco.djhtm?a=1203&e=2026-7-1&f=2026-7-29
2026-07-29,2026-07-01,2026-07-29,20,1203,味王,buy,10,凱基-台北,9268,148.0,132.0,16.0,,moneydj,https://fubon-ebrokerdj.fbs.com.tw/z/zc/zco/zco.djhtm?a=1203&e=2026-7-1&f=2026-7-29
2026-07-29,2026-07-01,2026-07-29,20,1203,味王,sell,10,兆豐-北高雄,700I,0.0,10.0,10.0,,moneydj,https://fubon-ebrokerdj.fbs.com.tw/z/zc/zco/zco.djhtm?a=1203&e=2026-7-1&f=2026-7-29
2026-07-29,2026-07-01,2026-07-29,20,8069,元太,buy,1,永豐金證券,9A00,7479.0,2044.0,5435.0,,moneydj,https://fubon-ebrokerdj.fbs.com.tw/z/zc/zco/zco.djhtm?a=8069&e=2026-7-1&f=2026-7-29
2026-07-29,2026-07-01,2026-07-29,20,8069,元太,sell,1,台灣摩根士丹利,1470,5714.0,19364.0,13650.0,,moneydj,https://fubon-ebrokerdj.fbs.com.tw/z/zc/zco/zco.djhtm?a=8069&e=2026-7-1&f=2026-7-29
2026-07-29,2026-07-01,2026-07-29,20,8069,元太,buy,2,港商麥格理,1360,4665.0,392.0,4273.0,,moneydj,https://fubon-ebrokerdj.fbs.com.tw/z/zc/zco/zco.djhtm?a=8069&e=2026-7-1&f=2026-7-29
2026-07-29,2026-07-01,2026-07-29,20,8069,元太,sell,2,美商高盛,1480,6165.0,17291.0,11126.0,,moneydj,https://fubon-ebrokerdj.fbs.com.tw/z/zc/zco/zco.djhtm?a=8069&e=2026-7-1&f=2026-7-29
2026-07-29,2026-07-01,2026-07-29,20,8069,元太,buy,3,富邦證券,9600,6148.0,3294.0,2854.0,,moneydj,https://fubon-ebrokerdj.fbs.com.tw/z/zc/zco/zco.djhtm?a=8069&e=2026-7-1&f=2026-7-29
2026-07-29,2026-07-01,2026-07-29,20,8069,元太,sell,3,港商野村,1560,989.0,3338.0,2349.0,,moneydj,https://fubon-ebrokerdj.fbs.com.tw/z/zc/zco/zco.djhtm?a=8069&e=2026-7-1&f=2026-7-29
2026-07-29,2026-07-01,2026-07-29,20,8069,元太,buy,4,花旗環球,1590,5188.0,2526.0,2662.0,,moneydj,https://fubon-ebrokerdj.fbs.com.tw/z/zc/zco/zco.djhtm?a=8069&e=2026-7-1&f=2026-7-29
2026-07-29,2026-07-01,2026-07-29,20,8069,元太,sell,4,凱基-台北,9268,8692.0,11009.0,2317.0,,moneydj,https://fubon-ebrokerdj.fbs.com.tw/z/zc/zco/zco.djhtm?a=8069&e=2026-7-1&f=2026-7-29
2026-07-29,2026-07-01,2026-07-29,20,8069,元太,buy,5,美林,1440,6734.0,4580.0,2154.0,,moneydj,https://fubon-ebrokerdj.fbs.com.tw/z/zc/zco/zco.djhtm?a=8069&e=2026-7-1&f=2026-7-29
2026-07-29,2026-07-01,2026-07-29,20,8069,元太,sell,5,新加坡商瑞銀,1650,5623.0,7922.0,2299.0,,moneydj,https://fubon-ebrokerdj.fbs.com.tw/z/zc/zco/zco.djhtm?a=8069&e=2026-7-1&f=2026-7-29
2026-07-29,2026-07-01,2026-07-29,20,8069,元太,buy,6,元大證券,9800,11271.0,9328.0,1943.0,,moneydj,https://fubon-ebrokerdj.fbs.com.tw/z/zc/zco/zco.djhtm?a=8069&e=2026-7-1&f=2026-7-29
2026-07-29,2026-07-01,2026-07-29,20,8069,元太,sell,6,國泰證券,8880,769.0,2170.0,1401.0,,moneydj,https://fubon-ebrokerdj.fbs.com.tw/z/zc/zco/zco.djhtm?a=8069&e=2026-7-1&f=2026-7-29
2026-07-29,2026-07-01,2026-07-29,20,8069,元太,buy,7,群益金鼎,9100,3374.0,1436.0,1938.0,,moneydj,https://fubon-ebrokerdj.fbs.com.tw/z/zc/zco/zco.djhtm?a=8069&e=2026-7-1&f=2026-7-29
2026-07-29,2026-07-01,2026-07-29,20,8069,元太,sell,7,宏遠證券,1260,172.0,1125.0,953.0,,moneydj,https://fubon-ebrokerdj.fbs.com.tw/z/zc/zco/zco.djhtm?a=8069&e=2026-7-1&f=2026-7-29
2026-07-29,2026-07-01,2026-07-29,20,8069,元太,buy,8,摩根大通,8440,11207.0,9373.0,1834.0,,moneydj,https://fubon-ebrokerdj.fbs.com.tw/z/zc/zco/zco.djhtm?a=8069&e=2026-7-1&f=2026-7-29
2026-07-29,2026-07-01,2026-07-29,20,8069,元太,sell,8,彰銀,1230,20.0,877.0,857.0,,moneydj,https://fubon-ebrokerdj.fbs.com.tw/z/zc/zco/zco.djhtm?a=8069&e=2026-7-1&f=2026-7-29
2026-07-29,2026-07-01,2026-07-29,20,8069,元太,buy,9,凱基,9200,2173.0,825.0,1348.0,,moneydj,https://fubon-ebrokerdj.fbs.com.tw/z/zc/zco/zco.djhtm?a=8069&e=2026-7-1&f=2026-7-29
2026-07-29,2026-07-01,2026-07-29,20,8069,元太,sell,9,法銀巴黎,8900,156.0,842.0,686.0,,moneydj,https://fubon-ebrokerdj.fbs.com.tw/z/zc/zco/zco.djhtm?a=8069&e=2026-7-1&f=2026-7-29
2026-07-29,2026-07-01,2026-07-29,20,8069,元太,buy,10,統一,5850,2194.0,1576.0,618.0,,moneydj,https://fubon-ebrokerdj.fbs.com.tw/z/zc/zco/zco.djhtm?a=8069&e=2026-7-1&f=2026-7-29
2026-07-29,2026-07-01,2026-07-29,20,8069,元太,sell,10,華南永昌-長虹,9333,594.0,1015.0,421.0,,moneydj,https://fubon-ebrokerdj.fbs.com.tw/z/zc/zco/zco.djhtm?a=8069&e=2026-7-1&f=2026-7-29
2026-07-29,2026-07-01,2026-07-29,20,4976,佳凌,buy,1,元大-台北,980h,3691.0,1978.0,1713.0,,moneydj,https://fubon-ebrokerdj.fbs.com.tw/z/zc/zco/zco.djhtm?a=4976&e=2026-7-1&f=2026-7-29
2026-07-29,2026-07-01,2026-07-29,20,4976,佳凌,sell,1,凱基-台北,9268,3940.0,4436.0,496.0,,moneydj,https://fubon-ebrokerdj.fbs.com.tw/z/zc/zco/zco.djhtm?a=4976&e=2026-7-1&f=2026-7-29
2026-07-29,2026-07-01,2026-07-29,20,4976,佳凌,buy,2,元大-中和,989e,554.0,24.0,530.0,,moneydj,https://fubon-ebrokerdj.fbs.com.tw/z/zc/zco/zco.djhtm?a=4976&e=2026-7-1&f=2026-7-29
2026-07-29,2026-07-01,2026-07-29,20,4976,佳凌,sell,2,台新-板橋,9B2b,203.0,413.0,210.0,,moneydj,https://fubon-ebrokerdj.fbs.com.tw/z/zc/zco/zco.djhtm?a=4976&e=2026-7-1&f=2026-7-29
2026-07-29,2026-07-01,2026-07-29,20,4976,佳凌,buy,3,華南永昌-基隆,9322,362.0,75.0,287.0,,moneydj,https://fubon-ebrokerdj.fbs.com.tw/z/zc/zco/zco.djhtm?a=4976&e=2026-7-1&f=2026-7-29
2026-07-29,2026-07-01,2026-07-29,20,4976,佳凌,sell,3,台新-屏東,9B1n,64.0,249.0,185.0,,moneydj,https://fubon-ebrokerdj.fbs.com.tw/z/zc/zco/zco.djhtm?a=4976&e=2026-7-1&f=2026-7-29
2026-07-29,2026-07-01,2026-07-29,20,4976,佳凌,buy,4,元大-竹科,980K,461.0,201.0,260.0,,moneydj,https://fubon-ebrokerdj.fbs.com.tw/z/zc/zco/zco.djhtm?a=4976&e=2026-7-1&f=2026-7-29
2026-07-29,2026-07-01,2026-07-29,20,4976,佳凌,sell,4,美林,1440,632.0,809.0,177.0,,moneydj,https://fubon-ebrokerdj.fbs.com.tw/z/zc/zco/zco.djhtm?a=4976&e=2026-7-1&f=2026-7-29
2026-07-29,2026-07-01,2026-07-29,20,4976,佳凌,buy,5,元大-上新莊,983G,249.0,56.0,193.0,,moneydj,https://fubon-ebrokerdj.fbs.com.tw/z/zc/zco/zco.djhtm?a=4976&e=2026-7-1&f=2026-7-29
2026-07-29,2026-07-01,2026-07-29,20,4976,佳凌,sell,5,凱基-豐中,9223,290.0,459.0,169.0,,moneydj,https://fubon-ebrokerdj.fbs.com.tw/z/zc/zco/zco.djhtm?a=4976&e=2026-7-1&f=2026-7-29
2026-07-29,2026-07-01,2026-07-29,20,4976,佳凌,buy,6,玉山-高雄,8843,247.0,86.0,161.0,,moneydj,https://fubon-ebrokerdj.fbs.com.tw/z/zc/zco/zco.djhtm?a=4976&e=2026-7-1&f=2026-7-29
2026-07-29,2026-07-01,2026-07-29,20,4976,佳凌,sell,6,美商高盛,1480,877.0,1033.0,156.0,,moneydj,https://fubon-ebrokerdj.fbs.com.tw/z/zc/zco/zco.djhtm?a=4976&e=2026-7-1&f=2026-7-29
2026-07-29,2026-07-01,2026-07-29,20,4976,佳凌,buy,7,凱基-三多,9275,138.0,7.0,131.0,,moneydj,https://fubon-ebrokerdj.fbs.com.tw/z/zc/zco/zco.djhtm?a=4976&e=2026-7-1&f=2026-7-29
2026-07-29,2026-07-01,2026-07-29,20,4976,佳凌,sell,7,新加坡商瑞銀,1650,523.0,664.0,141.0,,moneydj,https://fubon-ebrokerdj.fbs.com.tw/z/zc/zco/zco.djhtm?a=4976&e=2026-7-1&f=2026-7-29
2026-07-29,2026-07-01,2026-07-29,20,4976,佳凌,buy,8,宏遠-台中,126L,130.0,14.0,116.0,,moneydj,https://fubon-ebrokerdj.fbs.com.tw/z/zc/zco/zco.djhtm?a=4976&e=2026-7-1&f=2026-7-29
2026-07-29,2026-07-01,2026-07-29,20,4976,佳凌,sell,8,新光-台南,8564,82.0,215.0,133.0,,moneydj,https://fubon-ebrokerdj.fbs.com.tw/z/zc/zco/zco.djhtm?a=4976&e=2026-7-1&f=2026-7-29
2026-07-29,2026-07-01,2026-07-29,20,4976,佳凌,buy,9,凱基,9200,101.0,3.0,98.0,,moneydj,https://fubon-ebrokerdj.fbs.com.tw/z/zc/zco/zco.djhtm?a=4976&e=2026-7-1&f=2026-7-29
2026-07-29,2026-07-01,2026-07-29,20,4976,佳凌,sell,9,元大-文心興安,9854,120.0,251.0,131.0,,moneydj,https://fubon-ebrokerdj.fbs.com.tw/z/zc/zco/zco.djhtm?a=4976&e=2026-7-1&f=2026-7-29
2026-07-29,2026-07-01,2026-07-29,20,4976,佳凌,buy,10,台新-松江,9B15,220.0,124.0,96.0,,moneydj,https://fubon-ebrokerdj.fbs.com.tw/z/zc/zco/zco.djhtm?a=4976&e=2026-7-1&f=2026-7-29
2026-07-29,2026-07-01,2026-07-29,20,4976,佳凌,sell,10,華南永昌-豐原,9366,44.0,160.0,116.0,,moneydj,https://fubon-ebrokerdj.fbs.com.tw/z/zc/zco/zco.djhtm?a=4976&e=2026-7-1&f=2026-7-29
2026-07-29,2026-07-01,2026-07-29,20,8383,千附,buy,1,台灣摩根士丹利,1470,5741.0,3901.0,1840.0,,moneydj,https://fubon-ebrokerdj.fbs.com.tw/z/zc/zco/zco.djhtm?a=8383&e=2026-7-1&f=2026-7-29
2026-07-29,2026-07-01,2026-07-29,20,8383,千附,sell,1,凱基-台北,9268,7151.0,7553.0,402.0,,moneydj,https://fubon-ebrokerdj.fbs.com.tw/z/zc/zco/zco.djhtm?a=8383&e=2026-7-1&f=2026-7-29
2026-07-29,2026-07-01,2026-07-29,20,8383,千附,buy,2,美商高盛,1480,4454.0,3059.0,1395.0,,moneydj,https://fubon-ebrokerdj.fbs.com.tw/z/zc/zco/zco.djhtm?a=8383&e=2026-7-1&f=2026-7-29
2026-07-29,2026-07-01,2026-07-29,20,8383,千附,sell,2,國票-桃園,779r,13.0,290.0,277.0,,moneydj,https://fubon-ebrokerdj.fbs.com.tw/z/zc/zco/zco.djhtm?a=8383&e=2026-7-1&f=2026-7-29
2026-07-29,2026-07-01,2026-07-29,20,8383,千附,buy,3,摩根大通,8440,3402.0,2234.0,1168.0,,moneydj,https://fubon-ebrokerdj.fbs.com.tw/z/zc/zco/zco.djhtm?a=8383&e=2026-7-1&f=2026-7-29
2026-07-29,2026-07-01,2026-07-29,20,8383,千附,sell,3,元大-竹科,980K,132.0,346.0,214.0,,moneydj,https://fubon-ebrokerdj.fbs.com.tw/z/zc/zco/zco.djhtm?a=8383&e=2026-7-1&f=2026-7-29
2026-07-29,2026-07-01,2026-07-29,20,8383,千附,buy,4,港商野村,1560,1428.0,387.0,1041.0,,moneydj,https://fubon-ebrokerdj.fbs.com.tw/z/zc/zco/zco.djhtm?a=8383&e=2026-7-1&f=2026-7-29
2026-07-29,2026-07-01,2026-07-29,20,8383,千附,sell,4,統一-台南,5855,57.0,266.0,209.0,,moneydj,https://fubon-ebrokerdj.fbs.com.tw/z/zc/zco/zco.djhtm?a=8383&e=2026-7-1&f=2026-7-29
2026-07-29,2026-07-01,2026-07-29,20,8383,千附,buy,5,新加坡商瑞銀,1650,2140.0,1815.0,325.0,,moneydj,https://fubon-ebrokerdj.fbs.com.tw/z/zc/zco/zco.djhtm?a=8383&e=2026-7-1&f=2026-7-29
2026-07-29,2026-07-01,2026-07-29,20,8383,千附,sell,5,合庫-台南,1022,541.0,747.0,206.0,,moneydj,https://fubon-ebrokerdj.fbs.com.tw/z/zc/zco/zco.djhtm?a=8383&e=2026-7-1&f=2026-7-29
2026-07-29,2026-07-01,2026-07-29,20,8383,千附,buy,6,兆豐-忠孝,700a,529.0,224.0,305.0,,moneydj,https://fubon-ebrokerdj.fbs.com.tw/z/zc/zco/zco.djhtm?a=8383&e=2026-7-1&f=2026-7-29
2026-07-29,2026-07-01,2026-07-29,20,8383,千附,sell,6,國票-台中,779v,58.0,256.0,198.0,,moneydj,https://fubon-ebrokerdj.fbs.com.tw/z/zc/zco/zco.djhtm?a=8383&e=2026-7-1&f=2026-7-29
2026-07-29,2026-07-01,2026-07-29,20,8383,千附,buy,7,康和,8450,505.0,276.0,229.0,,moneydj,https://fubon-ebrokerdj.fbs.com.tw/z/zc/zco/zco.djhtm?a=8383&e=2026-7-1&f=2026-7-29
2026-07-29,2026-07-01,2026-07-29,20,8383,千附,sell,7,元大-新盛,9869,87.0,257.0,170.0,,moneydj,https://fubon-ebrokerdj.fbs.com.tw/z/zc/zco/zco.djhtm?a=8383&e=2026-7-1&f=2026-7-29
2026-07-29,2026-07-01,2026-07-29,20,8383,千附,buy,8,統一,5850,804.0,589.0,215.0,,moneydj,https://fubon-ebrokerdj.fbs.com.tw/z/zc/zco/zco.djhtm?a=8383&e=2026-7-1&f=2026-7-29
2026-07-29,2026-07-01,2026-07-29,20,8383,千附,sell,8,群益金鼎-海山,9108,31.0,199.0,168.0,,moneydj,https://fubon-ebrokerdj.fbs.com.tw/z/zc/zco/zco.djhtm?a=8383&e=2026-7-1&f=2026-7-29
2026-07-29,2026-07-01,2026-07-29,20,8383,千附,buy,9,美林,1440,887.0,743.0,144.0,,moneydj,https://fubon-ebrokerdj.fbs.com.tw/z/zc/zco/zco.djhtm?a=8383&e=2026-7-1&f=2026-7-29
2026-07-29,2026-07-01,2026-07-29,20,8383,千附,sell,9,凱基-高美館,9215,108.0,269.0,161.0,,moneydj,https://fubon-ebrokerdj.fbs.com.tw/z/zc/zco/zco.djhtm?a=8383&e=2026-7-1&f=2026-7-29
2026-07-29,2026-07-01,2026-07-29,20,8383,千附,buy,10,凱基-豐中,9223,254.0,114.0,140.0,,moneydj,https://fubon-ebrokerdj.fbs.com.tw/z/zc/zco/zco.djhtm?a=8383&e=2026-7-1&f=2026-7-29
2026-07-29,2026-07-01,2026-07-29,20,8383,千附,sell,10,凱基,9200,97.0,224.0,127.0,,moneydj,https://fubon-ebrokerdj.fbs.com.tw/z/zc/zco/zco.djhtm?a=8383&e=2026-7-1&f=2026-7-29
2026-07-29,2026-07-01,2026-07-29,20,4541,晟田,buy,1,國票-敦北法人,779c,2259.0,476.0,1783.0,,moneydj,https://fubon-ebrokerdj.fbs.com.tw/z/zc/zco/zco.djhtm?a=4541&e=2026-7-1&f=2026-7-29
2026-07-29,2026-07-01,2026-07-29,20,4541,晟田,sell,1,元大-台北,980h,419.0,1271.0,852.0,,moneydj,https://fubon-ebrokerdj.fbs.com.tw/z/zc/zco/zco.djhtm?a=4541&e=2026-7-1&f=2026-7-29
2026-07-29,2026-07-01,2026-07-29,20,4541,晟田,buy,2,美商高盛,1480,7569.0,6881.0,688.0,,moneydj,https://fubon-ebrokerdj.fbs.com.tw/z/zc/zco/zco.djhtm?a=4541&e=2026-7-1&f=2026-7-29
2026-07-29,2026-07-01,2026-07-29,20,4541,晟田,sell,2,群益金鼎-民權,9131,337.0,837.0,500.0,,moneydj,https://fubon-ebrokerdj.fbs.com.tw/z/zc/zco/zco.djhtm?a=4541&e=2026-7-1&f=2026-7-29
2026-07-29,2026-07-01,2026-07-29,20,4541,晟田,buy,3,元大-發財,981E,566.0,118.0,448.0,,moneydj,https://fubon-ebrokerdj.fbs.com.tw/z/zc/zco/zco.djhtm?a=4541&e=2026-7-1&f=2026-7-29
2026-07-29,2026-07-01,2026-07-29,20,4541,晟田,sell,3,凱基-高美館,9215,225.0,704.0,479.0,,moneydj,https://fubon-ebrokerdj.fbs.com.tw/z/zc/zco/zco.djhtm?a=4541&e=2026-7-1&f=2026-7-29
2026-07-29,2026-07-01,2026-07-29,20,4541,晟田,buy,4,摩根大通,8440,6857.0,6480.0,377.0,,moneydj,https://fubon-ebrokerdj.fbs.com.tw/z/zc/zco/zco.djhtm?a=4541&e=2026-7-1&f=2026-7-29
2026-07-29,2026-07-01,2026-07-29,20,4541,晟田,sell,4,台灣摩根士丹利,1470,7668.0,8048.0,380.0,,moneydj,https://fubon-ebrokerdj.fbs.com.tw/z/zc/zco/zco.djhtm?a=4541&e=2026-7-1&f=2026-7-29
2026-07-29,2026-07-01,2026-07-29,20,4541,晟田,buy,5,美林,1440,1556.0,1225.0,331.0,,moneydj,https://fubon-ebrokerdj.fbs.com.tw/z/zc/zco/zco.djhtm?a=4541&e=2026-7-1&f=2026-7-29
2026-07-29,2026-07-01,2026-07-29,20,4541,晟田,sell,5,永興-水湳,5602,68.0,336.0,268.0,,moneydj,https://fubon-ebrokerdj.fbs.com.tw/z/zc/zco/zco.djhtm?a=4541&e=2026-7-1&f=2026-7-29
2026-07-29,2026-07-01,2026-07-29,20,4541,晟田,buy,6,港商野村,1560,1438.0,1109.0,329.0,,moneydj,https://fubon-ebrokerdj.fbs.com.tw/z/zc/zco/zco.djhtm?a=4541&e=2026-7-1&f=2026-7-29
2026-07-29,2026-07-01,2026-07-29,20,4541,晟田,sell,6,華南永昌,9300,1328.0,1584.0,256.0,,moneydj,https://fubon-ebrokerdj.fbs.com.tw/z/zc/zco/zco.djhtm?a=4541&e=2026-7-1&f=2026-7-29
2026-07-29,2026-07-01,2026-07-29,20,4541,晟田,buy,7,兆豐-西螺,700D,421.0,105.0,316.0,,moneydj,https://fubon-ebrokerdj.fbs.com.tw/z/zc/zco/zco.djhtm?a=4541&e=2026-7-1&f=2026-7-29
2026-07-29,2026-07-01,2026-07-29,20,4541,晟田,sell,7,凱基-市府,920D,46.0,279.0,233.0,,moneydj,https://fubon-ebrokerdj.fbs.com.tw/z/zc/zco/zco.djhtm?a=4541&e=2026-7-1&f=2026-7-29
2026-07-29,2026-07-01,2026-07-29,20,4541,晟田,buy,8,新加坡商瑞銀,1650,3217.0,2996.0,221.0,,moneydj,https://fubon-ebrokerdj.fbs.com.tw/z/zc/zco/zco.djhtm?a=4541&e=2026-7-1&f=2026-7-29
2026-07-29,2026-07-01,2026-07-29,20,4541,晟田,sell,8,群益金鼎-中港,9138,145.0,376.0,231.0,,moneydj,https://fubon-ebrokerdj.fbs.com.tw/z/zc/zco/zco.djhtm?a=4541&e=2026-7-1&f=2026-7-29
2026-07-29,2026-07-01,2026-07-29,20,4541,晟田,buy,9,凱基-台北,9268,20655.0,20467.0,188.0,,moneydj,https://fubon-ebrokerdj.fbs.com.tw/z/zc/zco/zco.djhtm?a=4541&e=2026-7-1&f=2026-7-29
2026-07-29,2026-07-01,2026-07-29,20,4541,晟田,sell,9,富邦-建國,9658,1002.0,1199.0,197.0,,moneydj,https://fubon-ebrokerdj.fbs.com.tw/z/zc/zco/zco.djhtm?a=4541&e=2026-7-1&f=2026-7-29
2026-07-29,2026-07-01,2026-07-29,20,4541,晟田,buy,10,玉山-台南,8847,580.0,413.0,167.0,,moneydj,https://fubon-ebrokerdj.fbs.com.tw/z/zc/zco/zco.djhtm?a=4541&e=2026-7-1&f=2026-7-29
2026-07-29,2026-07-01,2026-07-29,20,4541,晟田,sell,10,元大-天母,981I,134.0,284.0,150.0,,moneydj,https://fubon-ebrokerdj.fbs.com.tw/z/zc/zco/zco.djhtm?a=4541&e=2026-7-1&f=2026-7-29
2026-07-29,2026-07-01,2026-07-29,20,8033,雷虎,buy,1,美商高盛,1480,12216.0,6969.0,5247.0,,moneydj,https://fubon-ebrokerdj.fbs.com.tw/z/zc/zco/zco.djhtm?a=8033&e=2026-7-1&f=2026-7-29
2026-07-29,2026-07-01,2026-07-29,20,8033,雷虎,sell,1,凱基-城中,9227,657.0,4650.0,3993.0,,moneydj,https://fubon-ebrokerdj.fbs.com.tw/z/zc/zco/zco.djhtm?a=8033&e=2026-7-1&f=2026-7-29
2026-07-29,2026-07-01,2026-07-29,20,8033,雷虎,buy,2,台灣摩根士丹利,1470,10988.0,7519.0,3469.0,,moneydj,https://fubon-ebrokerdj.fbs.com.tw/z/zc/zco/zco.djhtm?a=8033&e=2026-7-1&f=2026-7-29
2026-07-29,2026-07-01,2026-07-29,20,8033,雷虎,sell,2,中國信託-高雄,616K,1049.0,1676.0,627.0,,moneydj,https://fubon-ebrokerdj.fbs.com.tw/z/zc/zco/zco.djhtm?a=8033&e=2026-7-1&f=2026-7-29
2026-07-29,2026-07-01,2026-07-29,20,8033,雷虎,buy,3,摩根大通,8440,9590.0,6714.0,2876.0,,moneydj,https://fubon-ebrokerdj.fbs.com.tw/z/zc/zco/zco.djhtm?a=8033&e=2026-7-1&f=2026-7-29
2026-07-29,2026-07-01,2026-07-29,20,8033,雷虎,sell,3,元大證券,9800,18061.0,18679.0,618.0,,moneydj,https://fubon-ebrokerdj.fbs.com.tw/z/zc/zco/zco.djhtm?a=8033&e=2026-7-1&f=2026-7-29
2026-07-29,2026-07-01,2026-07-29,20,8033,雷虎,buy,4,統一-仁愛,585c,906.0,216.0,690.0,,moneydj,https://fubon-ebrokerdj.fbs.com.tw/z/zc/zco/zco.djhtm?a=8033&e=2026-7-1&f=2026-7-29
2026-07-29,2026-07-01,2026-07-29,20,8033,雷虎,sell,4,永豐金-市政,9A9W,590.0,1194.0,604.0,,moneydj,https://fubon-ebrokerdj.fbs.com.tw/z/zc/zco/zco.djhtm?a=8033&e=2026-7-1&f=2026-7-29
2026-07-29,2026-07-01,2026-07-29,20,8033,雷虎,buy,5,花旗環球,1590,841.0,159.0,682.0,,moneydj,https://fubon-ebrokerdj.fbs.com.tw/z/zc/zco/zco.djhtm?a=8033&e=2026-7-1&f=2026-7-29
2026-07-29,2026-07-01,2026-07-29,20,8033,雷虎,sell,5,凱基-台北,9268,11922.0,12467.0,545.0,,moneydj,https://fubon-ebrokerdj.fbs.com.tw/z/zc/zco/zco.djhtm?a=8033&e=2026-7-1&f=2026-7-29
2026-07-29,2026-07-01,2026-07-29,20,8033,雷虎,buy,6,新加坡商瑞銀,1650,3311.0,2838.0,473.0,,moneydj,https://fubon-ebrokerdj.fbs.com.tw/z/zc/zco/zco.djhtm?a=8033&e=2026-7-1&f=2026-7-29
2026-07-29,2026-07-01,2026-07-29,20,8033,雷虎,sell,6,美林,1440,1828.0,2362.0,534.0,,moneydj,https://fubon-ebrokerdj.fbs.com.tw/z/zc/zco/zco.djhtm?a=8033&e=2026-7-1&f=2026-7-29
2026-07-29,2026-07-01,2026-07-29,20,8033,雷虎,buy,7,群益金鼎-大甲,918g,492.0,120.0,372.0,,moneydj,https://fubon-ebrokerdj.fbs.com.tw/z/zc/zco/zco.djhtm?a=8033&e=2026-7-1&f=2026-7-29
2026-07-29,2026-07-01,2026-07-29,20,8033,雷虎,sell,7,台新-同大,9B2P,340.0,714.0,374.0,,moneydj,https://fubon-ebrokerdj.fbs.com.tw/z/zc/zco/zco.djhtm?a=8033&e=2026-7-1&f=2026-7-29
2026-07-29,2026-07-01,2026-07-29,20,8033,雷虎,buy,8,華南永昌-中正,9359,939.0,659.0,280.0,,moneydj,https://fubon-ebrokerdj.fbs.com.tw/z/zc/zco/zco.djhtm?a=8033&e=2026-7-1&f=2026-7-29
2026-07-29,2026-07-01,2026-07-29,20,8033,雷虎,sell,8,永豐金-板新,9A9J,567.0,936.0,369.0,,moneydj,https://fubon-ebrokerdj.fbs.com.tw/z/zc/zco/zco.djhtm?a=8033&e=2026-7-1&f=2026-7-29
2026-07-29,2026-07-01,2026-07-29,20,8033,雷虎,buy,9,新百王,6210,1265.0,993.0,272.0,,moneydj,https://fubon-ebrokerdj.fbs.com.tw/z/zc/zco/zco.djhtm?a=8033&e=2026-7-1&f=2026-7-29
2026-07-29,2026-07-01,2026-07-29,20,8033,雷虎,sell,9,美好-富順,526K,105.0,469.0,364.0,,moneydj,https://fubon-ebrokerdj.fbs.com.tw/z/zc/zco/zco.djhtm?a=8033&e=2026-7-1&f=2026-7-29
2026-07-29,2026-07-01,2026-07-29,20,8033,雷虎,buy,10,台新-左楠,9B1d,453.0,188.0,265.0,,moneydj,https://fubon-ebrokerdj.fbs.com.tw/z/zc/zco/zco.djhtm?a=8033&e=2026-7-1&f=2026-7-29
2026-07-29,2026-07-01,2026-07-29,20,8033,雷虎,sell,10,群益金鼎-忠孝,918W,407.0,736.0,329.0,,moneydj,https://fubon-ebrokerdj.fbs.com.tw/z/zc/zco/zco.djhtm?a=8033&e=2026-7-1&f=2026-7-29
2026-07-29,2026-07-01,2026-07-29,20,3673,TPK-KY,buy,1,港商麥格理,1360,1333.0,159.0,1174.0,,moneydj,https://fubon-ebrokerdj.fbs.com.tw/z/zc/zco/zco.djhtm?a=3673&e=2026-7-1&f=2026-7-29
2026-07-29,2026-07-01,2026-07-29,20,3673,TPK-KY,sell,1,台灣摩根士丹利,1470,9583.0,10789.0,1206.0,,moneydj,https://fubon-ebrokerdj.fbs.com.tw/z/zc/zco/zco.djhtm?a=3673&e=2026-7-1&f=2026-7-29
2026-07-29,2026-07-01,2026-07-29,20,3673,TPK-KY,buy,2,永豐金-匯立,9A81,1368.0,464.0,904.0,,moneydj,https://fubon-ebrokerdj.fbs.com.tw/z/zc/zco/zco.djhtm?a=3673&e=2026-7-1&f=2026-7-29
2026-07-29,2026-07-01,2026-07-29,20,3673,TPK-KY,sell,2,元大證券,9800,16788.0,17923.0,1135.0,,moneydj,https://fubon-ebrokerdj.fbs.com.tw/z/zc/zco/zco.djhtm?a=3673&e=2026-7-1&f=2026-7-29
2026-07-29,2026-07-01,2026-07-29,20,3673,TPK-KY,buy,3,美商高盛,1480,7464.0,6596.0,868.0,,moneydj,https://fubon-ebrokerdj.fbs.com.tw/z/zc/zco/zco.djhtm?a=3673&e=2026-7-1&f=2026-7-29
2026-07-29,2026-07-01,2026-07-29,20,3673,TPK-KY,sell,3,新加坡商瑞銀,1650,2925.0,3856.0,931.0,,moneydj,https://fubon-ebrokerdj.fbs.com.tw/z/zc/zco/zco.djhtm?a=3673&e=2026-7-1&f=2026-7-29
2026-07-29,2026-07-01,2026-07-29,20,3673,TPK-KY,buy,4,凱基-台北,9268,13296.0,12578.0,718.0,,moneydj,https://fubon-ebrokerdj.fbs.com.tw/z/zc/zco/zco.djhtm?a=3673&e=2026-7-1&f=2026-7-29
2026-07-29,2026-07-01,2026-07-29,20,3673,TPK-KY,sell,4,香港上海匯豐,8960,0.0,769.0,769.0,,moneydj,https://fubon-ebrokerdj.fbs.com.tw/z/zc/zco/zco.djhtm?a=3673&e=2026-7-1&f=2026-7-29
2026-07-29,2026-07-01,2026-07-29,20,3673,TPK-KY,buy,5,花旗環球,1590,1038.0,619.0,419.0,,moneydj,https://fubon-ebrokerdj.fbs.com.tw/z/zc/zco/zco.djhtm?a=3673&e=2026-7-1&f=2026-7-29
2026-07-29,2026-07-01,2026-07-29,20,3673,TPK-KY,sell,5,永豐金證券,9A00,1579.0,2000.0,421.0,,moneydj,https://fubon-ebrokerdj.fbs.com.tw/z/zc/zco/zco.djhtm?a=3673&e=2026-7-1&f=2026-7-29
2026-07-29,2026-07-01,2026-07-29,20,3673,TPK-KY,buy,6,國泰-館前,888A,774.0,378.0,396.0,,moneydj,https://fubon-ebrokerdj.fbs.com.tw/z/zc/zco/zco.djhtm?a=3673&e=2026-7-1&f=2026-7-29
2026-07-29,2026-07-01,2026-07-29,20,3673,TPK-KY,sell,6,統一,5850,645.0,1055.0,410.0,,moneydj,https://fubon-ebrokerdj.fbs.com.tw/z/zc/zco/zco.djhtm?a=3673&e=2026-7-1&f=2026-7-29
2026-07-29,2026-07-01,2026-07-29,20,3673,TPK-KY,buy,7,富邦-陽明,9604,935.0,636.0,299.0,,moneydj,https://fubon-ebrokerdj.fbs.com.tw/z/zc/zco/zco.djhtm?a=3673&e=2026-7-1&f=2026-7-29
2026-07-29,2026-07-01,2026-07-29,20,3673,TPK-KY,sell,7,國票證券,7790,343.0,747.0,404.0,,moneydj,https://fubon-ebrokerdj.fbs.com.tw/z/zc/zco/zco.djhtm?a=3673&e=2026-7-1&f=2026-7-29
2026-07-29,2026-07-01,2026-07-29,20,3673,TPK-KY,buy,8,富邦證券,9600,1449.0,1185.0,264.0,,moneydj,https://fubon-ebrokerdj.fbs.com.tw/z/zc/zco/zco.djhtm?a=3673&e=2026-7-1&f=2026-7-29
2026-07-29,2026-07-01,2026-07-29,20,3673,TPK-KY,sell,8,玉山-士林,884A,648.0,985.0,337.0,,moneydj,https://fubon-ebrokerdj.fbs.com.tw/z/zc/zco/zco.djhtm?a=3673&e=2026-7-1&f=2026-7-29
2026-07-29,2026-07-01,2026-07-29,20,3673,TPK-KY,buy,9,第一金-頭份,538I,321.0,62.0,259.0,,moneydj,https://fubon-ebrokerdj.fbs.com.tw/z/zc/zco/zco.djhtm?a=3673&e=2026-7-1&f=2026-7-29
2026-07-29,2026-07-01,2026-07-29,20,3673,TPK-KY,sell,9,兆豐-小港,700R,153.0,464.0,311.0,,moneydj,https://fubon-ebrokerdj.fbs.com.tw/z/zc/zco/zco.djhtm?a=3673&e=2026-7-1&f=2026-7-29
2026-07-29,2026-07-01,2026-07-29,20,3673,TPK-KY,buy,10,臺銀,1040,735.0,497.0,238.0,,moneydj,https://fubon-ebrokerdj.fbs.com.tw/z/zc/zco/zco.djhtm?a=3673&e=2026-7-1&f=2026-7-29
2026-07-29,2026-07-01,2026-07-29,20,3673,TPK-KY,sell,10,元大-豐原站前,989W,447.0,732.0,285.0,,moneydj,https://fubon-ebrokerdj.fbs.com.tw/z/zc/zco/zco.djhtm?a=3673&e=2026-7-1&f=2026-7-29
2026-07-29,2026-07-01,2026-07-29,20,8039,台虹,buy,1,永豐金證券,9A00,9395.0,5767.0,3628.0,,moneydj,https://fubon-ebrokerdj.fbs.com.tw/z/zc/zco/zco.djhtm?a=8039&e=2026-7-1&f=2026-7-29
2026-07-29,2026-07-01,2026-07-29,20,8039,台虹,sell,1,凱基-站前,920F,4968.0,5753.0,785.0,,moneydj,https://fubon-ebrokerdj.fbs.com.tw/z/zc/zco/zco.djhtm?a=8039&e=2026-7-1&f=2026-7-29
2026-07-29,2026-07-01,2026-07-29,20,8039,台虹,buy,2,摩根大通,8440,16817.0,13595.0,3222.0,,moneydj,https://fubon-ebrokerdj.fbs.com.tw/z/zc/zco/zco.djhtm?a=8039&e=2026-7-1&f=2026-7-29
2026-07-29,2026-07-01,2026-07-29,20,8039,台虹,sell,2,新光,8560,2880.0,3545.0,665.0,,moneydj,https://fubon-ebrokerdj.fbs.com.tw/z/zc/zco/zco.djhtm?a=8039&e=2026-7-1&f=2026-7-29
2026-07-29,2026-07-01,2026-07-29,20,8039,台虹,buy,3,台灣摩根士丹利,1470,17964.0,15760.0,2204.0,,moneydj,https://fubon-ebrokerdj.fbs.com.tw/z/zc/zco/zco.djhtm?a=8039&e=2026-7-1&f=2026-7-29
2026-07-29,2026-07-01,2026-07-29,20,8039,台虹,sell,3,華南永昌-板橋,9349,327.0,922.0,595.0,,moneydj,https://fubon-ebrokerdj.fbs.com.tw/z/zc/zco/zco.djhtm?a=8039&e=2026-7-1&f=2026-7-29
2026-07-29,2026-07-01,2026-07-29,20,8039,台虹,buy,4,兆豐-南京,700P,2171.0,252.0,1919.0,,moneydj,https://fubon-ebrokerdj.fbs.com.tw/z/zc/zco/zco.djhtm?a=8039&e=2026-7-1&f=2026-7-29
2026-07-29,2026-07-01,2026-07-29,20,8039,台虹,sell,4,國泰-敦南,8888,15332.0,15911.0,579.0,,moneydj,https://fubon-ebrokerdj.fbs.com.tw/z/zc/zco/zco.djhtm?a=8039&e=2026-7-1&f=2026-7-29
2026-07-29,2026-07-01,2026-07-29,20,8039,台虹,buy,5,凱基,9200,2438.0,893.0,1545.0,,moneydj,https://fubon-ebrokerdj.fbs.com.tw/z/zc/zco/zco.djhtm?a=8039&e=2026-7-1&f=2026-7-29
2026-07-29,2026-07-01,2026-07-29,20,8039,台虹,sell,5,兆豐-嘉義,7001,228.0,774.0,546.0,,moneydj,https://fubon-ebrokerdj.fbs.com.tw/z/zc/zco/zco.djhtm?a=8039&e=2026-7-1&f=2026-7-29
2026-07-29,2026-07-01,2026-07-29,20,8039,台虹,buy,6,新加坡商瑞銀,1650,12944.0,11434.0,1510.0,,moneydj,https://fubon-ebrokerdj.fbs.com.tw/z/zc/zco/zco.djhtm?a=8039&e=2026-7-1&f=2026-7-29
2026-07-29,2026-07-01,2026-07-29,20,8039,台虹,sell,6,台新-府城,9B29,44.0,532.0,488.0,,moneydj,https://fubon-ebrokerdj.fbs.com.tw/z/zc/zco/zco.djhtm?a=8039&e=2026-7-1&f=2026-7-29
2026-07-29,2026-07-01,2026-07-29,20,8039,台虹,buy,7,富邦證券,9600,11196.0,9867.0,1329.0,,moneydj,https://fubon-ebrokerdj.fbs.com.tw/z/zc/zco/zco.djhtm?a=8039&e=2026-7-1&f=2026-7-29
2026-07-29,2026-07-01,2026-07-29,20,8039,台虹,sell,7,群益金鼎-彰化,9187,153.0,579.0,426.0,,moneydj,https://fubon-ebrokerdj.fbs.com.tw/z/zc/zco/zco.djhtm?a=8039&e=2026-7-1&f=2026-7-29
2026-07-29,2026-07-01,2026-07-29,20,8039,台虹,buy,8,國泰證券,8880,3144.0,1835.0,1309.0,,moneydj,https://fubon-ebrokerdj.fbs.com.tw/z/zc/zco/zco.djhtm?a=8039&e=2026-7-1&f=2026-7-29
2026-07-29,2026-07-01,2026-07-29,20,8039,台虹,sell,8,富邦-南員林,961R,274.0,678.0,404.0,,moneydj,https://fubon-ebrokerdj.fbs.com.tw/z/zc/zco/zco.djhtm?a=8039&e=2026-7-1&f=2026-7-29
2026-07-29,2026-07-01,2026-07-29,20,8039,台虹,buy,9,元大證券,9800,55941.0,54640.0,1301.0,,moneydj,https://fubon-ebrokerdj.fbs.com.tw/z/zc/zco/zco.djhtm?a=8039&e=2026-7-1&f=2026-7-29
2026-07-29,2026-07-01,2026-07-29,20,8039,台虹,sell,9,元大-竹科,980K,412.0,807.0,395.0,,moneydj,https://fubon-ebrokerdj.fbs.com.tw/z/zc/zco/zco.djhtm?a=8039&e=2026-7-1&f=2026-7-29
2026-07-29,2026-07-01,2026-07-29,20,8039,台虹,buy,10,港商野村,1560,2874.0,1710.0,1164.0,,moneydj,https://fubon-ebrokerdj.fbs.com.tw/z/zc/zco/zco.djhtm?a=8039&e=2026-7-1&f=2026-7-29
2026-07-29,2026-07-01,2026-07-29,20,8039,台虹,sell,10,永豐金-彰化,9A9s,366.0,750.0,384.0,,moneydj,https://fubon-ebrokerdj.fbs.com.tw/z/zc/zco/zco.djhtm?a=8039&e=2026-7-1&f=2026-7-29
2026-07-29,2026-07-01,2026-07-29,20,6662,樂斯科,buy,1,元大-鹿港,989S,18.0,1.0,17.0,,moneydj,https://fubon-ebrokerdj.fbs.com.tw/z/zc/zco/zco.djhtm?a=6662&e=2026-7-1&f=2026-7-29
2026-07-29,2026-07-01,2026-07-29,20,6662,樂斯科,sell,1,凱基-雙和,920C,0.0,10.0,10.0,,moneydj,https://fubon-ebrokerdj.fbs.com.tw/z/zc/zco/zco.djhtm?a=6662&e=2026-7-1&f=2026-7-29
2026-07-29,2026-07-01,2026-07-29,20,6662,樂斯科,buy,2,元大-東港,989f,13.0,0.0,13.0,,moneydj,https://fubon-ebrokerdj.fbs.com.tw/z/zc/zco/zco.djhtm?a=6662&e=2026-7-1&f=2026-7-29
2026-07-29,2026-07-01,2026-07-29,20,6662,樂斯科,sell,2,群益金鼎-彰化,9187,0.0,9.0,9.0,,moneydj,https://fubon-ebrokerdj.fbs.com.tw/z/zc/zco/zco.djhtm?a=6662&e=2026-7-1&f=2026-7-29
2026-07-29,2026-07-01,2026-07-29,20,6662,樂斯科,buy,3,中國信託,6160,7.0,0.0,7.0,,moneydj,https://fubon-ebrokerdj.fbs.com.tw/z/zc/zco/zco.djhtm?a=6662&e=2026-7-1&f=2026-7-29
2026-07-29,2026-07-01,2026-07-29,20,6662,樂斯科,sell,3,華南永昌-麻豆,9308,0.0,5.0,5.0,,moneydj,https://fubon-ebrokerdj.fbs.com.tw/z/zc/zco/zco.djhtm?a=6662&e=2026-7-1&f=2026-7-29
2026-07-29,2026-07-01,2026-07-29,20,6662,樂斯科,buy,4,土銀-新竹,1035,5.0,0.0,5.0,,moneydj,https://fubon-ebrokerdj.fbs.com.tw/z/zc/zco/zco.djhtm?a=6662&e=2026-7-1&f=2026-7-29
2026-07-29,2026-07-01,2026-07-29,20,6662,樂斯科,sell,4,群益金鼎-敦南,9101,0.0,4.0,4.0,,moneydj,https://fubon-ebrokerdj.fbs.com.tw/z/zc/zco/zco.djhtm?a=6662&e=2026-7-1&f=2026-7-29
2026-07-29,2026-07-01,2026-07-29,20,6662,樂斯科,buy,5,元大-文心興安,9854,5.0,0.0,5.0,,moneydj,https://fubon-ebrokerdj.fbs.com.tw/z/zc/zco/zco.djhtm?a=6662&e=2026-7-1&f=2026-7-29
2026-07-29,2026-07-01,2026-07-29,20,6662,樂斯科,sell,5,群益金鼎-新竹,9186,0.0,4.0,4.0,,moneydj,https://fubon-ebrokerdj.fbs.com.tw/z/zc/zco/zco.djhtm?a=6662&e=2026-7-1&f=2026-7-29
2026-07-29,2026-07-01,2026-07-29,20,6662,樂斯科,buy,6,大昌-新店,6464,6.0,3.0,3.0,,moneydj,https://fubon-ebrokerdj.fbs.com.tw/z/zc/zco/zco.djhtm?a=6662&e=2026-7-1&f=2026-7-29
2026-07-29,2026-07-01,2026-07-29,20,6662,樂斯科,sell,6,凱基-站前,920F,0.0,3.0,3.0,,moneydj,https://fubon-ebrokerdj.fbs.com.tw/z/zc/zco/zco.djhtm?a=6662&e=2026-7-1&f=2026-7-29
2026-07-29,2026-07-01,2026-07-29,20,6662,樂斯科,buy,7,永豐金-中正,9A9U,3.0,0.0,3.0,,moneydj,https://fubon-ebrokerdj.fbs.com.tw/z/zc/zco/zco.djhtm?a=6662&e=2026-7-1&f=2026-7-29
2026-07-29,2026-07-01,2026-07-29,20,6662,樂斯科,sell,7,元大-景美,984H,2.0,5.0,3.0,,moneydj,https://fubon-ebrokerdj.fbs.com.tw/z/zc/zco/zco.djhtm?a=6662&e=2026-7-1&f=2026-7-29
2026-07-29,2026-07-01,2026-07-29,20,6662,樂斯科,buy,8,台新,9B00,3.0,0.0,3.0,,moneydj,https://fubon-ebrokerdj.fbs.com.tw/z/zc/zco/zco.djhtm?a=6662&e=2026-7-1&f=2026-7-29
2026-07-29,2026-07-01,2026-07-29,20,6662,樂斯科,sell,8,元大-復北,9872,0.0,3.0,3.0,,moneydj,https://fubon-ebrokerdj.fbs.com.tw/z/zc/zco/zco.djhtm?a=6662&e=2026-7-1&f=2026-7-29
2026-07-29,2026-07-01,2026-07-29,20,6662,樂斯科,buy,9,臺銀-金山,104D,4.0,1.0,3.0,,moneydj,https://fubon-ebrokerdj.fbs.com.tw/z/zc/zco/zco.djhtm?a=6662&e=2026-7-1&f=2026-7-29
2026-07-29,2026-07-01,2026-07-29,20,6662,樂斯科,sell,9,國泰-敦南,8888,5.0,8.0,3.0,,moneydj,https://fubon-ebrokerdj.fbs.com.tw/z/zc/zco/zco.djhtm?a=6662&e=2026-7-1&f=2026-7-29
2026-07-29,2026-07-01,2026-07-29,20,6662,樂斯科,buy,10,凱基-台北,9268,3.0,1.0,2.0,,moneydj,https://fubon-ebrokerdj.fbs.com.tw/z/zc/zco/zco.djhtm?a=6662&e=2026-7-1&f=2026-7-29
2026-07-29,2026-07-01,2026-07-29,20,6662,樂斯科,sell,10,宏遠-高雄,126Q,0.0,2.0,2.0,,moneydj,https://fubon-ebrokerdj.fbs.com.tw/z/zc/zco/zco.djhtm?a=6662&e=2026-7-1&f=2026-7-29
2026-07-29,2026-07-01,2026-07-29,20,2385,群光,buy,1,港商野村,1560,16077.0,1700.0,14377.0,,moneydj,https://fubon-ebrokerdj.fbs.com.tw/z/zc/zco/zco.djhtm?a=2385&e=2026-7-1&f=2026-7-29
2026-07-29,2026-07-01,2026-07-29,20,2385,群光,sell,1,兆豐證券,7000,61.0,10887.0,10826.0,,moneydj,https://fubon-ebrokerdj.fbs.com.tw/z/zc/zco/zco.djhtm?a=2385&e=2026-7-1&f=2026-7-29
2026-07-29,2026-07-01,2026-07-29,20,2385,群光,buy,2,永豐金-敦南,9A8F,4649.0,21.0,4628.0,,moneydj,https://fubon-ebrokerdj.fbs.com.tw/z/zc/zco/zco.djhtm?a=2385&e=2026-7-1&f=2026-7-29
2026-07-29,2026-07-01,2026-07-29,20,2385,群光,sell,2,台灣企銀,1110,21.0,5880.0,5859.0,,moneydj,https://fubon-ebrokerdj.fbs.com.tw/z/zc/zco/zco.djhtm?a=2385&e=2026-7-1&f=2026-7-29
2026-07-29,2026-07-01,2026-07-29,20,2385,群光,buy,3,台灣摩根士丹利,1470,9035.0,6333.0,2702.0,,moneydj,https://fubon-ebrokerdj.fbs.com.tw/z/zc/zco/zco.djhtm?a=2385&e=2026-7-1&f=2026-7-29
2026-07-29,2026-07-01,2026-07-29,20,2385,群光,sell,3,統一,5850,1041.0,3705.0,2664.0,,moneydj,https://fubon-ebrokerdj.fbs.com.tw/z/zc/zco/zco.djhtm?a=2385&e=2026-7-1&f=2026-7-29
2026-07-29,2026-07-01,2026-07-29,20,2385,群光,buy,4,港商麥格理,1360,1343.0,78.0,1265.0,,moneydj,https://fubon-ebrokerdj.fbs.com.tw/z/zc/zco/zco.djhtm?a=2385&e=2026-7-1&f=2026-7-29
2026-07-29,2026-07-01,2026-07-29,20,2385,群光,sell,4,合庫證券,1020,126.0,2749.0,2623.0,,moneydj,https://fubon-ebrokerdj.fbs.com.tw/z/zc/zco/zco.djhtm?a=2385&e=2026-7-1&f=2026-7-29
2026-07-29,2026-07-01,2026-07-29,20,2385,群光,buy,5,中國信託,6160,926.0,34.0,892.0,,moneydj,https://fubon-ebrokerdj.fbs.com.tw/z/zc/zco/zco.djhtm?a=2385&e=2026-7-1&f=2026-7-29
2026-07-29,2026-07-01,2026-07-29,20,2385,群光,sell,5,美商高盛,1480,3507.0,5780.0,2273.0,,moneydj,https://fubon-ebrokerdj.fbs.com.tw/z/zc/zco/zco.djhtm?a=2385&e=2026-7-1&f=2026-7-29
2026-07-29,2026-07-01,2026-07-29,20,2385,群光,buy,6,花旗環球,1590,1386.0,520.0,866.0,,moneydj,https://fubon-ebrokerdj.fbs.com.tw/z/zc/zco/zco.djhtm?a=2385&e=2026-7-1&f=2026-7-29
2026-07-29,2026-07-01,2026-07-29,20,2385,群光,sell,6,富邦證券,9600,768.0,2937.0,2169.0,,moneydj,https://fubon-ebrokerdj.fbs.com.tw/z/zc/zco/zco.djhtm?a=2385&e=2026-7-1&f=2026-7-29
2026-07-29,2026-07-01,2026-07-29,20,2385,群光,buy,7,華南永昌-中正,9359,761.0,29.0,732.0,,moneydj,https://fubon-ebrokerdj.fbs.com.tw/z/zc/zco/zco.djhtm?a=2385&e=2026-7-1&f=2026-7-29
2026-07-29,2026-07-01,2026-07-29,20,2385,群光,sell,7,元大證券,9800,6712.0,8344.0,1632.0,,moneydj,https://fubon-ebrokerdj.fbs.com.tw/z/zc/zco/zco.djhtm?a=2385&e=2026-7-1&f=2026-7-29
2026-07-29,2026-07-01,2026-07-29,20,2385,群光,buy,8,美林,1440,2680.0,2157.0,523.0,,moneydj,https://fubon-ebrokerdj.fbs.com.tw/z/zc/zco/zco.djhtm?a=2385&e=2026-7-1&f=2026-7-29
2026-07-29,2026-07-01,2026-07-29,20,2385,群光,sell,8,群益金鼎,9100,232.0,1852.0,1620.0,,moneydj,https://fubon-ebrokerdj.fbs.com.tw/z/zc/zco/zco.djhtm?a=2385&e=2026-7-1&f=2026-7-29
2026-07-29,2026-07-01,2026-07-29,20,2385,群光,buy,9,永豐金證券,9A00,1797.0,1289.0,508.0,,moneydj,https://fubon-ebrokerdj.fbs.com.tw/z/zc/zco/zco.djhtm?a=2385&e=2026-7-1&f=2026-7-29
2026-07-29,2026-07-01,2026-07-29,20,2385,群光,sell,9,凱基,9200,483.0,1809.0,1326.0,,moneydj,https://fubon-ebrokerdj.fbs.com.tw/z/zc/zco/zco.djhtm?a=2385&e=2026-7-1&f=2026-7-29
2026-07-29,2026-07-01,2026-07-29,20,2385,群光,buy,10,新加坡商瑞銀,1650,3980.0,3550.0,430.0,,moneydj,https://fubon-ebrokerdj.fbs.com.tw/z/zc/zco/zco.djhtm?a=2385&e=2026-7-1&f=2026-7-29
2026-07-29,2026-07-01,2026-07-29,20,2385,群光,sell,10,華南永昌,9300,113.0,1095.0,982.0,,moneydj,https://fubon-ebrokerdj.fbs.com.tw/z/zc/zco/zco.djhtm?a=2385&e=2026-7-1&f=2026-7-29
2026-07-29,2026-07-01,2026-07-29,20,9945,潤泰新,buy,1,新光-桃園,8565,24526.0,11588.0,12938.0,,moneydj,https://fubon-ebrokerdj.fbs.com.tw/z/zc/zco/zco.djhtm?a=9945&e=2026-7-1&f=2026-7-29
2026-07-29,2026-07-01,2026-07-29,20,9945,潤泰新,sell,1,國票-彰化,779W,4.0,8501.0,8497.0,,moneydj,https://fubon-ebrokerdj.fbs.com.tw/z/zc/zco/zco.djhtm?a=9945&e=2026-7-1&f=2026-7-29
2026-07-29,2026-07-01,2026-07-29,20,9945,潤泰新,buy,2,第一金-台中,5382,6129.0,52.0,6077.0,,moneydj,https://fubon-ebrokerdj.fbs.com.tw/z/zc/zco/zco.djhtm?a=9945&e=2026-7-1&f=2026-7-29
2026-07-29,2026-07-01,2026-07-29,20,9945,潤泰新,sell,2,元大證券,9800,4203.0,6278.0,2075.0,,moneydj,https://fubon-ebrokerdj.fbs.com.tw/z/zc/zco/zco.djhtm?a=9945&e=2026-7-1&f=2026-7-29
2026-07-29,2026-07-01,2026-07-29,20,9945,潤泰新,buy,3,台灣摩根士丹利,1470,13390.0,8152.0,5238.0,,moneydj,https://fubon-ebrokerdj.fbs.com.tw/z/zc/zco/zco.djhtm?a=9945&e=2026-7-1&f=2026-7-29
2026-07-29,2026-07-01,2026-07-29,20,9945,潤泰新,sell,3,國泰證券,8880,315.0,2231.0,1916.0,,moneydj,https://fubon-ebrokerdj.fbs.com.tw/z/zc/zco/zco.djhtm?a=9945&e=2026-7-1&f=2026-7-29
2026-07-29,2026-07-01,2026-07-29,20,9945,潤泰新,buy,4,摩根大通,8440,12628.0,8633.0,3995.0,,moneydj,https://fubon-ebrokerdj.fbs.com.tw/z/zc/zco/zco.djhtm?a=9945&e=2026-7-1&f=2026-7-29
2026-07-29,2026-07-01,2026-07-29,20,9945,潤泰新,sell,4,華南永昌,9300,109.0,1949.0,1840.0,,moneydj,https://fubon-ebrokerdj.fbs.com.tw/z/zc/zco/zco.djhtm?a=9945&e=2026-7-1&f=2026-7-29
2026-07-29,2026-07-01,2026-07-29,20,9945,潤泰新,buy,5,港商野村,1560,5159.0,2033.0,3126.0,,moneydj,https://fubon-ebrokerdj.fbs.com.tw/z/zc/zco/zco.djhtm?a=9945&e=2026-7-1&f=2026-7-29
2026-07-29,2026-07-01,2026-07-29,20,9945,潤泰新,sell,5,美林,1440,4285.0,5928.0,1643.0,,moneydj,https://fubon-ebrokerdj.fbs.com.tw/z/zc/zco/zco.djhtm?a=9945&e=2026-7-1&f=2026-7-29
2026-07-29,2026-07-01,2026-07-29,20,9945,潤泰新,buy,6,凱基-市政,9239,2180.0,50.0,2130.0,,moneydj,https://fubon-ebrokerdj.fbs.com.tw/z/zc/zco/zco.djhtm?a=9945&e=2026-7-1&f=2026-7-29
2026-07-29,2026-07-01,2026-07-29,20,9945,潤泰新,sell,6,永豐金證券,9A00,1019.0,2554.0,1535.0,,moneydj,https://fubon-ebrokerdj.fbs.com.tw/z/zc/zco/zco.djhtm?a=9945&e=2026-7-1&f=2026-7-29
2026-07-29,2026-07-01,2026-07-29,20,9945,潤泰新,buy,7,新光,8560,2253.0,1445.0,808.0,,moneydj,https://fubon-ebrokerdj.fbs.com.tw/z/zc/zco/zco.djhtm?a=9945&e=2026-7-1&f=2026-7-29
2026-07-29,2026-07-01,2026-07-29,20,9945,潤泰新,sell,7,美商高盛,1480,12449.0,13889.0,1440.0,,moneydj,https://fubon-ebrokerdj.fbs.com.tw/z/zc/zco/zco.djhtm?a=9945&e=2026-7-1&f=2026-7-29
2026-07-29,2026-07-01,2026-07-29,20,9945,潤泰新,buy,8,聯邦-雙和,8584,685.0,7.0,678.0,,moneydj,https://fubon-ebrokerdj.fbs.com.tw/z/zc/zco/zco.djhtm?a=9945&e=2026-7-1&f=2026-7-29
2026-07-29,2026-07-01,2026-07-29,20,9945,潤泰新,sell,8,群益金鼎-東湖,918K,172.0,1289.0,1117.0,,moneydj,https://fubon-ebrokerdj.fbs.com.tw/z/zc/zco/zco.djhtm?a=9945&e=2026-7-1&f=2026-7-29
2026-07-29,2026-07-01,2026-07-29,20,9945,潤泰新,buy,9,台新-三重,9B23,648.0,26.0,622.0,,moneydj,https://fubon-ebrokerdj.fbs.com.tw/z/zc/zco/zco.djhtm?a=9945&e=2026-7-1&f=2026-7-29
2026-07-29,2026-07-01,2026-07-29,20,9945,潤泰新,sell,9,兆豐證券,7000,7.0,1107.0,1100.0,,moneydj,https://fubon-ebrokerdj.fbs.com.tw/z/zc/zco/zco.djhtm?a=9945&e=2026-7-1&f=2026-7-29
2026-07-29,2026-07-01,2026-07-29,20,9945,潤泰新,buy,10,元大-高雄,981m,606.0,133.0,473.0,,moneydj,https://fubon-ebrokerdj.fbs.com.tw/z/zc/zco/zco.djhtm?a=9945&e=2026-7-1&f=2026-7-29
2026-07-29,2026-07-01,2026-07-29,20,9945,潤泰新,sell,10,國泰-敦南,8888,1563.0,2550.0,987.0,,moneydj,https://fubon-ebrokerdj.fbs.com.tw/z/zc/zco/zco.djhtm?a=9945&e=2026-7-1&f=2026-7-29
2026-07-29,2026-07-01,2026-07-29,20,3504,揚明光,buy,1,康和-永和,845B,622.0,191.0,431.0,,moneydj,https://fubon-ebrokerdj.fbs.com.tw/z/zc/zco/zco.djhtm?a=3504&e=2026-7-1&f=2026-7-29
2026-07-29,2026-07-01,2026-07-29,20,3504,揚明光,sell,1,美商高盛,1480,945.0,1563.0,618.0,,moneydj,https://fubon-ebrokerdj.fbs.com.tw/z/zc/zco/zco.djhtm?a=3504&e=2026-7-1&f=2026-7-29
2026-07-29,2026-07-01,2026-07-29,20,3504,揚明光,buy,2,凱基-站前,920F,1972.0,1765.0,207.0,,moneydj,https://fubon-ebrokerdj.fbs.com.tw/z/zc/zco/zco.djhtm?a=3504&e=2026-7-1&f=2026-7-29
2026-07-29,2026-07-01,2026-07-29,20,3504,揚明光,sell,2,凱基-台北,9268,2374.0,2910.0,536.0,,moneydj,https://fubon-ebrokerdj.fbs.com.tw/z/zc/zco/zco.djhtm?a=3504&e=2026-7-1&f=2026-7-29
2026-07-29,2026-07-01,2026-07-29,20,3504,揚明光,buy,3,元大-竹科,980K,190.0,39.0,151.0,,moneydj,https://fubon-ebrokerdj.fbs.com.tw/z/zc/zco/zco.djhtm?a=3504&e=2026-7-1&f=2026-7-29
2026-07-29,2026-07-01,2026-07-29,20,3504,揚明光,sell,3,聯邦證券,8580,14.0,363.0,349.0,,moneydj,https://fubon-ebrokerdj.fbs.com.tw/z/zc/zco/zco.djhtm?a=3504&e=2026-7-1&f=2026-7-29
2026-07-29,2026-07-01,2026-07-29,20,3504,揚明光,buy,4,永豐金-台中,9A9L,191.0,65.0,126.0,,moneydj,https://fubon-ebrokerdj.fbs.com.tw/z/zc/zco/zco.djhtm?a=3504&e=2026-7-1&f=2026-7-29
2026-07-29,2026-07-01,2026-07-29,20,3504,揚明光,sell,4,台灣摩根士丹利,1470,899.0,1182.0,283.0,,moneydj,https://fubon-ebrokerdj.fbs.com.tw/z/zc/zco/zco.djhtm?a=3504&e=2026-7-1&f=2026-7-29
2026-07-29,2026-07-01,2026-07-29,20,3504,揚明光,buy,5,國票-長城,779u,121.0,10.0,111.0,,moneydj,https://fubon-ebrokerdj.fbs.com.tw/z/zc/zco/zco.djhtm?a=3504&e=2026-7-1&f=2026-7-29
2026-07-29,2026-07-01,2026-07-29,20,3504,揚明光,sell,5,美林,1440,463.0,638.0,175.0,,moneydj,https://fubon-ebrokerdj.fbs.com.tw/z/zc/zco/zco.djhtm?a=3504&e=2026-7-1&f=2026-7-29
2026-07-29,2026-07-01,2026-07-29,20,3504,揚明光,buy,6,元大-大同,989G,156.0,55.0,101.0,,moneydj,https://fubon-ebrokerdj.fbs.com.tw/z/zc/zco/zco.djhtm?a=3504&e=2026-7-1&f=2026-7-29
2026-07-29,2026-07-01,2026-07-29,20,3504,揚明光,sell,6,摩根大通,8440,910.0,1084.0,174.0,,moneydj,https://fubon-ebrokerdj.fbs.com.tw/z/zc/zco/zco.djhtm?a=3504&e=2026-7-1&f=2026-7-29
2026-07-29,2026-07-01,2026-07-29,20,3504,揚明光,buy,7,日進,5660,114.0,17.0,97.0,,moneydj,https://fubon-ebrokerdj.fbs.com.tw/z/zc/zco/zco.djhtm?a=3504&e=2026-7-1&f=2026-7-29
2026-07-29,2026-07-01,2026-07-29,20,3504,揚明光,sell,7,華南永昌,9300,45.0,169.0,124.0,,moneydj,https://fubon-ebrokerdj.fbs.com.tw/z/zc/zco/zco.djhtm?a=3504&e=2026-7-1&f=2026-7-29
2026-07-29,2026-07-01,2026-07-29,20,3504,揚明光,buy,8,新光-台南,8564,158.0,79.0,79.0,,moneydj,https://fubon-ebrokerdj.fbs.com.tw/z/zc/zco/zco.djhtm?a=3504&e=2026-7-1&f=2026-7-29
2026-07-29,2026-07-01,2026-07-29,20,3504,揚明光,sell,8,元大-忠孝,9871,13.0,132.0,119.0,,moneydj,https://fubon-ebrokerdj.fbs.com.tw/z/zc/zco/zco.djhtm?a=3504&e=2026-7-1&f=2026-7-29
2026-07-29,2026-07-01,2026-07-29,20,3504,揚明光,buy,9,元大-台北,980h,262.0,186.0,76.0,,moneydj,https://fubon-ebrokerdj.fbs.com.tw/z/zc/zco/zco.djhtm?a=3504&e=2026-7-1&f=2026-7-29
2026-07-29,2026-07-01,2026-07-29,20,3504,揚明光,sell,9,玉山-城中,884E,12.0,116.0,104.0,,moneydj,https://fubon-ebrokerdj.fbs.com.tw/z/zc/zco/zco.djhtm?a=3504&e=2026-7-1&f=2026-7-29
2026-07-29,2026-07-01,2026-07-29,20,3504,揚明光,buy,10,新加坡商瑞銀,1650,251.0,177.0,74.0,,moneydj,https://fubon-ebrokerdj.fbs.com.tw/z/zc/zco/zco.djhtm?a=3504&e=2026-7-1&f=2026-7-29
2026-07-29,2026-07-01,2026-07-29,20,3504,揚明光,sell,10,第一金-台中,5382,56.0,160.0,104.0,,moneydj,https://fubon-ebrokerdj.fbs.com.tw/z/zc/zco/zco.djhtm?a=3504&e=2026-7-1&f=2026-7-29
2026-07-29,2026-07-01,2026-07-29,20,3026,禾伸堂,buy,1,凱基,9200,6099.0,2080.0,4019.0,,moneydj,https://fubon-ebrokerdj.fbs.com.tw/z/zc/zco/zco.djhtm?a=3026&e=2026-7-1&f=2026-7-29
2026-07-29,2026-07-01,2026-07-29,20,3026,禾伸堂,sell,1,台新-台北,9B20,437.0,3344.0,2907.0,,moneydj,https://fubon-ebrokerdj.fbs.com.tw/z/zc/zco/zco.djhtm?a=3026&e=2026-7-1&f=2026-7-29
2026-07-29,2026-07-01,2026-07-29,20,3026,禾伸堂,buy,2,摩根大通,8440,7883.0,5762.0,2121.0,,moneydj,https://fubon-ebrokerdj.fbs.com.tw/z/zc/zco/zco.djhtm?a=3026&e=2026-7-1&f=2026-7-29
2026-07-29,2026-07-01,2026-07-29,20,3026,禾伸堂,sell,2,凱基-台北,9268,12499.0,14656.0,2157.0,,moneydj,https://fubon-ebrokerdj.fbs.com.tw/z/zc/zco/zco.djhtm?a=3026&e=2026-7-1&f=2026-7-29
2026-07-29,2026-07-01,2026-07-29,20,3026,禾伸堂,buy,3,美林,1440,3707.0,2012.0,1695.0,,moneydj,https://fubon-ebrokerdj.fbs.com.tw/z/zc/zco/zco.djhtm?a=3026&e=2026-7-1&f=2026-7-29
2026-07-29,2026-07-01,2026-07-29,20,3026,禾伸堂,sell,3,元大證券,9800,17160.0,18458.0,1298.0,,moneydj,https://fubon-ebrokerdj.fbs.com.tw/z/zc/zco/zco.djhtm?a=3026&e=2026-7-1&f=2026-7-29
2026-07-29,2026-07-01,2026-07-29,20,3026,禾伸堂,buy,4,富邦證券,9600,5002.0,3315.0,1687.0,,moneydj,https://fubon-ebrokerdj.fbs.com.tw/z/zc/zco/zco.djhtm?a=3026&e=2026-7-1&f=2026-7-29
2026-07-29,2026-07-01,2026-07-29,20,3026,禾伸堂,sell,4,統一,5850,2722.0,3262.0,540.0,,moneydj,https://fubon-ebrokerdj.fbs.com.tw/z/zc/zco/zco.djhtm?a=3026&e=2026-7-1&f=2026-7-29
2026-07-29,2026-07-01,2026-07-29,20,3026,禾伸堂,buy,5,大和國泰,8890,1110.0,184.0,926.0,,moneydj,https://fubon-ebrokerdj.fbs.com.tw/z/zc/zco/zco.djhtm?a=3026&e=2026-7-1&f=2026-7-29
2026-07-29,2026-07-01,2026-07-29,20,3026,禾伸堂,sell,5,群益金鼎,9100,2232.0,2748.0,516.0,,moneydj,https://fubon-ebrokerdj.fbs.com.tw/z/zc/zco/zco.djhtm?a=3026&e=2026-7-1&f=2026-7-29
2026-07-29,2026-07-01,2026-07-29,20,3026,禾伸堂,buy,6,台新,9B00,2131.0,1380.0,751.0,,moneydj,https://fubon-ebrokerdj.fbs.com.tw/z/zc/zco/zco.djhtm?a=3026&e=2026-7-1&f=2026-7-29
2026-07-29,2026-07-01,2026-07-29,20,3026,禾伸堂,sell,6,宏遠證券,1260,352.0,803.0,451.0,,moneydj,https://fubon-ebrokerdj.fbs.com.tw/z/zc/zco/zco.djhtm?a=3026&e=2026-7-1&f=2026-7-29
2026-07-29,2026-07-01,2026-07-29,20,3026,禾伸堂,buy,7,永豐金證券,9A00,3052.0,2404.0,648.0,,moneydj,https://fubon-ebrokerdj.fbs.com.tw/z/zc/zco/zco.djhtm?a=3026&e=2026-7-1&f=2026-7-29
2026-07-29,2026-07-01,2026-07-29,20,3026,禾伸堂,sell,7,永豐金-信義,9A9R,234.0,666.0,432.0,,moneydj,https://fubon-ebrokerdj.fbs.com.tw/z/zc/zco/zco.djhtm?a=3026&e=2026-7-1&f=2026-7-29
2026-07-29,2026-07-01,2026-07-29,20,3026,禾伸堂,buy,8,華南永昌,9300,1311.0,667.0,644.0,,moneydj,https://fubon-ebrokerdj.fbs.com.tw/z/zc/zco/zco.djhtm?a=3026&e=2026-7-1&f=2026-7-29
2026-07-29,2026-07-01,2026-07-29,20,3026,禾伸堂,sell,8,元大-士林,981j,85.0,474.0,389.0,,moneydj,https://fubon-ebrokerdj.fbs.com.tw/z/zc/zco/zco.djhtm?a=3026&e=2026-7-1&f=2026-7-29
2026-07-29,2026-07-01,2026-07-29,20,3026,禾伸堂,buy,9,國泰證券,8880,3021.0,2394.0,627.0,,moneydj,https://fubon-ebrokerdj.fbs.com.tw/z/zc/zco/zco.djhtm?a=3026&e=2026-7-1&f=2026-7-29
2026-07-29,2026-07-01,2026-07-29,20,3026,禾伸堂,sell,9,國票-安和,779Z,519.0,885.0,366.0,,moneydj,https://fubon-ebrokerdj.fbs.com.tw/z/zc/zco/zco.djhtm?a=3026&e=2026-7-1&f=2026-7-29
2026-07-29,2026-07-01,2026-07-29,20,3026,禾伸堂,buy,10,花旗環球,1590,1143.0,539.0,604.0,,moneydj,https://fubon-ebrokerdj.fbs.com.tw/z/zc/zco/zco.djhtm?a=3026&e=2026-7-1&f=2026-7-29
2026-07-29,2026-07-01,2026-07-29,20,3026,禾伸堂,sell,10,香港上海匯豐,8960,292.0,655.0,363.0,,moneydj,https://fubon-ebrokerdj.fbs.com.tw/z/zc/zco/zco.djhtm?a=3026&e=2026-7-1&f=2026-7-29
2026-07-29,2026-07-01,2026-07-29,20,2451,創見,buy,1,統一,5850,3639.0,987.0,2652.0,,moneydj,https://fubon-ebrokerdj.fbs.com.tw/z/zc/zco/zco.djhtm?a=2451&e=2026-7-1&f=2026-7-29
2026-07-29,2026-07-01,2026-07-29,20,2451,創見,sell,1,元大證券,9800,7245.0,10367.0,3122.0,,moneydj,https://fubon-ebrokerdj.fbs.com.tw/z/zc/zco/zco.djhtm?a=2451&e=2026-7-1&f=2026-7-29
2026-07-29,2026-07-01,2026-07-29,20,2451,創見,buy,2,摩根大通,8440,6297.0,5210.0,1087.0,,moneydj,https://fubon-ebrokerdj.fbs.com.tw/z/zc/zco/zco.djhtm?a=2451&e=2026-7-1&f=2026-7-29
2026-07-29,2026-07-01,2026-07-29,20,2451,創見,sell,2,美商高盛,1480,6326.0,9373.0,3047.0,,moneydj,https://fubon-ebrokerdj.fbs.com.tw/z/zc/zco/zco.djhtm?a=2451&e=2026-7-1&f=2026-7-29
2026-07-29,2026-07-01,2026-07-29,20,2451,創見,buy,3,台新,9B00,1674.0,1146.0,528.0,,moneydj,https://fubon-ebrokerdj.fbs.com.tw/z/zc/zco/zco.djhtm?a=2451&e=2026-7-1&f=2026-7-29
2026-07-29,2026-07-01,2026-07-29,20,2451,創見,sell,3,台灣摩根士丹利,1470,6107.0,9144.0,3037.0,,moneydj,https://fubon-ebrokerdj.fbs.com.tw/z/zc/zco/zco.djhtm?a=2451&e=2026-7-1&f=2026-7-29
2026-07-29,2026-07-01,2026-07-29,20,2451,創見,buy,4,華南永昌-中正,9359,437.0,55.0,382.0,,moneydj,https://fubon-ebrokerdj.fbs.com.tw/z/zc/zco/zco.djhtm?a=2451&e=2026-7-1&f=2026-7-29
2026-07-29,2026-07-01,2026-07-29,20,2451,創見,sell,4,富邦證券,9600,967.0,2404.0,1437.0,,moneydj,https://fubon-ebrokerdj.fbs.com.tw/z/zc/zco/zco.djhtm?a=2451&e=2026-7-1&f=2026-7-29
2026-07-29,2026-07-01,2026-07-29,20,2451,創見,buy,5,凱基-台南,9211,964.0,722.0,242.0,,moneydj,https://fubon-ebrokerdj.fbs.com.tw/z/zc/zco/zco.djhtm?a=2451&e=2026-7-1&f=2026-7-29
2026-07-29,2026-07-01,2026-07-29,20,2451,創見,sell,5,花旗環球,1590,430.0,1350.0,920.0,,moneydj,https://fubon-ebrokerdj.fbs.com.tw/z/zc/zco/zco.djhtm?a=2451&e=2026-7-1&f=2026-7-29
2026-07-29,2026-07-01,2026-07-29,20,2451,創見,buy,6,台中銀-高雄,6116,237.0,19.0,218.0,,moneydj,https://fubon-ebrokerdj.fbs.com.tw/z/zc/zco/zco.djhtm?a=2451&e=2026-7-1&f=2026-7-29
2026-07-29,2026-07-01,2026-07-29,20,2451,創見,sell,6,兆豐證券,7000,25.0,867.0,842.0,,moneydj,https://fubon-ebrokerdj.fbs.com.tw/z/zc/zco/zco.djhtm?a=2451&e=2026-7-1&f=2026-7-29
2026-07-29,2026-07-01,2026-07-29,20,2451,創見,buy,7,國票-台中,779v,237.0,25.0,212.0,,moneydj,https://fubon-ebrokerdj.fbs.com.tw/z/zc/zco/zco.djhtm?a=2451&e=2026-7-1&f=2026-7-29
2026-07-29,2026-07-01,2026-07-29,20,2451,創見,sell,7,美林,1440,1609.0,2246.0,637.0,,moneydj,https://fubon-ebrokerdj.fbs.com.tw/z/zc/zco/zco.djhtm?a=2451&e=2026-7-1&f=2026-7-29
2026-07-29,2026-07-01,2026-07-29,20,2451,創見,buy,8,法銀巴黎,8900,252.0,60.0,192.0,,moneydj,https://fubon-ebrokerdj.fbs.com.tw/z/zc/zco/zco.djhtm?a=2451&e=2026-7-1&f=2026-7-29
2026-07-29,2026-07-01,2026-07-29,20,2451,創見,sell,8,國泰證券,8880,88.0,668.0,580.0,,moneydj,https://fubon-ebrokerdj.fbs.com.tw/z/zc/zco/zco.djhtm?a=2451&e=2026-7-1&f=2026-7-29
2026-07-29,2026-07-01,2026-07-29,20,2451,創見,buy,9,華南永昌-台中,9302,309.0,124.0,185.0,,moneydj,https://fubon-ebrokerdj.fbs.com.tw/z/zc/zco/zco.djhtm?a=2451&e=2026-7-1&f=2026-7-29
2026-07-29,2026-07-01,2026-07-29,20,2451,創見,sell,9,凱基,9200,199.0,675.0,476.0,,moneydj,https://fubon-ebrokerdj.fbs.com.tw/z/zc/zco/zco.djhtm?a=2451&e=2026-7-1&f=2026-7-29
2026-07-29,2026-07-01,2026-07-29,20,2451,創見,buy,10,富邦-虎尾,9697,226.0,55.0,171.0,,moneydj,https://fubon-ebrokerdj.fbs.com.tw/z/zc/zco/zco.djhtm?a=2451&e=2026-7-1&f=2026-7-29
2026-07-29,2026-07-01,2026-07-29,20,2451,創見,sell,10,新加坡商瑞銀,1650,3048.0,3500.0,452.0,,moneydj,https://fubon-ebrokerdj.fbs.com.tw/z/zc/zco/zco.djhtm?a=2451&e=2026-7-1&f=2026-7-29
2026-07-29,2026-07-01,2026-07-29,20,3685,元創精密,buy,1,國票-安和,779Z,4042.0,7.0,4035.0,,moneydj,https://fubon-ebrokerdj.fbs.com.tw/z/zc/zco/zco.djhtm?a=3685&e=2026-7-1&f=2026-7-29
2026-07-29,2026-07-01,2026-07-29,20,3685,元創精密,sell,1,群益金鼎,9100,637.0,4732.0,4095.0,,moneydj,https://fubon-ebrokerdj.fbs.com.tw/z/zc/zco/zco.djhtm?a=3685&e=2026-7-1&f=2026-7-29
2026-07-29,2026-07-01,2026-07-29,20,3685,元創精密,buy,2,群益金鼎-內湖,918d,532.0,0.0,532.0,,moneydj,https://fubon-ebrokerdj.fbs.com.tw/z/zc/zco/zco.djhtm?a=3685&e=2026-7-1&f=2026-7-29
2026-07-29,2026-07-01,2026-07-29,20,3685,元創精密,sell,2,凱基-站前,920F,3978.0,4955.0,977.0,,moneydj,https://fubon-ebrokerdj.fbs.com.tw/z/zc/zco/zco.djhtm?a=3685&e=2026-7-1&f=2026-7-29
2026-07-29,2026-07-01,2026-07-29,20,3685,元創精密,buy,3,永豐金-虎尾,9A9b,423.0,12.0,411.0,,moneydj,https://fubon-ebrokerdj.fbs.com.tw/z/zc/zco/zco.djhtm?a=3685&e=2026-7-1&f=2026-7-29
2026-07-29,2026-07-01,2026-07-29,20,3685,元創精密,sell,3,元大-斗六,980C,6.0,544.0,538.0,,moneydj,https://fubon-ebrokerdj.fbs.com.tw/z/zc/zco/zco.djhtm?a=3685&e=2026-7-1&f=2026-7-29
2026-07-29,2026-07-01,2026-07-29,20,3685,元創精密,buy,4,群益金鼎-海山,9108,419.0,17.0,402.0,,moneydj,https://fubon-ebrokerdj.fbs.com.tw/z/zc/zco/zco.djhtm?a=3685&e=2026-7-1&f=2026-7-29
2026-07-29,2026-07-01,2026-07-29,20,3685,元創精密,sell,4,玉山證券,8840,67.0,381.0,314.0,,moneydj,https://fubon-ebrokerdj.fbs.com.tw/z/zc/zco/zco.djhtm?a=3685&e=2026-7-1&f=2026-7-29
2026-07-29,2026-07-01,2026-07-29,20,3685,元創精密,buy,5,台灣摩根士丹利,1470,780.0,403.0,377.0,,moneydj,https://fubon-ebrokerdj.fbs.com.tw/z/zc/zco/zco.djhtm?a=3685&e=2026-7-1&f=2026-7-29
2026-07-29,2026-07-01,2026-07-29,20,3685,元創精密,sell,5,永豐金-台中,9A9L,69.0,335.0,266.0,,moneydj,https://fubon-ebrokerdj.fbs.com.tw/z/zc/zco/zco.djhtm?a=3685&e=2026-7-1&f=2026-7-29
2026-07-29,2026-07-01,2026-07-29,20,3685,元創精密,buy,6,統一-員林,585I,960.0,593.0,367.0,,moneydj,https://fubon-ebrokerdj.fbs.com.tw/z/zc/zco/zco.djhtm?a=3685&e=2026-7-1&f=2026-7-29
2026-07-29,2026-07-01,2026-07-29,20,3685,元創精密,sell,6,元大-天母,981I,5.0,253.0,248.0,,moneydj,https://fubon-ebrokerdj.fbs.com.tw/z/zc/zco/zco.djhtm?a=3685&e=2026-7-1&f=2026-7-29
2026-07-29,2026-07-01,2026-07-29,20,3685,元創精密,buy,7,新光-新竹,8563,310.0,4.0,306.0,,moneydj,https://fubon-ebrokerdj.fbs.com.tw/z/zc/zco/zco.djhtm?a=3685&e=2026-7-1&f=2026-7-29
2026-07-29,2026-07-01,2026-07-29,20,3685,元創精密,sell,7,國泰-館前,888A,54.0,245.0,191.0,,moneydj,https://fubon-ebrokerdj.fbs.com.tw/z/zc/zco/zco.djhtm?a=3685&e=2026-7-1&f=2026-7-29
2026-07-29,2026-07-01,2026-07-29,20,3685,元創精密,buy,8,華南永昌-敦南,9347,396.0,99.0,297.0,,moneydj,https://fubon-ebrokerdj.fbs.com.tw/z/zc/zco/zco.djhtm?a=3685&e=2026-7-1&f=2026-7-29
2026-07-29,2026-07-01,2026-07-29,20,3685,元創精密,sell,8,永豐金-內湖,9A9g,13.0,151.0,138.0,,moneydj,https://fubon-ebrokerdj.fbs.com.tw/z/zc/zco/zco.djhtm?a=3685&e=2026-7-1&f=2026-7-29
2026-07-29,2026-07-01,2026-07-29,20,3685,元創精密,buy,9,永豐金-敦北,9A89,281.0,12.0,269.0,,moneydj,https://fubon-ebrokerdj.fbs.com.tw/z/zc/zco/zco.djhtm?a=3685&e=2026-7-1&f=2026-7-29
2026-07-29,2026-07-01,2026-07-29,20,3685,元創精密,sell,9,凱基-北門,9283,80.0,207.0,127.0,,moneydj,https://fubon-ebrokerdj.fbs.com.tw/z/zc/zco/zco.djhtm?a=3685&e=2026-7-1&f=2026-7-29
2026-07-29,2026-07-01,2026-07-29,20,3685,元創精密,buy,10,宏遠-中和,126H,275.0,8.0,267.0,,moneydj,https://fubon-ebrokerdj.fbs.com.tw/z/zc/zco/zco.djhtm?a=3685&e=2026-7-1&f=2026-7-29
2026-07-29,2026-07-01,2026-07-29,20,3685,元創精密,sell,10,富邦-竹北,9624,24.0,149.0,125.0,,moneydj,https://fubon-ebrokerdj.fbs.com.tw/z/zc/zco/zco.djhtm?a=3685&e=2026-7-1&f=2026-7-29
2026-07-29,2026-07-01,2026-07-29,20,6548,長科*,buy,1,永豐金證券,9A00,5015.0,1281.0,3734.0,,moneydj,https://fubon-ebrokerdj.fbs.com.tw/z/zc/zco/zco.djhtm?a=6548&e=2026-7-1&f=2026-7-29
2026-07-29,2026-07-01,2026-07-29,20,6548,長科*,sell,1,台灣摩根士丹利,1470,6265.0,11963.0,5698.0,,moneydj,https://fubon-ebrokerdj.fbs.com.tw/z/zc/zco/zco.djhtm?a=6548&e=2026-7-1&f=2026-7-29
2026-07-29,2026-07-01,2026-07-29,20,6548,長科*,buy,2,凱基,9200,2448.0,591.0,1857.0,,moneydj,https://fubon-ebrokerdj.fbs.com.tw/z/zc/zco/zco.djhtm?a=6548&e=2026-7-1&f=2026-7-29
2026-07-29,2026-07-01,2026-07-29,20,6548,長科*,sell,2,美商高盛,1480,6571.0,8185.0,1614.0,,moneydj,https://fubon-ebrokerdj.fbs.com.tw/z/zc/zco/zco.djhtm?a=6548&e=2026-7-1&f=2026-7-29
2026-07-29,2026-07-01,2026-07-29,20,6548,長科*,buy,3,富邦證券,9600,4406.0,2946.0,1460.0,,moneydj,https://fubon-ebrokerdj.fbs.com.tw/z/zc/zco/zco.djhtm?a=6548&e=2026-7-1&f=2026-7-29
2026-07-29,2026-07-01,2026-07-29,20,6548,長科*,sell,3,新加坡商瑞銀,1650,5105.0,6573.0,1468.0,,moneydj,https://fubon-ebrokerdj.fbs.com.tw/z/zc/zco/zco.djhtm?a=6548&e=2026-7-1&f=2026-7-29
2026-07-29,2026-07-01,2026-07-29,20,6548,長科*,buy,4,群益金鼎,9100,2690.0,1378.0,1312.0,,moneydj,https://fubon-ebrokerdj.fbs.com.tw/z/zc/zco/zco.djhtm?a=6548&e=2026-7-1&f=2026-7-29
2026-07-29,2026-07-01,2026-07-29,20,6548,長科*,sell,4,元大證券,9800,13461.0,14414.0,953.0,,moneydj,https://fubon-ebrokerdj.fbs.com.tw/z/zc/zco/zco.djhtm?a=6548&e=2026-7-1&f=2026-7-29
2026-07-29,2026-07-01,2026-07-29,20,6548,長科*,buy,5,國泰證券,8880,1456.0,241.0,1215.0,,moneydj,https://fubon-ebrokerdj.fbs.com.tw/z/zc/zco/zco.djhtm?a=6548&e=2026-7-1&f=2026-7-29
2026-07-29,2026-07-01,2026-07-29,20,6548,長科*,sell,5,凱基-台北,9268,15805.0,16612.0,807.0,,moneydj,https://fubon-ebrokerdj.fbs.com.tw/z/zc/zco/zco.djhtm?a=6548&e=2026-7-1&f=2026-7-29
2026-07-29,2026-07-01,2026-07-29,20,6548,長科*,buy,6,國票-敦北法人,779c,727.0,55.0,672.0,,moneydj,https://fubon-ebrokerdj.fbs.com.tw/z/zc/zco/zco.djhtm?a=6548&e=2026-7-1&f=2026-7-29
2026-07-29,2026-07-01,2026-07-29,20,6548,長科*,sell,6,康和,8450,40.0,588.0,548.0,,moneydj,https://fubon-ebrokerdj.fbs.com.tw/z/zc/zco/zco.djhtm?a=6548&e=2026-7-1&f=2026-7-29
2026-07-29,2026-07-01,2026-07-29,20,6548,長科*,buy,7,摩根大通,8440,6360.0,5850.0,510.0,,moneydj,https://fubon-ebrokerdj.fbs.com.tw/z/zc/zco/zco.djhtm?a=6548&e=2026-7-1&f=2026-7-29
2026-07-29,2026-07-01,2026-07-29,20,6548,長科*,sell,7,第一金-自由,538E,266.0,771.0,505.0,,moneydj,https://fubon-ebrokerdj.fbs.com.tw/z/zc/zco/zco.djhtm?a=6548&e=2026-7-1&f=2026-7-29
2026-07-29,2026-07-01,2026-07-29,20,6548,長科*,buy,8,國票-九鼎,779P,1087.0,822.0,265.0,,moneydj,https://fubon-ebrokerdj.fbs.com.tw/z/zc/zco/zco.djhtm?a=6548&e=2026-7-1&f=2026-7-29
2026-07-29,2026-07-01,2026-07-29,20,6548,長科*,sell,8,玉山-新莊,8842,495.0,950.0,455.0,,moneydj,https://fubon-ebrokerdj.fbs.com.tw/z/zc/zco/zco.djhtm?a=6548&e=2026-7-1&f=2026-7-29
2026-07-29,2026-07-01,2026-07-29,20,6548,長科*,buy,9,群益金鼎-屏東,913H,318.0,60.0,258.0,,moneydj,https://fubon-ebrokerdj.fbs.com.tw/z/zc/zco/zco.djhtm?a=6548&e=2026-7-1&f=2026-7-29
2026-07-29,2026-07-01,2026-07-29,20,6548,長科*,sell,9,美林,1440,1199.0,1639.0,440.0,,moneydj,https://fubon-ebrokerdj.fbs.com.tw/z/zc/zco/zco.djhtm?a=6548&e=2026-7-1&f=2026-7-29
2026-07-29,2026-07-01,2026-07-29,20,6548,長科*,buy,10,凱基-市政,9239,354.0,145.0,209.0,,moneydj,https://fubon-ebrokerdj.fbs.com.tw/z/zc/zco/zco.djhtm?a=6548&e=2026-7-1&f=2026-7-29
2026-07-29,2026-07-01,2026-07-29,20,6548,長科*,sell,10,永豐金-永康,9A9c,334.0,765.0,431.0,,moneydj,https://fubon-ebrokerdj.fbs.com.tw/z/zc/zco/zco.djhtm?a=6548&e=2026-7-1&f=2026-7-29
2026-07-29,2026-07-01,2026-07-29,20,6176,瑞儀,buy,1,元大證券,9800,7510.0,3853.0,3657.0,,moneydj,https://fubon-ebrokerdj.fbs.com.tw/z/zc/zco/zco.djhtm?a=6176&e=2026-7-1&f=2026-7-29
2026-07-29,2026-07-01,2026-07-29,20,6176,瑞儀,sell,1,華南永昌,9300,103.0,6206.0,6103.0,,moneydj,https://fubon-ebrokerdj.fbs.com.tw/z/zc/zco/zco.djhtm?a=6176&e=2026-7-1&f=2026-7-29
2026-07-29,2026-07-01,2026-07-29,20,6176,瑞儀,buy,2,台灣摩根士丹利,1470,9472.0,6561.0,2911.0,,moneydj,https://fubon-ebrokerdj.fbs.com.tw/z/zc/zco/zco.djhtm?a=6176&e=2026-7-1&f=2026-7-29
2026-07-29,2026-07-01,2026-07-29,20,6176,瑞儀,sell,2,兆豐證券,7000,110.0,6171.0,6061.0,,moneydj,https://fubon-ebrokerdj.fbs.com.tw/z/zc/zco/zco.djhtm?a=6176&e=2026-7-1&f=2026-7-29
2026-07-29,2026-07-01,2026-07-29,20,6176,瑞儀,buy,3,凱基-台北,9268,7586.0,5487.0,2099.0,,moneydj,https://fubon-ebrokerdj.fbs.com.tw/z/zc/zco/zco.djhtm?a=6176&e=2026-7-1&f=2026-7-29
2026-07-29,2026-07-01,2026-07-29,20,6176,瑞儀,sell,3,統一,5850,205.0,3121.0,2916.0,,moneydj,https://fubon-ebrokerdj.fbs.com.tw/z/zc/zco/zco.djhtm?a=6176&e=2026-7-1&f=2026-7-29
2026-07-29,2026-07-01,2026-07-29,20,6176,瑞儀,buy,4,摩根大通,8440,7086.0,5456.0,1630.0,,moneydj,https://fubon-ebrokerdj.fbs.com.tw/z/zc/zco/zco.djhtm?a=6176&e=2026-7-1&f=2026-7-29
2026-07-29,2026-07-01,2026-07-29,20,6176,瑞儀,sell,4,合庫證券,1020,149.0,1939.0,1790.0,,moneydj,https://fubon-ebrokerdj.fbs.com.tw/z/zc/zco/zco.djhtm?a=6176&e=2026-7-1&f=2026-7-29
2026-07-29,2026-07-01,2026-07-29,20,6176,瑞儀,buy,5,港商野村,1560,2734.0,1187.0,1547.0,,moneydj,https://fubon-ebrokerdj.fbs.com.tw/z/zc/zco/zco.djhtm?a=6176&e=2026-7-1&f=2026-7-29
2026-07-29,2026-07-01,2026-07-29,20,6176,瑞儀,sell,5,凱基,9200,284.0,1445.0,1161.0,,moneydj,https://fubon-ebrokerdj.fbs.com.tw/z/zc/zco/zco.djhtm?a=6176&e=2026-7-1&f=2026-7-29
2026-07-29,2026-07-01,2026-07-29,20,6176,瑞儀,buy,6,永豐金-匯立,9A81,1197.0,0.0,1197.0,,moneydj,https://fubon-ebrokerdj.fbs.com.tw/z/zc/zco/zco.djhtm?a=6176&e=2026-7-1&f=2026-7-29
2026-07-29,2026-07-01,2026-07-29,20,6176,瑞儀,sell,6,永豐金證券,9A00,1605.0,2697.0,1092.0,,moneydj,https://fubon-ebrokerdj.fbs.com.tw/z/zc/zco/zco.djhtm?a=6176&e=2026-7-1&f=2026-7-29
2026-07-29,2026-07-01,2026-07-29,20,6176,瑞儀,buy,7,新加坡商瑞銀,1650,5265.0,4699.0,566.0,,moneydj,https://fubon-ebrokerdj.fbs.com.tw/z/zc/zco/zco.djhtm?a=6176&e=2026-7-1&f=2026-7-29
2026-07-29,2026-07-01,2026-07-29,20,6176,瑞儀,sell,7,群益金鼎,9100,564.0,1315.0,751.0,,moneydj,https://fubon-ebrokerdj.fbs.com.tw/z/zc/zco/zco.djhtm?a=6176&e=2026-7-1&f=2026-7-29
2026-07-29,2026-07-01,2026-07-29,20,6176,瑞儀,buy,8,台新-虎尾,9B2N,562.0,12.0,550.0,,moneydj,https://fubon-ebrokerdj.fbs.com.tw/z/zc/zco/zco.djhtm?a=6176&e=2026-7-1&f=2026-7-29
2026-07-29,2026-07-01,2026-07-29,20,6176,瑞儀,sell,8,宏遠證券,1260,1.0,697.0,696.0,,moneydj,https://fubon-ebrokerdj.fbs.com.tw/z/zc/zco/zco.djhtm?a=6176&e=2026-7-1&f=2026-7-29
2026-07-29,2026-07-01,2026-07-29,20,6176,瑞儀,buy,9,美林,1440,1964.0,1425.0,539.0,,moneydj,https://fubon-ebrokerdj.fbs.com.tw/z/zc/zco/zco.djhtm?a=6176&e=2026-7-1&f=2026-7-29
2026-07-29,2026-07-01,2026-07-29,20,6176,瑞儀,sell,9,國票-敦北法人,779c,24.0,504.0,480.0,,moneydj,https://fubon-ebrokerdj.fbs.com.tw/z/zc/zco/zco.djhtm?a=6176&e=2026-7-1&f=2026-7-29
2026-07-29,2026-07-01,2026-07-29,20,6176,瑞儀,buy,10,富邦-新竹,9647,558.0,65.0,493.0,,moneydj,https://fubon-ebrokerdj.fbs.com.tw/z/zc/zco/zco.djhtm?a=6176&e=2026-7-1&f=2026-7-29
2026-07-29,2026-07-01,2026-07-29,20,6176,瑞儀,sell,10,台新,9B00,278.0,653.0,375.0,,moneydj,https://fubon-ebrokerdj.fbs.com.tw/z/zc/zco/zco.djhtm?a=6176&e=2026-7-1&f=2026-7-29
2026-07-29,2026-07-01,2026-07-29,20,6469,大樹,buy,1,台灣摩根士丹利,1470,811.0,395.0,416.0,,moneydj,https://fubon-ebrokerdj.fbs.com.tw/z/zc/zco/zco.djhtm?a=6469&e=2026-7-1&f=2026-7-29
2026-07-29,2026-07-01,2026-07-29,20,6469,大樹,sell,1,永豐金-桃盛,9A9N,10.0,99.0,89.0,,moneydj,https://fubon-ebrokerdj.fbs.com.tw/z/zc/zco/zco.djhtm?a=6469&e=2026-7-1&f=2026-7-29
2026-07-29,2026-07-01,2026-07-29,20,6469,大樹,buy,2,凱基-台北,9268,857.0,503.0,354.0,,moneydj,https://fubon-ebrokerdj.fbs.com.tw/z/zc/zco/zco.djhtm?a=6469&e=2026-7-1&f=2026-7-29
2026-07-29,2026-07-01,2026-07-29,20,6469,大樹,sell,2,元大-小港,989Z,25.0,110.0,85.0,,moneydj,https://fubon-ebrokerdj.fbs.com.tw/z/zc/zco/zco.djhtm?a=6469&e=2026-7-1&f=2026-7-29
2026-07-29,2026-07-01,2026-07-29,20,6469,大樹,buy,3,美商高盛,1480,620.0,320.0,300.0,,moneydj,https://fubon-ebrokerdj.fbs.com.tw/z/zc/zco/zco.djhtm?a=6469&e=2026-7-1&f=2026-7-29
2026-07-29,2026-07-01,2026-07-29,20,6469,大樹,sell,3,玉山-左營,884D,8.0,89.0,81.0,,moneydj,https://fubon-ebrokerdj.fbs.com.tw/z/zc/zco/zco.djhtm?a=6469&e=2026-7-1&f=2026-7-29
2026-07-29,2026-07-01,2026-07-29,20,6469,大樹,buy,4,港商野村,1560,207.0,36.0,171.0,,moneydj,https://fubon-ebrokerdj.fbs.com.tw/z/zc/zco/zco.djhtm?a=6469&e=2026-7-1&f=2026-7-29
2026-07-29,2026-07-01,2026-07-29,20,6469,大樹,sell,4,群益金鼎-新莊,918G,96.0,152.0,56.0,,moneydj,https://fubon-ebrokerdj.fbs.com.tw/z/zc/zco/zco.djhtm?a=6469&e=2026-7-1&f=2026-7-29
2026-07-29,2026-07-01,2026-07-29,20,6469,大樹,buy,5,新加坡商瑞銀,1650,301.0,147.0,154.0,,moneydj,https://fubon-ebrokerdj.fbs.com.tw/z/zc/zco/zco.djhtm?a=6469&e=2026-7-1&f=2026-7-29
2026-07-29,2026-07-01,2026-07-29,20,6469,大樹,sell,5,玉山-台南,8847,12.0,67.0,55.0,,moneydj,https://fubon-ebrokerdj.fbs.com.tw/z/zc/zco/zco.djhtm?a=6469&e=2026-7-1&f=2026-7-29
2026-07-29,2026-07-01,2026-07-29,20,6469,大樹,buy,6,摩根大通,8440,512.0,383.0,129.0,,moneydj,https://fubon-ebrokerdj.fbs.com.tw/z/zc/zco/zco.djhtm?a=6469&e=2026-7-1&f=2026-7-29
2026-07-29,2026-07-01,2026-07-29,20,6469,大樹,sell,6,國票-北高雄,779J,242.0,297.0,55.0,,moneydj,https://fubon-ebrokerdj.fbs.com.tw/z/zc/zco/zco.djhtm?a=6469&e=2026-7-1&f=2026-7-29
2026-07-29,2026-07-01,2026-07-29,20,6469,大樹,buy,7,統一-城中,5854,102.0,3.0,99.0,,moneydj,https://fubon-ebrokerdj.fbs.com.tw/z/zc/zco/zco.djhtm?a=6469&e=2026-7-1&f=2026-7-29
2026-07-29,2026-07-01,2026-07-29,20,6469,大樹,sell,7,富邦-新竹,9647,17.0,69.0,52.0,,moneydj,https://fubon-ebrokerdj.fbs.com.tw/z/zc/zco/zco.djhtm?a=6469&e=2026-7-1&f=2026-7-29
2026-07-29,2026-07-01,2026-07-29,20,6469,大樹,buy,8,美林,1440,236.0,164.0,72.0,,moneydj,https://fubon-ebrokerdj.fbs.com.tw/z/zc/zco/zco.djhtm?a=6469&e=2026-7-1&f=2026-7-29
2026-07-29,2026-07-01,2026-07-29,20,6469,大樹,sell,8,華南永昌-小港,9323,5.0,55.0,50.0,,moneydj,https://fubon-ebrokerdj.fbs.com.tw/z/zc/zco/zco.djhtm?a=6469&e=2026-7-1&f=2026-7-29
2026-07-29,2026-07-01,2026-07-29,20,6469,大樹,buy,9,富邦-板橋,9655,76.0,16.0,60.0,,moneydj,https://fubon-ebrokerdj.fbs.com.tw/z/zc/zco/zco.djhtm?a=6469&e=2026-7-1&f=2026-7-29
2026-07-29,2026-07-01,2026-07-29,20,6469,大樹,sell,9,第一金-台南,5384,3.0,49.0,46.0,,moneydj,https://fubon-ebrokerdj.fbs.com.tw/z/zc/zco/zco.djhtm?a=6469&e=2026-7-1&f=2026-7-29
2026-07-29,2026-07-01,2026-07-29,20,6469,大樹,buy,10,中國信託-永康,6163,48.0,5.0,43.0,,moneydj,https://fubon-ebrokerdj.fbs.com.tw/z/zc/zco/zco.djhtm?a=6469&e=2026-7-1&f=2026-7-29
2026-07-29,2026-07-01,2026-07-29,20,6469,大樹,sell,10,元大-歸仁,981a,12.0,56.0,44.0,,moneydj,https://fubon-ebrokerdj.fbs.com.tw/z/zc/zco/zco.djhtm?a=6469&e=2026-7-1&f=2026-7-29
2026-07-29,2026-07-01,2026-07-29,20,3090,日電貿,buy,1,台灣摩根士丹利,1470,9325.0,2592.0,6733.0,,moneydj,https://fubon-ebrokerdj.fbs.com.tw/z/zc/zco/zco.djhtm?a=3090&e=2026-7-1&f=2026-7-29
2026-07-29,2026-07-01,2026-07-29,20,3090,日電貿,sell,1,港商麥格理,1360,69.0,3820.0,3751.0,,moneydj,https://fubon-ebrokerdj.fbs.com.tw/z/zc/zco/zco.djhtm?a=3090&e=2026-7-1&f=2026-7-29
2026-07-29,2026-07-01,2026-07-29,20,3090,日電貿,buy,2,凱基-台北,9268,7205.0,4667.0,2538.0,,moneydj,https://fubon-ebrokerdj.fbs.com.tw/z/zc/zco/zco.djhtm?a=3090&e=2026-7-1&f=2026-7-29
2026-07-29,2026-07-01,2026-07-29,20,3090,日電貿,sell,2,富邦證券,9600,1374.0,3735.0,2361.0,,moneydj,https://fubon-ebrokerdj.fbs.com.tw/z/zc/zco/zco.djhtm?a=3090&e=2026-7-1&f=2026-7-29
2026-07-29,2026-07-01,2026-07-29,20,3090,日電貿,buy,3,美商高盛,1480,4987.0,2619.0,2368.0,,moneydj,https://fubon-ebrokerdj.fbs.com.tw/z/zc/zco/zco.djhtm?a=3090&e=2026-7-1&f=2026-7-29
2026-07-29,2026-07-01,2026-07-29,20,3090,日電貿,sell,3,統一,5850,1212.0,3096.0,1884.0,,moneydj,https://fubon-ebrokerdj.fbs.com.tw/z/zc/zco/zco.djhtm?a=3090&e=2026-7-1&f=2026-7-29
2026-07-29,2026-07-01,2026-07-29,20,3090,日電貿,buy,4,美林,1440,2053.0,751.0,1302.0,,moneydj,https://fubon-ebrokerdj.fbs.com.tw/z/zc/zco/zco.djhtm?a=3090&e=2026-7-1&f=2026-7-29
2026-07-29,2026-07-01,2026-07-29,20,3090,日電貿,sell,4,國泰證券,8880,251.0,1960.0,1709.0,,moneydj,https://fubon-ebrokerdj.fbs.com.tw/z/zc/zco/zco.djhtm?a=3090&e=2026-7-1&f=2026-7-29
2026-07-29,2026-07-01,2026-07-29,20,3090,日電貿,buy,5,新加坡商瑞銀,1650,2361.0,1530.0,831.0,,moneydj,https://fubon-ebrokerdj.fbs.com.tw/z/zc/zco/zco.djhtm?a=3090&e=2026-7-1&f=2026-7-29
2026-07-29,2026-07-01,2026-07-29,20,3090,日電貿,sell,5,元大證券,9800,7017.0,8680.0,1663.0,,moneydj,https://fubon-ebrokerdj.fbs.com.tw/z/zc/zco/zco.djhtm?a=3090&e=2026-7-1&f=2026-7-29
2026-07-29,2026-07-01,2026-07-29,20,3090,日電貿,buy,6,港商野村,1560,999.0,181.0,818.0,,moneydj,https://fubon-ebrokerdj.fbs.com.tw/z/zc/zco/zco.djhtm?a=3090&e=2026-7-1&f=2026-7-29
2026-07-29,2026-07-01,2026-07-29,20,3090,日電貿,sell,6,宏遠證券,1260,242.0,1661.0,1419.0,,moneydj,https://fubon-ebrokerdj.fbs.com.tw/z/zc/zco/zco.djhtm?a=3090&e=2026-7-1&f=2026-7-29
2026-07-29,2026-07-01,2026-07-29,20,3090,日電貿,buy,7,群益金鼎-大甲,918g,551.0,23.0,528.0,,moneydj,https://fubon-ebrokerdj.fbs.com.tw/z/zc/zco/zco.djhtm?a=3090&e=2026-7-1&f=2026-7-29
2026-07-29,2026-07-01,2026-07-29,20,3090,日電貿,sell,7,花旗環球,1590,513.0,1731.0,1218.0,,moneydj,https://fubon-ebrokerdj.fbs.com.tw/z/zc/zco/zco.djhtm?a=3090&e=2026-7-1&f=2026-7-29
2026-07-29,2026-07-01,2026-07-29,20,3090,日電貿,buy,8,摩根大通,8440,4723.0,4372.0,351.0,,moneydj,https://fubon-ebrokerdj.fbs.com.tw/z/zc/zco/zco.djhtm?a=3090&e=2026-7-1&f=2026-7-29
2026-07-29,2026-07-01,2026-07-29,20,3090,日電貿,sell,8,凱基,9200,446.0,1514.0,1068.0,,moneydj,https://fubon-ebrokerdj.fbs.com.tw/z/zc/zco/zco.djhtm?a=3090&e=2026-7-1&f=2026-7-29
2026-07-29,2026-07-01,2026-07-29,20,3090,日電貿,buy,9,國泰-松江,8883,373.0,87.0,286.0,,moneydj,https://fubon-ebrokerdj.fbs.com.tw/z/zc/zco/zco.djhtm?a=3090&e=2026-7-1&f=2026-7-29
2026-07-29,2026-07-01,2026-07-29,20,3090,日電貿,sell,9,兆豐證券,7000,234.0,850.0,616.0,,moneydj,https://fubon-ebrokerdj.fbs.com.tw/z/zc/zco/zco.djhtm?a=3090&e=2026-7-1&f=2026-7-29
2026-07-29,2026-07-01,2026-07-29,20,3090,日電貿,buy,10,永豐金證券,9A00,1425.0,1251.0,174.0,,moneydj,https://fubon-ebrokerdj.fbs.com.tw/z/zc/zco/zco.djhtm?a=3090&e=2026-7-1&f=2026-7-29
2026-07-29,2026-07-01,2026-07-29,20,3090,日電貿,sell,10,華南永昌,9300,109.0,668.0,559.0,,moneydj,https://fubon-ebrokerdj.fbs.com.tw/z/zc/zco/zco.djhtm?a=3090&e=2026-7-1&f=2026-7-29
2026-07-29,2026-07-01,2026-07-29,20,8074,鉅橡,buy,1,國泰-台南,8884,536.0,41.0,495.0,,moneydj,https://fubon-ebrokerdj.fbs.com.tw/z/zc/zco/zco.djhtm?a=8074&e=2026-7-1&f=2026-7-29
2026-07-29,2026-07-01,2026-07-29,20,8074,鉅橡,sell,1,美林,1440,212.0,346.0,134.0,,moneydj,https://fubon-ebrokerdj.fbs.com.tw/z/zc/zco/zco.djhtm?a=8074&e=2026-7-1&f=2026-7-29
2026-07-29,2026-07-01,2026-07-29,20,8074,鉅橡,buy,2,台灣摩根士丹利,1470,1305.0,1111.0,194.0,,moneydj,https://fubon-ebrokerdj.fbs.com.tw/z/zc/zco/zco.djhtm?a=8074&e=2026-7-1&f=2026-7-29
2026-07-29,2026-07-01,2026-07-29,20,8074,鉅橡,sell,2,凱基-台北,9268,1485.0,1610.0,125.0,,moneydj,https://fubon-ebrokerdj.fbs.com.tw/z/zc/zco/zco.djhtm?a=8074&e=2026-7-1&f=2026-7-29
2026-07-29,2026-07-01,2026-07-29,20,8074,鉅橡,buy,3,美商高盛,1480,1061.0,950.0,111.0,,moneydj,https://fubon-ebrokerdj.fbs.com.tw/z/zc/zco/zco.djhtm?a=8074&e=2026-7-1&f=2026-7-29
2026-07-29,2026-07-01,2026-07-29,20,8074,鉅橡,sell,3,富邦-竹北,9624,5.0,126.0,121.0,,moneydj,https://fubon-ebrokerdj.fbs.com.tw/z/zc/zco/zco.djhtm?a=8074&e=2026-7-1&f=2026-7-29
2026-07-29,2026-07-01,2026-07-29,20,8074,鉅橡,buy,4,元大-中壢,9834,108.0,31.0,77.0,,moneydj,https://fubon-ebrokerdj.fbs.com.tw/z/zc/zco/zco.djhtm?a=8074&e=2026-7-1&f=2026-7-29
2026-07-29,2026-07-01,2026-07-29,20,8074,鉅橡,sell,4,永豐金-內湖,9A9g,19.0,139.0,120.0,,moneydj,https://fubon-ebrokerdj.fbs.com.tw/z/zc/zco/zco.djhtm?a=8074&e=2026-7-1&f=2026-7-29
2026-07-29,2026-07-01,2026-07-29,20,8074,鉅橡,buy,5,新加坡商瑞銀,1650,599.0,523.0,76.0,,moneydj,https://fubon-ebrokerdj.fbs.com.tw/z/zc/zco/zco.djhtm?a=8074&e=2026-7-1&f=2026-7-29
2026-07-29,2026-07-01,2026-07-29,20,8074,鉅橡,sell,5,台新,9B00,70.0,170.0,100.0,,moneydj,https://fubon-ebrokerdj.fbs.com.tw/z/zc/zco/zco.djhtm?a=8074&e=2026-7-1&f=2026-7-29
2026-07-29,2026-07-01,2026-07-29,20,8074,鉅橡,buy,6,中國信託-嘉義,6168,73.0,1.0,72.0,,moneydj,https://fubon-ebrokerdj.fbs.com.tw/z/zc/zco/zco.djhtm?a=8074&e=2026-7-1&f=2026-7-29
2026-07-29,2026-07-01,2026-07-29,20,8074,鉅橡,sell,6,凱基,9200,0.0,81.0,81.0,,moneydj,https://fubon-ebrokerdj.fbs.com.tw/z/zc/zco/zco.djhtm?a=8074&e=2026-7-1&f=2026-7-29
2026-07-29,2026-07-01,2026-07-29,20,8074,鉅橡,buy,7,玉山-信義,884C,73.0,7.0,66.0,,moneydj,https://fubon-ebrokerdj.fbs.com.tw/z/zc/zco/zco.djhtm?a=8074&e=2026-7-1&f=2026-7-29
2026-07-29,2026-07-01,2026-07-29,20,8074,鉅橡,sell,7,統一,5850,104.0,184.0,80.0,,moneydj,https://fubon-ebrokerdj.fbs.com.tw/z/zc/zco/zco.djhtm?a=8074&e=2026-7-1&f=2026-7-29
2026-07-29,2026-07-01,2026-07-29,20,8074,鉅橡,buy,8,元大-竹山,981R,180.0,126.0,54.0,,moneydj,https://fubon-ebrokerdj.fbs.com.tw/z/zc/zco/zco.djhtm?a=8074&e=2026-7-1&f=2026-7-29
2026-07-29,2026-07-01,2026-07-29,20,8074,鉅橡,sell,8,永豐金證券,9A00,118.0,186.0,68.0,,moneydj,https://fubon-ebrokerdj.fbs.com.tw/z/zc/zco/zco.djhtm?a=8074&e=2026-7-1&f=2026-7-29
2026-07-29,2026-07-01,2026-07-29,20,8074,鉅橡,buy,9,群益金鼎-三民,9188,55.0,6.0,49.0,,moneydj,https://fubon-ebrokerdj.fbs.com.tw/z/zc/zco/zco.djhtm?a=8074&e=2026-7-1&f=2026-7-29
2026-07-29,2026-07-01,2026-07-29,20,8074,鉅橡,sell,9,第一金-路竹,538P,36.0,93.0,57.0,,moneydj,https://fubon-ebrokerdj.fbs.com.tw/z/zc/zco/zco.djhtm?a=8074&e=2026-7-1&f=2026-7-29
2026-07-29,2026-07-01,2026-07-29,20,8074,鉅橡,buy,10,元大-佳里,981e,74.0,31.0,43.0,,moneydj,https://fubon-ebrokerdj.fbs.com.tw/z/zc/zco/zco.djhtm?a=8074&e=2026-7-1&f=2026-7-29
2026-07-29,2026-07-01,2026-07-29,20,8074,鉅橡,sell,10,永豐金-敦北,9A89,4.0,60.0,56.0,,moneydj,https://fubon-ebrokerdj.fbs.com.tw/z/zc/zco/zco.djhtm?a=8074&e=2026-7-1&f=2026-7-29
2026-07-29,2026-07-01,2026-07-29,20,8271,宇瞻,buy,1,摩根大通,8440,3970.0,2489.0,1481.0,,moneydj,https://fubon-ebrokerdj.fbs.com.tw/z/zc/zco/zco.djhtm?a=8271&e=2026-7-1&f=2026-7-29
2026-07-29,2026-07-01,2026-07-29,20,8271,宇瞻,sell,1,美商高盛,1480,2750.0,5287.0,2537.0,,moneydj,https://fubon-ebrokerdj.fbs.com.tw/z/zc/zco/zco.djhtm?a=8271&e=2026-7-1&f=2026-7-29
2026-07-29,2026-07-01,2026-07-29,20,8271,宇瞻,buy,2,元大-六合,982C,705.0,140.0,565.0,,moneydj,https://fubon-ebrokerdj.fbs.com.tw/z/zc/zco/zco.djhtm?a=8271&e=2026-7-1&f=2026-7-29
2026-07-29,2026-07-01,2026-07-29,20,8271,宇瞻,sell,2,港商野村,1560,621.0,986.0,365.0,,moneydj,https://fubon-ebrokerdj.fbs.com.tw/z/zc/zco/zco.djhtm?a=8271&e=2026-7-1&f=2026-7-29
2026-07-29,2026-07-01,2026-07-29,20,8271,宇瞻,buy,3,兆豐-大同,700S,726.0,194.0,532.0,,moneydj,https://fubon-ebrokerdj.fbs.com.tw/z/zc/zco/zco.djhtm?a=8271&e=2026-7-1&f=2026-7-29
2026-07-29,2026-07-01,2026-07-29,20,8271,宇瞻,sell,3,花旗環球,1590,63.0,411.0,348.0,,moneydj,https://fubon-ebrokerdj.fbs.com.tw/z/zc/zco/zco.djhtm?a=8271&e=2026-7-1&f=2026-7-29
2026-07-29,2026-07-01,2026-07-29,20,8271,宇瞻,buy,4,凱基-台北,9268,8961.0,8467.0,494.0,,moneydj,https://fubon-ebrokerdj.fbs.com.tw/z/zc/zco/zco.djhtm?a=8271&e=2026-7-1&f=2026-7-29
2026-07-29,2026-07-01,2026-07-29,20,8271,宇瞻,sell,4,美林,1440,1142.0,1317.0,175.0,,moneydj,https://fubon-ebrokerdj.fbs.com.tw/z/zc/zco/zco.djhtm?a=8271&e=2026-7-1&f=2026-7-29
2026-07-29,2026-07-01,2026-07-29,20,8271,宇瞻,buy,5,兆豐-民生,700c,395.0,65.0,330.0,,moneydj,https://fubon-ebrokerdj.fbs.com.tw/z/zc/zco/zco.djhtm?a=8271&e=2026-7-1&f=2026-7-29
2026-07-29,2026-07-01,2026-07-29,20,8271,宇瞻,sell,5,元大-蘆洲中正,989I,138.0,311.0,173.0,,moneydj,https://fubon-ebrokerdj.fbs.com.tw/z/zc/zco/zco.djhtm?a=8271&e=2026-7-1&f=2026-7-29
2026-07-29,2026-07-01,2026-07-29,20,8271,宇瞻,buy,6,新加坡商瑞銀,1650,1899.0,1630.0,269.0,,moneydj,https://fubon-ebrokerdj.fbs.com.tw/z/zc/zco/zco.djhtm?a=8271&e=2026-7-1&f=2026-7-29
2026-07-29,2026-07-01,2026-07-29,20,8271,宇瞻,sell,6,永豐金證券,9A00,432.0,604.0,172.0,,moneydj,https://fubon-ebrokerdj.fbs.com.tw/z/zc/zco/zco.djhtm?a=8271&e=2026-7-1&f=2026-7-29
2026-07-29,2026-07-01,2026-07-29,20,8271,宇瞻,buy,7,第一金,5380,341.0,85.0,256.0,,moneydj,https://fubon-ebrokerdj.fbs.com.tw/z/zc/zco/zco.djhtm?a=8271&e=2026-7-1&f=2026-7-29
2026-07-29,2026-07-01,2026-07-29,20,8271,宇瞻,sell,7,國泰證券,8880,87.0,236.0,149.0,,moneydj,https://fubon-ebrokerdj.fbs.com.tw/z/zc/zco/zco.djhtm?a=8271&e=2026-7-1&f=2026-7-29
2026-07-29,2026-07-01,2026-07-29,20,8271,宇瞻,buy,8,富邦證券,9600,512.0,328.0,184.0,,moneydj,https://fubon-ebrokerdj.fbs.com.tw/z/zc/zco/zco.djhtm?a=8271&e=2026-7-1&f=2026-7-29
2026-07-29,2026-07-01,2026-07-29,20,8271,宇瞻,sell,8,台新-板橋,9B2b,217.0,358.0,141.0,,moneydj,https://fubon-ebrokerdj.fbs.com.tw/z/zc/zco/zco.djhtm?a=8271&e=2026-7-1&f=2026-7-29
2026-07-29,2026-07-01,2026-07-29,20,8271,宇瞻,buy,9,元大證券,9800,7316.0,7156.0,160.0,,moneydj,https://fubon-ebrokerdj.fbs.com.tw/z/zc/zco/zco.djhtm?a=8271&e=2026-7-1&f=2026-7-29
2026-07-29,2026-07-01,2026-07-29,20,8271,宇瞻,sell,9,香港上海匯豐,8960,0.0,137.0,137.0,,moneydj,https://fubon-ebrokerdj.fbs.com.tw/z/zc/zco/zco.djhtm?a=8271&e=2026-7-1&f=2026-7-29
2026-07-29,2026-07-01,2026-07-29,20,8271,宇瞻,buy,10,(牛牛牛)亞-鑫豐,601d,351.0,193.0,158.0,,moneydj,https://fubon-ebrokerdj.fbs.com.tw/z/zc/zco/zco.djhtm?a=8271&e=2026-7-1&f=2026-7-29
2026-07-29,2026-07-01,2026-07-29,20,8271,宇瞻,sell,10,元大-彰化,981G,122.0,239.0,117.0,,moneydj,https://fubon-ebrokerdj.fbs.com.tw/z/zc/zco/zco.djhtm?a=8271&e=2026-7-1&f=2026-7-29
2026-07-29,2026-07-01,2026-07-29,20,2474,可成,buy,1,永豐金證券,9A00,7093.0,2215.0,4878.0,,moneydj,https://fubon-ebrokerdj.fbs.com.tw/z/zc/zco/zco.djhtm?a=2474&e=2026-7-1&f=2026-7-29
2026-07-29,2026-07-01,2026-07-29,20,2474,可成,sell,1,美商高盛,1480,2661.0,8003.0,5342.0,,moneydj,https://fubon-ebrokerdj.fbs.com.tw/z/zc/zco/zco.djhtm?a=2474&e=2026-7-1&f=2026-7-29
2026-07-29,2026-07-01,2026-07-29,20,2474,可成,buy,2,國泰證券,8880,3526.0,790.0,2736.0,,moneydj,https://fubon-ebrokerdj.fbs.com.tw/z/zc/zco/zco.djhtm?a=2474&e=2026-7-1&f=2026-7-29
2026-07-29,2026-07-01,2026-07-29,20,2474,可成,sell,2,摩根大通,8440,5295.0,9198.0,3903.0,,moneydj,https://fubon-ebrokerdj.fbs.com.tw/z/zc/zco/zco.djhtm?a=2474&e=2026-7-1&f=2026-7-29
2026-07-29,2026-07-01,2026-07-29,20,2474,可成,buy,3,合庫證券,1020,1459.0,103.0,1356.0,,moneydj,https://fubon-ebrokerdj.fbs.com.tw/z/zc/zco/zco.djhtm?a=2474&e=2026-7-1&f=2026-7-29
2026-07-29,2026-07-01,2026-07-29,20,2474,可成,sell,3,凱基-台北,9268,4672.0,8083.0,3411.0,,moneydj,https://fubon-ebrokerdj.fbs.com.tw/z/zc/zco/zco.djhtm?a=2474&e=2026-7-1&f=2026-7-29
2026-07-29,2026-07-01,2026-07-29,20,2474,可成,buy,4,華南永昌,9300,2145.0,1026.0,1119.0,,moneydj,https://fubon-ebrokerdj.fbs.com.tw/z/zc/zco/zco.djhtm?a=2474&e=2026-7-1&f=2026-7-29
2026-07-29,2026-07-01,2026-07-29,20,2474,可成,sell,4,美林,1440,1899.0,4791.0,2892.0,,moneydj,https://fubon-ebrokerdj.fbs.com.tw/z/zc/zco/zco.djhtm?a=2474&e=2026-7-1&f=2026-7-29
2026-07-29,2026-07-01,2026-07-29,20,2474,可成,buy,5,兆豐證券,7000,1234.0,236.0,998.0,,moneydj,https://fubon-ebrokerdj.fbs.com.tw/z/zc/zco/zco.djhtm?a=2474&e=2026-7-1&f=2026-7-29
2026-07-29,2026-07-01,2026-07-29,20,2474,可成,sell,5,新加坡商瑞銀,1650,1160.0,3804.0,2644.0,,moneydj,https://fubon-ebrokerdj.fbs.com.tw/z/zc/zco/zco.djhtm?a=2474&e=2026-7-1&f=2026-7-29
2026-07-29,2026-07-01,2026-07-29,20,2474,可成,buy,6,元大證券,9800,6023.0,5096.0,927.0,,moneydj,https://fubon-ebrokerdj.fbs.com.tw/z/zc/zco/zco.djhtm?a=2474&e=2026-7-1&f=2026-7-29
2026-07-29,2026-07-01,2026-07-29,20,2474,可成,sell,6,台新-台北,9B20,25.0,1677.0,1652.0,,moneydj,https://fubon-ebrokerdj.fbs.com.tw/z/zc/zco/zco.djhtm?a=2474&e=2026-7-1&f=2026-7-29
2026-07-29,2026-07-01,2026-07-29,20,2474,可成,buy,7,玉山-新莊,8842,997.0,135.0,862.0,,moneydj,https://fubon-ebrokerdj.fbs.com.tw/z/zc/zco/zco.djhtm?a=2474&e=2026-7-1&f=2026-7-29
2026-07-29,2026-07-01,2026-07-29,20,2474,可成,sell,7,港商野村,1560,791.0,1992.0,1201.0,,moneydj,https://fubon-ebrokerdj.fbs.com.tw/z/zc/zco/zco.djhtm?a=2474&e=2026-7-1&f=2026-7-29
2026-07-29,2026-07-01,2026-07-29,20,2474,可成,buy,8,中國信託,6160,891.0,108.0,783.0,,moneydj,https://fubon-ebrokerdj.fbs.com.tw/z/zc/zco/zco.djhtm?a=2474&e=2026-7-1&f=2026-7-29
2026-07-29,2026-07-01,2026-07-29,20,2474,可成,sell,8,永豐金-匯立,9A81,204.0,1142.0,938.0,,moneydj,https://fubon-ebrokerdj.fbs.com.tw/z/zc/zco/zco.djhtm?a=2474&e=2026-7-1&f=2026-7-29
2026-07-29,2026-07-01,2026-07-29,20,2474,可成,buy,9,凱基,9200,1595.0,884.0,711.0,,moneydj,https://fubon-ebrokerdj.fbs.com.tw/z/zc/zco/zco.djhtm?a=2474&e=2026-7-1&f=2026-7-29
2026-07-29,2026-07-01,2026-07-29,20,2474,可成,sell,9,國票-安和,779Z,358.0,1205.0,847.0,,moneydj,https://fubon-ebrokerdj.fbs.com.tw/z/zc/zco/zco.djhtm?a=2474&e=2026-7-1&f=2026-7-29
2026-07-29,2026-07-01,2026-07-29,20,2474,可成,buy,10,富邦證券,9600,1171.0,473.0,698.0,,moneydj,https://fubon-ebrokerdj.fbs.com.tw/z/zc/zco/zco.djhtm?a=2474&e=2026-7-1&f=2026-7-29
2026-07-29,2026-07-01,2026-07-29,20,2474,可成,sell,10,國票-敦北法人,779c,48.0,797.0,749.0,,moneydj,https://fubon-ebrokerdj.fbs.com.tw/z/zc/zco/zco.djhtm?a=2474&e=2026-7-1&f=2026-7-29
2026-07-29,2026-07-01,2026-07-29,20,6166,凌華,buy,1,摩根大通,8440,3740.0,2133.0,1607.0,,moneydj,https://fubon-ebrokerdj.fbs.com.tw/z/zc/zco/zco.djhtm?a=6166&e=2026-7-1&f=2026-7-29
2026-07-29,2026-07-01,2026-07-29,20,6166,凌華,sell,1,元大-大里德芳,983W,42.0,882.0,840.0,,moneydj,https://fubon-ebrokerdj.fbs.com.tw/z/zc/zco/zco.djhtm?a=6166&e=2026-7-1&f=2026-7-29
2026-07-29,2026-07-01,2026-07-29,20,6166,凌華,buy,2,台灣摩根士丹利,1470,4812.0,3420.0,1392.0,,moneydj,https://fubon-ebrokerdj.fbs.com.tw/z/zc/zco/zco.djhtm?a=6166&e=2026-7-1&f=2026-7-29
2026-07-29,2026-07-01,2026-07-29,20,6166,凌華,sell,2,凱基-台北,9268,4399.0,4880.0,481.0,,moneydj,https://fubon-ebrokerdj.fbs.com.tw/z/zc/zco/zco.djhtm?a=6166&e=2026-7-1&f=2026-7-29
2026-07-29,2026-07-01,2026-07-29,20,6166,凌華,buy,3,美商高盛,1480,4578.0,3685.0,893.0,,moneydj,https://fubon-ebrokerdj.fbs.com.tw/z/zc/zco/zco.djhtm?a=6166&e=2026-7-1&f=2026-7-29
2026-07-29,2026-07-01,2026-07-29,20,6166,凌華,sell,3,土銀-南港,103F,187.0,553.0,366.0,,moneydj,https://fubon-ebrokerdj.fbs.com.tw/z/zc/zco/zco.djhtm?a=6166&e=2026-7-1&f=2026-7-29
2026-07-29,2026-07-01,2026-07-29,20,6166,凌華,buy,4,新加坡商瑞銀,1650,2785.0,2146.0,639.0,,moneydj,https://fubon-ebrokerdj.fbs.com.tw/z/zc/zco/zco.djhtm?a=6166&e=2026-7-1&f=2026-7-29
2026-07-29,2026-07-01,2026-07-29,20,6166,凌華,sell,4,華南永昌-古亭,9309,39.0,391.0,352.0,,moneydj,https://fubon-ebrokerdj.fbs.com.tw/z/zc/zco/zco.djhtm?a=6166&e=2026-7-1&f=2026-7-29
2026-07-29,2026-07-01,2026-07-29,20,6166,凌華,buy,5,永豐金-板新,9A9J,538.0,165.0,373.0,,moneydj,https://fubon-ebrokerdj.fbs.com.tw/z/zc/zco/zco.djhtm?a=6166&e=2026-7-1&f=2026-7-29
2026-07-29,2026-07-01,2026-07-29,20,6166,凌華,sell,5,統一-城中,5854,104.0,425.0,321.0,,moneydj,https://fubon-ebrokerdj.fbs.com.tw/z/zc/zco/zco.djhtm?a=6166&e=2026-7-1&f=2026-7-29
2026-07-29,2026-07-01,2026-07-29,20,6166,凌華,buy,6,港商野村,1560,1067.0,727.0,340.0,,moneydj,https://fubon-ebrokerdj.fbs.com.tw/z/zc/zco/zco.djhtm?a=6166&e=2026-7-1&f=2026-7-29
2026-07-29,2026-07-01,2026-07-29,20,6166,凌華,sell,6,香港上海匯豐,8960,0.0,246.0,246.0,,moneydj,https://fubon-ebrokerdj.fbs.com.tw/z/zc/zco/zco.djhtm?a=6166&e=2026-7-1&f=2026-7-29
2026-07-29,2026-07-01,2026-07-29,20,6166,凌華,buy,7,元大證券,9800,5559.0,5225.0,334.0,,moneydj,https://fubon-ebrokerdj.fbs.com.tw/z/zc/zco/zco.djhtm?a=6166&e=2026-7-1&f=2026-7-29
2026-07-29,2026-07-01,2026-07-29,20,6166,凌華,sell,7,玉山-新莊,8842,368.0,612.0,244.0,,moneydj,https://fubon-ebrokerdj.fbs.com.tw/z/zc/zco/zco.djhtm?a=6166&e=2026-7-1&f=2026-7-29
2026-07-29,2026-07-01,2026-07-29,20,6166,凌華,buy,8,國泰-桃園,8885,480.0,179.0,301.0,,moneydj,https://fubon-ebrokerdj.fbs.com.tw/z/zc/zco/zco.djhtm?a=6166&e=2026-7-1&f=2026-7-29
2026-07-29,2026-07-01,2026-07-29,20,6166,凌華,sell,8,富邦-木柵,961M,30.0,239.0,209.0,,moneydj,https://fubon-ebrokerdj.fbs.com.tw/z/zc/zco/zco.djhtm?a=6166&e=2026-7-1&f=2026-7-29
2026-07-29,2026-07-01,2026-07-29,20,6166,凌華,buy,9,美好-富順,526K,314.0,36.0,278.0,,moneydj,https://fubon-ebrokerdj.fbs.com.tw/z/zc/zco/zco.djhtm?a=6166&e=2026-7-1&f=2026-7-29
2026-07-29,2026-07-01,2026-07-29,20,6166,凌華,sell,9,國票-長城,779u,31.0,231.0,200.0,,moneydj,https://fubon-ebrokerdj.fbs.com.tw/z/zc/zco/zco.djhtm?a=6166&e=2026-7-1&f=2026-7-29
2026-07-29,2026-07-01,2026-07-29,20,6166,凌華,buy,10,元大-六合,982C,315.0,43.0,272.0,,moneydj,https://fubon-ebrokerdj.fbs.com.tw/z/zc/zco/zco.djhtm?a=6166&e=2026-7-1&f=2026-7-29
2026-07-29,2026-07-01,2026-07-29,20,6166,凌華,sell,10,永豐金-桃園,9A9x,52.0,249.0,197.0,,moneydj,https://fubon-ebrokerdj.fbs.com.tw/z/zc/zco/zco.djhtm?a=6166&e=2026-7-1&f=2026-7-29
2026-07-29,2026-07-01,2026-07-29,20,2317,鴻海,buy,1,台灣摩根士丹利,1470,74204.0,53063.0,21141.0,,moneydj,https://fubon-ebrokerdj.fbs.com.tw/z/zc/zco/zco.djhtm?a=2317&e=2026-7-1&f=2026-7-29
2026-07-29,2026-07-01,2026-07-29,20,2317,鴻海,sell,1,凱基-台北,9268,42905.0,79055.0,36150.0,,moneydj,https://fubon-ebrokerdj.fbs.com.tw/z/zc/zco/zco.djhtm?a=2317&e=2026-7-1&f=2026-7-29
2026-07-29,2026-07-01,2026-07-29,20,2317,鴻海,buy,2,元大證券,9800,83344.0,65764.0,17580.0,,moneydj,https://fubon-ebrokerdj.fbs.com.tw/z/zc/zco/zco.djhtm?a=2317&e=2026-7-1&f=2026-7-29
2026-07-29,2026-07-01,2026-07-29,20,2317,鴻海,sell,2,美林,1440,41490.0,68733.0,27243.0,,moneydj,https://fubon-ebrokerdj.fbs.com.tw/z/zc/zco/zco.djhtm?a=2317&e=2026-7-1&f=2026-7-29
2026-07-29,2026-07-01,2026-07-29,20,2317,鴻海,buy,3,花旗環球,1590,34501.0,26428.0,8073.0,,moneydj,https://fubon-ebrokerdj.fbs.com.tw/z/zc/zco/zco.djhtm?a=2317&e=2026-7-1&f=2026-7-29
2026-07-29,2026-07-01,2026-07-29,20,2317,鴻海,sell,3,台新-台北,9B20,1699.0,16963.0,15264.0,,moneydj,https://fubon-ebrokerdj.fbs.com.tw/z/zc/zco/zco.djhtm?a=2317&e=2026-7-1&f=2026-7-29
2026-07-29,2026-07-01,2026-07-29,20,2317,鴻海,buy,4,凱基,9200,11001.0,3390.0,7611.0,,moneydj,https://fubon-ebrokerdj.fbs.com.tw/z/zc/zco/zco.djhtm?a=2317&e=2026-7-1&f=2026-7-29
2026-07-29,2026-07-01,2026-07-29,20,2317,鴻海,sell,4,新加坡商瑞銀,1650,46175.0,55003.0,8828.0,,moneydj,https://fubon-ebrokerdj.fbs.com.tw/z/zc/zco/zco.djhtm?a=2317&e=2026-7-1&f=2026-7-29
2026-07-29,2026-07-01,2026-07-29,20,2317,鴻海,buy,5,永豐金-匯立,9A81,8197.0,3801.0,4396.0,,moneydj,https://fubon-ebrokerdj.fbs.com.tw/z/zc/zco/zco.djhtm?a=2317&e=2026-7-1&f=2026-7-29
2026-07-29,2026-07-01,2026-07-29,20,2317,鴻海,sell,5,美商高盛,1480,62740.0,69259.0,6519.0,,moneydj,https://fubon-ebrokerdj.fbs.com.tw/z/zc/zco/zco.djhtm?a=2317&e=2026-7-1&f=2026-7-29
2026-07-29,2026-07-01,2026-07-29,20,2317,鴻海,buy,6,摩根大通,8440,69303.0,66357.0,2946.0,,moneydj,https://fubon-ebrokerdj.fbs.com.tw/z/zc/zco/zco.djhtm?a=2317&e=2026-7-1&f=2026-7-29
2026-07-29,2026-07-01,2026-07-29,20,2317,鴻海,sell,6,台灣企銀,1110,284.0,5663.0,5379.0,,moneydj,https://fubon-ebrokerdj.fbs.com.tw/z/zc/zco/zco.djhtm?a=2317&e=2026-7-1&f=2026-7-29
2026-07-29,2026-07-01,2026-07-29,20,2317,鴻海,buy,7,群益金鼎,9100,9201.0,7570.0,1631.0,,moneydj,https://fubon-ebrokerdj.fbs.com.tw/z/zc/zco/zco.djhtm?a=2317&e=2026-7-1&f=2026-7-29
2026-07-29,2026-07-01,2026-07-29,20,2317,鴻海,sell,7,統一,5850,6269.0,11535.0,5266.0,,moneydj,https://fubon-ebrokerdj.fbs.com.tw/z/zc/zco/zco.djhtm?a=2317&e=2026-7-1&f=2026-7-29
2026-07-29,2026-07-01,2026-07-29,20,2317,鴻海,buy,8,法銀巴黎,8900,3404.0,2064.0,1340.0,,moneydj,https://fubon-ebrokerdj.fbs.com.tw/z/zc/zco/zco.djhtm?a=2317&e=2026-7-1&f=2026-7-29
2026-07-29,2026-07-01,2026-07-29,20,2317,鴻海,sell,8,國票-敦北法人,779c,366.0,4118.0,3752.0,,moneydj,https://fubon-ebrokerdj.fbs.com.tw/z/zc/zco/zco.djhtm?a=2317&e=2026-7-1&f=2026-7-29
2026-07-29,2026-07-01,2026-07-29,20,2317,鴻海,buy,9,華南永昌-中正,9359,2014.0,771.0,1243.0,,moneydj,https://fubon-ebrokerdj.fbs.com.tw/z/zc/zco/zco.djhtm?a=2317&e=2026-7-1&f=2026-7-29
2026-07-29,2026-07-01,2026-07-29,20,2317,鴻海,sell,9,港商麥格理,1360,11745.0,14944.0,3199.0,,moneydj,https://fubon-ebrokerdj.fbs.com.tw/z/zc/zco/zco.djhtm?a=2317&e=2026-7-1&f=2026-7-29
2026-07-29,2026-07-01,2026-07-29,20,2317,鴻海,buy,10,國泰-敦南,8888,11594.0,10547.0,1047.0,,moneydj,https://fubon-ebrokerdj.fbs.com.tw/z/zc/zco/zco.djhtm?a=2317&e=2026-7-1&f=2026-7-29
2026-07-29,2026-07-01,2026-07-29,20,2317,鴻海,sell,10,香港上海匯豐,8960,2885.0,6010.0,3125.0,,moneydj,https://fubon-ebrokerdj.fbs.com.tw/z/zc/zco/zco.djhtm?a=2317&e=2026-7-1&f=2026-7-29
2026-07-29,2026-07-01,2026-07-29,20,2915,潤泰全,buy,1,永豐金-市政,9A9W,4782.0,478.0,4304.0,,moneydj,https://fubon-ebrokerdj.fbs.com.tw/z/zc/zco/zco.djhtm?a=2915&e=2026-7-1&f=2026-7-29
2026-07-29,2026-07-01,2026-07-29,20,2915,潤泰全,sell,1,凱基-永華,9235,15.0,965.0,950.0,,moneydj,https://fubon-ebrokerdj.fbs.com.tw/z/zc/zco/zco.djhtm?a=2915&e=2026-7-1&f=2026-7-29
2026-07-29,2026-07-01,2026-07-29,20,2915,潤泰全,buy,2,新光-桃園,8565,10803.0,7702.0,3101.0,,moneydj,https://fubon-ebrokerdj.fbs.com.tw/z/zc/zco/zco.djhtm?a=2915&e=2026-7-1&f=2026-7-29
2026-07-29,2026-07-01,2026-07-29,20,2915,潤泰全,sell,2,凱基-高美館,9215,10.0,834.0,824.0,,moneydj,https://fubon-ebrokerdj.fbs.com.tw/z/zc/zco/zco.djhtm?a=2915&e=2026-7-1&f=2026-7-29
2026-07-29,2026-07-01,2026-07-29,20,2915,潤泰全,buy,3,華南永昌-敦南,9347,1115.0,0.0,1115.0,,moneydj,https://fubon-ebrokerdj.fbs.com.tw/z/zc/zco/zco.djhtm?a=2915&e=2026-7-1&f=2026-7-29
2026-07-29,2026-07-01,2026-07-29,20,2915,潤泰全,sell,3,元大-古亭,989k,7.0,518.0,511.0,,moneydj,https://fubon-ebrokerdj.fbs.com.tw/z/zc/zco/zco.djhtm?a=2915&e=2026-7-1&f=2026-7-29
2026-07-29,2026-07-01,2026-07-29,20,2915,潤泰全,buy,4,花旗環球,1590,983.0,132.0,851.0,,moneydj,https://fubon-ebrokerdj.fbs.com.tw/z/zc/zco/zco.djhtm?a=2915&e=2026-7-1&f=2026-7-29
2026-07-29,2026-07-01,2026-07-29,20,2915,潤泰全,sell,4,兆豐-中壢,700b,2.0,481.0,479.0,,moneydj,https://fubon-ebrokerdj.fbs.com.tw/z/zc/zco/zco.djhtm?a=2915&e=2026-7-1&f=2026-7-29
2026-07-29,2026-07-01,2026-07-29,20,2915,潤泰全,buy,5,美商高盛,1480,5648.0,4994.0,654.0,,moneydj,https://fubon-ebrokerdj.fbs.com.tw/z/zc/zco/zco.djhtm?a=2915&e=2026-7-1&f=2026-7-29
2026-07-29,2026-07-01,2026-07-29,20,2915,潤泰全,sell,5,摩根大通,8440,2357.0,2766.0,409.0,,moneydj,https://fubon-ebrokerdj.fbs.com.tw/z/zc/zco/zco.djhtm?a=2915&e=2026-7-1&f=2026-7-29
2026-07-29,2026-07-01,2026-07-29,20,2915,潤泰全,buy,6,港商野村,1560,990.0,375.0,615.0,,moneydj,https://fubon-ebrokerdj.fbs.com.tw/z/zc/zco/zco.djhtm?a=2915&e=2026-7-1&f=2026-7-29
2026-07-29,2026-07-01,2026-07-29,20,2915,潤泰全,sell,6,群益金鼎-三重,913g,37.0,436.0,399.0,,moneydj,https://fubon-ebrokerdj.fbs.com.tw/z/zc/zco/zco.djhtm?a=2915&e=2026-7-1&f=2026-7-29
2026-07-29,2026-07-01,2026-07-29,20,2915,潤泰全,buy,7,群益金鼎-萬華,913I,500.0,2.0,498.0,,moneydj,https://fubon-ebrokerdj.fbs.com.tw/z/zc/zco/zco.djhtm?a=2915&e=2026-7-1&f=2026-7-29
2026-07-29,2026-07-01,2026-07-29,20,2915,潤泰全,sell,7,台新-吉利,9B2W,31.0,404.0,373.0,,moneydj,https://fubon-ebrokerdj.fbs.com.tw/z/zc/zco/zco.djhtm?a=2915&e=2026-7-1&f=2026-7-29
2026-07-29,2026-07-01,2026-07-29,20,2915,潤泰全,buy,8,國泰證券,8880,493.0,0.0,493.0,,moneydj,https://fubon-ebrokerdj.fbs.com.tw/z/zc/zco/zco.djhtm?a=2915&e=2026-7-1&f=2026-7-29
2026-07-29,2026-07-01,2026-07-29,20,2915,潤泰全,sell,8,中國信託-高雄,616K,4.0,368.0,364.0,,moneydj,https://fubon-ebrokerdj.fbs.com.tw/z/zc/zco/zco.djhtm?a=2915&e=2026-7-1&f=2026-7-29
2026-07-29,2026-07-01,2026-07-29,20,2915,潤泰全,buy,9,凱基-台北,9268,3576.0,3219.0,357.0,,moneydj,https://fubon-ebrokerdj.fbs.com.tw/z/zc/zco/zco.djhtm?a=2915&e=2026-7-1&f=2026-7-29
2026-07-29,2026-07-01,2026-07-29,20,2915,潤泰全,sell,9,元大-仁愛,983j,0.0,339.0,339.0,,moneydj,https://fubon-ebrokerdj.fbs.com.tw/z/zc/zco/zco.djhtm?a=2915&e=2026-7-1&f=2026-7-29
2026-07-29,2026-07-01,2026-07-29,20,2915,潤泰全,buy,10,台灣摩根士丹利,1470,3511.0,3184.0,327.0,,moneydj,https://fubon-ebrokerdj.fbs.com.tw/z/zc/zco/zco.djhtm?a=2915&e=2026-7-1&f=2026-7-29
2026-07-29,2026-07-01,2026-07-29,20,2915,潤泰全,sell,10,群益金鼎-海山,9108,23.0,357.0,334.0,,moneydj,https://fubon-ebrokerdj.fbs.com.tw/z/zc/zco/zco.djhtm?a=2915&e=2026-7-1&f=2026-7-29
2026-07-29,2026-07-01,2026-07-29,20,3362,先進光,buy,1,元大證券,9800,10470.0,9723.0,747.0,,moneydj,https://fubon-ebrokerdj.fbs.com.tw/z/zc/zco/zco.djhtm?a=3362&e=2026-7-1&f=2026-7-29
2026-07-29,2026-07-01,2026-07-29,20,3362,先進光,sell,1,華南永昌-南京,9326,258.0,1274.0,1016.0,,moneydj,https://fubon-ebrokerdj.fbs.com.tw/z/zc/zco/zco.djhtm?a=3362&e=2026-7-1&f=2026-7-29
2026-07-29,2026-07-01,2026-07-29,20,3362,先進光,buy,2,日進,5660,800.0,171.0,629.0,,moneydj,https://fubon-ebrokerdj.fbs.com.tw/z/zc/zco/zco.djhtm?a=3362&e=2026-7-1&f=2026-7-29
2026-07-29,2026-07-01,2026-07-29,20,3362,先進光,sell,2,台灣摩根士丹利,1470,1750.0,2052.0,302.0,,moneydj,https://fubon-ebrokerdj.fbs.com.tw/z/zc/zco/zco.djhtm?a=3362&e=2026-7-1&f=2026-7-29
2026-07-29,2026-07-01,2026-07-29,20,3362,先進光,buy,3,凱基-台北,9268,10330.0,9764.0,566.0,,moneydj,https://fubon-ebrokerdj.fbs.com.tw/z/zc/zco/zco.djhtm?a=3362&e=2026-7-1&f=2026-7-29
2026-07-29,2026-07-01,2026-07-29,20,3362,先進光,sell,3,國票-中港,779m,71.0,265.0,194.0,,moneydj,https://fubon-ebrokerdj.fbs.com.tw/z/zc/zco/zco.djhtm?a=3362&e=2026-7-1&f=2026-7-29
2026-07-29,2026-07-01,2026-07-29,20,3362,先進光,buy,4,摩根大通,8440,2556.0,2070.0,486.0,,moneydj,https://fubon-ebrokerdj.fbs.com.tw/z/zc/zco/zco.djhtm?a=3362&e=2026-7-1&f=2026-7-29
2026-07-29,2026-07-01,2026-07-29,20,3362,先進光,sell,4,美商高盛,1480,1803.0,1975.0,172.0,,moneydj,https://fubon-ebrokerdj.fbs.com.tw/z/zc/zco/zco.djhtm?a=3362&e=2026-7-1&f=2026-7-29
2026-07-29,2026-07-01,2026-07-29,20,3362,先進光,buy,5,台新-松江,9B15,912.0,493.0,419.0,,moneydj,https://fubon-ebrokerdj.fbs.com.tw/z/zc/zco/zco.djhtm?a=3362&e=2026-7-1&f=2026-7-29
2026-07-29,2026-07-01,2026-07-29,20,3362,先進光,sell,5,元大-台中中港,989B,119.0,274.0,155.0,,moneydj,https://fubon-ebrokerdj.fbs.com.tw/z/zc/zco/zco.djhtm?a=3362&e=2026-7-1&f=2026-7-29
2026-07-29,2026-07-01,2026-07-29,20,3362,先進光,buy,6,華南永昌-岡山,9324,424.0,113.0,311.0,,moneydj,https://fubon-ebrokerdj.fbs.com.tw/z/zc/zco/zco.djhtm?a=3362&e=2026-7-1&f=2026-7-29
2026-07-29,2026-07-01,2026-07-29,20,3362,先進光,sell,6,台中銀-員林,6114,134.0,275.0,141.0,,moneydj,https://fubon-ebrokerdj.fbs.com.tw/z/zc/zco/zco.djhtm?a=3362&e=2026-7-1&f=2026-7-29
2026-07-29,2026-07-01,2026-07-29,20,3362,先進光,buy,7,統一,5850,1161.0,910.0,251.0,,moneydj,https://fubon-ebrokerdj.fbs.com.tw/z/zc/zco/zco.djhtm?a=3362&e=2026-7-1&f=2026-7-29
2026-07-29,2026-07-01,2026-07-29,20,3362,先進光,sell,7,富邦-和美,961P,107.0,246.0,139.0,,moneydj,https://fubon-ebrokerdj.fbs.com.tw/z/zc/zco/zco.djhtm?a=3362&e=2026-7-1&f=2026-7-29
2026-07-29,2026-07-01,2026-07-29,20,3362,先進光,buy,8,富邦-板橋,9655,451.0,241.0,210.0,,moneydj,https://fubon-ebrokerdj.fbs.com.tw/z/zc/zco/zco.djhtm?a=3362&e=2026-7-1&f=2026-7-29
2026-07-29,2026-07-01,2026-07-29,20,3362,先進光,sell,8,華南永昌-台中,9302,404.0,537.0,133.0,,moneydj,https://fubon-ebrokerdj.fbs.com.tw/z/zc/zco/zco.djhtm?a=3362&e=2026-7-1&f=2026-7-29
2026-07-29,2026-07-01,2026-07-29,20,3362,先進光,buy,9,元大-中崙,9813,177.0,25.0,152.0,,moneydj,https://fubon-ebrokerdj.fbs.com.tw/z/zc/zco/zco.djhtm?a=3362&e=2026-7-1&f=2026-7-29
2026-07-29,2026-07-01,2026-07-29,20,3362,先進光,sell,9,土銀-玉里,1036,20.0,151.0,131.0,,moneydj,https://fubon-ebrokerdj.fbs.com.tw/z/zc/zco/zco.djhtm?a=3362&e=2026-7-1&f=2026-7-29
2026-07-29,2026-07-01,2026-07-29,20,3362,先進光,buy,10,凱基,9200,687.0,536.0,151.0,,moneydj,https://fubon-ebrokerdj.fbs.com.tw/z/zc/zco/zco.djhtm?a=3362&e=2026-7-1&f=2026-7-29
2026-07-29,2026-07-01,2026-07-29,20,3362,先進光,sell,10,國泰-敦南,8888,3847.0,3974.0,127.0,,moneydj,https://fubon-ebrokerdj.fbs.com.tw/z/zc/zco/zco.djhtm?a=3362&e=2026-7-1&f=2026-7-29
2026-07-29,2026-07-01,2026-07-29,20,2464,盟立,buy,1,摩根大通,8440,10189.0,7987.0,2202.0,,moneydj,https://fubon-ebrokerdj.fbs.com.tw/z/zc/zco/zco.djhtm?a=2464&e=2026-7-1&f=2026-7-29
2026-07-29,2026-07-01,2026-07-29,20,2464,盟立,sell,1,凱基-台北,9268,16003.0,18135.0,2132.0,,moneydj,https://fubon-ebrokerdj.fbs.com.tw/z/zc/zco/zco.djhtm?a=2464&e=2026-7-1&f=2026-7-29
2026-07-29,2026-07-01,2026-07-29,20,2464,盟立,buy,2,美商高盛,1480,9064.0,7724.0,1340.0,,moneydj,https://fubon-ebrokerdj.fbs.com.tw/z/zc/zco/zco.djhtm?a=2464&e=2026-7-1&f=2026-7-29
2026-07-29,2026-07-01,2026-07-29,20,2464,盟立,sell,2,永豐金證券,9A00,1957.0,2689.0,732.0,,moneydj,https://fubon-ebrokerdj.fbs.com.tw/z/zc/zco/zco.djhtm?a=2464&e=2026-7-1&f=2026-7-29
2026-07-29,2026-07-01,2026-07-29,20,2464,盟立,buy,3,台灣摩根士丹利,1470,4902.0,3763.0,1139.0,,moneydj,https://fubon-ebrokerdj.fbs.com.tw/z/zc/zco/zco.djhtm?a=2464&e=2026-7-1&f=2026-7-29
2026-07-29,2026-07-01,2026-07-29,20,2464,盟立,sell,3,富邦證券,9600,5580.0,6271.0,691.0,,moneydj,https://fubon-ebrokerdj.fbs.com.tw/z/zc/zco/zco.djhtm?a=2464&e=2026-7-1&f=2026-7-29
2026-07-29,2026-07-01,2026-07-29,20,2464,盟立,buy,4,新加坡商瑞銀,1650,7203.0,6151.0,1052.0,,moneydj,https://fubon-ebrokerdj.fbs.com.tw/z/zc/zco/zco.djhtm?a=2464&e=2026-7-1&f=2026-7-29
2026-07-29,2026-07-01,2026-07-29,20,2464,盟立,sell,4,凱基-信義,9216,73.0,706.0,633.0,,moneydj,https://fubon-ebrokerdj.fbs.com.tw/z/zc/zco/zco.djhtm?a=2464&e=2026-7-1&f=2026-7-29
2026-07-29,2026-07-01,2026-07-29,20,2464,盟立,buy,5,統一-嘉義,5858,431.0,57.0,374.0,,moneydj,https://fubon-ebrokerdj.fbs.com.tw/z/zc/zco/zco.djhtm?a=2464&e=2026-7-1&f=2026-7-29
2026-07-29,2026-07-01,2026-07-29,20,2464,盟立,sell,5,國票-台中,779v,135.0,599.0,464.0,,moneydj,https://fubon-ebrokerdj.fbs.com.tw/z/zc/zco/zco.djhtm?a=2464&e=2026-7-1&f=2026-7-29
2026-07-29,2026-07-01,2026-07-29,20,2464,盟立,buy,6,玉山-士林,884A,751.0,419.0,332.0,,moneydj,https://fubon-ebrokerdj.fbs.com.tw/z/zc/zco/zco.djhtm?a=2464&e=2026-7-1&f=2026-7-29
2026-07-29,2026-07-01,2026-07-29,20,2464,盟立,sell,6,元大-大統,981z,230.0,694.0,464.0,,moneydj,https://fubon-ebrokerdj.fbs.com.tw/z/zc/zco/zco.djhtm?a=2464&e=2026-7-1&f=2026-7-29
2026-07-29,2026-07-01,2026-07-29,20,2464,盟立,buy,7,富邦-新店,9661,1500.0,1183.0,317.0,,moneydj,https://fubon-ebrokerdj.fbs.com.tw/z/zc/zco/zco.djhtm?a=2464&e=2026-7-1&f=2026-7-29
2026-07-29,2026-07-01,2026-07-29,20,2464,盟立,sell,7,群益金鼎,9100,1974.0,2418.0,444.0,,moneydj,https://fubon-ebrokerdj.fbs.com.tw/z/zc/zco/zco.djhtm?a=2464&e=2026-7-1&f=2026-7-29
2026-07-29,2026-07-01,2026-07-29,20,2464,盟立,buy,8,台新-台南,9B16,640.0,330.0,310.0,,moneydj,https://fubon-ebrokerdj.fbs.com.tw/z/zc/zco/zco.djhtm?a=2464&e=2026-7-1&f=2026-7-29
2026-07-29,2026-07-01,2026-07-29,20,2464,盟立,sell,8,元大證券,9800,17359.0,17769.0,410.0,,moneydj,https://fubon-ebrokerdj.fbs.com.tw/z/zc/zco/zco.djhtm?a=2464&e=2026-7-1&f=2026-7-29
2026-07-29,2026-07-01,2026-07-29,20,2464,盟立,buy,9,台新-中港,9B2i,438.0,170.0,268.0,,moneydj,https://fubon-ebrokerdj.fbs.com.tw/z/zc/zco/zco.djhtm?a=2464&e=2026-7-1&f=2026-7-29
2026-07-29,2026-07-01,2026-07-29,20,2464,盟立,sell,9,凱基-城中,9227,1614.0,1932.0,318.0,,moneydj,https://fubon-ebrokerdj.fbs.com.tw/z/zc/zco/zco.djhtm?a=2464&e=2026-7-1&f=2026-7-29
2026-07-29,2026-07-01,2026-07-29,20,2464,盟立,buy,10,凱基-永康,9278,326.0,108.0,218.0,,moneydj,https://fubon-ebrokerdj.fbs.com.tw/z/zc/zco/zco.djhtm?a=2464&e=2026-7-1&f=2026-7-29
2026-07-29,2026-07-01,2026-07-29,20,2464,盟立,sell,10,國票-安和,779Z,371.0,675.0,304.0,,moneydj,https://fubon-ebrokerdj.fbs.com.tw/z/zc/zco/zco.djhtm?a=2464&e=2026-7-1&f=2026-7-29
2026-07-29,2026-07-01,2026-07-29,20,3036,文曄,buy,1,摩根大通,8440,10944.0,6937.0,4007.0,,moneydj,https://fubon-ebrokerdj.fbs.com.tw/z/zc/zco/zco.djhtm?a=3036&e=2026-7-1&f=2026-7-29
2026-07-29,2026-07-01,2026-07-29,20,3036,文曄,sell,1,群益金鼎,9100,1612.0,13750.0,12138.0,,moneydj,https://fubon-ebrokerdj.fbs.com.tw/z/zc/zco/zco.djhtm?a=3036&e=2026-7-1&f=2026-7-29
2026-07-29,2026-07-01,2026-07-29,20,3036,文曄,buy,2,美林,1440,8204.0,4388.0,3816.0,,moneydj,https://fubon-ebrokerdj.fbs.com.tw/z/zc/zco/zco.djhtm?a=3036&e=2026-7-1&f=2026-7-29
2026-07-29,2026-07-01,2026-07-29,20,3036,文曄,sell,2,永豐金證券,9A00,2678.0,8704.0,6026.0,,moneydj,https://fubon-ebrokerdj.fbs.com.tw/z/zc/zco/zco.djhtm?a=3036&e=2026-7-1&f=2026-7-29
2026-07-29,2026-07-01,2026-07-29,20,3036,文曄,buy,3,台灣摩根士丹利,1470,15565.0,11783.0,3782.0,,moneydj,https://fubon-ebrokerdj.fbs.com.tw/z/zc/zco/zco.djhtm?a=3036&e=2026-7-1&f=2026-7-29
2026-07-29,2026-07-01,2026-07-29,20,3036,文曄,sell,3,富邦證券,9600,1794.0,5415.0,3621.0,,moneydj,https://fubon-ebrokerdj.fbs.com.tw/z/zc/zco/zco.djhtm?a=3036&e=2026-7-1&f=2026-7-29
2026-07-29,2026-07-01,2026-07-29,20,3036,文曄,buy,4,花旗環球,1590,3675.0,1576.0,2099.0,,moneydj,https://fubon-ebrokerdj.fbs.com.tw/z/zc/zco/zco.djhtm?a=3036&e=2026-7-1&f=2026-7-29
2026-07-29,2026-07-01,2026-07-29,20,3036,文曄,sell,4,元大證券,9800,11069.0,13718.0,2649.0,,moneydj,https://fubon-ebrokerdj.fbs.com.tw/z/zc/zco/zco.djhtm?a=3036&e=2026-7-1&f=2026-7-29
2026-07-29,2026-07-01,2026-07-29,20,3036,文曄,buy,5,新加坡商瑞銀,1650,11566.0,10242.0,1324.0,,moneydj,https://fubon-ebrokerdj.fbs.com.tw/z/zc/zco/zco.djhtm?a=3036&e=2026-7-1&f=2026-7-29
2026-07-29,2026-07-01,2026-07-29,20,3036,文曄,sell,5,凱基-士林,9238,2301.0,4501.0,2200.0,,moneydj,https://fubon-ebrokerdj.fbs.com.tw/z/zc/zco/zco.djhtm?a=3036&e=2026-7-1&f=2026-7-29
2026-07-29,2026-07-01,2026-07-29,20,3036,文曄,buy,6,港商野村,1560,2367.0,1237.0,1130.0,,moneydj,https://fubon-ebrokerdj.fbs.com.tw/z/zc/zco/zco.djhtm?a=3036&e=2026-7-1&f=2026-7-29
2026-07-29,2026-07-01,2026-07-29,20,3036,文曄,sell,6,華南永昌,9300,1236.0,2841.0,1605.0,,moneydj,https://fubon-ebrokerdj.fbs.com.tw/z/zc/zco/zco.djhtm?a=3036&e=2026-7-1&f=2026-7-29
2026-07-29,2026-07-01,2026-07-29,20,3036,文曄,buy,7,國泰證券,8880,2180.0,1176.0,1004.0,,moneydj,https://fubon-ebrokerdj.fbs.com.tw/z/zc/zco/zco.djhtm?a=3036&e=2026-7-1&f=2026-7-29
2026-07-29,2026-07-01,2026-07-29,20,3036,文曄,sell,7,統一,5850,1026.0,2239.0,1213.0,,moneydj,https://fubon-ebrokerdj.fbs.com.tw/z/zc/zco/zco.djhtm?a=3036&e=2026-7-1&f=2026-7-29
2026-07-29,2026-07-01,2026-07-29,20,3036,文曄,buy,8,元大-中崙,9813,885.0,19.0,866.0,,moneydj,https://fubon-ebrokerdj.fbs.com.tw/z/zc/zco/zco.djhtm?a=3036&e=2026-7-1&f=2026-7-29
2026-07-29,2026-07-01,2026-07-29,20,3036,文曄,sell,8,永豐金-匯立,9A81,693.0,1738.0,1045.0,,moneydj,https://fubon-ebrokerdj.fbs.com.tw/z/zc/zco/zco.djhtm?a=3036&e=2026-7-1&f=2026-7-29
2026-07-29,2026-07-01,2026-07-29,20,3036,文曄,buy,9,土銀,1030,910.0,81.0,829.0,,moneydj,https://fubon-ebrokerdj.fbs.com.tw/z/zc/zco/zco.djhtm?a=3036&e=2026-7-1&f=2026-7-29
2026-07-29,2026-07-01,2026-07-29,20,3036,文曄,sell,9,中國信託,6160,769.0,1789.0,1020.0,,moneydj,https://fubon-ebrokerdj.fbs.com.tw/z/zc/zco/zco.djhtm?a=3036&e=2026-7-1&f=2026-7-29
2026-07-29,2026-07-01,2026-07-29,20,3036,文曄,buy,10,凱基,9200,1944.0,1225.0,719.0,,moneydj,https://fubon-ebrokerdj.fbs.com.tw/z/zc/zco/zco.djhtm?a=3036&e=2026-7-1&f=2026-7-29
2026-07-29,2026-07-01,2026-07-29,20,3036,文曄,sell,10,凱基-台北,9268,10570.0,11552.0,982.0,,moneydj,https://fubon-ebrokerdj.fbs.com.tw/z/zc/zco/zco.djhtm?a=3036&e=2026-7-1&f=2026-7-29
2026-07-29,2026-07-01,2026-07-29,20,8227,巨有科技,buy,1,美商高盛,1480,709.0,518.0,191.0,,moneydj,https://fubon-ebrokerdj.fbs.com.tw/z/zc/zco/zco.djhtm?a=8227&e=2026-7-1&f=2026-7-29
2026-07-29,2026-07-01,2026-07-29,20,8227,巨有科技,sell,1,凱基,9200,304.0,702.0,398.0,,moneydj,https://fubon-ebrokerdj.fbs.com.tw/z/zc/zco/zco.djhtm?a=8227&e=2026-7-1&f=2026-7-29
2026-07-29,2026-07-01,2026-07-29,20,8227,巨有科技,buy,2,凱基-三多,9275,64.0,2.0,62.0,,moneydj,https://fubon-ebrokerdj.fbs.com.tw/z/zc/zco/zco.djhtm?a=8227&e=2026-7-1&f=2026-7-29
2026-07-29,2026-07-01,2026-07-29,20,8227,巨有科技,sell,2,凱基-台北,9268,1553.0,1767.0,214.0,,moneydj,https://fubon-ebrokerdj.fbs.com.tw/z/zc/zco/zco.djhtm?a=8227&e=2026-7-1&f=2026-7-29
2026-07-29,2026-07-01,2026-07-29,20,8227,巨有科技,buy,3,美林,1440,381.0,323.0,58.0,,moneydj,https://fubon-ebrokerdj.fbs.com.tw/z/zc/zco/zco.djhtm?a=8227&e=2026-7-1&f=2026-7-29
2026-07-29,2026-07-01,2026-07-29,20,8227,巨有科技,sell,3,永豐金證券,9A00,192.0,382.0,190.0,,moneydj,https://fubon-ebrokerdj.fbs.com.tw/z/zc/zco/zco.djhtm?a=8227&e=2026-7-1&f=2026-7-29
2026-07-29,2026-07-01,2026-07-29,20,8227,巨有科技,buy,4,石橋證券,7080,78.0,23.0,55.0,,moneydj,https://fubon-ebrokerdj.fbs.com.tw/z/zc/zco/zco.djhtm?a=8227&e=2026-7-1&f=2026-7-29
2026-07-29,2026-07-01,2026-07-29,20,8227,巨有科技,sell,4,群益金鼎,9100,278.0,438.0,160.0,,moneydj,https://fubon-ebrokerdj.fbs.com.tw/z/zc/zco/zco.djhtm?a=8227&e=2026-7-1&f=2026-7-29
2026-07-29,2026-07-01,2026-07-29,20,8227,巨有科技,buy,5,富邦-台南,9667,59.0,15.0,44.0,,moneydj,https://fubon-ebrokerdj.fbs.com.tw/z/zc/zco/zco.djhtm?a=8227&e=2026-7-1&f=2026-7-29
2026-07-29,2026-07-01,2026-07-29,20,8227,巨有科技,sell,5,台灣摩根士丹利,1470,361.0,514.0,153.0,,moneydj,https://fubon-ebrokerdj.fbs.com.tw/z/zc/zco/zco.djhtm?a=8227&e=2026-7-1&f=2026-7-29
2026-07-29,2026-07-01,2026-07-29,20,8227,巨有科技,buy,6,中國信託-文心,6164,65.0,23.0,42.0,,moneydj,https://fubon-ebrokerdj.fbs.com.tw/z/zc/zco/zco.djhtm?a=8227&e=2026-7-1&f=2026-7-29
2026-07-29,2026-07-01,2026-07-29,20,8227,巨有科技,sell,6,摩根大通,8440,607.0,700.0,93.0,,moneydj,https://fubon-ebrokerdj.fbs.com.tw/z/zc/zco/zco.djhtm?a=8227&e=2026-7-1&f=2026-7-29
2026-07-29,2026-07-01,2026-07-29,20,8227,巨有科技,buy,7,華南永昌-新莊,9305,79.0,38.0,41.0,,moneydj,https://fubon-ebrokerdj.fbs.com.tw/z/zc/zco/zco.djhtm?a=8227&e=2026-7-1&f=2026-7-29
2026-07-29,2026-07-01,2026-07-29,20,8227,巨有科技,sell,7,國泰-敦南,8888,369.0,449.0,80.0,,moneydj,https://fubon-ebrokerdj.fbs.com.tw/z/zc/zco/zco.djhtm?a=8227&e=2026-7-1&f=2026-7-29
2026-07-29,2026-07-01,2026-07-29,20,8227,巨有科技,buy,8,永豐金-潮州,9A9q,66.0,25.0,41.0,,moneydj,https://fubon-ebrokerdj.fbs.com.tw/z/zc/zco/zco.djhtm?a=8227&e=2026-7-1&f=2026-7-29
2026-07-29,2026-07-01,2026-07-29,20,8227,巨有科技,sell,8,統一,5850,307.0,383.0,76.0,,moneydj,https://fubon-ebrokerdj.fbs.com.tw/z/zc/zco/zco.djhtm?a=8227&e=2026-7-1&f=2026-7-29
2026-07-29,2026-07-01,2026-07-29,20,8227,巨有科技,buy,9,元大-鹿港,989S,42.0,4.0,38.0,,moneydj,https://fubon-ebrokerdj.fbs.com.tw/z/zc/zco/zco.djhtm?a=8227&e=2026-7-1&f=2026-7-29
2026-07-29,2026-07-01,2026-07-29,20,8227,巨有科技,sell,9,凱基-基隆,920H,48.0,122.0,74.0,,moneydj,https://fubon-ebrokerdj.fbs.com.tw/z/zc/zco/zco.djhtm?a=8227&e=2026-7-1&f=2026-7-29
2026-07-29,2026-07-01,2026-07-29,20,8227,巨有科技,buy,10,永豐金-三重,9A9K,45.0,10.0,35.0,,moneydj,https://fubon-ebrokerdj.fbs.com.tw/z/zc/zco/zco.djhtm?a=8227&e=2026-7-1&f=2026-7-29
2026-07-29,2026-07-01,2026-07-29,20,8227,巨有科技,sell,10,兆豐-板橋,700B,22.0,95.0,73.0,,moneydj,https://fubon-ebrokerdj.fbs.com.tw/z/zc/zco/zco.djhtm?a=8227&e=2026-7-1&f=2026-7-29
2026-07-29,2026-07-01,2026-07-29,20,6265,方土昶,buy,1,台灣摩根士丹利,1470,2027.0,1517.0,510.0,,moneydj,https://fubon-ebrokerdj.fbs.com.tw/z/zc/zco/zco.djhtm?a=6265&e=2026-7-1&f=2026-7-29
2026-07-29,2026-07-01,2026-07-29,20,6265,方土昶,sell,1,摩根大通,8440,2220.0,2595.0,375.0,,moneydj,https://fubon-ebrokerdj.fbs.com.tw/z/zc/zco/zco.djhtm?a=6265&e=2026-7-1&f=2026-7-29
2026-07-29,2026-07-01,2026-07-29,20,6265,方土昶,buy,2,凱基-台北,9268,3370.0,3052.0,318.0,,moneydj,https://fubon-ebrokerdj.fbs.com.tw/z/zc/zco/zco.djhtm?a=6265&e=2026-7-1&f=2026-7-29
2026-07-29,2026-07-01,2026-07-29,20,6265,方土昶,sell,2,新光-高雄,8562,268.0,427.0,159.0,,moneydj,https://fubon-ebrokerdj.fbs.com.tw/z/zc/zco/zco.djhtm?a=6265&e=2026-7-1&f=2026-7-29
2026-07-29,2026-07-01,2026-07-29,20,6265,方土昶,buy,3,美商高盛,1480,1782.0,1490.0,292.0,,moneydj,https://fubon-ebrokerdj.fbs.com.tw/z/zc/zco/zco.djhtm?a=6265&e=2026-7-1&f=2026-7-29
2026-07-29,2026-07-01,2026-07-29,20,6265,方土昶,sell,3,美林,1440,885.0,1028.0,143.0,,moneydj,https://fubon-ebrokerdj.fbs.com.tw/z/zc/zco/zco.djhtm?a=6265&e=2026-7-1&f=2026-7-29
2026-07-29,2026-07-01,2026-07-29,20,6265,方土昶,buy,4,玉山-板橋,8846,144.0,24.0,120.0,,moneydj,https://fubon-ebrokerdj.fbs.com.tw/z/zc/zco/zco.djhtm?a=6265&e=2026-7-1&f=2026-7-29
2026-07-29,2026-07-01,2026-07-29,20,6265,方土昶,sell,4,第一金-高雄,5383,25.0,159.0,134.0,,moneydj,https://fubon-ebrokerdj.fbs.com.tw/z/zc/zco/zco.djhtm?a=6265&e=2026-7-1&f=2026-7-29
2026-07-29,2026-07-01,2026-07-29,20,6265,方土昶,buy,5,高橋,5320,137.0,24.0,113.0,,moneydj,https://fubon-ebrokerdj.fbs.com.tw/z/zc/zco/zco.djhtm?a=6265&e=2026-7-1&f=2026-7-29
2026-07-29,2026-07-01,2026-07-29,20,6265,方土昶,sell,5,富邦-陽明,9604,168.0,299.0,131.0,,moneydj,https://fubon-ebrokerdj.fbs.com.tw/z/zc/zco/zco.djhtm?a=6265&e=2026-7-1&f=2026-7-29
2026-07-29,2026-07-01,2026-07-29,20,6265,方土昶,buy,6,第一金-新竹,538B,134.0,31.0,103.0,,moneydj,https://fubon-ebrokerdj.fbs.com.tw/z/zc/zco/zco.djhtm?a=6265&e=2026-7-1&f=2026-7-29
2026-07-29,2026-07-01,2026-07-29,20,6265,方土昶,sell,6,統一-三多,585Q,176.0,292.0,116.0,,moneydj,https://fubon-ebrokerdj.fbs.com.tw/z/zc/zco/zco.djhtm?a=6265&e=2026-7-1&f=2026-7-29
2026-07-29,2026-07-01,2026-07-29,20,6265,方土昶,buy,7,元大-土城學府,9822,98.0,4.0,94.0,,moneydj,https://fubon-ebrokerdj.fbs.com.tw/z/zc/zco/zco.djhtm?a=6265&e=2026-7-1&f=2026-7-29
2026-07-29,2026-07-01,2026-07-29,20,6265,方土昶,sell,7,元大-斗六,980C,105.0,216.0,111.0,,moneydj,https://fubon-ebrokerdj.fbs.com.tw/z/zc/zco/zco.djhtm?a=6265&e=2026-7-1&f=2026-7-29
2026-07-29,2026-07-01,2026-07-29,20,6265,方土昶,buy,8,台新-新營,9B11,116.0,22.0,94.0,,moneydj,https://fubon-ebrokerdj.fbs.com.tw/z/zc/zco/zco.djhtm?a=6265&e=2026-7-1&f=2026-7-29
2026-07-29,2026-07-01,2026-07-29,20,6265,方土昶,sell,8,國泰-敦南,8888,958.0,1069.0,111.0,,moneydj,https://fubon-ebrokerdj.fbs.com.tw/z/zc/zco/zco.djhtm?a=6265&e=2026-7-1&f=2026-7-29
2026-07-29,2026-07-01,2026-07-29,20,6265,方土昶,buy,9,凱基-桃園,9208,151.0,58.0,93.0,,moneydj,https://fubon-ebrokerdj.fbs.com.tw/z/zc/zco/zco.djhtm?a=6265&e=2026-7-1&f=2026-7-29
2026-07-29,2026-07-01,2026-07-29,20,6265,方土昶,sell,9,統一-新台中,585D,196.0,304.0,108.0,,moneydj,https://fubon-ebrokerdj.fbs.com.tw/z/zc/zco/zco.djhtm?a=6265&e=2026-7-1&f=2026-7-29
2026-07-29,2026-07-01,2026-07-29,20,6265,方土昶,buy,10,元大-林森,983B,134.0,44.0,90.0,,moneydj,https://fubon-ebrokerdj.fbs.com.tw/z/zc/zco/zco.djhtm?a=6265&e=2026-7-1&f=2026-7-29
2026-07-29,2026-07-01,2026-07-29,20,6265,方土昶,sell,10,台新-台中,9B1h,130.0,231.0,101.0,,moneydj,https://fubon-ebrokerdj.fbs.com.tw/z/zc/zco/zco.djhtm?a=6265&e=2026-7-1&f=2026-7-29
2026-07-29,2026-07-01,2026-07-29,20,2527,宏璟,buy,1,台灣摩根士丹利,1470,2272.0,1051.0,1221.0,,moneydj,https://fubon-ebrokerdj.fbs.com.tw/z/zc/zco/zco.djhtm?a=2527&e=2026-7-1&f=2026-7-29
2026-07-29,2026-07-01,2026-07-29,20,2527,宏璟,sell,1,富邦-南京,961C,112.0,805.0,693.0,,moneydj,https://fubon-ebrokerdj.fbs.com.tw/z/zc/zco/zco.djhtm?a=2527&e=2026-7-1&f=2026-7-29
2026-07-29,2026-07-01,2026-07-29,20,2527,宏璟,buy,2,凱基-台北,9268,3348.0,2479.0,869.0,,moneydj,https://fubon-ebrokerdj.fbs.com.tw/z/zc/zco/zco.djhtm?a=2527&e=2026-7-1&f=2026-7-29
2026-07-29,2026-07-01,2026-07-29,20,2527,宏璟,sell,2,凱基-台中,9204,863.0,1268.0,405.0,,moneydj,https://fubon-ebrokerdj.fbs.com.tw/z/zc/zco/zco.djhtm?a=2527&e=2026-7-1&f=2026-7-29
2026-07-29,2026-07-01,2026-07-29,20,2527,宏璟,buy,3,台新-城東,9B2r,513.0,27.0,486.0,,moneydj,https://fubon-ebrokerdj.fbs.com.tw/z/zc/zco/zco.djhtm?a=2527&e=2026-7-1&f=2026-7-29
2026-07-29,2026-07-01,2026-07-29,20,2527,宏璟,sell,3,(牛牛牛)亞-鑫豐,601d,125.0,463.0,338.0,,moneydj,https://fubon-ebrokerdj.fbs.com.tw/z/zc/zco/zco.djhtm?a=2527&e=2026-7-1&f=2026-7-29
2026-07-29,2026-07-01,2026-07-29,20,2527,宏璟,buy,4,新加坡商瑞銀,1650,1131.0,740.0,391.0,,moneydj,https://fubon-ebrokerdj.fbs.com.tw/z/zc/zco/zco.djhtm?a=2527&e=2026-7-1&f=2026-7-29
2026-07-29,2026-07-01,2026-07-29,20,2527,宏璟,sell,4,元大-台中中港,989B,3.0,318.0,315.0,,moneydj,https://fubon-ebrokerdj.fbs.com.tw/z/zc/zco/zco.djhtm?a=2527&e=2026-7-1&f=2026-7-29
2026-07-29,2026-07-01,2026-07-29,20,2527,宏璟,buy,5,美商高盛,1480,1716.0,1346.0,370.0,,moneydj,https://fubon-ebrokerdj.fbs.com.tw/z/zc/zco/zco.djhtm?a=2527&e=2026-7-1&f=2026-7-29
2026-07-29,2026-07-01,2026-07-29,20,2527,宏璟,sell,5,統一-士林,585M,21.0,326.0,305.0,,moneydj,https://fubon-ebrokerdj.fbs.com.tw/z/zc/zco/zco.djhtm?a=2527&e=2026-7-1&f=2026-7-29
2026-07-29,2026-07-01,2026-07-29,20,2527,宏璟,buy,6,國泰-板橋,888K,537.0,173.0,364.0,,moneydj,https://fubon-ebrokerdj.fbs.com.tw/z/zc/zco/zco.djhtm?a=2527&e=2026-7-1&f=2026-7-29
2026-07-29,2026-07-01,2026-07-29,20,2527,宏璟,sell,6,國泰-敦南,8888,302.0,566.0,264.0,,moneydj,https://fubon-ebrokerdj.fbs.com.tw/z/zc/zco/zco.djhtm?a=2527&e=2026-7-1&f=2026-7-29
2026-07-29,2026-07-01,2026-07-29,20,2527,宏璟,buy,7,統一,5850,544.0,289.0,255.0,,moneydj,https://fubon-ebrokerdj.fbs.com.tw/z/zc/zco/zco.djhtm?a=2527&e=2026-7-1&f=2026-7-29
2026-07-29,2026-07-01,2026-07-29,20,2527,宏璟,sell,7,合庫-自強,102C,11.0,230.0,219.0,,moneydj,https://fubon-ebrokerdj.fbs.com.tw/z/zc/zco/zco.djhtm?a=2527&e=2026-7-1&f=2026-7-29
2026-07-29,2026-07-01,2026-07-29,20,2527,宏璟,buy,8,兆豐證券,7000,242.0,9.0,233.0,,moneydj,https://fubon-ebrokerdj.fbs.com.tw/z/zc/zco/zco.djhtm?a=2527&e=2026-7-1&f=2026-7-29
2026-07-29,2026-07-01,2026-07-29,20,2527,宏璟,sell,8,新光,8560,242.0,433.0,191.0,,moneydj,https://fubon-ebrokerdj.fbs.com.tw/z/zc/zco/zco.djhtm?a=2527&e=2026-7-1&f=2026-7-29
2026-07-29,2026-07-01,2026-07-29,20,2527,宏璟,buy,9,臺銀-民權,1043,250.0,18.0,232.0,,moneydj,https://fubon-ebrokerdj.fbs.com.tw/z/zc/zco/zco.djhtm?a=2527&e=2026-7-1&f=2026-7-29
2026-07-29,2026-07-01,2026-07-29,20,2527,宏璟,sell,9,台新-九如,9B21,611.0,777.0,166.0,,moneydj,https://fubon-ebrokerdj.fbs.com.tw/z/zc/zco/zco.djhtm?a=2527&e=2026-7-1&f=2026-7-29
2026-07-29,2026-07-01,2026-07-29,20,2527,宏璟,buy,10,凱基-站前,920F,334.0,106.0,228.0,,moneydj,https://fubon-ebrokerdj.fbs.com.tw/z/zc/zco/zco.djhtm?a=2527&e=2026-7-1&f=2026-7-29
2026-07-29,2026-07-01,2026-07-29,20,2527,宏璟,sell,10,富邦-板橋,9655,58.0,199.0,141.0,,moneydj,https://fubon-ebrokerdj.fbs.com.tw/z/zc/zco/zco.djhtm?a=2527&e=2026-7-1&f=2026-7-29
2026-07-29,2026-07-01,2026-07-29,20,2375,凱美,buy,1,台灣摩根士丹利,1470,8460.0,6158.0,2302.0,,moneydj,https://fubon-ebrokerdj.fbs.com.tw/z/zc/zco/zco.djhtm?a=2375&e=2026-7-1&f=2026-7-29
2026-07-29,2026-07-01,2026-07-29,20,2375,凱美,sell,1,富邦證券,9600,4007.0,4752.0,745.0,,moneydj,https://fubon-ebrokerdj.fbs.com.tw/z/zc/zco/zco.djhtm?a=2375&e=2026-7-1&f=2026-7-29
2026-07-29,2026-07-01,2026-07-29,20,2375,凱美,buy,2,美商高盛,1480,12393.0,10411.0,1982.0,,moneydj,https://fubon-ebrokerdj.fbs.com.tw/z/zc/zco/zco.djhtm?a=2375&e=2026-7-1&f=2026-7-29
2026-07-29,2026-07-01,2026-07-29,20,2375,凱美,sell,2,永豐金證券,9A00,1785.0,2513.0,728.0,,moneydj,https://fubon-ebrokerdj.fbs.com.tw/z/zc/zco/zco.djhtm?a=2375&e=2026-7-1&f=2026-7-29
2026-07-29,2026-07-01,2026-07-29,20,2375,凱美,buy,3,凱基-台北,9268,24482.0,23109.0,1373.0,,moneydj,https://fubon-ebrokerdj.fbs.com.tw/z/zc/zco/zco.djhtm?a=2375&e=2026-7-1&f=2026-7-29
2026-07-29,2026-07-01,2026-07-29,20,2375,凱美,sell,3,兆豐-北高雄,700I,735.0,1419.0,684.0,,moneydj,https://fubon-ebrokerdj.fbs.com.tw/z/zc/zco/zco.djhtm?a=2375&e=2026-7-1&f=2026-7-29
2026-07-29,2026-07-01,2026-07-29,20,2375,凱美,buy,4,美林,1440,4073.0,3197.0,876.0,,moneydj,https://fubon-ebrokerdj.fbs.com.tw/z/zc/zco/zco.djhtm?a=2375&e=2026-7-1&f=2026-7-29
2026-07-29,2026-07-01,2026-07-29,20,2375,凱美,sell,4,群益金鼎-台北,918X,445.0,1006.0,561.0,,moneydj,https://fubon-ebrokerdj.fbs.com.tw/z/zc/zco/zco.djhtm?a=2375&e=2026-7-1&f=2026-7-29
2026-07-29,2026-07-01,2026-07-29,20,2375,凱美,buy,5,新加坡商瑞銀,1650,6329.0,5511.0,818.0,,moneydj,https://fubon-ebrokerdj.fbs.com.tw/z/zc/zco/zco.djhtm?a=2375&e=2026-7-1&f=2026-7-29
2026-07-29,2026-07-01,2026-07-29,20,2375,凱美,sell,5,凱基-城中,9227,1624.0,2113.0,489.0,,moneydj,https://fubon-ebrokerdj.fbs.com.tw/z/zc/zco/zco.djhtm?a=2375&e=2026-7-1&f=2026-7-29
2026-07-29,2026-07-01,2026-07-29,20,2375,凱美,buy,6,摩根大通,8440,4432.0,4081.0,351.0,,moneydj,https://fubon-ebrokerdj.fbs.com.tw/z/zc/zco/zco.djhtm?a=2375&e=2026-7-1&f=2026-7-29
2026-07-29,2026-07-01,2026-07-29,20,2375,凱美,sell,6,統一,5850,1238.0,1657.0,419.0,,moneydj,https://fubon-ebrokerdj.fbs.com.tw/z/zc/zco/zco.djhtm?a=2375&e=2026-7-1&f=2026-7-29
2026-07-29,2026-07-01,2026-07-29,20,2375,凱美,buy,7,港商野村,1560,2661.0,2327.0,334.0,,moneydj,https://fubon-ebrokerdj.fbs.com.tw/z/zc/zco/zco.djhtm?a=2375&e=2026-7-1&f=2026-7-29
2026-07-29,2026-07-01,2026-07-29,20,2375,凱美,sell,7,凱基,9200,511.0,907.0,396.0,,moneydj,https://fubon-ebrokerdj.fbs.com.tw/z/zc/zco/zco.djhtm?a=2375&e=2026-7-1&f=2026-7-29
2026-07-29,2026-07-01,2026-07-29,20,2375,凱美,buy,8,兆豐-桃鶯,700U,395.0,175.0,220.0,,moneydj,https://fubon-ebrokerdj.fbs.com.tw/z/zc/zco/zco.djhtm?a=2375&e=2026-7-1&f=2026-7-29
2026-07-29,2026-07-01,2026-07-29,20,2375,凱美,sell,8,台新,9B00,1868.0,2209.0,341.0,,moneydj,https://fubon-ebrokerdj.fbs.com.tw/z/zc/zco/zco.djhtm?a=2375&e=2026-7-1&f=2026-7-29
2026-07-29,2026-07-01,2026-07-29,20,2375,凱美,buy,9,富邦-新板,961H,359.0,232.0,127.0,,moneydj,https://fubon-ebrokerdj.fbs.com.tw/z/zc/zco/zco.djhtm?a=2375&e=2026-7-1&f=2026-7-29
2026-07-29,2026-07-01,2026-07-29,20,2375,凱美,sell,9,群益金鼎,9100,1718.0,2020.0,302.0,,moneydj,https://fubon-ebrokerdj.fbs.com.tw/z/zc/zco/zco.djhtm?a=2375&e=2026-7-1&f=2026-7-29
2026-07-29,2026-07-01,2026-07-29,20,2375,凱美,buy,10,富邦-板橋,9655,995.0,874.0,121.0,,moneydj,https://fubon-ebrokerdj.fbs.com.tw/z/zc/zco/zco.djhtm?a=2375&e=2026-7-1&f=2026-7-29
2026-07-29,2026-07-01,2026-07-29,20,2375,凱美,sell,10,元大證券,9800,18596.0,18862.0,266.0,,moneydj,https://fubon-ebrokerdj.fbs.com.tw/z/zc/zco/zco.djhtm?a=2375&e=2026-7-1&f=2026-7-29
2026-07-29,2026-07-01,2026-07-29,20,2885,元大金,buy,1,元大證券,9800,46036.0,26526.0,19510.0,,moneydj,https://fubon-ebrokerdj.fbs.com.tw/z/zc/zco/zco.djhtm?a=2885&e=2026-7-1&f=2026-7-29
2026-07-29,2026-07-01,2026-07-29,20,2885,元大金,sell,1,台灣摩根士丹利,1470,63615.0,81554.0,17939.0,,moneydj,https://fubon-ebrokerdj.fbs.com.tw/z/zc/zco/zco.djhtm?a=2885&e=2026-7-1&f=2026-7-29
2026-07-29,2026-07-01,2026-07-29,20,2885,元大金,buy,2,花旗環球,1590,25142.0,12487.0,12655.0,,moneydj,https://fubon-ebrokerdj.fbs.com.tw/z/zc/zco/zco.djhtm?a=2885&e=2026-7-1&f=2026-7-29
2026-07-29,2026-07-01,2026-07-29,20,2885,元大金,sell,2,群益金鼎,9100,6532.0,22164.0,15632.0,,moneydj,https://fubon-ebrokerdj.fbs.com.tw/z/zc/zco/zco.djhtm?a=2885&e=2026-7-1&f=2026-7-29
2026-07-29,2026-07-01,2026-07-29,20,2885,元大金,buy,3,法銀巴黎,8900,15590.0,4411.0,11179.0,,moneydj,https://fubon-ebrokerdj.fbs.com.tw/z/zc/zco/zco.djhtm?a=2885&e=2026-7-1&f=2026-7-29
2026-07-29,2026-07-01,2026-07-29,20,2885,元大金,sell,3,凱基-台北,9268,27457.0,41454.0,13997.0,,moneydj,https://fubon-ebrokerdj.fbs.com.tw/z/zc/zco/zco.djhtm?a=2885&e=2026-7-1&f=2026-7-29
2026-07-29,2026-07-01,2026-07-29,20,2885,元大金,buy,4,凱基,9200,20624.0,12865.0,7759.0,,moneydj,https://fubon-ebrokerdj.fbs.com.tw/z/zc/zco/zco.djhtm?a=2885&e=2026-7-1&f=2026-7-29
2026-07-29,2026-07-01,2026-07-29,20,2885,元大金,sell,4,富邦證券,9600,8577.0,19944.0,11367.0,,moneydj,https://fubon-ebrokerdj.fbs.com.tw/z/zc/zco/zco.djhtm?a=2885&e=2026-7-1&f=2026-7-29
2026-07-29,2026-07-01,2026-07-29,20,2885,元大金,buy,5,美商高盛,1480,51486.0,46419.0,5067.0,,moneydj,https://fubon-ebrokerdj.fbs.com.tw/z/zc/zco/zco.djhtm?a=2885&e=2026-7-1&f=2026-7-29
2026-07-29,2026-07-01,2026-07-29,20,2885,元大金,sell,5,土銀,1030,5793.0,11101.0,5308.0,,moneydj,https://fubon-ebrokerdj.fbs.com.tw/z/zc/zco/zco.djhtm?a=2885&e=2026-7-1&f=2026-7-29
2026-07-29,2026-07-01,2026-07-29,20,2885,元大金,buy,6,永豐金證券,9A00,15271.0,11209.0,4062.0,,moneydj,https://fubon-ebrokerdj.fbs.com.tw/z/zc/zco/zco.djhtm?a=2885&e=2026-7-1&f=2026-7-29
2026-07-29,2026-07-01,2026-07-29,20,2885,元大金,sell,6,港商麥格理,1360,6152.0,11355.0,5203.0,,moneydj,https://fubon-ebrokerdj.fbs.com.tw/z/zc/zco/zco.djhtm?a=2885&e=2026-7-1&f=2026-7-29
2026-07-29,2026-07-01,2026-07-29,20,2885,元大金,buy,7,台新-台北,9B20,3171.0,314.0,2857.0,,moneydj,https://fubon-ebrokerdj.fbs.com.tw/z/zc/zco/zco.djhtm?a=2885&e=2026-7-1&f=2026-7-29
2026-07-29,2026-07-01,2026-07-29,20,2885,元大金,sell,7,新加坡商瑞銀,1650,42268.0,46610.0,4342.0,,moneydj,https://fubon-ebrokerdj.fbs.com.tw/z/zc/zco/zco.djhtm?a=2885&e=2026-7-1&f=2026-7-29
2026-07-29,2026-07-01,2026-07-29,20,2885,元大金,buy,8,中國信託,6160,5299.0,3408.0,1891.0,,moneydj,https://fubon-ebrokerdj.fbs.com.tw/z/zc/zco/zco.djhtm?a=2885&e=2026-7-1&f=2026-7-29
2026-07-29,2026-07-01,2026-07-29,20,2885,元大金,sell,8,台新,9B00,3596.0,6446.0,2850.0,,moneydj,https://fubon-ebrokerdj.fbs.com.tw/z/zc/zco/zco.djhtm?a=2885&e=2026-7-1&f=2026-7-29
2026-07-29,2026-07-01,2026-07-29,20,2885,元大金,buy,9,美林,1440,25036.0,23275.0,1761.0,,moneydj,https://fubon-ebrokerdj.fbs.com.tw/z/zc/zco/zco.djhtm?a=2885&e=2026-7-1&f=2026-7-29
2026-07-29,2026-07-01,2026-07-29,20,2885,元大金,sell,9,富邦-新店,9661,644.0,2927.0,2283.0,,moneydj,https://fubon-ebrokerdj.fbs.com.tw/z/zc/zco/zco.djhtm?a=2885&e=2026-7-1&f=2026-7-29
2026-07-29,2026-07-01,2026-07-29,20,2885,元大金,buy,10,元大-淡水,9899,2011.0,260.0,1751.0,,moneydj,https://fubon-ebrokerdj.fbs.com.tw/z/zc/zco/zco.djhtm?a=2885&e=2026-7-1&f=2026-7-29
2026-07-29,2026-07-01,2026-07-29,20,2885,元大金,sell,10,港商野村,1560,4398.0,6671.0,2273.0,,moneydj,https://fubon-ebrokerdj.fbs.com.tw/z/zc/zco/zco.djhtm?a=2885&e=2026-7-1&f=2026-7-29
2026-07-29,2026-07-01,2026-07-29,20,5469,瀚宇博,buy,1,富邦證券,9600,3448.0,337.0,3111.0,,moneydj,https://fubon-ebrokerdj.fbs.com.tw/z/zc/zco/zco.djhtm?a=5469&e=2026-7-1&f=2026-7-29
2026-07-29,2026-07-01,2026-07-29,20,5469,瀚宇博,sell,1,美商高盛,1480,1441.0,6240.0,4799.0,,moneydj,https://fubon-ebrokerdj.fbs.com.tw/z/zc/zco/zco.djhtm?a=5469&e=2026-7-1&f=2026-7-29
2026-07-29,2026-07-01,2026-07-29,20,5469,瀚宇博,buy,2,華南永昌,9300,2196.0,67.0,2129.0,,moneydj,https://fubon-ebrokerdj.fbs.com.tw/z/zc/zco/zco.djhtm?a=5469&e=2026-7-1&f=2026-7-29
2026-07-29,2026-07-01,2026-07-29,20,5469,瀚宇博,sell,2,摩根大通,8440,1882.0,6510.0,4628.0,,moneydj,https://fubon-ebrokerdj.fbs.com.tw/z/zc/zco/zco.djhtm?a=5469&e=2026-7-1&f=2026-7-29
2026-07-29,2026-07-01,2026-07-29,20,5469,瀚宇博,buy,3,統一,5850,2623.0,697.0,1926.0,,moneydj,https://fubon-ebrokerdj.fbs.com.tw/z/zc/zco/zco.djhtm?a=5469&e=2026-7-1&f=2026-7-29
2026-07-29,2026-07-01,2026-07-29,20,5469,瀚宇博,sell,3,台灣摩根士丹利,1470,2089.0,4763.0,2674.0,,moneydj,https://fubon-ebrokerdj.fbs.com.tw/z/zc/zco/zco.djhtm?a=5469&e=2026-7-1&f=2026-7-29
2026-07-29,2026-07-01,2026-07-29,20,5469,瀚宇博,buy,4,凱基,9200,1758.0,59.0,1699.0,,moneydj,https://fubon-ebrokerdj.fbs.com.tw/z/zc/zco/zco.djhtm?a=5469&e=2026-7-1&f=2026-7-29
2026-07-29,2026-07-01,2026-07-29,20,5469,瀚宇博,sell,4,新加坡商瑞銀,1650,840.0,2773.0,1933.0,,moneydj,https://fubon-ebrokerdj.fbs.com.tw/z/zc/zco/zco.djhtm?a=5469&e=2026-7-1&f=2026-7-29
2026-07-29,2026-07-01,2026-07-29,20,5469,瀚宇博,buy,5,富邦-南京,961C,791.0,205.0,586.0,,moneydj,https://fubon-ebrokerdj.fbs.com.tw/z/zc/zco/zco.djhtm?a=5469&e=2026-7-1&f=2026-7-29
2026-07-29,2026-07-01,2026-07-29,20,5469,瀚宇博,sell,5,港商野村,1560,262.0,1244.0,982.0,,moneydj,https://fubon-ebrokerdj.fbs.com.tw/z/zc/zco/zco.djhtm?a=5469&e=2026-7-1&f=2026-7-29
2026-07-29,2026-07-01,2026-07-29,20,5469,瀚宇博,buy,6,元大證券,9800,4381.0,4019.0,362.0,,moneydj,https://fubon-ebrokerdj.fbs.com.tw/z/zc/zco/zco.djhtm?a=5469&e=2026-7-1&f=2026-7-29
2026-07-29,2026-07-01,2026-07-29,20,5469,瀚宇博,sell,6,港商麥格理,1360,0.0,861.0,861.0,,moneydj,https://fubon-ebrokerdj.fbs.com.tw/z/zc/zco/zco.djhtm?a=5469&e=2026-7-1&f=2026-7-29
2026-07-29,2026-07-01,2026-07-29,20,5469,瀚宇博,buy,7,群益金鼎,9100,602.0,258.0,344.0,,moneydj,https://fubon-ebrokerdj.fbs.com.tw/z/zc/zco/zco.djhtm?a=5469&e=2026-7-1&f=2026-7-29
2026-07-29,2026-07-01,2026-07-29,20,5469,瀚宇博,sell,7,花旗環球,1590,540.0,1383.0,843.0,,moneydj,https://fubon-ebrokerdj.fbs.com.tw/z/zc/zco/zco.djhtm?a=5469&e=2026-7-1&f=2026-7-29
2026-07-29,2026-07-01,2026-07-29,20,5469,瀚宇博,buy,8,永豐金-亞灣,9A9a,351.0,32.0,319.0,,moneydj,https://fubon-ebrokerdj.fbs.com.tw/z/zc/zco/zco.djhtm?a=5469&e=2026-7-1&f=2026-7-29
2026-07-29,2026-07-01,2026-07-29,20,5469,瀚宇博,sell,8,華南永昌-大安,9307,31.0,508.0,477.0,,moneydj,https://fubon-ebrokerdj.fbs.com.tw/z/zc/zco/zco.djhtm?a=5469&e=2026-7-1&f=2026-7-29
2026-07-29,2026-07-01,2026-07-29,20,5469,瀚宇博,buy,9,群益金鼎-古亭,918C,287.0,30.0,257.0,,moneydj,https://fubon-ebrokerdj.fbs.com.tw/z/zc/zco/zco.djhtm?a=5469&e=2026-7-1&f=2026-7-29
2026-07-29,2026-07-01,2026-07-29,20,5469,瀚宇博,sell,9,永豐金-匯立,9A81,0.0,420.0,420.0,,moneydj,https://fubon-ebrokerdj.fbs.com.tw/z/zc/zco/zco.djhtm?a=5469&e=2026-7-1&f=2026-7-29
2026-07-29,2026-07-01,2026-07-29,20,5469,瀚宇博,buy,10,新光,8560,1013.0,775.0,238.0,,moneydj,https://fubon-ebrokerdj.fbs.com.tw/z/zc/zco/zco.djhtm?a=5469&e=2026-7-1&f=2026-7-29
2026-07-29,2026-07-01,2026-07-29,20,5469,瀚宇博,sell,10,香港上海匯豐,8960,1.0,344.0,343.0,,moneydj,https://fubon-ebrokerdj.fbs.com.tw/z/zc/zco/zco.djhtm?a=5469&e=2026-7-1&f=2026-7-29
2026-07-29,2026-07-01,2026-07-29,20,6165,浪凡,buy,1,統一,5850,4010.0,49.0,3961.0,,moneydj,https://fubon-ebrokerdj.fbs.com.tw/z/zc/zco/zco.djhtm?a=6165&e=2026-7-1&f=2026-7-29
2026-07-29,2026-07-01,2026-07-29,20,6165,浪凡,sell,1,元大-天母,981I,0.0,4000.0,4000.0,,moneydj,https://fubon-ebrokerdj.fbs.com.tw/z/zc/zco/zco.djhtm?a=6165&e=2026-7-1&f=2026-7-29
2026-07-29,2026-07-01,2026-07-29,20,6165,浪凡,buy,2,美好,5260,600.0,1.0,599.0,,moneydj,https://fubon-ebrokerdj.fbs.com.tw/z/zc/zco/zco.djhtm?a=6165&e=2026-7-1&f=2026-7-29
2026-07-29,2026-07-01,2026-07-29,20,6165,浪凡,sell,2,永豐金證券,9A00,81.0,381.0,300.0,,moneydj,https://fubon-ebrokerdj.fbs.com.tw/z/zc/zco/zco.djhtm?a=6165&e=2026-7-1&f=2026-7-29
2026-07-29,2026-07-01,2026-07-29,20,6165,浪凡,buy,3,元大證券,9800,656.0,355.0,301.0,,moneydj,https://fubon-ebrokerdj.fbs.com.tw/z/zc/zco/zco.djhtm?a=6165&e=2026-7-1&f=2026-7-29
2026-07-29,2026-07-01,2026-07-29,20,6165,浪凡,sell,3,台新,9B00,110.0,262.0,152.0,,moneydj,https://fubon-ebrokerdj.fbs.com.tw/z/zc/zco/zco.djhtm?a=6165&e=2026-7-1&f=2026-7-29
2026-07-29,2026-07-01,2026-07-29,20,6165,浪凡,buy,4,口袋證券,6620,215.0,5.0,210.0,,moneydj,https://fubon-ebrokerdj.fbs.com.tw/z/zc/zco/zco.djhtm?a=6165&e=2026-7-1&f=2026-7-29
2026-07-29,2026-07-01,2026-07-29,20,6165,浪凡,sell,4,第一金-忠孝,538D,0.0,129.0,129.0,,moneydj,https://fubon-ebrokerdj.fbs.com.tw/z/zc/zco/zco.djhtm?a=6165&e=2026-7-1&f=2026-7-29
2026-07-29,2026-07-01,2026-07-29,20,6165,浪凡,buy,5,富邦-三峽,962J,208.0,0.0,208.0,,moneydj,https://fubon-ebrokerdj.fbs.com.tw/z/zc/zco/zco.djhtm?a=6165&e=2026-7-1&f=2026-7-29
2026-07-29,2026-07-01,2026-07-29,20,6165,浪凡,sell,5,新加坡商瑞銀,1650,189.0,312.0,123.0,,moneydj,https://fubon-ebrokerdj.fbs.com.tw/z/zc/zco/zco.djhtm?a=6165&e=2026-7-1&f=2026-7-29
2026-07-29,2026-07-01,2026-07-29,20,6165,浪凡,buy,6,台灣摩根士丹利,1470,872.0,683.0,189.0,,moneydj,https://fubon-ebrokerdj.fbs.com.tw/z/zc/zco/zco.djhtm?a=6165&e=2026-7-1&f=2026-7-29
2026-07-29,2026-07-01,2026-07-29,20,6165,浪凡,sell,6,富邦-屏東,961Y,1.0,100.0,99.0,,moneydj,https://fubon-ebrokerdj.fbs.com.tw/z/zc/zco/zco.djhtm?a=6165&e=2026-7-1&f=2026-7-29
2026-07-29,2026-07-01,2026-07-29,20,6165,浪凡,buy,7,玉山-高雄,8843,160.0,10.0,150.0,,moneydj,https://fubon-ebrokerdj.fbs.com.tw/z/zc/zco/zco.djhtm?a=6165&e=2026-7-1&f=2026-7-29
2026-07-29,2026-07-01,2026-07-29,20,6165,浪凡,sell,7,永豐金-埔里,9A79,16.0,109.0,93.0,,moneydj,https://fubon-ebrokerdj.fbs.com.tw/z/zc/zco/zco.djhtm?a=6165&e=2026-7-1&f=2026-7-29
2026-07-29,2026-07-01,2026-07-29,20,6165,浪凡,buy,8,美商高盛,1480,795.0,653.0,142.0,,moneydj,https://fubon-ebrokerdj.fbs.com.tw/z/zc/zco/zco.djhtm?a=6165&e=2026-7-1&f=2026-7-29
2026-07-29,2026-07-01,2026-07-29,20,6165,浪凡,sell,8,康和,8450,0.0,86.0,86.0,,moneydj,https://fubon-ebrokerdj.fbs.com.tw/z/zc/zco/zco.djhtm?a=6165&e=2026-7-1&f=2026-7-29
2026-07-29,2026-07-01,2026-07-29,20,6165,浪凡,buy,9,台新-三民,9B13,129.0,5.0,124.0,,moneydj,https://fubon-ebrokerdj.fbs.com.tw/z/zc/zco/zco.djhtm?a=6165&e=2026-7-1&f=2026-7-29
2026-07-29,2026-07-01,2026-07-29,20,6165,浪凡,sell,9,群益金鼎-彰化,9187,12.0,92.0,80.0,,moneydj,https://fubon-ebrokerdj.fbs.com.tw/z/zc/zco/zco.djhtm?a=6165&e=2026-7-1&f=2026-7-29
2026-07-29,2026-07-01,2026-07-29,20,6165,浪凡,buy,10,凱基-台北,9268,1063.0,944.0,119.0,,moneydj,https://fubon-ebrokerdj.fbs.com.tw/z/zc/zco/zco.djhtm?a=6165&e=2026-7-1&f=2026-7-29
2026-07-29,2026-07-01,2026-07-29,20,6165,浪凡,sell,10,群益金鼎-崇德,913U,0.0,65.0,65.0,,moneydj,https://fubon-ebrokerdj.fbs.com.tw/z/zc/zco/zco.djhtm?a=6165&e=2026-7-1&f=2026-7-29
2026-07-29,2026-07-01,2026-07-29,20,3714,富采,buy,1,台灣摩根士丹利,1470,7274.0,4033.0,3241.0,,moneydj,https://fubon-ebrokerdj.fbs.com.tw/z/zc/zco/zco.djhtm?a=3714&e=2026-7-1&f=2026-7-29
2026-07-29,2026-07-01,2026-07-29,20,3714,富采,sell,1,摩根大通,8440,4864.0,7406.0,2542.0,,moneydj,https://fubon-ebrokerdj.fbs.com.tw/z/zc/zco/zco.djhtm?a=3714&e=2026-7-1&f=2026-7-29
2026-07-29,2026-07-01,2026-07-29,20,3714,富采,buy,2,美商高盛,1480,17170.0,14717.0,2453.0,,moneydj,https://fubon-ebrokerdj.fbs.com.tw/z/zc/zco/zco.djhtm?a=3714&e=2026-7-1&f=2026-7-29
2026-07-29,2026-07-01,2026-07-29,20,3714,富采,sell,2,港商野村,1560,1046.0,2276.0,1230.0,,moneydj,https://fubon-ebrokerdj.fbs.com.tw/z/zc/zco/zco.djhtm?a=3714&e=2026-7-1&f=2026-7-29
2026-07-29,2026-07-01,2026-07-29,20,3714,富采,buy,3,凱基-台北,9268,13059.0,11078.0,1981.0,,moneydj,https://fubon-ebrokerdj.fbs.com.tw/z/zc/zco/zco.djhtm?a=3714&e=2026-7-1&f=2026-7-29
2026-07-29,2026-07-01,2026-07-29,20,3714,富采,sell,3,國泰-敦南,8888,1877.0,2457.0,580.0,,moneydj,https://fubon-ebrokerdj.fbs.com.tw/z/zc/zco/zco.djhtm?a=3714&e=2026-7-1&f=2026-7-29
2026-07-29,2026-07-01,2026-07-29,20,3714,富采,buy,4,台中銀-員林,6114,1821.0,503.0,1318.0,,moneydj,https://fubon-ebrokerdj.fbs.com.tw/z/zc/zco/zco.djhtm?a=3714&e=2026-7-1&f=2026-7-29
2026-07-29,2026-07-01,2026-07-29,20,3714,富采,sell,4,富邦-仁愛,9676,223.0,640.0,417.0,,moneydj,https://fubon-ebrokerdj.fbs.com.tw/z/zc/zco/zco.djhtm?a=3714&e=2026-7-1&f=2026-7-29
2026-07-29,2026-07-01,2026-07-29,20,3714,富采,buy,5,台新,9B00,2489.0,1259.0,1230.0,,moneydj,https://fubon-ebrokerdj.fbs.com.tw/z/zc/zco/zco.djhtm?a=3714&e=2026-7-1&f=2026-7-29
2026-07-29,2026-07-01,2026-07-29,20,3714,富采,sell,5,台新-屏東,9B1n,125.0,492.0,367.0,,moneydj,https://fubon-ebrokerdj.fbs.com.tw/z/zc/zco/zco.djhtm?a=3714&e=2026-7-1&f=2026-7-29
2026-07-29,2026-07-01,2026-07-29,20,3714,富采,buy,6,新加坡商瑞銀,1650,5275.0,4070.0,1205.0,,moneydj,https://fubon-ebrokerdj.fbs.com.tw/z/zc/zco/zco.djhtm?a=3714&e=2026-7-1&f=2026-7-29
2026-07-29,2026-07-01,2026-07-29,20,3714,富采,sell,6,亞東,2180,502.0,806.0,304.0,,moneydj,https://fubon-ebrokerdj.fbs.com.tw/z/zc/zco/zco.djhtm?a=3714&e=2026-7-1&f=2026-7-29
2026-07-29,2026-07-01,2026-07-29,20,3714,富采,buy,7,富邦證券,9600,1322.0,484.0,838.0,,moneydj,https://fubon-ebrokerdj.fbs.com.tw/z/zc/zco/zco.djhtm?a=3714&e=2026-7-1&f=2026-7-29
2026-07-29,2026-07-01,2026-07-29,20,3714,富采,sell,7,富邦-板橋,9655,795.0,1094.0,299.0,,moneydj,https://fubon-ebrokerdj.fbs.com.tw/z/zc/zco/zco.djhtm?a=3714&e=2026-7-1&f=2026-7-29
2026-07-29,2026-07-01,2026-07-29,20,3714,富采,buy,8,第一金-頭份,538I,2546.0,2005.0,541.0,,moneydj,https://fubon-ebrokerdj.fbs.com.tw/z/zc/zco/zco.djhtm?a=3714&e=2026-7-1&f=2026-7-29
2026-07-29,2026-07-01,2026-07-29,20,3714,富采,sell,8,凱基-台中,9204,91.0,364.0,273.0,,moneydj,https://fubon-ebrokerdj.fbs.com.tw/z/zc/zco/zco.djhtm?a=3714&e=2026-7-1&f=2026-7-29
2026-07-29,2026-07-01,2026-07-29,20,3714,富采,buy,9,美林,1440,3162.0,2649.0,513.0,,moneydj,https://fubon-ebrokerdj.fbs.com.tw/z/zc/zco/zco.djhtm?a=3714&e=2026-7-1&f=2026-7-29
2026-07-29,2026-07-01,2026-07-29,20,3714,富采,sell,9,陽信-高雄,8713,384.0,580.0,196.0,,moneydj,https://fubon-ebrokerdj.fbs.com.tw/z/zc/zco/zco.djhtm?a=3714&e=2026-7-1&f=2026-7-29
2026-07-29,2026-07-01,2026-07-29,20,3714,富采,buy,10,統一-松江,585Z,811.0,305.0,506.0,,moneydj,https://fubon-ebrokerdj.fbs.com.tw/z/zc/zco/zco.djhtm?a=3714&e=2026-7-1&f=2026-7-29
2026-07-29,2026-07-01,2026-07-29,20,3714,富采,sell,10,富邦-彰化,965U,81.0,276.0,195.0,,moneydj,https://fubon-ebrokerdj.fbs.com.tw/z/zc/zco/zco.djhtm?a=3714&e=2026-7-1&f=2026-7-29
2026-07-29,2026-07-01,2026-07-29,20,2383,台光電,buy,1,凱基-台北,9268,3091.0,2221.0,870.0,,moneydj,https://fubon-ebrokerdj.fbs.com.tw/z/zc/zco/zco.djhtm?a=2383&e=2026-7-1&f=2026-7-29
2026-07-29,2026-07-01,2026-07-29,20,2383,台光電,sell,1,新加坡商瑞銀,1650,2020.0,2800.0,780.0,,moneydj,https://fubon-ebrokerdj.fbs.com.tw/z/zc/zco/zco.djhtm?a=2383&e=2026-7-1&f=2026-7-29
2026-07-29,2026-07-01,2026-07-29,20,2383,台光電,buy,2,富邦證券,9600,1573.0,1146.0,427.0,,moneydj,https://fubon-ebrokerdj.fbs.com.tw/z/zc/zco/zco.djhtm?a=2383&e=2026-7-1&f=2026-7-29
2026-07-29,2026-07-01,2026-07-29,20,2383,台光電,sell,2,美林,1440,1622.0,2364.0,742.0,,moneydj,https://fubon-ebrokerdj.fbs.com.tw/z/zc/zco/zco.djhtm?a=2383&e=2026-7-1&f=2026-7-29
2026-07-29,2026-07-01,2026-07-29,20,2383,台光電,buy,3,凱基,9200,865.0,580.0,285.0,,moneydj,https://fubon-ebrokerdj.fbs.com.tw/z/zc/zco/zco.djhtm?a=2383&e=2026-7-1&f=2026-7-29
2026-07-29,2026-07-01,2026-07-29,20,2383,台光電,sell,3,台灣摩根士丹利,1470,3750.0,4090.0,340.0,,moneydj,https://fubon-ebrokerdj.fbs.com.tw/z/zc/zco/zco.djhtm?a=2383&e=2026-7-1&f=2026-7-29
2026-07-29,2026-07-01,2026-07-29,20,2383,台光電,buy,4,永豐金-匯立,9A81,937.0,721.0,216.0,,moneydj,https://fubon-ebrokerdj.fbs.com.tw/z/zc/zco/zco.djhtm?a=2383&e=2026-7-1&f=2026-7-29
2026-07-29,2026-07-01,2026-07-29,20,2383,台光電,sell,4,大和國泰,8890,174.0,503.0,329.0,,moneydj,https://fubon-ebrokerdj.fbs.com.tw/z/zc/zco/zco.djhtm?a=2383&e=2026-7-1&f=2026-7-29
2026-07-29,2026-07-01,2026-07-29,20,2383,台光電,buy,5,國泰證券,8880,504.0,323.0,181.0,,moneydj,https://fubon-ebrokerdj.fbs.com.tw/z/zc/zco/zco.djhtm?a=2383&e=2026-7-1&f=2026-7-29
2026-07-29,2026-07-01,2026-07-29,20,2383,台光電,sell,5,港商麥格理,1360,441.0,730.0,289.0,,moneydj,https://fubon-ebrokerdj.fbs.com.tw/z/zc/zco/zco.djhtm?a=2383&e=2026-7-1&f=2026-7-29
2026-07-29,2026-07-01,2026-07-29,20,2383,台光電,buy,6,兆豐證券,7000,454.0,308.0,146.0,,moneydj,https://fubon-ebrokerdj.fbs.com.tw/z/zc/zco/zco.djhtm?a=2383&e=2026-7-1&f=2026-7-29
2026-07-29,2026-07-01,2026-07-29,20,2383,台光電,sell,6,法銀巴黎,8900,210.0,497.0,287.0,,moneydj,https://fubon-ebrokerdj.fbs.com.tw/z/zc/zco/zco.djhtm?a=2383&e=2026-7-1&f=2026-7-29
2026-07-29,2026-07-01,2026-07-29,20,2383,台光電,buy,7,(牛牛牛)亞證券,6010,145.0,0.0,145.0,,moneydj,https://fubon-ebrokerdj.fbs.com.tw/z/zc/zco/zco.djhtm?a=2383&e=2026-7-1&f=2026-7-29
2026-07-29,2026-07-01,2026-07-29,20,2383,台光電,sell,7,摩根大通,8440,3408.0,3570.0,162.0,,moneydj,https://fubon-ebrokerdj.fbs.com.tw/z/zc/zco/zco.djhtm?a=2383&e=2026-7-1&f=2026-7-29
2026-07-29,2026-07-01,2026-07-29,20,2383,台光電,buy,8,香港上海匯豐,8960,302.0,184.0,118.0,,moneydj,https://fubon-ebrokerdj.fbs.com.tw/z/zc/zco/zco.djhtm?a=2383&e=2026-7-1&f=2026-7-29
2026-07-29,2026-07-01,2026-07-29,20,2383,台光電,sell,8,康和,8450,34.0,175.0,141.0,,moneydj,https://fubon-ebrokerdj.fbs.com.tw/z/zc/zco/zco.djhtm?a=2383&e=2026-7-1&f=2026-7-29
2026-07-29,2026-07-01,2026-07-29,20,2383,台光電,buy,9,國泰-敦南,8888,578.0,497.0,81.0,,moneydj,https://fubon-ebrokerdj.fbs.com.tw/z/zc/zco/zco.djhtm?a=2383&e=2026-7-1&f=2026-7-29
2026-07-29,2026-07-01,2026-07-29,20,2383,台光電,sell,9,美商高盛,1480,3323.0,3461.0,138.0,,moneydj,https://fubon-ebrokerdj.fbs.com.tw/z/zc/zco/zco.djhtm?a=2383&e=2026-7-1&f=2026-7-29
2026-07-29,2026-07-01,2026-07-29,20,2383,台光電,buy,10,玉山證券,8840,147.0,79.0,68.0,,moneydj,https://fubon-ebrokerdj.fbs.com.tw/z/zc/zco/zco.djhtm?a=2383&e=2026-7-1&f=2026-7-29
2026-07-29,2026-07-01,2026-07-29,20,2383,台光電,sell,10,台新-台北,9B20,64.0,154.0,90.0,,moneydj,https://fubon-ebrokerdj.fbs.com.tw/z/zc/zco/zco.djhtm?a=2383&e=2026-7-1&f=2026-7-29
2026-07-29,2026-07-01,2026-07-29,20,6451,訊芯-KY,buy,1,摩根大通,8440,2284.0,1449.0,835.0,,moneydj,https://fubon-ebrokerdj.fbs.com.tw/z/zc/zco/zco.djhtm?a=6451&e=2026-7-1&f=2026-7-29
2026-07-29,2026-07-01,2026-07-29,20,6451,訊芯-KY,sell,1,永豐金證券,9A00,539.0,1014.0,475.0,,moneydj,https://fubon-ebrokerdj.fbs.com.tw/z/zc/zco/zco.djhtm?a=6451&e=2026-7-1&f=2026-7-29
2026-07-29,2026-07-01,2026-07-29,20,6451,訊芯-KY,buy,2,美林,1440,1394.0,815.0,579.0,,moneydj,https://fubon-ebrokerdj.fbs.com.tw/z/zc/zco/zco.djhtm?a=6451&e=2026-7-1&f=2026-7-29
2026-07-29,2026-07-01,2026-07-29,20,6451,訊芯-KY,sell,2,凱基-城中,9227,112.0,367.0,255.0,,moneydj,https://fubon-ebrokerdj.fbs.com.tw/z/zc/zco/zco.djhtm?a=6451&e=2026-7-1&f=2026-7-29
2026-07-29,2026-07-01,2026-07-29,20,6451,訊芯-KY,buy,3,新加坡商瑞銀,1650,2667.0,2117.0,550.0,,moneydj,https://fubon-ebrokerdj.fbs.com.tw/z/zc/zco/zco.djhtm?a=6451&e=2026-7-1&f=2026-7-29
2026-07-29,2026-07-01,2026-07-29,20,6451,訊芯-KY,sell,3,國票-安和,779Z,148.0,388.0,240.0,,moneydj,https://fubon-ebrokerdj.fbs.com.tw/z/zc/zco/zco.djhtm?a=6451&e=2026-7-1&f=2026-7-29
2026-07-29,2026-07-01,2026-07-29,20,6451,訊芯-KY,buy,4,美商高盛,1480,2693.0,2241.0,452.0,,moneydj,https://fubon-ebrokerdj.fbs.com.tw/z/zc/zco/zco.djhtm?a=6451&e=2026-7-1&f=2026-7-29
2026-07-29,2026-07-01,2026-07-29,20,6451,訊芯-KY,sell,4,富邦-仁愛,9676,230.0,467.0,237.0,,moneydj,https://fubon-ebrokerdj.fbs.com.tw/z/zc/zco/zco.djhtm?a=6451&e=2026-7-1&f=2026-7-29
2026-07-29,2026-07-01,2026-07-29,20,6451,訊芯-KY,buy,5,台灣摩根士丹利,1470,2219.0,1882.0,337.0,,moneydj,https://fubon-ebrokerdj.fbs.com.tw/z/zc/zco/zco.djhtm?a=6451&e=2026-7-1&f=2026-7-29
2026-07-29,2026-07-01,2026-07-29,20,6451,訊芯-KY,sell,5,凱基-台北,9268,6085.0,6308.0,223.0,,moneydj,https://fubon-ebrokerdj.fbs.com.tw/z/zc/zco/zco.djhtm?a=6451&e=2026-7-1&f=2026-7-29
2026-07-29,2026-07-01,2026-07-29,20,6451,訊芯-KY,buy,6,統一-敦南,5852,215.0,54.0,161.0,,moneydj,https://fubon-ebrokerdj.fbs.com.tw/z/zc/zco/zco.djhtm?a=6451&e=2026-7-1&f=2026-7-29
2026-07-29,2026-07-01,2026-07-29,20,6451,訊芯-KY,sell,6,凱基,9200,101.0,267.0,166.0,,moneydj,https://fubon-ebrokerdj.fbs.com.tw/z/zc/zco/zco.djhtm?a=6451&e=2026-7-1&f=2026-7-29
2026-07-29,2026-07-01,2026-07-29,20,6451,訊芯-KY,buy,7,華南永昌-竹北,9339,450.0,332.0,118.0,,moneydj,https://fubon-ebrokerdj.fbs.com.tw/z/zc/zco/zco.djhtm?a=6451&e=2026-7-1&f=2026-7-29
2026-07-29,2026-07-01,2026-07-29,20,6451,訊芯-KY,sell,7,元大-松江,9801,100.0,263.0,163.0,,moneydj,https://fubon-ebrokerdj.fbs.com.tw/z/zc/zco/zco.djhtm?a=6451&e=2026-7-1&f=2026-7-29
2026-07-29,2026-07-01,2026-07-29,20,6451,訊芯-KY,buy,8,亞東,2180,128.0,25.0,103.0,,moneydj,https://fubon-ebrokerdj.fbs.com.tw/z/zc/zco/zco.djhtm?a=6451&e=2026-7-1&f=2026-7-29
2026-07-29,2026-07-01,2026-07-29,20,6451,訊芯-KY,sell,8,統一,5850,672.0,826.0,154.0,,moneydj,https://fubon-ebrokerdj.fbs.com.tw/z/zc/zco/zco.djhtm?a=6451&e=2026-7-1&f=2026-7-29
2026-07-29,2026-07-01,2026-07-29,20,6451,訊芯-KY,buy,9,元大-四維,9831,156.0,53.0,103.0,,moneydj,https://fubon-ebrokerdj.fbs.com.tw/z/zc/zco/zco.djhtm?a=6451&e=2026-7-1&f=2026-7-29
2026-07-29,2026-07-01,2026-07-29,20,6451,訊芯-KY,sell,9,群益金鼎-內湖,918d,66.0,201.0,135.0,,moneydj,https://fubon-ebrokerdj.fbs.com.tw/z/zc/zco/zco.djhtm?a=6451&e=2026-7-1&f=2026-7-29
2026-07-29,2026-07-01,2026-07-29,20,6451,訊芯-KY,buy,10,凱基-羅東,9258,157.0,66.0,91.0,,moneydj,https://fubon-ebrokerdj.fbs.com.tw/z/zc/zco/zco.djhtm?a=6451&e=2026-7-1&f=2026-7-29
2026-07-29,2026-07-01,2026-07-29,20,6451,訊芯-KY,sell,10,台新,9B00,742.0,872.0,130.0,,moneydj,https://fubon-ebrokerdj.fbs.com.tw/z/zc/zco/zco.djhtm?a=6451&e=2026-7-1&f=2026-7-29
2026-07-29,2026-07-01,2026-07-29,20,3005,神基,buy,1,美商高盛,1480,10631.0,3422.0,7209.0,,moneydj,https://fubon-ebrokerdj.fbs.com.tw/z/zc/zco/zco.djhtm?a=3005&e=2026-7-1&f=2026-7-29
2026-07-29,2026-07-01,2026-07-29,20,3005,神基,sell,1,新光,8560,1017.0,4291.0,3274.0,,moneydj,https://fubon-ebrokerdj.fbs.com.tw/z/zc/zco/zco.djhtm?a=3005&e=2026-7-1&f=2026-7-29
2026-07-29,2026-07-01,2026-07-29,20,3005,神基,buy,2,台灣摩根士丹利,1470,10131.0,4471.0,5660.0,,moneydj,https://fubon-ebrokerdj.fbs.com.tw/z/zc/zco/zco.djhtm?a=3005&e=2026-7-1&f=2026-7-29
2026-07-29,2026-07-01,2026-07-29,20,3005,神基,sell,2,國泰證券,8880,725.0,3846.0,3121.0,,moneydj,https://fubon-ebrokerdj.fbs.com.tw/z/zc/zco/zco.djhtm?a=3005&e=2026-7-1&f=2026-7-29
2026-07-29,2026-07-01,2026-07-29,20,3005,神基,buy,3,華南永昌,9300,3456.0,353.0,3103.0,,moneydj,https://fubon-ebrokerdj.fbs.com.tw/z/zc/zco/zco.djhtm?a=3005&e=2026-7-1&f=2026-7-29
2026-07-29,2026-07-01,2026-07-29,20,3005,神基,sell,3,永豐金證券,9A00,1205.0,4165.0,2960.0,,moneydj,https://fubon-ebrokerdj.fbs.com.tw/z/zc/zco/zco.djhtm?a=3005&e=2026-7-1&f=2026-7-29
2026-07-29,2026-07-01,2026-07-29,20,3005,神基,buy,4,永豐金-板新,9A9J,2474.0,188.0,2286.0,,moneydj,https://fubon-ebrokerdj.fbs.com.tw/z/zc/zco/zco.djhtm?a=3005&e=2026-7-1&f=2026-7-29
2026-07-29,2026-07-01,2026-07-29,20,3005,神基,sell,4,統一,5850,1086.0,2134.0,1048.0,,moneydj,https://fubon-ebrokerdj.fbs.com.tw/z/zc/zco/zco.djhtm?a=3005&e=2026-7-1&f=2026-7-29
2026-07-29,2026-07-01,2026-07-29,20,3005,神基,buy,5,新加坡商瑞銀,1650,5168.0,2913.0,2255.0,,moneydj,https://fubon-ebrokerdj.fbs.com.tw/z/zc/zco/zco.djhtm?a=3005&e=2026-7-1&f=2026-7-29
2026-07-29,2026-07-01,2026-07-29,20,3005,神基,sell,5,凱基-台北,9268,10541.0,11294.0,753.0,,moneydj,https://fubon-ebrokerdj.fbs.com.tw/z/zc/zco/zco.djhtm?a=3005&e=2026-7-1&f=2026-7-29
2026-07-29,2026-07-01,2026-07-29,20,3005,神基,buy,6,摩根大通,8440,5168.0,4015.0,1153.0,,moneydj,https://fubon-ebrokerdj.fbs.com.tw/z/zc/zco/zco.djhtm?a=3005&e=2026-7-1&f=2026-7-29
2026-07-29,2026-07-01,2026-07-29,20,3005,神基,sell,6,群益金鼎,9100,728.0,1112.0,384.0,,moneydj,https://fubon-ebrokerdj.fbs.com.tw/z/zc/zco/zco.djhtm?a=3005&e=2026-7-1&f=2026-7-29
2026-07-29,2026-07-01,2026-07-29,20,3005,神基,buy,7,港商野村,1560,1289.0,288.0,1001.0,,moneydj,https://fubon-ebrokerdj.fbs.com.tw/z/zc/zco/zco.djhtm?a=3005&e=2026-7-1&f=2026-7-29
2026-07-29,2026-07-01,2026-07-29,20,3005,神基,sell,7,國泰-敦南,8888,1558.0,1936.0,378.0,,moneydj,https://fubon-ebrokerdj.fbs.com.tw/z/zc/zco/zco.djhtm?a=3005&e=2026-7-1&f=2026-7-29
2026-07-29,2026-07-01,2026-07-29,20,3005,神基,buy,8,花旗環球,1590,1755.0,955.0,800.0,,moneydj,https://fubon-ebrokerdj.fbs.com.tw/z/zc/zco/zco.djhtm?a=3005&e=2026-7-1&f=2026-7-29
2026-07-29,2026-07-01,2026-07-29,20,3005,神基,sell,8,凱基-台南,9211,549.0,888.0,339.0,,moneydj,https://fubon-ebrokerdj.fbs.com.tw/z/zc/zco/zco.djhtm?a=3005&e=2026-7-1&f=2026-7-29
2026-07-29,2026-07-01,2026-07-29,20,3005,神基,buy,9,美林,1440,2233.0,1589.0,644.0,,moneydj,https://fubon-ebrokerdj.fbs.com.tw/z/zc/zco/zco.djhtm?a=3005&e=2026-7-1&f=2026-7-29
2026-07-29,2026-07-01,2026-07-29,20,3005,神基,sell,9,元大證券,9800,11598.0,11864.0,266.0,,moneydj,https://fubon-ebrokerdj.fbs.com.tw/z/zc/zco/zco.djhtm?a=3005&e=2026-7-1&f=2026-7-29
2026-07-29,2026-07-01,2026-07-29,20,3005,神基,buy,10,凱基-高雄,9206,656.0,57.0,599.0,,moneydj,https://fubon-ebrokerdj.fbs.com.tw/z/zc/zco/zco.djhtm?a=3005&e=2026-7-1&f=2026-7-29
2026-07-29,2026-07-01,2026-07-29,20,3005,神基,sell,10,美好,5260,7.0,243.0,236.0,,moneydj,https://fubon-ebrokerdj.fbs.com.tw/z/zc/zco/zco.djhtm?a=3005&e=2026-7-1&f=2026-7-29
2026-07-29,2026-07-01,2026-07-29,20,2472,立隆電,buy,1,新加坡商瑞銀,1650,6617.0,4527.0,2090.0,,moneydj,https://fubon-ebrokerdj.fbs.com.tw/z/zc/zco/zco.djhtm?a=2472&e=2026-7-1&f=2026-7-29
2026-07-29,2026-07-01,2026-07-29,20,2472,立隆電,sell,1,兆豐證券,7000,205.0,1048.0,843.0,,moneydj,https://fubon-ebrokerdj.fbs.com.tw/z/zc/zco/zco.djhtm?a=2472&e=2026-7-1&f=2026-7-29
2026-07-29,2026-07-01,2026-07-29,20,2472,立隆電,buy,2,凱基-台北,9268,16731.0,14821.0,1910.0,,moneydj,https://fubon-ebrokerdj.fbs.com.tw/z/zc/zco/zco.djhtm?a=2472&e=2026-7-1&f=2026-7-29
2026-07-29,2026-07-01,2026-07-29,20,2472,立隆電,sell,2,永豐金-復興,9A9Z,33.0,830.0,797.0,,moneydj,https://fubon-ebrokerdj.fbs.com.tw/z/zc/zco/zco.djhtm?a=2472&e=2026-7-1&f=2026-7-29
2026-07-29,2026-07-01,2026-07-29,20,2472,立隆電,buy,3,美商高盛,1480,8340.0,6840.0,1500.0,,moneydj,https://fubon-ebrokerdj.fbs.com.tw/z/zc/zco/zco.djhtm?a=2472&e=2026-7-1&f=2026-7-29
2026-07-29,2026-07-01,2026-07-29,20,2472,立隆電,sell,3,花旗環球,1590,249.0,840.0,591.0,,moneydj,https://fubon-ebrokerdj.fbs.com.tw/z/zc/zco/zco.djhtm?a=2472&e=2026-7-1&f=2026-7-29
2026-07-29,2026-07-01,2026-07-29,20,2472,立隆電,buy,4,摩根大通,8440,5364.0,4342.0,1022.0,,moneydj,https://fubon-ebrokerdj.fbs.com.tw/z/zc/zco/zco.djhtm?a=2472&e=2026-7-1&f=2026-7-29
2026-07-29,2026-07-01,2026-07-29,20,2472,立隆電,sell,4,台新-城東,9B2r,158.0,632.0,474.0,,moneydj,https://fubon-ebrokerdj.fbs.com.tw/z/zc/zco/zco.djhtm?a=2472&e=2026-7-1&f=2026-7-29
2026-07-29,2026-07-01,2026-07-29,20,2472,立隆電,buy,5,國泰證券,8880,1920.0,968.0,952.0,,moneydj,https://fubon-ebrokerdj.fbs.com.tw/z/zc/zco/zco.djhtm?a=2472&e=2026-7-1&f=2026-7-29
2026-07-29,2026-07-01,2026-07-29,20,2472,立隆電,sell,5,元大-大安,983N,440.0,866.0,426.0,,moneydj,https://fubon-ebrokerdj.fbs.com.tw/z/zc/zco/zco.djhtm?a=2472&e=2026-7-1&f=2026-7-29
2026-07-29,2026-07-01,2026-07-29,20,2472,立隆電,buy,6,美林,1440,3108.0,2444.0,664.0,,moneydj,https://fubon-ebrokerdj.fbs.com.tw/z/zc/zco/zco.djhtm?a=2472&e=2026-7-1&f=2026-7-29
2026-07-29,2026-07-01,2026-07-29,20,2472,立隆電,sell,6,群益金鼎-台北,918X,79.0,490.0,411.0,,moneydj,https://fubon-ebrokerdj.fbs.com.tw/z/zc/zco/zco.djhtm?a=2472&e=2026-7-1&f=2026-7-29
2026-07-29,2026-07-01,2026-07-29,20,2472,立隆電,buy,7,永豐金證券,9A00,2348.0,1839.0,509.0,,moneydj,https://fubon-ebrokerdj.fbs.com.tw/z/zc/zco/zco.djhtm?a=2472&e=2026-7-1&f=2026-7-29
2026-07-29,2026-07-01,2026-07-29,20,2472,立隆電,sell,7,兆豐-北高雄,700I,580.0,974.0,394.0,,moneydj,https://fubon-ebrokerdj.fbs.com.tw/z/zc/zco/zco.djhtm?a=2472&e=2026-7-1&f=2026-7-29
2026-07-29,2026-07-01,2026-07-29,20,2472,立隆電,buy,8,國票-桃園,779r,704.0,341.0,363.0,,moneydj,https://fubon-ebrokerdj.fbs.com.tw/z/zc/zco/zco.djhtm?a=2472&e=2026-7-1&f=2026-7-29
2026-07-29,2026-07-01,2026-07-29,20,2472,立隆電,sell,8,統一,5850,845.0,1238.0,393.0,,moneydj,https://fubon-ebrokerdj.fbs.com.tw/z/zc/zco/zco.djhtm?a=2472&e=2026-7-1&f=2026-7-29
2026-07-29,2026-07-01,2026-07-29,20,2472,立隆電,buy,9,台灣摩根士丹利,1470,4614.0,4354.0,260.0,,moneydj,https://fubon-ebrokerdj.fbs.com.tw/z/zc/zco/zco.djhtm?a=2472&e=2026-7-1&f=2026-7-29
2026-07-29,2026-07-01,2026-07-29,20,2472,立隆電,sell,9,凱基-信義,9216,33.0,425.0,392.0,,moneydj,https://fubon-ebrokerdj.fbs.com.tw/z/zc/zco/zco.djhtm?a=2472&e=2026-7-1&f=2026-7-29
2026-07-29,2026-07-01,2026-07-29,20,2472,立隆電,buy,10,華南永昌-桃園,9352,245.0,144.0,101.0,,moneydj,https://fubon-ebrokerdj.fbs.com.tw/z/zc/zco/zco.djhtm?a=2472&e=2026-7-1&f=2026-7-29
2026-07-29,2026-07-01,2026-07-29,20,2472,立隆電,sell,10,富邦證券,9600,560.0,924.0,364.0,,moneydj,https://fubon-ebrokerdj.fbs.com.tw/z/zc/zco/zco.djhtm?a=2472&e=2026-7-1&f=2026-7-29
2026-07-29,2026-07-01,2026-07-29,20,3556,禾瑞亞,buy,1,富邦-板橋,9655,322.0,89.0,233.0,,moneydj,https://fubon-ebrokerdj.fbs.com.tw/z/zc/zco/zco.djhtm?a=3556&e=2026-7-1&f=2026-7-29
2026-07-29,2026-07-01,2026-07-29,20,3556,禾瑞亞,sell,1,台灣摩根士丹利,1470,853.0,1120.0,267.0,,moneydj,https://fubon-ebrokerdj.fbs.com.tw/z/zc/zco/zco.djhtm?a=3556&e=2026-7-1&f=2026-7-29
2026-07-29,2026-07-01,2026-07-29,20,3556,禾瑞亞,buy,2,港商野村,1560,432.0,230.0,202.0,,moneydj,https://fubon-ebrokerdj.fbs.com.tw/z/zc/zco/zco.djhtm?a=3556&e=2026-7-1&f=2026-7-29
2026-07-29,2026-07-01,2026-07-29,20,3556,禾瑞亞,sell,2,凱基-台北,9268,2418.0,2583.0,165.0,,moneydj,https://fubon-ebrokerdj.fbs.com.tw/z/zc/zco/zco.djhtm?a=3556&e=2026-7-1&f=2026-7-29
2026-07-29,2026-07-01,2026-07-29,20,3556,禾瑞亞,buy,3,國票-中和,779X,142.0,30.0,112.0,,moneydj,https://fubon-ebrokerdj.fbs.com.tw/z/zc/zco/zco.djhtm?a=3556&e=2026-7-1&f=2026-7-29
2026-07-29,2026-07-01,2026-07-29,20,3556,禾瑞亞,sell,3,美林,1440,319.0,463.0,144.0,,moneydj,https://fubon-ebrokerdj.fbs.com.tw/z/zc/zco/zco.djhtm?a=3556&e=2026-7-1&f=2026-7-29
2026-07-29,2026-07-01,2026-07-29,20,3556,禾瑞亞,buy,4,凱基-台南,9211,125.0,28.0,97.0,,moneydj,https://fubon-ebrokerdj.fbs.com.tw/z/zc/zco/zco.djhtm?a=3556&e=2026-7-1&f=2026-7-29
2026-07-29,2026-07-01,2026-07-29,20,3556,禾瑞亞,sell,4,摩根大通,8440,437.0,578.0,141.0,,moneydj,https://fubon-ebrokerdj.fbs.com.tw/z/zc/zco/zco.djhtm?a=3556&e=2026-7-1&f=2026-7-29
2026-07-29,2026-07-01,2026-07-29,20,3556,禾瑞亞,buy,5,中農,8520,107.0,21.0,86.0,,moneydj,https://fubon-ebrokerdj.fbs.com.tw/z/zc/zco/zco.djhtm?a=3556&e=2026-7-1&f=2026-7-29
2026-07-29,2026-07-01,2026-07-29,20,3556,禾瑞亞,sell,5,安泰-楠梓,8382,120.0,247.0,127.0,,moneydj,https://fubon-ebrokerdj.fbs.com.tw/z/zc/zco/zco.djhtm?a=3556&e=2026-7-1&f=2026-7-29
2026-07-29,2026-07-01,2026-07-29,20,3556,禾瑞亞,buy,6,第一金-台南,5384,100.0,20.0,80.0,,moneydj,https://fubon-ebrokerdj.fbs.com.tw/z/zc/zco/zco.djhtm?a=3556&e=2026-7-1&f=2026-7-29
2026-07-29,2026-07-01,2026-07-29,20,3556,禾瑞亞,sell,6,群益金鼎-內湖,918d,131.0,229.0,98.0,,moneydj,https://fubon-ebrokerdj.fbs.com.tw/z/zc/zco/zco.djhtm?a=3556&e=2026-7-1&f=2026-7-29
2026-07-29,2026-07-01,2026-07-29,20,3556,禾瑞亞,buy,7,中國信託-嘉義,6168,68.0,2.0,66.0,,moneydj,https://fubon-ebrokerdj.fbs.com.tw/z/zc/zco/zco.djhtm?a=3556&e=2026-7-1&f=2026-7-29
2026-07-29,2026-07-01,2026-07-29,20,3556,禾瑞亞,sell,7,永全證券,6450,22.0,97.0,75.0,,moneydj,https://fubon-ebrokerdj.fbs.com.tw/z/zc/zco/zco.djhtm?a=3556&e=2026-7-1&f=2026-7-29
2026-07-29,2026-07-01,2026-07-29,20,3556,禾瑞亞,buy,8,凱基-中山,9229,132.0,79.0,53.0,,moneydj,https://fubon-ebrokerdj.fbs.com.tw/z/zc/zco/zco.djhtm?a=3556&e=2026-7-1&f=2026-7-29
2026-07-29,2026-07-01,2026-07-29,20,3556,禾瑞亞,sell,8,凱基-敦北,9237,0.0,69.0,69.0,,moneydj,https://fubon-ebrokerdj.fbs.com.tw/z/zc/zco/zco.djhtm?a=3556&e=2026-7-1&f=2026-7-29
2026-07-29,2026-07-01,2026-07-29,20,3556,禾瑞亞,buy,9,永豐金-豐原,9A9Q,64.0,15.0,49.0,,moneydj,https://fubon-ebrokerdj.fbs.com.tw/z/zc/zco/zco.djhtm?a=3556&e=2026-7-1&f=2026-7-29
2026-07-29,2026-07-01,2026-07-29,20,3556,禾瑞亞,sell,9,華南永昌-中正,9359,12.0,76.0,64.0,,moneydj,https://fubon-ebrokerdj.fbs.com.tw/z/zc/zco/zco.djhtm?a=3556&e=2026-7-1&f=2026-7-29
2026-07-29,2026-07-01,2026-07-29,20,3556,禾瑞亞,buy,10,新光,8560,257.0,212.0,45.0,,moneydj,https://fubon-ebrokerdj.fbs.com.tw/z/zc/zco/zco.djhtm?a=3556&e=2026-7-1&f=2026-7-29
2026-07-29,2026-07-01,2026-07-29,20,3556,禾瑞亞,sell,10,富邦-嘉義,9692,86.0,148.0,62.0,,moneydj,https://fubon-ebrokerdj.fbs.com.tw/z/zc/zco/zco.djhtm?a=3556&e=2026-7-1&f=2026-7-29
2026-07-29,2026-07-01,2026-07-29,20,6465,威潤,buy,1,台新-建北,9B18,185.0,13.0,172.0,,moneydj,https://fubon-ebrokerdj.fbs.com.tw/z/zc/zco/zco.djhtm?a=6465&e=2026-7-1&f=2026-7-29
2026-07-29,2026-07-01,2026-07-29,20,6465,威潤,sell,1,摩根大通,8440,183.0,486.0,303.0,,moneydj,https://fubon-ebrokerdj.fbs.com.tw/z/zc/zco/zco.djhtm?a=6465&e=2026-7-1&f=2026-7-29
2026-07-29,2026-07-01,2026-07-29,20,6465,威潤,buy,2,凱基-站前,920F,153.0,5.0,148.0,,moneydj,https://fubon-ebrokerdj.fbs.com.tw/z/zc/zco/zco.djhtm?a=6465&e=2026-7-1&f=2026-7-29
2026-07-29,2026-07-01,2026-07-29,20,6465,威潤,sell,2,國票證券,7790,11.0,102.0,91.0,,moneydj,https://fubon-ebrokerdj.fbs.com.tw/z/zc/zco/zco.djhtm?a=6465&e=2026-7-1&f=2026-7-29
2026-07-29,2026-07-01,2026-07-29,20,6465,威潤,buy,3,元大-花蓮,9856,122.0,8.0,114.0,,moneydj,https://fubon-ebrokerdj.fbs.com.tw/z/zc/zco/zco.djhtm?a=6465&e=2026-7-1&f=2026-7-29
2026-07-29,2026-07-01,2026-07-29,20,6465,威潤,sell,3,港商野村,1560,109.0,194.0,85.0,,moneydj,https://fubon-ebrokerdj.fbs.com.tw/z/zc/zco/zco.djhtm?a=6465&e=2026-7-1&f=2026-7-29
2026-07-29,2026-07-01,2026-07-29,20,6465,威潤,buy,4,凱基-台北,9268,696.0,607.0,89.0,,moneydj,https://fubon-ebrokerdj.fbs.com.tw/z/zc/zco/zco.djhtm?a=6465&e=2026-7-1&f=2026-7-29
2026-07-29,2026-07-01,2026-07-29,20,6465,威潤,sell,4,第一金-豐原,538N,1.0,59.0,58.0,,moneydj,https://fubon-ebrokerdj.fbs.com.tw/z/zc/zco/zco.djhtm?a=6465&e=2026-7-1&f=2026-7-29
2026-07-29,2026-07-01,2026-07-29,20,6465,威潤,buy,5,台中銀-豐原,611A,73.0,3.0,70.0,,moneydj,https://fubon-ebrokerdj.fbs.com.tw/z/zc/zco/zco.djhtm?a=6465&e=2026-7-1&f=2026-7-29
2026-07-29,2026-07-01,2026-07-29,20,6465,威潤,sell,5,永豐金-南京,9A9S,1.0,56.0,55.0,,moneydj,https://fubon-ebrokerdj.fbs.com.tw/z/zc/zco/zco.djhtm?a=6465&e=2026-7-1&f=2026-7-29
2026-07-29,2026-07-01,2026-07-29,20,6465,威潤,buy,6,國票-安和,779Z,77.0,10.0,67.0,,moneydj,https://fubon-ebrokerdj.fbs.com.tw/z/zc/zco/zco.djhtm?a=6465&e=2026-7-1&f=2026-7-29
2026-07-29,2026-07-01,2026-07-29,20,6465,威潤,sell,6,凱基-竹科,9272,1.0,36.0,35.0,,moneydj,https://fubon-ebrokerdj.fbs.com.tw/z/zc/zco/zco.djhtm?a=6465&e=2026-7-1&f=2026-7-29
2026-07-29,2026-07-01,2026-07-29,20,6465,威潤,buy,7,兆豐-南門,700g,54.0,1.0,53.0,,moneydj,https://fubon-ebrokerdj.fbs.com.tw/z/zc/zco/zco.djhtm?a=6465&e=2026-7-1&f=2026-7-29
2026-07-29,2026-07-01,2026-07-29,20,6465,威潤,sell,7,元大-松江,9801,0.0,34.0,34.0,,moneydj,https://fubon-ebrokerdj.fbs.com.tw/z/zc/zco/zco.djhtm?a=6465&e=2026-7-1&f=2026-7-29
2026-07-29,2026-07-01,2026-07-29,20,6465,威潤,buy,8,宏遠-光隆,126i,52.0,0.0,52.0,,moneydj,https://fubon-ebrokerdj.fbs.com.tw/z/zc/zco/zco.djhtm?a=6465&e=2026-7-1&f=2026-7-29
2026-07-29,2026-07-01,2026-07-29,20,6465,威潤,sell,8,台新-新竹,9B2G,0.0,34.0,34.0,,moneydj,https://fubon-ebrokerdj.fbs.com.tw/z/zc/zco/zco.djhtm?a=6465&e=2026-7-1&f=2026-7-29
2026-07-29,2026-07-01,2026-07-29,20,6465,威潤,buy,9,國泰-板橋,888K,54.0,4.0,50.0,,moneydj,https://fubon-ebrokerdj.fbs.com.tw/z/zc/zco/zco.djhtm?a=6465&e=2026-7-1&f=2026-7-29
2026-07-29,2026-07-01,2026-07-29,20,6465,威潤,sell,9,永豐金-員林,9A9C,2.0,35.0,33.0,,moneydj,https://fubon-ebrokerdj.fbs.com.tw/z/zc/zco/zco.djhtm?a=6465&e=2026-7-1&f=2026-7-29
2026-07-29,2026-07-01,2026-07-29,20,6465,威潤,buy,10,台灣企銀-太平,1115,44.0,1.0,43.0,,moneydj,https://fubon-ebrokerdj.fbs.com.tw/z/zc/zco/zco.djhtm?a=6465&e=2026-7-1&f=2026-7-29
2026-07-29,2026-07-01,2026-07-29,20,6465,威潤,sell,10,玉山-士林,884A,0.0,31.0,31.0,,moneydj,https://fubon-ebrokerdj.fbs.com.tw/z/zc/zco/zco.djhtm?a=6465&e=2026-7-1&f=2026-7-29
2026-07-29,2026-07-01,2026-07-29,20,8112,至上,buy,1,港商野村,1560,9970.0,5008.0,4962.0,,moneydj,https://fubon-ebrokerdj.fbs.com.tw/z/zc/zco/zco.djhtm?a=8112&e=2026-7-1&f=2026-7-29
2026-07-29,2026-07-01,2026-07-29,20,8112,至上,sell,1,凱基-台北,9268,19579.0,27575.0,7996.0,,moneydj,https://fubon-ebrokerdj.fbs.com.tw/z/zc/zco/zco.djhtm?a=8112&e=2026-7-1&f=2026-7-29
2026-07-29,2026-07-01,2026-07-29,20,8112,至上,buy,2,富邦證券,9600,7682.0,3263.0,4419.0,,moneydj,https://fubon-ebrokerdj.fbs.com.tw/z/zc/zco/zco.djhtm?a=8112&e=2026-7-1&f=2026-7-29
2026-07-29,2026-07-01,2026-07-29,20,8112,至上,sell,2,美商高盛,1480,6162.0,13495.0,7333.0,,moneydj,https://fubon-ebrokerdj.fbs.com.tw/z/zc/zco/zco.djhtm?a=8112&e=2026-7-1&f=2026-7-29
2026-07-29,2026-07-01,2026-07-29,20,8112,至上,buy,3,統一,5850,5935.0,1751.0,4184.0,,moneydj,https://fubon-ebrokerdj.fbs.com.tw/z/zc/zco/zco.djhtm?a=8112&e=2026-7-1&f=2026-7-29
2026-07-29,2026-07-01,2026-07-29,20,8112,至上,sell,3,元大證券,9800,18191.0,24831.0,6640.0,,moneydj,https://fubon-ebrokerdj.fbs.com.tw/z/zc/zco/zco.djhtm?a=8112&e=2026-7-1&f=2026-7-29
2026-07-29,2026-07-01,2026-07-29,20,8112,至上,buy,4,群益金鼎,9100,9740.0,5787.0,3953.0,,moneydj,https://fubon-ebrokerdj.fbs.com.tw/z/zc/zco/zco.djhtm?a=8112&e=2026-7-1&f=2026-7-29
2026-07-29,2026-07-01,2026-07-29,20,8112,至上,sell,4,摩根大通,8440,15468.0,20539.0,5071.0,,moneydj,https://fubon-ebrokerdj.fbs.com.tw/z/zc/zco/zco.djhtm?a=8112&e=2026-7-1&f=2026-7-29
2026-07-29,2026-07-01,2026-07-29,20,8112,至上,buy,5,凱基-台南,9211,2952.0,1081.0,1871.0,,moneydj,https://fubon-ebrokerdj.fbs.com.tw/z/zc/zco/zco.djhtm?a=8112&e=2026-7-1&f=2026-7-29
2026-07-29,2026-07-01,2026-07-29,20,8112,至上,sell,5,新加坡商瑞銀,1650,11062.0,15514.0,4452.0,,moneydj,https://fubon-ebrokerdj.fbs.com.tw/z/zc/zco/zco.djhtm?a=8112&e=2026-7-1&f=2026-7-29
2026-07-29,2026-07-01,2026-07-29,20,8112,至上,buy,6,第一金-彰化,5386,1040.0,209.0,831.0,,moneydj,https://fubon-ebrokerdj.fbs.com.tw/z/zc/zco/zco.djhtm?a=8112&e=2026-7-1&f=2026-7-29
2026-07-29,2026-07-01,2026-07-29,20,8112,至上,sell,6,元大-板橋,989C,423.0,1725.0,1302.0,,moneydj,https://fubon-ebrokerdj.fbs.com.tw/z/zc/zco/zco.djhtm?a=8112&e=2026-7-1&f=2026-7-29
2026-07-29,2026-07-01,2026-07-29,20,8112,至上,buy,7,元大-大同,989G,955.0,292.0,663.0,,moneydj,https://fubon-ebrokerdj.fbs.com.tw/z/zc/zco/zco.djhtm?a=8112&e=2026-7-1&f=2026-7-29
2026-07-29,2026-07-01,2026-07-29,20,8112,至上,sell,7,永豐金證券,9A00,5604.0,6451.0,847.0,,moneydj,https://fubon-ebrokerdj.fbs.com.tw/z/zc/zco/zco.djhtm?a=8112&e=2026-7-1&f=2026-7-29
2026-07-29,2026-07-01,2026-07-29,20,8112,至上,buy,8,彰銀,1230,721.0,88.0,633.0,,moneydj,https://fubon-ebrokerdj.fbs.com.tw/z/zc/zco/zco.djhtm?a=8112&e=2026-7-1&f=2026-7-29
2026-07-29,2026-07-01,2026-07-29,20,8112,至上,sell,8,富邦-彰化,965U,169.0,803.0,634.0,,moneydj,https://fubon-ebrokerdj.fbs.com.tw/z/zc/zco/zco.djhtm?a=8112&e=2026-7-1&f=2026-7-29
2026-07-29,2026-07-01,2026-07-29,20,8112,至上,buy,9,台灣摩根士丹利,1470,23326.0,22730.0,596.0,,moneydj,https://fubon-ebrokerdj.fbs.com.tw/z/zc/zco/zco.djhtm?a=8112&e=2026-7-1&f=2026-7-29
2026-07-29,2026-07-01,2026-07-29,20,8112,至上,sell,9,凱基,9200,244.0,743.0,499.0,,moneydj,https://fubon-ebrokerdj.fbs.com.tw/z/zc/zco/zco.djhtm?a=8112&e=2026-7-1&f=2026-7-29
2026-07-29,2026-07-01,2026-07-29,20,8112,至上,buy,10,大昌-樹林,6461,650.0,220.0,430.0,,moneydj,https://fubon-ebrokerdj.fbs.com.tw/z/zc/zco/zco.djhtm?a=8112&e=2026-7-1&f=2026-7-29
2026-07-29,2026-07-01,2026-07-29,20,8112,至上,sell,10,中國信託,6160,2282.0,2701.0,419.0,,moneydj,https://fubon-ebrokerdj.fbs.com.tw/z/zc/zco/zco.djhtm?a=8112&e=2026-7-1&f=2026-7-29
2026-07-29,2026-07-01,2026-07-29,20,6122,擎邦,buy,1,元大-清水,980e,1403.0,0.0,1403.0,,moneydj,https://fubon-ebrokerdj.fbs.com.tw/z/zc/zco/zco.djhtm?a=6122&e=2026-7-1&f=2026-7-29
2026-07-29,2026-07-01,2026-07-29,20,6122,擎邦,sell,1,凱基-台北,9268,970.0,1175.0,205.0,,moneydj,https://fubon-ebrokerdj.fbs.com.tw/z/zc/zco/zco.djhtm?a=6122&e=2026-7-1&f=2026-7-29
2026-07-29,2026-07-01,2026-07-29,20,6122,擎邦,buy,2,永豐金證券,9A00,316.0,56.0,260.0,,moneydj,https://fubon-ebrokerdj.fbs.com.tw/z/zc/zco/zco.djhtm?a=6122&e=2026-7-1&f=2026-7-29
2026-07-29,2026-07-01,2026-07-29,20,6122,擎邦,sell,2,美林,1440,151.0,271.0,120.0,,moneydj,https://fubon-ebrokerdj.fbs.com.tw/z/zc/zco/zco.djhtm?a=6122&e=2026-7-1&f=2026-7-29
2026-07-29,2026-07-01,2026-07-29,20,6122,擎邦,buy,3,兆豐證券,7000,201.0,0.0,201.0,,moneydj,https://fubon-ebrokerdj.fbs.com.tw/z/zc/zco/zco.djhtm?a=6122&e=2026-7-1&f=2026-7-29
2026-07-29,2026-07-01,2026-07-29,20,6122,擎邦,sell,3,摩根大通,8440,238.0,352.0,114.0,,moneydj,https://fubon-ebrokerdj.fbs.com.tw/z/zc/zco/zco.djhtm?a=6122&e=2026-7-1&f=2026-7-29
2026-07-29,2026-07-01,2026-07-29,20,6122,擎邦,buy,4,第一金,5380,157.0,11.0,146.0,,moneydj,https://fubon-ebrokerdj.fbs.com.tw/z/zc/zco/zco.djhtm?a=6122&e=2026-7-1&f=2026-7-29
2026-07-29,2026-07-01,2026-07-29,20,6122,擎邦,sell,4,群益金鼎-丹鳳,918s,104.0,207.0,103.0,,moneydj,https://fubon-ebrokerdj.fbs.com.tw/z/zc/zco/zco.djhtm?a=6122&e=2026-7-1&f=2026-7-29
2026-07-29,2026-07-01,2026-07-29,20,6122,擎邦,buy,5,台新-敦南,9B2Q,118.0,1.0,117.0,,moneydj,https://fubon-ebrokerdj.fbs.com.tw/z/zc/zco/zco.djhtm?a=6122&e=2026-7-1&f=2026-7-29
2026-07-29,2026-07-01,2026-07-29,20,6122,擎邦,sell,5,富邦-陽明,9604,16.0,116.0,100.0,,moneydj,https://fubon-ebrokerdj.fbs.com.tw/z/zc/zco/zco.djhtm?a=6122&e=2026-7-1&f=2026-7-29
2026-07-29,2026-07-01,2026-07-29,20,6122,擎邦,buy,6,台灣摩根士丹利,1470,402.0,312.0,90.0,,moneydj,https://fubon-ebrokerdj.fbs.com.tw/z/zc/zco/zco.djhtm?a=6122&e=2026-7-1&f=2026-7-29
2026-07-29,2026-07-01,2026-07-29,20,6122,擎邦,sell,6,永豐金-潮州,9A9q,0.0,82.0,82.0,,moneydj,https://fubon-ebrokerdj.fbs.com.tw/z/zc/zco/zco.djhtm?a=6122&e=2026-7-1&f=2026-7-29
2026-07-29,2026-07-01,2026-07-29,20,6122,擎邦,buy,7,致和-東門,7035,90.0,2.0,88.0,,moneydj,https://fubon-ebrokerdj.fbs.com.tw/z/zc/zco/zco.djhtm?a=6122&e=2026-7-1&f=2026-7-29
2026-07-29,2026-07-01,2026-07-29,20,6122,擎邦,sell,7,富邦-新店,9661,24.0,105.0,81.0,,moneydj,https://fubon-ebrokerdj.fbs.com.tw/z/zc/zco/zco.djhtm?a=6122&e=2026-7-1&f=2026-7-29
2026-07-29,2026-07-01,2026-07-29,20,6122,擎邦,buy,8,群益金鼎-松山,9103,93.0,24.0,69.0,,moneydj,https://fubon-ebrokerdj.fbs.com.tw/z/zc/zco/zco.djhtm?a=6122&e=2026-7-1&f=2026-7-29
2026-07-29,2026-07-01,2026-07-29,20,6122,擎邦,sell,8,華南永昌-三重,9369,156.0,226.0,70.0,,moneydj,https://fubon-ebrokerdj.fbs.com.tw/z/zc/zco/zco.djhtm?a=6122&e=2026-7-1&f=2026-7-29
2026-07-29,2026-07-01,2026-07-29,20,6122,擎邦,buy,9,港商野村,1560,144.0,77.0,67.0,,moneydj,https://fubon-ebrokerdj.fbs.com.tw/z/zc/zco/zco.djhtm?a=6122&e=2026-7-1&f=2026-7-29
2026-07-29,2026-07-01,2026-07-29,20,6122,擎邦,sell,9,元大-竹科,980K,3.0,70.0,67.0,,moneydj,https://fubon-ebrokerdj.fbs.com.tw/z/zc/zco/zco.djhtm?a=6122&e=2026-7-1&f=2026-7-29
2026-07-29,2026-07-01,2026-07-29,20,6122,擎邦,buy,10,美商高盛,1480,307.0,265.0,42.0,,moneydj,https://fubon-ebrokerdj.fbs.com.tw/z/zc/zco/zco.djhtm?a=6122&e=2026-7-1&f=2026-7-29
2026-07-29,2026-07-01,2026-07-29,20,6122,擎邦,sell,10,台新-大昌,9B2D,1.0,65.0,64.0,,moneydj,https://fubon-ebrokerdj.fbs.com.tw/z/zc/zco/zco.djhtm?a=6122&e=2026-7-1&f=2026-7-29
2026-07-29,2026-07-01,2026-07-29,20,5289,宜鼎,buy,1,台灣摩根士丹利,1470,3669.0,2229.0,1440.0,,moneydj,https://fubon-ebrokerdj.fbs.com.tw/z/zc/zco/zco.djhtm?a=5289&e=2026-7-1&f=2026-7-29
2026-07-29,2026-07-01,2026-07-29,20,5289,宜鼎,sell,1,國泰證券,8880,106.0,1461.0,1355.0,,moneydj,https://fubon-ebrokerdj.fbs.com.tw/z/zc/zco/zco.djhtm?a=5289&e=2026-7-1&f=2026-7-29
2026-07-29,2026-07-01,2026-07-29,20,5289,宜鼎,buy,2,美商高盛,1480,3476.0,2324.0,1152.0,,moneydj,https://fubon-ebrokerdj.fbs.com.tw/z/zc/zco/zco.djhtm?a=5289&e=2026-7-1&f=2026-7-29
2026-07-29,2026-07-01,2026-07-29,20,5289,宜鼎,sell,2,統一,5850,278.0,1462.0,1184.0,,moneydj,https://fubon-ebrokerdj.fbs.com.tw/z/zc/zco/zco.djhtm?a=5289&e=2026-7-1&f=2026-7-29
2026-07-29,2026-07-01,2026-07-29,20,5289,宜鼎,buy,3,凱基-台北,9268,5402.0,4349.0,1053.0,,moneydj,https://fubon-ebrokerdj.fbs.com.tw/z/zc/zco/zco.djhtm?a=5289&e=2026-7-1&f=2026-7-29
2026-07-29,2026-07-01,2026-07-29,20,5289,宜鼎,sell,3,元大證券,9800,4672.0,5781.0,1109.0,,moneydj,https://fubon-ebrokerdj.fbs.com.tw/z/zc/zco/zco.djhtm?a=5289&e=2026-7-1&f=2026-7-29
2026-07-29,2026-07-01,2026-07-29,20,5289,宜鼎,buy,4,摩根大通,8440,1739.0,912.0,827.0,,moneydj,https://fubon-ebrokerdj.fbs.com.tw/z/zc/zco/zco.djhtm?a=5289&e=2026-7-1&f=2026-7-29
2026-07-29,2026-07-01,2026-07-29,20,5289,宜鼎,sell,4,凱基,9200,95.0,652.0,557.0,,moneydj,https://fubon-ebrokerdj.fbs.com.tw/z/zc/zco/zco.djhtm?a=5289&e=2026-7-1&f=2026-7-29
2026-07-29,2026-07-01,2026-07-29,20,5289,宜鼎,buy,5,新光,8560,1248.0,558.0,690.0,,moneydj,https://fubon-ebrokerdj.fbs.com.tw/z/zc/zco/zco.djhtm?a=5289&e=2026-7-1&f=2026-7-29
2026-07-29,2026-07-01,2026-07-29,20,5289,宜鼎,sell,5,群益金鼎,9100,227.0,742.0,515.0,,moneydj,https://fubon-ebrokerdj.fbs.com.tw/z/zc/zco/zco.djhtm?a=5289&e=2026-7-1&f=2026-7-29
2026-07-29,2026-07-01,2026-07-29,20,5289,宜鼎,buy,6,統一-板橋,585P,152.0,27.0,125.0,,moneydj,https://fubon-ebrokerdj.fbs.com.tw/z/zc/zco/zco.djhtm?a=5289&e=2026-7-1&f=2026-7-29
2026-07-29,2026-07-01,2026-07-29,20,5289,宜鼎,sell,6,永豐金證券,9A00,275.0,780.0,505.0,,moneydj,https://fubon-ebrokerdj.fbs.com.tw/z/zc/zco/zco.djhtm?a=5289&e=2026-7-1&f=2026-7-29
2026-07-29,2026-07-01,2026-07-29,20,5289,宜鼎,buy,7,凱基-站前,920F,489.0,396.0,93.0,,moneydj,https://fubon-ebrokerdj.fbs.com.tw/z/zc/zco/zco.djhtm?a=5289&e=2026-7-1&f=2026-7-29
2026-07-29,2026-07-01,2026-07-29,20,5289,宜鼎,sell,7,玉山證券,8840,105.0,574.0,469.0,,moneydj,https://fubon-ebrokerdj.fbs.com.tw/z/zc/zco/zco.djhtm?a=5289&e=2026-7-1&f=2026-7-29
2026-07-29,2026-07-01,2026-07-29,20,5289,宜鼎,buy,8,凱基-信義,9216,103.0,32.0,71.0,,moneydj,https://fubon-ebrokerdj.fbs.com.tw/z/zc/zco/zco.djhtm?a=5289&e=2026-7-1&f=2026-7-29
2026-07-29,2026-07-01,2026-07-29,20,5289,宜鼎,sell,8,台新,9B00,539.0,1001.0,462.0,,moneydj,https://fubon-ebrokerdj.fbs.com.tw/z/zc/zco/zco.djhtm?a=5289&e=2026-7-1&f=2026-7-29
2026-07-29,2026-07-01,2026-07-29,20,5289,宜鼎,buy,9,聯邦-三重,8585,75.0,10.0,65.0,,moneydj,https://fubon-ebrokerdj.fbs.com.tw/z/zc/zco/zco.djhtm?a=5289&e=2026-7-1&f=2026-7-29
2026-07-29,2026-07-01,2026-07-29,20,5289,宜鼎,sell,9,永豐金-匯立,9A81,98.0,324.0,226.0,,moneydj,https://fubon-ebrokerdj.fbs.com.tw/z/zc/zco/zco.djhtm?a=5289&e=2026-7-1&f=2026-7-29
2026-07-29,2026-07-01,2026-07-29,20,5289,宜鼎,buy,10,兆豐-新莊,700w,68.0,5.0,63.0,,moneydj,https://fubon-ebrokerdj.fbs.com.tw/z/zc/zco/zco.djhtm?a=5289&e=2026-7-1&f=2026-7-29
2026-07-29,2026-07-01,2026-07-29,20,5289,宜鼎,sell,10,國票-敦北法人,779c,51.0,241.0,190.0,,moneydj,https://fubon-ebrokerdj.fbs.com.tw/z/zc/zco/zco.djhtm?a=5289&e=2026-7-1&f=2026-7-29
2026-07-29,2026-07-01,2026-07-29,20,6488,環球晶,buy,1,美商高盛,1480,13115.0,9228.0,3887.0,,moneydj,https://fubon-ebrokerdj.fbs.com.tw/z/zc/zco/zco.djhtm?a=6488&e=2026-7-1&f=2026-7-29
2026-07-29,2026-07-01,2026-07-29,20,6488,環球晶,sell,1,摩根大通,8440,8722.0,10161.0,1439.0,,moneydj,https://fubon-ebrokerdj.fbs.com.tw/z/zc/zco/zco.djhtm?a=6488&e=2026-7-1&f=2026-7-29
2026-07-29,2026-07-01,2026-07-29,20,6488,環球晶,buy,2,台灣摩根士丹利,1470,12296.0,9589.0,2707.0,,moneydj,https://fubon-ebrokerdj.fbs.com.tw/z/zc/zco/zco.djhtm?a=6488&e=2026-7-1&f=2026-7-29
2026-07-29,2026-07-01,2026-07-29,20,6488,環球晶,sell,2,國泰證券,8880,3064.0,3890.0,826.0,,moneydj,https://fubon-ebrokerdj.fbs.com.tw/z/zc/zco/zco.djhtm?a=6488&e=2026-7-1&f=2026-7-29
2026-07-29,2026-07-01,2026-07-29,20,6488,環球晶,buy,3,新加坡商瑞銀,1650,5214.0,3552.0,1662.0,,moneydj,https://fubon-ebrokerdj.fbs.com.tw/z/zc/zco/zco.djhtm?a=6488&e=2026-7-1&f=2026-7-29
2026-07-29,2026-07-01,2026-07-29,20,6488,環球晶,sell,3,富邦-仁愛,9676,996.0,1756.0,760.0,,moneydj,https://fubon-ebrokerdj.fbs.com.tw/z/zc/zco/zco.djhtm?a=6488&e=2026-7-1&f=2026-7-29
2026-07-29,2026-07-01,2026-07-29,20,6488,環球晶,buy,4,港商麥格理,1360,1010.0,442.0,568.0,,moneydj,https://fubon-ebrokerdj.fbs.com.tw/z/zc/zco/zco.djhtm?a=6488&e=2026-7-1&f=2026-7-29
2026-07-29,2026-07-01,2026-07-29,20,6488,環球晶,sell,4,香港上海匯豐,8960,341.0,1049.0,708.0,,moneydj,https://fubon-ebrokerdj.fbs.com.tw/z/zc/zco/zco.djhtm?a=6488&e=2026-7-1&f=2026-7-29
2026-07-29,2026-07-01,2026-07-29,20,6488,環球晶,buy,5,富邦證券,9600,5927.0,5387.0,540.0,,moneydj,https://fubon-ebrokerdj.fbs.com.tw/z/zc/zco/zco.djhtm?a=6488&e=2026-7-1&f=2026-7-29
2026-07-29,2026-07-01,2026-07-29,20,6488,環球晶,sell,5,台新,9B00,1296.0,1909.0,613.0,,moneydj,https://fubon-ebrokerdj.fbs.com.tw/z/zc/zco/zco.djhtm?a=6488&e=2026-7-1&f=2026-7-29
2026-07-29,2026-07-01,2026-07-29,20,6488,環球晶,buy,6,花旗環球,1590,1978.0,1550.0,428.0,,moneydj,https://fubon-ebrokerdj.fbs.com.tw/z/zc/zco/zco.djhtm?a=6488&e=2026-7-1&f=2026-7-29
2026-07-29,2026-07-01,2026-07-29,20,6488,環球晶,sell,6,凱基-信義,9216,370.0,945.0,575.0,,moneydj,https://fubon-ebrokerdj.fbs.com.tw/z/zc/zco/zco.djhtm?a=6488&e=2026-7-1&f=2026-7-29
2026-07-29,2026-07-01,2026-07-29,20,6488,環球晶,buy,7,永豐金-復興,9A9Z,2190.0,1792.0,398.0,,moneydj,https://fubon-ebrokerdj.fbs.com.tw/z/zc/zco/zco.djhtm?a=6488&e=2026-7-1&f=2026-7-29
2026-07-29,2026-07-01,2026-07-29,20,6488,環球晶,sell,7,統一,5850,3108.0,3624.0,516.0,,moneydj,https://fubon-ebrokerdj.fbs.com.tw/z/zc/zco/zco.djhtm?a=6488&e=2026-7-1&f=2026-7-29
2026-07-29,2026-07-01,2026-07-29,20,6488,環球晶,buy,8,中國信託,6160,1319.0,1048.0,271.0,,moneydj,https://fubon-ebrokerdj.fbs.com.tw/z/zc/zco/zco.djhtm?a=6488&e=2026-7-1&f=2026-7-29
2026-07-29,2026-07-01,2026-07-29,20,6488,環球晶,sell,8,大和國泰,8890,434.0,933.0,499.0,,moneydj,https://fubon-ebrokerdj.fbs.com.tw/z/zc/zco/zco.djhtm?a=6488&e=2026-7-1&f=2026-7-29
2026-07-29,2026-07-01,2026-07-29,20,6488,環球晶,buy,9,元大證券,9800,21636.0,21387.0,249.0,,moneydj,https://fubon-ebrokerdj.fbs.com.tw/z/zc/zco/zco.djhtm?a=6488&e=2026-7-1&f=2026-7-29
2026-07-29,2026-07-01,2026-07-29,20,6488,環球晶,sell,9,統一-台南,5855,34.0,528.0,494.0,,moneydj,https://fubon-ebrokerdj.fbs.com.tw/z/zc/zco/zco.djhtm?a=6488&e=2026-7-1&f=2026-7-29
2026-07-29,2026-07-01,2026-07-29,20,6488,環球晶,buy,10,國票-敦北法人,779c,749.0,553.0,196.0,,moneydj,https://fubon-ebrokerdj.fbs.com.tw/z/zc/zco/zco.djhtm?a=6488&e=2026-7-1&f=2026-7-29
2026-07-29,2026-07-01,2026-07-29,20,6488,環球晶,sell,10,兆豐證券,7000,569.0,988.0,419.0,,moneydj,https://fubon-ebrokerdj.fbs.com.tw/z/zc/zco/zco.djhtm?a=6488&e=2026-7-1&f=2026-7-29
2026-07-29,2026-07-01,2026-07-29,20,6753,龍德造船,buy,1,凱基-台北,9268,7476.0,6831.0,645.0,,moneydj,https://fubon-ebrokerdj.fbs.com.tw/z/zc/zco/zco.djhtm?a=6753&e=2026-7-1&f=2026-7-29
2026-07-29,2026-07-01,2026-07-29,20,6753,龍德造船,sell,1,群益金鼎,9100,1864.0,2170.0,306.0,,moneydj,https://fubon-ebrokerdj.fbs.com.tw/z/zc/zco/zco.djhtm?a=6753&e=2026-7-1&f=2026-7-29
2026-07-29,2026-07-01,2026-07-29,20,6753,龍德造船,buy,2,永豐金-南投,9A9M,317.0,50.0,267.0,,moneydj,https://fubon-ebrokerdj.fbs.com.tw/z/zc/zco/zco.djhtm?a=6753&e=2026-7-1&f=2026-7-29
2026-07-29,2026-07-01,2026-07-29,20,6753,龍德造船,sell,2,元大-松江,9801,75.0,359.0,284.0,,moneydj,https://fubon-ebrokerdj.fbs.com.tw/z/zc/zco/zco.djhtm?a=6753&e=2026-7-1&f=2026-7-29
2026-07-29,2026-07-01,2026-07-29,20,6753,龍德造船,buy,3,永豐金-市政,9A9W,579.0,355.0,224.0,,moneydj,https://fubon-ebrokerdj.fbs.com.tw/z/zc/zco/zco.djhtm?a=6753&e=2026-7-1&f=2026-7-29
2026-07-29,2026-07-01,2026-07-29,20,6753,龍德造船,sell,3,元大-台南,9896,173.0,332.0,159.0,,moneydj,https://fubon-ebrokerdj.fbs.com.tw/z/zc/zco/zco.djhtm?a=6753&e=2026-7-1&f=2026-7-29
2026-07-29,2026-07-01,2026-07-29,20,6753,龍德造船,buy,4,統一-桃園,585H,245.0,63.0,182.0,,moneydj,https://fubon-ebrokerdj.fbs.com.tw/z/zc/zco/zco.djhtm?a=6753&e=2026-7-1&f=2026-7-29
2026-07-29,2026-07-01,2026-07-29,20,6753,龍德造船,sell,4,國泰-敦南,8888,1898.0,2025.0,127.0,,moneydj,https://fubon-ebrokerdj.fbs.com.tw/z/zc/zco/zco.djhtm?a=6753&e=2026-7-1&f=2026-7-29
2026-07-29,2026-07-01,2026-07-29,20,6753,龍德造船,buy,5,新加坡商瑞銀,1650,1492.0,1330.0,162.0,,moneydj,https://fubon-ebrokerdj.fbs.com.tw/z/zc/zco/zco.djhtm?a=6753&e=2026-7-1&f=2026-7-29
2026-07-29,2026-07-01,2026-07-29,20,6753,龍德造船,sell,5,台新,9B00,704.0,827.0,123.0,,moneydj,https://fubon-ebrokerdj.fbs.com.tw/z/zc/zco/zco.djhtm?a=6753&e=2026-7-1&f=2026-7-29
2026-07-29,2026-07-01,2026-07-29,20,6753,龍德造船,buy,6,第一金-忠孝,538D,262.0,111.0,151.0,,moneydj,https://fubon-ebrokerdj.fbs.com.tw/z/zc/zco/zco.djhtm?a=6753&e=2026-7-1&f=2026-7-29
2026-07-29,2026-07-01,2026-07-29,20,6753,龍德造船,sell,6,群益金鼎-市府,910D,2005.0,2125.0,120.0,,moneydj,https://fubon-ebrokerdj.fbs.com.tw/z/zc/zco/zco.djhtm?a=6753&e=2026-7-1&f=2026-7-29
2026-07-29,2026-07-01,2026-07-29,20,6753,龍德造船,buy,7,統一-平鎮,585g,247.0,99.0,148.0,,moneydj,https://fubon-ebrokerdj.fbs.com.tw/z/zc/zco/zco.djhtm?a=6753&e=2026-7-1&f=2026-7-29
2026-07-29,2026-07-01,2026-07-29,20,6753,龍德造船,sell,7,凱基-士林,9238,723.0,833.0,110.0,,moneydj,https://fubon-ebrokerdj.fbs.com.tw/z/zc/zco/zco.djhtm?a=6753&e=2026-7-1&f=2026-7-29
2026-07-29,2026-07-01,2026-07-29,20,6753,龍德造船,buy,8,美林,1440,1130.0,990.0,140.0,,moneydj,https://fubon-ebrokerdj.fbs.com.tw/z/zc/zco/zco.djhtm?a=6753&e=2026-7-1&f=2026-7-29
2026-07-29,2026-07-01,2026-07-29,20,6753,龍德造船,sell,8,元大-大灣,9815,137.0,238.0,101.0,,moneydj,https://fubon-ebrokerdj.fbs.com.tw/z/zc/zco/zco.djhtm?a=6753&e=2026-7-1&f=2026-7-29
2026-07-29,2026-07-01,2026-07-29,20,6753,龍德造船,buy,9,元大-中和,989e,238.0,106.0,132.0,,moneydj,https://fubon-ebrokerdj.fbs.com.tw/z/zc/zco/zco.djhtm?a=6753&e=2026-7-1&f=2026-7-29
2026-07-29,2026-07-01,2026-07-29,20,6753,龍德造船,sell,9,國泰-新莊,8886,214.0,313.0,99.0,,moneydj,https://fubon-ebrokerdj.fbs.com.tw/z/zc/zco/zco.djhtm?a=6753&e=2026-7-1&f=2026-7-29
2026-07-29,2026-07-01,2026-07-29,20,6753,龍德造船,buy,10,凱基,9200,1255.0,1148.0,107.0,,moneydj,https://fubon-ebrokerdj.fbs.com.tw/z/zc/zco/zco.djhtm?a=6753&e=2026-7-1&f=2026-7-29
2026-07-29,2026-07-01,2026-07-29,20,6753,龍德造船,sell,10,富邦-港都,962Q,80.0,172.0,92.0,,moneydj,https://fubon-ebrokerdj.fbs.com.tw/z/zc/zco/zco.djhtm?a=6753&e=2026-7-1&f=2026-7-29
2026-07-29,2026-07-01,2026-07-29,20,1215,卜蜂,buy,1,美林,1440,1184.0,367.0,817.0,,moneydj,https://fubon-ebrokerdj.fbs.com.tw/z/zc/zco/zco.djhtm?a=1215&e=2026-7-1&f=2026-7-29
2026-07-29,2026-07-01,2026-07-29,20,1215,卜蜂,sell,1,合庫證券,1020,34.0,3998.0,3964.0,,moneydj,https://fubon-ebrokerdj.fbs.com.tw/z/zc/zco/zco.djhtm?a=1215&e=2026-7-1&f=2026-7-29
2026-07-29,2026-07-01,2026-07-29,20,1215,卜蜂,buy,2,台灣摩根士丹利,1470,2518.0,1808.0,710.0,,moneydj,https://fubon-ebrokerdj.fbs.com.tw/z/zc/zco/zco.djhtm?a=1215&e=2026-7-1&f=2026-7-29
2026-07-29,2026-07-01,2026-07-29,20,1215,卜蜂,sell,2,凱基,9200,35.0,2137.0,2102.0,,moneydj,https://fubon-ebrokerdj.fbs.com.tw/z/zc/zco/zco.djhtm?a=1215&e=2026-7-1&f=2026-7-29
2026-07-29,2026-07-01,2026-07-29,20,1215,卜蜂,buy,3,凱基-台北,9268,2251.0,1714.0,537.0,,moneydj,https://fubon-ebrokerdj.fbs.com.tw/z/zc/zco/zco.djhtm?a=1215&e=2026-7-1&f=2026-7-29
2026-07-29,2026-07-01,2026-07-29,20,1215,卜蜂,sell,3,永豐金證券,9A00,275.0,1082.0,807.0,,moneydj,https://fubon-ebrokerdj.fbs.com.tw/z/zc/zco/zco.djhtm?a=1215&e=2026-7-1&f=2026-7-29
2026-07-29,2026-07-01,2026-07-29,20,1215,卜蜂,buy,4,第一金-新竹,538B,344.0,4.0,340.0,,moneydj,https://fubon-ebrokerdj.fbs.com.tw/z/zc/zco/zco.djhtm?a=1215&e=2026-7-1&f=2026-7-29
2026-07-29,2026-07-01,2026-07-29,20,1215,卜蜂,sell,4,摩根大通,8440,1995.0,2692.0,697.0,,moneydj,https://fubon-ebrokerdj.fbs.com.tw/z/zc/zco/zco.djhtm?a=1215&e=2026-7-1&f=2026-7-29
2026-07-29,2026-07-01,2026-07-29,20,1215,卜蜂,buy,5,玉山-嘉義,8848,328.0,27.0,301.0,,moneydj,https://fubon-ebrokerdj.fbs.com.tw/z/zc/zco/zco.djhtm?a=1215&e=2026-7-1&f=2026-7-29
2026-07-29,2026-07-01,2026-07-29,20,1215,卜蜂,sell,5,法銀巴黎,8900,1.0,269.0,268.0,,moneydj,https://fubon-ebrokerdj.fbs.com.tw/z/zc/zco/zco.djhtm?a=1215&e=2026-7-1&f=2026-7-29
2026-07-29,2026-07-01,2026-07-29,20,1215,卜蜂,buy,6,富邦證券,9600,233.0,10.0,223.0,,moneydj,https://fubon-ebrokerdj.fbs.com.tw/z/zc/zco/zco.djhtm?a=1215&e=2026-7-1&f=2026-7-29
2026-07-29,2026-07-01,2026-07-29,20,1215,卜蜂,sell,6,永豐金-萬盛,9A92,19.0,232.0,213.0,,moneydj,https://fubon-ebrokerdj.fbs.com.tw/z/zc/zco/zco.djhtm?a=1215&e=2026-7-1&f=2026-7-29
2026-07-29,2026-07-01,2026-07-29,20,1215,卜蜂,buy,7,美商高盛,1480,2137.0,1914.0,223.0,,moneydj,https://fubon-ebrokerdj.fbs.com.tw/z/zc/zco/zco.djhtm?a=1215&e=2026-7-1&f=2026-7-29
2026-07-29,2026-07-01,2026-07-29,20,1215,卜蜂,sell,7,永豐金-匯立,9A81,0.0,177.0,177.0,,moneydj,https://fubon-ebrokerdj.fbs.com.tw/z/zc/zco/zco.djhtm?a=1215&e=2026-7-1&f=2026-7-29
2026-07-29,2026-07-01,2026-07-29,20,1215,卜蜂,buy,8,臺銀,1040,221.0,72.0,149.0,,moneydj,https://fubon-ebrokerdj.fbs.com.tw/z/zc/zco/zco.djhtm?a=1215&e=2026-7-1&f=2026-7-29
2026-07-29,2026-07-01,2026-07-29,20,1215,卜蜂,sell,8,陽信-石牌,8711,4.0,181.0,177.0,,moneydj,https://fubon-ebrokerdj.fbs.com.tw/z/zc/zco/zco.djhtm?a=1215&e=2026-7-1&f=2026-7-29
2026-07-29,2026-07-01,2026-07-29,20,1215,卜蜂,buy,9,花旗環球,1590,184.0,40.0,144.0,,moneydj,https://fubon-ebrokerdj.fbs.com.tw/z/zc/zco/zco.djhtm?a=1215&e=2026-7-1&f=2026-7-29
2026-07-29,2026-07-01,2026-07-29,20,1215,卜蜂,sell,9,華南永昌,9300,36.0,187.0,151.0,,moneydj,https://fubon-ebrokerdj.fbs.com.tw/z/zc/zco/zco.djhtm?a=1215&e=2026-7-1&f=2026-7-29
2026-07-29,2026-07-01,2026-07-29,20,1215,卜蜂,buy,10,港商野村,1560,322.0,183.0,139.0,,moneydj,https://fubon-ebrokerdj.fbs.com.tw/z/zc/zco/zco.djhtm?a=1215&e=2026-7-1&f=2026-7-29
2026-07-29,2026-07-01,2026-07-29,20,1215,卜蜂,sell,10,高橋-龍潭,5321,1.0,112.0,111.0,,moneydj,https://fubon-ebrokerdj.fbs.com.tw/z/zc/zco/zco.djhtm?a=1215&e=2026-7-1&f=2026-7-29
2026-07-29,2026-07-01,2026-07-29,20,5604,中連,buy,1,群益金鼎-三民,9188,19.0,0.0,19.0,,moneydj,https://fubon-ebrokerdj.fbs.com.tw/z/zc/zco/zco.djhtm?a=5604&e=2026-7-1&f=2026-7-29
2026-07-29,2026-07-01,2026-07-29,20,5604,中連,sell,1,凱基-中港,9202,1.0,46.0,45.0,,moneydj,https://fubon-ebrokerdj.fbs.com.tw/z/zc/zco/zco.djhtm?a=5604&e=2026-7-1&f=2026-7-29
2026-07-29,2026-07-01,2026-07-29,20,5604,中連,buy,2,台灣企銀-台中,1111,16.0,0.0,16.0,,moneydj,https://fubon-ebrokerdj.fbs.com.tw/z/zc/zco/zco.djhtm?a=5604&e=2026-7-1&f=2026-7-29
2026-07-29,2026-07-01,2026-07-29,20,5604,中連,sell,2,凱基-永華,9235,4.0,40.0,36.0,,moneydj,https://fubon-ebrokerdj.fbs.com.tw/z/zc/zco/zco.djhtm?a=5604&e=2026-7-1&f=2026-7-29
2026-07-29,2026-07-01,2026-07-29,20,5604,中連,buy,3,凱基-中壢,9285,16.0,0.0,16.0,,moneydj,https://fubon-ebrokerdj.fbs.com.tw/z/zc/zco/zco.djhtm?a=5604&e=2026-7-1&f=2026-7-29
2026-07-29,2026-07-01,2026-07-29,20,5604,中連,sell,3,玉山-台中,884B,2.0,17.0,15.0,,moneydj,https://fubon-ebrokerdj.fbs.com.tw/z/zc/zco/zco.djhtm?a=5604&e=2026-7-1&f=2026-7-29
2026-07-29,2026-07-01,2026-07-29,20,5604,中連,buy,4,國泰-板橋,888K,19.0,4.0,15.0,,moneydj,https://fubon-ebrokerdj.fbs.com.tw/z/zc/zco/zco.djhtm?a=5604&e=2026-7-1&f=2026-7-29
2026-07-29,2026-07-01,2026-07-29,20,5604,中連,sell,4,土銀-嘉義,1034,0.0,10.0,10.0,,moneydj,https://fubon-ebrokerdj.fbs.com.tw/z/zc/zco/zco.djhtm?a=5604&e=2026-7-1&f=2026-7-29
2026-07-29,2026-07-01,2026-07-29,20,5604,中連,buy,5,台新-三民,9B13,14.0,0.0,14.0,,moneydj,https://fubon-ebrokerdj.fbs.com.tw/z/zc/zco/zco.djhtm?a=5604&e=2026-7-1&f=2026-7-29
2026-07-29,2026-07-01,2026-07-29,20,5604,中連,sell,5,富邦-竹北,9624,0.0,10.0,10.0,,moneydj,https://fubon-ebrokerdj.fbs.com.tw/z/zc/zco/zco.djhtm?a=5604&e=2026-7-1&f=2026-7-29
2026-07-29,2026-07-01,2026-07-29,20,5604,中連,buy,6,群益金鼎-台中,9184,13.0,0.0,13.0,,moneydj,https://fubon-ebrokerdj.fbs.com.tw/z/zc/zco/zco.djhtm?a=5604&e=2026-7-1&f=2026-7-29
2026-07-29,2026-07-01,2026-07-29,20,5604,中連,sell,6,永豐金-市政,9A9W,0.0,10.0,10.0,,moneydj,https://fubon-ebrokerdj.fbs.com.tw/z/zc/zco/zco.djhtm?a=5604&e=2026-7-1&f=2026-7-29
2026-07-29,2026-07-01,2026-07-29,20,5604,中連,buy,7,統一-三重,585J,20.0,9.0,11.0,,moneydj,https://fubon-ebrokerdj.fbs.com.tw/z/zc/zco/zco.djhtm?a=5604&e=2026-7-1&f=2026-7-29
2026-07-29,2026-07-01,2026-07-29,20,5604,中連,sell,7,台新-林園,9B27,0.0,10.0,10.0,,moneydj,https://fubon-ebrokerdj.fbs.com.tw/z/zc/zco/zco.djhtm?a=5604&e=2026-7-1&f=2026-7-29
2026-07-29,2026-07-01,2026-07-29,20,5604,中連,buy,8,大昌-新店,6464,11.0,1.0,10.0,,moneydj,https://fubon-ebrokerdj.fbs.com.tw/z/zc/zco/zco.djhtm?a=5604&e=2026-7-1&f=2026-7-29
2026-07-29,2026-07-01,2026-07-29,20,5604,中連,sell,8,華南永昌-世貿,9334,0.0,9.0,9.0,,moneydj,https://fubon-ebrokerdj.fbs.com.tw/z/zc/zco/zco.djhtm?a=5604&e=2026-7-1&f=2026-7-29
2026-07-29,2026-07-01,2026-07-29,20,5604,中連,buy,9,台新-台中,9B1h,9.0,0.0,9.0,,moneydj,https://fubon-ebrokerdj.fbs.com.tw/z/zc/zco/zco.djhtm?a=5604&e=2026-7-1&f=2026-7-29
2026-07-29,2026-07-01,2026-07-29,20,5604,中連,sell,9,群益金鼎-開元,9134,0.0,7.0,7.0,,moneydj,https://fubon-ebrokerdj.fbs.com.tw/z/zc/zco/zco.djhtm?a=5604&e=2026-7-1&f=2026-7-29
2026-07-29,2026-07-01,2026-07-29,20,5604,中連,buy,10,元大-福營,981F,6.0,1.0,5.0,,moneydj,https://fubon-ebrokerdj.fbs.com.tw/z/zc/zco/zco.djhtm?a=5604&e=2026-7-1&f=2026-7-29
2026-07-29,2026-07-01,2026-07-29,20,5604,中連,sell,10,華南永昌,9300,0.0,5.0,5.0,,moneydj,https://fubon-ebrokerdj.fbs.com.tw/z/zc/zco/zco.djhtm?a=5604&e=2026-7-1&f=2026-7-29
2026-07-29,2026-07-01,2026-07-29,20,2355,敬鵬,buy,1,美商高盛,1480,12718.0,5490.0,7228.0,,moneydj,https://fubon-ebrokerdj.fbs.com.tw/z/zc/zco/zco.djhtm?a=2355&e=2026-7-1&f=2026-7-29
2026-07-29,2026-07-01,2026-07-29,20,2355,敬鵬,sell,1,摩根大通,8440,2505.0,5518.0,3013.0,,moneydj,https://fubon-ebrokerdj.fbs.com.tw/z/zc/zco/zco.djhtm?a=2355&e=2026-7-1&f=2026-7-29
2026-07-29,2026-07-01,2026-07-29,20,2355,敬鵬,buy,2,元大證券,9800,8127.0,6478.0,1649.0,,moneydj,https://fubon-ebrokerdj.fbs.com.tw/z/zc/zco/zco.djhtm?a=2355&e=2026-7-1&f=2026-7-29
2026-07-29,2026-07-01,2026-07-29,20,2355,敬鵬,sell,2,新加坡商瑞銀,1650,1509.0,2855.0,1346.0,,moneydj,https://fubon-ebrokerdj.fbs.com.tw/z/zc/zco/zco.djhtm?a=2355&e=2026-7-1&f=2026-7-29
2026-07-29,2026-07-01,2026-07-29,20,2355,敬鵬,buy,3,凱基,9200,867.0,42.0,825.0,,moneydj,https://fubon-ebrokerdj.fbs.com.tw/z/zc/zco/zco.djhtm?a=2355&e=2026-7-1&f=2026-7-29
2026-07-29,2026-07-01,2026-07-29,20,2355,敬鵬,sell,3,美林,1440,1743.0,3031.0,1288.0,,moneydj,https://fubon-ebrokerdj.fbs.com.tw/z/zc/zco/zco.djhtm?a=2355&e=2026-7-1&f=2026-7-29
2026-07-29,2026-07-01,2026-07-29,20,2355,敬鵬,buy,4,永豐金-南投,9A9M,852.0,194.0,658.0,,moneydj,https://fubon-ebrokerdj.fbs.com.tw/z/zc/zco/zco.djhtm?a=2355&e=2026-7-1&f=2026-7-29
2026-07-29,2026-07-01,2026-07-29,20,2355,敬鵬,sell,4,國泰證券,8880,309.0,1163.0,854.0,,moneydj,https://fubon-ebrokerdj.fbs.com.tw/z/zc/zco/zco.djhtm?a=2355&e=2026-7-1&f=2026-7-29
2026-07-29,2026-07-01,2026-07-29,20,2355,敬鵬,buy,5,華南永昌,9300,736.0,104.0,632.0,,moneydj,https://fubon-ebrokerdj.fbs.com.tw/z/zc/zco/zco.djhtm?a=2355&e=2026-7-1&f=2026-7-29
2026-07-29,2026-07-01,2026-07-29,20,2355,敬鵬,sell,5,國泰-敦南,8888,1428.0,1988.0,560.0,,moneydj,https://fubon-ebrokerdj.fbs.com.tw/z/zc/zco/zco.djhtm?a=2355&e=2026-7-1&f=2026-7-29
2026-07-29,2026-07-01,2026-07-29,20,2355,敬鵬,buy,6,香港上海匯豐,8960,610.0,0.0,610.0,,moneydj,https://fubon-ebrokerdj.fbs.com.tw/z/zc/zco/zco.djhtm?a=2355&e=2026-7-1&f=2026-7-29
2026-07-29,2026-07-01,2026-07-29,20,2355,敬鵬,sell,6,國票證券,7790,78.0,582.0,504.0,,moneydj,https://fubon-ebrokerdj.fbs.com.tw/z/zc/zco/zco.djhtm?a=2355&e=2026-7-1&f=2026-7-29
2026-07-29,2026-07-01,2026-07-29,20,2355,敬鵬,buy,7,凱基-台北,9268,6832.0,6304.0,528.0,,moneydj,https://fubon-ebrokerdj.fbs.com.tw/z/zc/zco/zco.djhtm?a=2355&e=2026-7-1&f=2026-7-29
2026-07-29,2026-07-01,2026-07-29,20,2355,敬鵬,sell,7,統一,5850,173.0,594.0,421.0,,moneydj,https://fubon-ebrokerdj.fbs.com.tw/z/zc/zco/zco.djhtm?a=2355&e=2026-7-1&f=2026-7-29
2026-07-29,2026-07-01,2026-07-29,20,2355,敬鵬,buy,8,花旗環球,1590,546.0,123.0,423.0,,moneydj,https://fubon-ebrokerdj.fbs.com.tw/z/zc/zco/zco.djhtm?a=2355&e=2026-7-1&f=2026-7-29
2026-07-29,2026-07-01,2026-07-29,20,2355,敬鵬,sell,8,統一-士林,585M,9.0,329.0,320.0,,moneydj,https://fubon-ebrokerdj.fbs.com.tw/z/zc/zco/zco.djhtm?a=2355&e=2026-7-1&f=2026-7-29
2026-07-29,2026-07-01,2026-07-29,20,2355,敬鵬,buy,9,宏遠證券,1260,360.0,34.0,326.0,,moneydj,https://fubon-ebrokerdj.fbs.com.tw/z/zc/zco/zco.djhtm?a=2355&e=2026-7-1&f=2026-7-29
2026-07-29,2026-07-01,2026-07-29,20,2355,敬鵬,sell,9,台新,9B00,489.0,809.0,320.0,,moneydj,https://fubon-ebrokerdj.fbs.com.tw/z/zc/zco/zco.djhtm?a=2355&e=2026-7-1&f=2026-7-29
2026-07-29,2026-07-01,2026-07-29,20,2355,敬鵬,buy,10,群益金鼎-桃園,9189,345.0,73.0,272.0,,moneydj,https://fubon-ebrokerdj.fbs.com.tw/z/zc/zco/zco.djhtm?a=2355&e=2026-7-1&f=2026-7-29
2026-07-29,2026-07-01,2026-07-29,20,2355,敬鵬,sell,10,台灣摩根士丹利,1470,3465.0,3723.0,258.0,,moneydj,https://fubon-ebrokerdj.fbs.com.tw/z/zc/zco/zco.djhtm?a=2355&e=2026-7-1&f=2026-7-29
2026-07-29,2026-07-01,2026-07-29,20,3055,蔚華科,buy,1,台灣摩根士丹利,1470,3881.0,1506.0,2375.0,,moneydj,https://fubon-ebrokerdj.fbs.com.tw/z/zc/zco/zco.djhtm?a=3055&e=2026-7-1&f=2026-7-29
2026-07-29,2026-07-01,2026-07-29,20,3055,蔚華科,sell,1,富邦證券,9600,695.0,2348.0,1653.0,,moneydj,https://fubon-ebrokerdj.fbs.com.tw/z/zc/zco/zco.djhtm?a=3055&e=2026-7-1&f=2026-7-29
2026-07-29,2026-07-01,2026-07-29,20,3055,蔚華科,buy,2,美商高盛,1480,3718.0,1767.0,1951.0,,moneydj,https://fubon-ebrokerdj.fbs.com.tw/z/zc/zco/zco.djhtm?a=3055&e=2026-7-1&f=2026-7-29
2026-07-29,2026-07-01,2026-07-29,20,3055,蔚華科,sell,2,群益金鼎,9100,553.0,847.0,294.0,,moneydj,https://fubon-ebrokerdj.fbs.com.tw/z/zc/zco/zco.djhtm?a=3055&e=2026-7-1&f=2026-7-29
2026-07-29,2026-07-01,2026-07-29,20,3055,蔚華科,buy,3,摩根大通,8440,3135.0,1701.0,1434.0,,moneydj,https://fubon-ebrokerdj.fbs.com.tw/z/zc/zco/zco.djhtm?a=3055&e=2026-7-1&f=2026-7-29
2026-07-29,2026-07-01,2026-07-29,20,3055,蔚華科,sell,3,永豐金-松山,9A91,103.0,379.0,276.0,,moneydj,https://fubon-ebrokerdj.fbs.com.tw/z/zc/zco/zco.djhtm?a=3055&e=2026-7-1&f=2026-7-29
2026-07-29,2026-07-01,2026-07-29,20,3055,蔚華科,buy,4,美林,1440,1273.0,378.0,895.0,,moneydj,https://fubon-ebrokerdj.fbs.com.tw/z/zc/zco/zco.djhtm?a=3055&e=2026-7-1&f=2026-7-29
2026-07-29,2026-07-01,2026-07-29,20,3055,蔚華科,sell,4,永豐金證券,9A00,712.0,986.0,274.0,,moneydj,https://fubon-ebrokerdj.fbs.com.tw/z/zc/zco/zco.djhtm?a=3055&e=2026-7-1&f=2026-7-29
2026-07-29,2026-07-01,2026-07-29,20,3055,蔚華科,buy,5,新加坡商瑞銀,1650,1070.0,475.0,595.0,,moneydj,https://fubon-ebrokerdj.fbs.com.tw/z/zc/zco/zco.djhtm?a=3055&e=2026-7-1&f=2026-7-29
2026-07-29,2026-07-01,2026-07-29,20,3055,蔚華科,sell,5,康和,8450,94.0,366.0,272.0,,moneydj,https://fubon-ebrokerdj.fbs.com.tw/z/zc/zco/zco.djhtm?a=3055&e=2026-7-1&f=2026-7-29
2026-07-29,2026-07-01,2026-07-29,20,3055,蔚華科,buy,6,港商野村,1560,592.0,94.0,498.0,,moneydj,https://fubon-ebrokerdj.fbs.com.tw/z/zc/zco/zco.djhtm?a=3055&e=2026-7-1&f=2026-7-29
2026-07-29,2026-07-01,2026-07-29,20,3055,蔚華科,sell,6,玉山-新莊,8842,58.0,293.0,235.0,,moneydj,https://fubon-ebrokerdj.fbs.com.tw/z/zc/zco/zco.djhtm?a=3055&e=2026-7-1&f=2026-7-29
2026-07-29,2026-07-01,2026-07-29,20,3055,蔚華科,buy,7,國票-敦北法人,779c,514.0,24.0,490.0,,moneydj,https://fubon-ebrokerdj.fbs.com.tw/z/zc/zco/zco.djhtm?a=3055&e=2026-7-1&f=2026-7-29
2026-07-29,2026-07-01,2026-07-29,20,3055,蔚華科,sell,7,中國信託,6160,150.0,382.0,232.0,,moneydj,https://fubon-ebrokerdj.fbs.com.tw/z/zc/zco/zco.djhtm?a=3055&e=2026-7-1&f=2026-7-29
2026-07-29,2026-07-01,2026-07-29,20,3055,蔚華科,buy,8,統一,5850,1163.0,915.0,248.0,,moneydj,https://fubon-ebrokerdj.fbs.com.tw/z/zc/zco/zco.djhtm?a=3055&e=2026-7-1&f=2026-7-29
2026-07-29,2026-07-01,2026-07-29,20,3055,蔚華科,sell,8,兆豐-板橋,700B,5.0,233.0,228.0,,moneydj,https://fubon-ebrokerdj.fbs.com.tw/z/zc/zco/zco.djhtm?a=3055&e=2026-7-1&f=2026-7-29
2026-07-29,2026-07-01,2026-07-29,20,3055,蔚華科,buy,9,元大-忠孝,9871,415.0,169.0,246.0,,moneydj,https://fubon-ebrokerdj.fbs.com.tw/z/zc/zco/zco.djhtm?a=3055&e=2026-7-1&f=2026-7-29
2026-07-29,2026-07-01,2026-07-29,20,3055,蔚華科,sell,9,國泰-敦南,8888,1364.0,1590.0,226.0,,moneydj,https://fubon-ebrokerdj.fbs.com.tw/z/zc/zco/zco.djhtm?a=3055&e=2026-7-1&f=2026-7-29
2026-07-29,2026-07-01,2026-07-29,20,3055,蔚華科,buy,10,元大-歸仁,981a,222.0,26.0,196.0,,moneydj,https://fubon-ebrokerdj.fbs.com.tw/z/zc/zco/zco.djhtm?a=3055&e=2026-7-1&f=2026-7-29
2026-07-29,2026-07-01,2026-07-29,20,3055,蔚華科,sell,10,群益金鼎-古亭,918C,78.0,281.0,203.0,,moneydj,https://fubon-ebrokerdj.fbs.com.tw/z/zc/zco/zco.djhtm?a=3055&e=2026-7-1&f=2026-7-29
2026-07-29,2026-07-01,2026-07-29,20,2524,京城,buy,1,台灣摩根士丹利,1470,144.0,48.0,96.0,,moneydj,https://fubon-ebrokerdj.fbs.com.tw/z/zc/zco/zco.djhtm?a=2524&e=2026-7-1&f=2026-7-29
2026-07-29,2026-07-01,2026-07-29,20,2524,京城,sell,1,玉山-景美,8849,0.0,49.0,49.0,,moneydj,https://fubon-ebrokerdj.fbs.com.tw/z/zc/zco/zco.djhtm?a=2524&e=2026-7-1&f=2026-7-29
2026-07-29,2026-07-01,2026-07-29,20,2524,京城,buy,2,新加坡商瑞銀,1650,173.0,77.0,96.0,,moneydj,https://fubon-ebrokerdj.fbs.com.tw/z/zc/zco/zco.djhtm?a=2524&e=2026-7-1&f=2026-7-29
2026-07-29,2026-07-01,2026-07-29,20,2524,京城,sell,2,華南永昌-小港,9323,0.0,31.0,31.0,,moneydj,https://fubon-ebrokerdj.fbs.com.tw/z/zc/zco/zco.djhtm?a=2524&e=2026-7-1&f=2026-7-29
2026-07-29,2026-07-01,2026-07-29,20,2524,京城,buy,3,摩根大通,8440,182.0,93.0,89.0,,moneydj,https://fubon-ebrokerdj.fbs.com.tw/z/zc/zco/zco.djhtm?a=2524&e=2026-7-1&f=2026-7-29
2026-07-29,2026-07-01,2026-07-29,20,2524,京城,sell,3,臺銀-民權,1043,1.0,31.0,30.0,,moneydj,https://fubon-ebrokerdj.fbs.com.tw/z/zc/zco/zco.djhtm?a=2524&e=2026-7-1&f=2026-7-29
2026-07-29,2026-07-01,2026-07-29,20,2524,京城,buy,4,美林,1440,133.0,50.0,83.0,,moneydj,https://fubon-ebrokerdj.fbs.com.tw/z/zc/zco/zco.djhtm?a=2524&e=2026-7-1&f=2026-7-29
2026-07-29,2026-07-01,2026-07-29,20,2524,京城,sell,4,新光,8560,64.0,89.0,25.0,,moneydj,https://fubon-ebrokerdj.fbs.com.tw/z/zc/zco/zco.djhtm?a=2524&e=2026-7-1&f=2026-7-29
2026-07-29,2026-07-01,2026-07-29,20,2524,京城,buy,5,花旗環球,1590,116.0,36.0,80.0,,moneydj,https://fubon-ebrokerdj.fbs.com.tw/z/zc/zco/zco.djhtm?a=2524&e=2026-7-1&f=2026-7-29
2026-07-29,2026-07-01,2026-07-29,20,2524,京城,sell,5,台新-林園,9B27,0.0,24.0,24.0,,moneydj,https://fubon-ebrokerdj.fbs.com.tw/z/zc/zco/zco.djhtm?a=2524&e=2026-7-1&f=2026-7-29
2026-07-29,2026-07-01,2026-07-29,20,2524,京城,buy,6,美商高盛,1480,184.0,128.0,56.0,,moneydj,https://fubon-ebrokerdj.fbs.com.tw/z/zc/zco/zco.djhtm?a=2524&e=2026-7-1&f=2026-7-29
2026-07-29,2026-07-01,2026-07-29,20,2524,京城,sell,6,玉山-左營,884D,1.0,23.0,22.0,,moneydj,https://fubon-ebrokerdj.fbs.com.tw/z/zc/zco/zco.djhtm?a=2524&e=2026-7-1&f=2026-7-29
2026-07-29,2026-07-01,2026-07-29,20,2524,京城,buy,7,凱基-台北,9268,208.0,158.0,50.0,,moneydj,https://fubon-ebrokerdj.fbs.com.tw/z/zc/zco/zco.djhtm?a=2524&e=2026-7-1&f=2026-7-29
2026-07-29,2026-07-01,2026-07-29,20,2524,京城,sell,7,合庫-鳳山,1029,0.0,22.0,22.0,,moneydj,https://fubon-ebrokerdj.fbs.com.tw/z/zc/zco/zco.djhtm?a=2524&e=2026-7-1&f=2026-7-29
2026-07-29,2026-07-01,2026-07-29,20,2524,京城,buy,8,第一金-高雄,5383,40.0,10.0,30.0,,moneydj,https://fubon-ebrokerdj.fbs.com.tw/z/zc/zco/zco.djhtm?a=2524&e=2026-7-1&f=2026-7-29
2026-07-29,2026-07-01,2026-07-29,20,2524,京城,sell,8,富邦-建國,9658,0.0,20.0,20.0,,moneydj,https://fubon-ebrokerdj.fbs.com.tw/z/zc/zco/zco.djhtm?a=2524&e=2026-7-1&f=2026-7-29
2026-07-29,2026-07-01,2026-07-29,20,2524,京城,buy,9,玉山-新竹,884H,30.0,0.0,30.0,,moneydj,https://fubon-ebrokerdj.fbs.com.tw/z/zc/zco/zco.djhtm?a=2524&e=2026-7-1&f=2026-7-29
2026-07-29,2026-07-01,2026-07-29,20,2524,京城,sell,9,群益金鼎-東門,918D,1.0,18.0,17.0,,moneydj,https://fubon-ebrokerdj.fbs.com.tw/z/zc/zco/zco.djhtm?a=2524&e=2026-7-1&f=2026-7-29
2026-07-29,2026-07-01,2026-07-29,20,2524,京城,buy,10,永豐金證券,9A00,96.0,75.0,21.0,,moneydj,https://fubon-ebrokerdj.fbs.com.tw/z/zc/zco/zco.djhtm?a=2524&e=2026-7-1&f=2026-7-29
2026-07-29,2026-07-01,2026-07-29,20,2524,京城,sell,10,元大-彰化民生,989J,0.0,15.0,15.0,,moneydj,https://fubon-ebrokerdj.fbs.com.tw/z/zc/zco/zco.djhtm?a=2524&e=2026-7-1&f=2026-7-29
2026-07-29,2026-07-01,2026-07-29,20,6199,天品,buy,1,兆豐-南門,700g,1619.0,0.0,1619.0,,moneydj,https://fubon-ebrokerdj.fbs.com.tw/z/zc/zco/zco.djhtm?a=6199&e=2026-7-1&f=2026-7-29
2026-07-29,2026-07-01,2026-07-29,20,6199,天品,sell,1,台新-板橋,9B2b,2860.0,3596.0,736.0,,moneydj,https://fubon-ebrokerdj.fbs.com.tw/z/zc/zco/zco.djhtm?a=6199&e=2026-7-1&f=2026-7-29
2026-07-29,2026-07-01,2026-07-29,20,6199,天品,buy,2,群益金鼎,9100,1348.0,933.0,415.0,,moneydj,https://fubon-ebrokerdj.fbs.com.tw/z/zc/zco/zco.djhtm?a=6199&e=2026-7-1&f=2026-7-29
2026-07-29,2026-07-01,2026-07-29,20,6199,天品,sell,2,台新-高雄,9B1g,4.0,663.0,659.0,,moneydj,https://fubon-ebrokerdj.fbs.com.tw/z/zc/zco/zco.djhtm?a=6199&e=2026-7-1&f=2026-7-29
2026-07-29,2026-07-01,2026-07-29,20,6199,天品,buy,3,元大-信義,989m,400.0,0.0,400.0,,moneydj,https://fubon-ebrokerdj.fbs.com.tw/z/zc/zco/zco.djhtm?a=6199&e=2026-7-1&f=2026-7-29
2026-07-29,2026-07-01,2026-07-29,20,6199,天品,sell,3,群益金鼎-松山,9103,271.0,571.0,300.0,,moneydj,https://fubon-ebrokerdj.fbs.com.tw/z/zc/zco/zco.djhtm?a=6199&e=2026-7-1&f=2026-7-29
2026-07-29,2026-07-01,2026-07-29,20,6199,天品,buy,4,凱基,9200,262.0,0.0,262.0,,moneydj,https://fubon-ebrokerdj.fbs.com.tw/z/zc/zco/zco.djhtm?a=6199&e=2026-7-1&f=2026-7-29
2026-07-29,2026-07-01,2026-07-29,20,6199,天品,sell,4,凱基-高雄,9206,1.0,292.0,291.0,,moneydj,https://fubon-ebrokerdj.fbs.com.tw/z/zc/zco/zco.djhtm?a=6199&e=2026-7-1&f=2026-7-29
2026-07-29,2026-07-01,2026-07-29,20,6199,天品,buy,5,福邦證券,6480,325.0,224.0,101.0,,moneydj,https://fubon-ebrokerdj.fbs.com.tw/z/zc/zco/zco.djhtm?a=6199&e=2026-7-1&f=2026-7-29
2026-07-29,2026-07-01,2026-07-29,20,6199,天品,sell,5,統一-土城,585Y,10.0,300.0,290.0,,moneydj,https://fubon-ebrokerdj.fbs.com.tw/z/zc/zco/zco.djhtm?a=6199&e=2026-7-1&f=2026-7-29
2026-07-29,2026-07-01,2026-07-29,20,6199,天品,buy,6,台灣企銀-竹北,1117,100.0,0.0,100.0,,moneydj,https://fubon-ebrokerdj.fbs.com.tw/z/zc/zco/zco.djhtm?a=6199&e=2026-7-1&f=2026-7-29
2026-07-29,2026-07-01,2026-07-29,20,6199,天品,sell,6,美林,1440,390.0,555.0,165.0,,moneydj,https://fubon-ebrokerdj.fbs.com.tw/z/zc/zco/zco.djhtm?a=6199&e=2026-7-1&f=2026-7-29
2026-07-29,2026-07-01,2026-07-29,20,6199,天品,buy,7,富邦-新竹,9647,99.0,5.0,94.0,,moneydj,https://fubon-ebrokerdj.fbs.com.tw/z/zc/zco/zco.djhtm?a=6199&e=2026-7-1&f=2026-7-29
2026-07-29,2026-07-01,2026-07-29,20,6199,天品,sell,7,宏遠-高雄,126Q,1.0,103.0,102.0,,moneydj,https://fubon-ebrokerdj.fbs.com.tw/z/zc/zco/zco.djhtm?a=6199&e=2026-7-1&f=2026-7-29
2026-07-29,2026-07-01,2026-07-29,20,6199,天品,buy,8,玉山-桃園,884F,96.0,9.0,87.0,,moneydj,https://fubon-ebrokerdj.fbs.com.tw/z/zc/zco/zco.djhtm?a=6199&e=2026-7-1&f=2026-7-29
2026-07-29,2026-07-01,2026-07-29,20,6199,天品,sell,8,台新-桃園,9B2v,0.0,76.0,76.0,,moneydj,https://fubon-ebrokerdj.fbs.com.tw/z/zc/zco/zco.djhtm?a=6199&e=2026-7-1&f=2026-7-29
2026-07-29,2026-07-01,2026-07-29,20,6199,天品,buy,9,元大證券,9800,1002.0,931.0,71.0,,moneydj,https://fubon-ebrokerdj.fbs.com.tw/z/zc/zco/zco.djhtm?a=6199&e=2026-7-1&f=2026-7-29
2026-07-29,2026-07-01,2026-07-29,20,6199,天品,sell,9,港商野村,1560,128.0,203.0,75.0,,moneydj,https://fubon-ebrokerdj.fbs.com.tw/z/zc/zco/zco.djhtm?a=6199&e=2026-7-1&f=2026-7-29
2026-07-29,2026-07-01,2026-07-29,20,6199,天品,buy,10,中國信託,6160,167.0,108.0,59.0,,moneydj,https://fubon-ebrokerdj.fbs.com.tw/z/zc/zco/zco.djhtm?a=6199&e=2026-7-1&f=2026-7-29
2026-07-29,2026-07-01,2026-07-29,20,6199,天品,sell,10,元大-天母,981I,0.0,51.0,51.0,,moneydj,https://fubon-ebrokerdj.fbs.com.tw/z/zc/zco/zco.djhtm?a=6199&e=2026-7-1&f=2026-7-29
2026-07-29,2026-07-01,2026-07-29,20,4763,材料*-KY,buy,1,中國信託-忠孝,6162,2441.0,404.0,2037.0,,moneydj,https://fubon-ebrokerdj.fbs.com.tw/z/zc/zco/zco.djhtm?a=4763&e=2026-7-1&f=2026-7-29
2026-07-29,2026-07-01,2026-07-29,20,4763,材料*-KY,sell,1,美商高盛,1480,9101.0,12927.0,3826.0,,moneydj,https://fubon-ebrokerdj.fbs.com.tw/z/zc/zco/zco.djhtm?a=4763&e=2026-7-1&f=2026-7-29
2026-07-29,2026-07-01,2026-07-29,20,4763,材料*-KY,buy,2,花旗環球,1590,2129.0,572.0,1557.0,,moneydj,https://fubon-ebrokerdj.fbs.com.tw/z/zc/zco/zco.djhtm?a=4763&e=2026-7-1&f=2026-7-29
2026-07-29,2026-07-01,2026-07-29,20,4763,材料*-KY,sell,2,台灣摩根士丹利,1470,6661.0,8817.0,2156.0,,moneydj,https://fubon-ebrokerdj.fbs.com.tw/z/zc/zco/zco.djhtm?a=4763&e=2026-7-1&f=2026-7-29
2026-07-29,2026-07-01,2026-07-29,20,4763,材料*-KY,buy,3,港商野村,1560,3713.0,2363.0,1350.0,,moneydj,https://fubon-ebrokerdj.fbs.com.tw/z/zc/zco/zco.djhtm?a=4763&e=2026-7-1&f=2026-7-29
2026-07-29,2026-07-01,2026-07-29,20,4763,材料*-KY,sell,3,群益金鼎-土城,913N,94.0,939.0,845.0,,moneydj,https://fubon-ebrokerdj.fbs.com.tw/z/zc/zco/zco.djhtm?a=4763&e=2026-7-1&f=2026-7-29
2026-07-29,2026-07-01,2026-07-29,20,4763,材料*-KY,buy,4,凱基-台北,9268,12240.0,11104.0,1136.0,,moneydj,https://fubon-ebrokerdj.fbs.com.tw/z/zc/zco/zco.djhtm?a=4763&e=2026-7-1&f=2026-7-29
2026-07-29,2026-07-01,2026-07-29,20,4763,材料*-KY,sell,4,康和-仁愛,845F,96.0,616.0,520.0,,moneydj,https://fubon-ebrokerdj.fbs.com.tw/z/zc/zco/zco.djhtm?a=4763&e=2026-7-1&f=2026-7-29
2026-07-29,2026-07-01,2026-07-29,20,4763,材料*-KY,buy,5,新加坡商瑞銀,1650,10974.0,10135.0,839.0,,moneydj,https://fubon-ebrokerdj.fbs.com.tw/z/zc/zco/zco.djhtm?a=4763&e=2026-7-1&f=2026-7-29
2026-07-29,2026-07-01,2026-07-29,20,4763,材料*-KY,sell,5,元大-仁愛,983j,59.0,516.0,457.0,,moneydj,https://fubon-ebrokerdj.fbs.com.tw/z/zc/zco/zco.djhtm?a=4763&e=2026-7-1&f=2026-7-29
2026-07-29,2026-07-01,2026-07-29,20,4763,材料*-KY,buy,6,國泰-忠孝,8887,1023.0,258.0,765.0,,moneydj,https://fubon-ebrokerdj.fbs.com.tw/z/zc/zco/zco.djhtm?a=4763&e=2026-7-1&f=2026-7-29
2026-07-29,2026-07-01,2026-07-29,20,4763,材料*-KY,sell,6,國票-九鼎,779P,206.0,613.0,407.0,,moneydj,https://fubon-ebrokerdj.fbs.com.tw/z/zc/zco/zco.djhtm?a=4763&e=2026-7-1&f=2026-7-29
2026-07-29,2026-07-01,2026-07-29,20,4763,材料*-KY,buy,7,凱基-湖口,920N,816.0,74.0,742.0,,moneydj,https://fubon-ebrokerdj.fbs.com.tw/z/zc/zco/zco.djhtm?a=4763&e=2026-7-1&f=2026-7-29
2026-07-29,2026-07-01,2026-07-29,20,4763,材料*-KY,sell,7,台中銀-台北,6115,1451.0,1799.0,348.0,,moneydj,https://fubon-ebrokerdj.fbs.com.tw/z/zc/zco/zco.djhtm?a=4763&e=2026-7-1&f=2026-7-29
2026-07-29,2026-07-01,2026-07-29,20,4763,材料*-KY,buy,8,群益金鼎-大安,918e,878.0,148.0,730.0,,moneydj,https://fubon-ebrokerdj.fbs.com.tw/z/zc/zco/zco.djhtm?a=4763&e=2026-7-1&f=2026-7-29
2026-07-29,2026-07-01,2026-07-29,20,4763,材料*-KY,sell,8,合庫-高雄,1023,402.0,705.0,303.0,,moneydj,https://fubon-ebrokerdj.fbs.com.tw/z/zc/zco/zco.djhtm?a=4763&e=2026-7-1&f=2026-7-29
2026-07-29,2026-07-01,2026-07-29,20,4763,材料*-KY,buy,9,統一-基隆,585A,788.0,59.0,729.0,,moneydj,https://fubon-ebrokerdj.fbs.com.tw/z/zc/zco/zco.djhtm?a=4763&e=2026-7-1&f=2026-7-29
2026-07-29,2026-07-01,2026-07-29,20,4763,材料*-KY,sell,9,富邦-陽明,9604,271.0,542.0,271.0,,moneydj,https://fubon-ebrokerdj.fbs.com.tw/z/zc/zco/zco.djhtm?a=4763&e=2026-7-1&f=2026-7-29
2026-07-29,2026-07-01,2026-07-29,20,4763,材料*-KY,buy,10,凱基,9200,1170.0,596.0,574.0,,moneydj,https://fubon-ebrokerdj.fbs.com.tw/z/zc/zco/zco.djhtm?a=4763&e=2026-7-1&f=2026-7-29
2026-07-29,2026-07-01,2026-07-29,20,4763,材料*-KY,sell,10,元大-鹿港,989S,317.0,583.0,266.0,,moneydj,https://fubon-ebrokerdj.fbs.com.tw/z/zc/zco/zco.djhtm?a=4763&e=2026-7-1&f=2026-7-29
2026-07-29,2026-07-01,2026-07-29,20,7689,大鵬科CLMX,buy,1,群益金鼎-忠孝,918W,485.0,0.0,485.0,,moneydj,https://fubon-ebrokerdj.fbs.com.tw/z/zc/zco/zco.djhtm?a=7689&e=2026-7-1&f=2026-7-29
2026-07-29,2026-07-01,2026-07-29,20,7689,大鵬科CLMX,sell,1,元大-松山,981p,1.0,216.0,215.0,,moneydj,https://fubon-ebrokerdj.fbs.com.tw/z/zc/zco/zco.djhtm?a=7689&e=2026-7-1&f=2026-7-29
2026-07-29,2026-07-01,2026-07-29,20,7689,大鵬科CLMX,buy,2,元大-蘆洲中正,989I,57.0,7.0,50.0,,moneydj,https://fubon-ebrokerdj.fbs.com.tw/z/zc/zco/zco.djhtm?a=7689&e=2026-7-1&f=2026-7-29
2026-07-29,2026-07-01,2026-07-29,20,7689,大鵬科CLMX,sell,2,宏遠證券,1260,0.0,70.0,70.0,,moneydj,https://fubon-ebrokerdj.fbs.com.tw/z/zc/zco/zco.djhtm?a=7689&e=2026-7-1&f=2026-7-29
2026-07-29,2026-07-01,2026-07-29,20,7689,大鵬科CLMX,buy,3,群益金鼎-高雄,9183,35.0,16.0,19.0,,moneydj,https://fubon-ebrokerdj.fbs.com.tw/z/zc/zco/zco.djhtm?a=7689&e=2026-7-1&f=2026-7-29
2026-07-29,2026-07-01,2026-07-29,20,7689,大鵬科CLMX,sell,3,新光-台中,8561,3.0,65.0,62.0,,moneydj,https://fubon-ebrokerdj.fbs.com.tw/z/zc/zco/zco.djhtm?a=7689&e=2026-7-1&f=2026-7-29
2026-07-29,2026-07-01,2026-07-29,20,7689,大鵬科CLMX,buy,4,元大-林森,983B,17.0,0.0,17.0,,moneydj,https://fubon-ebrokerdj.fbs.com.tw/z/zc/zco/zco.djhtm?a=7689&e=2026-7-1&f=2026-7-29
2026-07-29,2026-07-01,2026-07-29,20,7689,大鵬科CLMX,sell,4,富邦-南港,962A,0.0,60.0,60.0,,moneydj,https://fubon-ebrokerdj.fbs.com.tw/z/zc/zco/zco.djhtm?a=7689&e=2026-7-1&f=2026-7-29
2026-07-29,2026-07-01,2026-07-29,20,7689,大鵬科CLMX,buy,5,凱基-台東,920Z,15.0,0.0,15.0,,moneydj,https://fubon-ebrokerdj.fbs.com.tw/z/zc/zco/zco.djhtm?a=7689&e=2026-7-1&f=2026-7-29
2026-07-29,2026-07-01,2026-07-29,20,7689,大鵬科CLMX,sell,5,元大-頭份,983U,0.0,35.0,35.0,,moneydj,https://fubon-ebrokerdj.fbs.com.tw/z/zc/zco/zco.djhtm?a=7689&e=2026-7-1&f=2026-7-29
2026-07-29,2026-07-01,2026-07-29,20,7689,大鵬科CLMX,buy,6,新光,8560,15.0,2.0,13.0,,moneydj,https://fubon-ebrokerdj.fbs.com.tw/z/zc/zco/zco.djhtm?a=7689&e=2026-7-1&f=2026-7-29
2026-07-29,2026-07-01,2026-07-29,20,7689,大鵬科CLMX,sell,6,台新-台北,9B20,0.0,24.0,24.0,,moneydj,https://fubon-ebrokerdj.fbs.com.tw/z/zc/zco/zco.djhtm?a=7689&e=2026-7-1&f=2026-7-29
2026-07-29,2026-07-01,2026-07-29,20,7689,大鵬科CLMX,buy,7,彰銀-台中,1233,11.0,0.0,11.0,,moneydj,https://fubon-ebrokerdj.fbs.com.tw/z/zc/zco/zco.djhtm?a=7689&e=2026-7-1&f=2026-7-29
2026-07-29,2026-07-01,2026-07-29,20,7689,大鵬科CLMX,sell,7,國泰-敦南,8888,21.0,42.0,21.0,,moneydj,https://fubon-ebrokerdj.fbs.com.tw/z/zc/zco/zco.djhtm?a=7689&e=2026-7-1&f=2026-7-29
2026-07-29,2026-07-01,2026-07-29,20,7689,大鵬科CLMX,buy,8,群益金鼎-萬華,913I,10.0,0.0,10.0,,moneydj,https://fubon-ebrokerdj.fbs.com.tw/z/zc/zco/zco.djhtm?a=7689&e=2026-7-1&f=2026-7-29
2026-07-29,2026-07-01,2026-07-29,20,7689,大鵬科CLMX,sell,8,國票-敦北法人,779c,1.0,18.0,17.0,,moneydj,https://fubon-ebrokerdj.fbs.com.tw/z/zc/zco/zco.djhtm?a=7689&e=2026-7-1&f=2026-7-29
2026-07-29,2026-07-01,2026-07-29,20,7689,大鵬科CLMX,buy,9,國票證券,7790,10.0,1.0,9.0,,moneydj,https://fubon-ebrokerdj.fbs.com.tw/z/zc/zco/zco.djhtm?a=7689&e=2026-7-1&f=2026-7-29
2026-07-29,2026-07-01,2026-07-29,20,7689,大鵬科CLMX,sell,9,富邦-竹北,9624,0.0,17.0,17.0,,moneydj,https://fubon-ebrokerdj.fbs.com.tw/z/zc/zco/zco.djhtm?a=7689&e=2026-7-1&f=2026-7-29
2026-07-29,2026-07-01,2026-07-29,20,7689,大鵬科CLMX,buy,10,凱基-虎尾,9236,23.0,16.0,7.0,,moneydj,https://fubon-ebrokerdj.fbs.com.tw/z/zc/zco/zco.djhtm?a=7689&e=2026-7-1&f=2026-7-29
2026-07-29,2026-07-01,2026-07-29,20,7689,大鵬科CLMX,sell,10,第一金-頭份,538I,5.0,16.0,11.0,,moneydj,https://fubon-ebrokerdj.fbs.com.tw/z/zc/zco/zco.djhtm?a=7689&e=2026-7-1&f=2026-7-29
2026-07-29,2026-07-01,2026-07-29,20,3617,碩天,buy,1,凱基-台北,9268,1332.0,920.0,412.0,,moneydj,https://fubon-ebrokerdj.fbs.com.tw/z/zc/zco/zco.djhtm?a=3617&e=2026-7-1&f=2026-7-29
2026-07-29,2026-07-01,2026-07-29,20,3617,碩天,sell,1,台灣摩根士丹利,1470,601.0,827.0,226.0,,moneydj,https://fubon-ebrokerdj.fbs.com.tw/z/zc/zco/zco.djhtm?a=3617&e=2026-7-1&f=2026-7-29
2026-07-29,2026-07-01,2026-07-29,20,3617,碩天,buy,2,美商高盛,1480,1217.0,971.0,246.0,,moneydj,https://fubon-ebrokerdj.fbs.com.tw/z/zc/zco/zco.djhtm?a=3617&e=2026-7-1&f=2026-7-29
2026-07-29,2026-07-01,2026-07-29,20,3617,碩天,sell,2,元大證券,9800,760.0,866.0,106.0,,moneydj,https://fubon-ebrokerdj.fbs.com.tw/z/zc/zco/zco.djhtm?a=3617&e=2026-7-1&f=2026-7-29
2026-07-29,2026-07-01,2026-07-29,20,3617,碩天,buy,3,花旗環球,1590,104.0,49.0,55.0,,moneydj,https://fubon-ebrokerdj.fbs.com.tw/z/zc/zco/zco.djhtm?a=3617&e=2026-7-1&f=2026-7-29
2026-07-29,2026-07-01,2026-07-29,20,3617,碩天,sell,3,新加坡商瑞銀,1650,491.0,593.0,102.0,,moneydj,https://fubon-ebrokerdj.fbs.com.tw/z/zc/zco/zco.djhtm?a=3617&e=2026-7-1&f=2026-7-29
2026-07-29,2026-07-01,2026-07-29,20,3617,碩天,buy,4,富邦-建國,9658,789.0,741.0,48.0,,moneydj,https://fubon-ebrokerdj.fbs.com.tw/z/zc/zco/zco.djhtm?a=3617&e=2026-7-1&f=2026-7-29
2026-07-29,2026-07-01,2026-07-29,20,3617,碩天,sell,4,元大-新盛,9869,2.0,79.0,77.0,,moneydj,https://fubon-ebrokerdj.fbs.com.tw/z/zc/zco/zco.djhtm?a=3617&e=2026-7-1&f=2026-7-29
2026-07-29,2026-07-01,2026-07-29,20,3617,碩天,buy,5,康和,8450,49.0,9.0,40.0,,moneydj,https://fubon-ebrokerdj.fbs.com.tw/z/zc/zco/zco.djhtm?a=3617&e=2026-7-1&f=2026-7-29
2026-07-29,2026-07-01,2026-07-29,20,3617,碩天,sell,5,華南永昌-林口,9317,19.0,94.0,75.0,,moneydj,https://fubon-ebrokerdj.fbs.com.tw/z/zc/zco/zco.djhtm?a=3617&e=2026-7-1&f=2026-7-29
2026-07-29,2026-07-01,2026-07-29,20,3617,碩天,buy,6,兆豐證券,7000,38.0,2.0,36.0,,moneydj,https://fubon-ebrokerdj.fbs.com.tw/z/zc/zco/zco.djhtm?a=3617&e=2026-7-1&f=2026-7-29
2026-07-29,2026-07-01,2026-07-29,20,3617,碩天,sell,6,富邦-竹東,9625,138.0,182.0,44.0,,moneydj,https://fubon-ebrokerdj.fbs.com.tw/z/zc/zco/zco.djhtm?a=3617&e=2026-7-1&f=2026-7-29
2026-07-29,2026-07-01,2026-07-29,20,3617,碩天,buy,7,群益金鼎-東門,918D,40.0,5.0,35.0,,moneydj,https://fubon-ebrokerdj.fbs.com.tw/z/zc/zco/zco.djhtm?a=3617&e=2026-7-1&f=2026-7-29
2026-07-29,2026-07-01,2026-07-29,20,3617,碩天,sell,7,永豐金-松山,9A91,10.0,49.0,39.0,,moneydj,https://fubon-ebrokerdj.fbs.com.tw/z/zc/zco/zco.djhtm?a=3617&e=2026-7-1&f=2026-7-29
2026-07-29,2026-07-01,2026-07-29,20,3617,碩天,buy,8,台灣企銀-台南,1112,56.0,21.0,35.0,,moneydj,https://fubon-ebrokerdj.fbs.com.tw/z/zc/zco/zco.djhtm?a=3617&e=2026-7-1&f=2026-7-29
2026-07-29,2026-07-01,2026-07-29,20,3617,碩天,sell,8,凱基-市政,9239,7.0,45.0,38.0,,moneydj,https://fubon-ebrokerdj.fbs.com.tw/z/zc/zco/zco.djhtm?a=3617&e=2026-7-1&f=2026-7-29
2026-07-29,2026-07-01,2026-07-29,20,3617,碩天,buy,9,國票-南京,779n,42.0,8.0,34.0,,moneydj,https://fubon-ebrokerdj.fbs.com.tw/z/zc/zco/zco.djhtm?a=3617&e=2026-7-1&f=2026-7-29
2026-07-29,2026-07-01,2026-07-29,20,3617,碩天,sell,9,康和-永和,845B,15.0,52.0,37.0,,moneydj,https://fubon-ebrokerdj.fbs.com.tw/z/zc/zco/zco.djhtm?a=3617&e=2026-7-1&f=2026-7-29
2026-07-29,2026-07-01,2026-07-29,20,3617,碩天,buy,10,元大-豐原站前,989W,63.0,29.0,34.0,,moneydj,https://fubon-ebrokerdj.fbs.com.tw/z/zc/zco/zco.djhtm?a=3617&e=2026-7-1&f=2026-7-29
2026-07-29,2026-07-01,2026-07-29,20,3617,碩天,sell,10,永豐金-竹科,9A9X,26.0,62.0,36.0,,moneydj,https://fubon-ebrokerdj.fbs.com.tw/z/zc/zco/zco.djhtm?a=3617&e=2026-7-1&f=2026-7-29
2026-07-29,2026-07-01,2026-07-29,20,2395,研華,buy,1,永豐金證券,9A00,2528.0,590.0,1938.0,,moneydj,https://fubon-ebrokerdj.fbs.com.tw/z/zc/zco/zco.djhtm?a=2395&e=2026-7-1&f=2026-7-29
2026-07-29,2026-07-01,2026-07-29,20,2395,研華,sell,1,港商麥格理,1360,943.0,3091.0,2148.0,,moneydj,https://fubon-ebrokerdj.fbs.com.tw/z/zc/zco/zco.djhtm?a=2395&e=2026-7-1&f=2026-7-29
2026-07-29,2026-07-01,2026-07-29,20,2395,研華,buy,2,美商高盛,1480,6037.0,4659.0,1378.0,,moneydj,https://fubon-ebrokerdj.fbs.com.tw/z/zc/zco/zco.djhtm?a=2395&e=2026-7-1&f=2026-7-29
2026-07-29,2026-07-01,2026-07-29,20,2395,研華,sell,2,摩根大通,8440,4956.0,7033.0,2077.0,,moneydj,https://fubon-ebrokerdj.fbs.com.tw/z/zc/zco/zco.djhtm?a=2395&e=2026-7-1&f=2026-7-29
2026-07-29,2026-07-01,2026-07-29,20,2395,研華,buy,3,花旗環球,1590,1969.0,612.0,1357.0,,moneydj,https://fubon-ebrokerdj.fbs.com.tw/z/zc/zco/zco.djhtm?a=2395&e=2026-7-1&f=2026-7-29
2026-07-29,2026-07-01,2026-07-29,20,2395,研華,sell,3,新加坡商瑞銀,1650,2998.0,4281.0,1283.0,,moneydj,https://fubon-ebrokerdj.fbs.com.tw/z/zc/zco/zco.djhtm?a=2395&e=2026-7-1&f=2026-7-29
2026-07-29,2026-07-01,2026-07-29,20,2395,研華,buy,4,元大證券,9800,7423.0,6114.0,1309.0,,moneydj,https://fubon-ebrokerdj.fbs.com.tw/z/zc/zco/zco.djhtm?a=2395&e=2026-7-1&f=2026-7-29
2026-07-29,2026-07-01,2026-07-29,20,2395,研華,sell,4,永豐金-匯立,9A81,538.0,1036.0,498.0,,moneydj,https://fubon-ebrokerdj.fbs.com.tw/z/zc/zco/zco.djhtm?a=2395&e=2026-7-1&f=2026-7-29
2026-07-29,2026-07-01,2026-07-29,20,2395,研華,buy,5,富邦證券,9600,2712.0,1793.0,919.0,,moneydj,https://fubon-ebrokerdj.fbs.com.tw/z/zc/zco/zco.djhtm?a=2395&e=2026-7-1&f=2026-7-29
2026-07-29,2026-07-01,2026-07-29,20,2395,研華,sell,5,香港上海匯豐,8960,297.0,588.0,291.0,,moneydj,https://fubon-ebrokerdj.fbs.com.tw/z/zc/zco/zco.djhtm?a=2395&e=2026-7-1&f=2026-7-29
2026-07-29,2026-07-01,2026-07-29,20,2395,研華,buy,6,台灣摩根士丹利,1470,6103.0,5296.0,807.0,,moneydj,https://fubon-ebrokerdj.fbs.com.tw/z/zc/zco/zco.djhtm?a=2395&e=2026-7-1&f=2026-7-29
2026-07-29,2026-07-01,2026-07-29,20,2395,研華,sell,6,合庫證券,1020,45.0,248.0,203.0,,moneydj,https://fubon-ebrokerdj.fbs.com.tw/z/zc/zco/zco.djhtm?a=2395&e=2026-7-1&f=2026-7-29
2026-07-29,2026-07-01,2026-07-29,20,2395,研華,buy,7,港商野村,1560,954.0,524.0,430.0,,moneydj,https://fubon-ebrokerdj.fbs.com.tw/z/zc/zco/zco.djhtm?a=2395&e=2026-7-1&f=2026-7-29
2026-07-29,2026-07-01,2026-07-29,20,2395,研華,sell,7,福勝,6950,10.0,194.0,184.0,,moneydj,https://fubon-ebrokerdj.fbs.com.tw/z/zc/zco/zco.djhtm?a=2395&e=2026-7-1&f=2026-7-29
2026-07-29,2026-07-01,2026-07-29,20,2395,研華,buy,8,法銀巴黎,8900,827.0,424.0,403.0,,moneydj,https://fubon-ebrokerdj.fbs.com.tw/z/zc/zco/zco.djhtm?a=2395&e=2026-7-1&f=2026-7-29
2026-07-29,2026-07-01,2026-07-29,20,2395,研華,sell,8,元大-文心興安,9854,42.0,192.0,150.0,,moneydj,https://fubon-ebrokerdj.fbs.com.tw/z/zc/zco/zco.djhtm?a=2395&e=2026-7-1&f=2026-7-29
2026-07-29,2026-07-01,2026-07-29,20,2395,研華,buy,9,美林,1440,3157.0,2810.0,347.0,,moneydj,https://fubon-ebrokerdj.fbs.com.tw/z/zc/zco/zco.djhtm?a=2395&e=2026-7-1&f=2026-7-29
2026-07-29,2026-07-01,2026-07-29,20,2395,研華,sell,9,國泰-敦南,8888,583.0,680.0,97.0,,moneydj,https://fubon-ebrokerdj.fbs.com.tw/z/zc/zco/zco.djhtm?a=2395&e=2026-7-1&f=2026-7-29
2026-07-29,2026-07-01,2026-07-29,20,2395,研華,buy,10,宏遠證券,1260,633.0,318.0,315.0,,moneydj,https://fubon-ebrokerdj.fbs.com.tw/z/zc/zco/zco.djhtm?a=2395&e=2026-7-1&f=2026-7-29
2026-07-29,2026-07-01,2026-07-29,20,2395,研華,sell,10,(牛牛牛)亞證券,6010,2.0,94.0,92.0,,moneydj,https://fubon-ebrokerdj.fbs.com.tw/z/zc/zco/zco.djhtm?a=2395&e=2026-7-1&f=2026-7-29
2026-07-29,2026-07-01,2026-07-29,20,3323,加百裕,buy,1,國票-桃園,779r,349.0,6.0,343.0,,moneydj,https://fubon-ebrokerdj.fbs.com.tw/z/zc/zco/zco.djhtm?a=3323&e=2026-7-1&f=2026-7-29
2026-07-29,2026-07-01,2026-07-29,20,3323,加百裕,sell,1,永豐金-市政,9A9W,35.0,233.0,198.0,,moneydj,https://fubon-ebrokerdj.fbs.com.tw/z/zc/zco/zco.djhtm?a=3323&e=2026-7-1&f=2026-7-29
2026-07-29,2026-07-01,2026-07-29,20,3323,加百裕,buy,2,美商高盛,1480,632.0,470.0,162.0,,moneydj,https://fubon-ebrokerdj.fbs.com.tw/z/zc/zco/zco.djhtm?a=3323&e=2026-7-1&f=2026-7-29
2026-07-29,2026-07-01,2026-07-29,20,3323,加百裕,sell,2,台灣摩根士丹利,1470,319.0,491.0,172.0,,moneydj,https://fubon-ebrokerdj.fbs.com.tw/z/zc/zco/zco.djhtm?a=3323&e=2026-7-1&f=2026-7-29
2026-07-29,2026-07-01,2026-07-29,20,3323,加百裕,buy,3,富邦-中壢,9636,150.0,39.0,111.0,,moneydj,https://fubon-ebrokerdj.fbs.com.tw/z/zc/zco/zco.djhtm?a=3323&e=2026-7-1&f=2026-7-29
2026-07-29,2026-07-01,2026-07-29,20,3323,加百裕,sell,3,統一-桃園,585H,7.0,132.0,125.0,,moneydj,https://fubon-ebrokerdj.fbs.com.tw/z/zc/zco/zco.djhtm?a=3323&e=2026-7-1&f=2026-7-29
2026-07-29,2026-07-01,2026-07-29,20,3323,加百裕,buy,4,凱基-台北,9268,1983.0,1872.0,111.0,,moneydj,https://fubon-ebrokerdj.fbs.com.tw/z/zc/zco/zco.djhtm?a=3323&e=2026-7-1&f=2026-7-29
2026-07-29,2026-07-01,2026-07-29,20,3323,加百裕,sell,4,元大-博愛,982B,11.0,118.0,107.0,,moneydj,https://fubon-ebrokerdj.fbs.com.tw/z/zc/zco/zco.djhtm?a=3323&e=2026-7-1&f=2026-7-29
2026-07-29,2026-07-01,2026-07-29,20,3323,加百裕,buy,5,台新-成功,9B2m,147.0,45.0,102.0,,moneydj,https://fubon-ebrokerdj.fbs.com.tw/z/zc/zco/zco.djhtm?a=3323&e=2026-7-1&f=2026-7-29
2026-07-29,2026-07-01,2026-07-29,20,3323,加百裕,sell,5,凱基-城中,9227,26.0,128.0,102.0,,moneydj,https://fubon-ebrokerdj.fbs.com.tw/z/zc/zco/zco.djhtm?a=3323&e=2026-7-1&f=2026-7-29
2026-07-29,2026-07-01,2026-07-29,20,3323,加百裕,buy,6,臺銀-高雄,104C,122.0,34.0,88.0,,moneydj,https://fubon-ebrokerdj.fbs.com.tw/z/zc/zco/zco.djhtm?a=3323&e=2026-7-1&f=2026-7-29
2026-07-29,2026-07-01,2026-07-29,20,3323,加百裕,sell,6,新加坡商瑞銀,1650,478.0,574.0,96.0,,moneydj,https://fubon-ebrokerdj.fbs.com.tw/z/zc/zco/zco.djhtm?a=3323&e=2026-7-1&f=2026-7-29
2026-07-29,2026-07-01,2026-07-29,20,3323,加百裕,buy,7,摩根大通,8440,543.0,457.0,86.0,,moneydj,https://fubon-ebrokerdj.fbs.com.tw/z/zc/zco/zco.djhtm?a=3323&e=2026-7-1&f=2026-7-29
2026-07-29,2026-07-01,2026-07-29,20,3323,加百裕,sell,7,國泰-敦南,8888,499.0,594.0,95.0,,moneydj,https://fubon-ebrokerdj.fbs.com.tw/z/zc/zco/zco.djhtm?a=3323&e=2026-7-1&f=2026-7-29
2026-07-29,2026-07-01,2026-07-29,20,3323,加百裕,buy,8,國泰-桃園,8885,202.0,124.0,78.0,,moneydj,https://fubon-ebrokerdj.fbs.com.tw/z/zc/zco/zco.djhtm?a=3323&e=2026-7-1&f=2026-7-29
2026-07-29,2026-07-01,2026-07-29,20,3323,加百裕,sell,8,凱基-站前,920F,85.0,170.0,85.0,,moneydj,https://fubon-ebrokerdj.fbs.com.tw/z/zc/zco/zco.djhtm?a=3323&e=2026-7-1&f=2026-7-29
2026-07-29,2026-07-01,2026-07-29,20,3323,加百裕,buy,9,港商野村,1560,362.0,296.0,66.0,,moneydj,https://fubon-ebrokerdj.fbs.com.tw/z/zc/zco/zco.djhtm?a=3323&e=2026-7-1&f=2026-7-29
2026-07-29,2026-07-01,2026-07-29,20,3323,加百裕,sell,9,元大-大雅,983i,61.0,145.0,84.0,,moneydj,https://fubon-ebrokerdj.fbs.com.tw/z/zc/zco/zco.djhtm?a=3323&e=2026-7-1&f=2026-7-29
2026-07-29,2026-07-01,2026-07-29,20,3323,加百裕,buy,10,元大-員林中山,9835,287.0,221.0,66.0,,moneydj,https://fubon-ebrokerdj.fbs.com.tw/z/zc/zco/zco.djhtm?a=3323&e=2026-7-1&f=2026-7-29
2026-07-29,2026-07-01,2026-07-29,20,3323,加百裕,sell,10,新光-台中,8561,191.0,262.0,71.0,,moneydj,https://fubon-ebrokerdj.fbs.com.tw/z/zc/zco/zco.djhtm?a=3323&e=2026-7-1&f=2026-7-29
2026-07-29,2026-07-01,2026-07-29,20,8028,昇陽半導體,buy,1,摩根大通,8440,6639.0,3109.0,3530.0,,moneydj,https://fubon-ebrokerdj.fbs.com.tw/z/zc/zco/zco.djhtm?a=8028&e=2026-7-1&f=2026-7-29
2026-07-29,2026-07-01,2026-07-29,20,8028,昇陽半導體,sell,1,凱基-站前,920F,603.0,3138.0,2535.0,,moneydj,https://fubon-ebrokerdj.fbs.com.tw/z/zc/zco/zco.djhtm?a=8028&e=2026-7-1&f=2026-7-29
2026-07-29,2026-07-01,2026-07-29,20,8028,昇陽半導體,buy,2,新加坡商瑞銀,1650,5918.0,3170.0,2748.0,,moneydj,https://fubon-ebrokerdj.fbs.com.tw/z/zc/zco/zco.djhtm?a=8028&e=2026-7-1&f=2026-7-29
2026-07-29,2026-07-01,2026-07-29,20,8028,昇陽半導體,sell,2,凱基-台北,9268,7898.0,8966.0,1068.0,,moneydj,https://fubon-ebrokerdj.fbs.com.tw/z/zc/zco/zco.djhtm?a=8028&e=2026-7-1&f=2026-7-29
2026-07-29,2026-07-01,2026-07-29,20,8028,昇陽半導體,buy,3,美林,1440,3077.0,1865.0,1212.0,,moneydj,https://fubon-ebrokerdj.fbs.com.tw/z/zc/zco/zco.djhtm?a=8028&e=2026-7-1&f=2026-7-29
2026-07-29,2026-07-01,2026-07-29,20,8028,昇陽半導體,sell,3,美商高盛,1480,6543.0,7389.0,846.0,,moneydj,https://fubon-ebrokerdj.fbs.com.tw/z/zc/zco/zco.djhtm?a=8028&e=2026-7-1&f=2026-7-29
2026-07-29,2026-07-01,2026-07-29,20,8028,昇陽半導體,buy,4,台灣摩根士丹利,1470,6541.0,5668.0,873.0,,moneydj,https://fubon-ebrokerdj.fbs.com.tw/z/zc/zco/zco.djhtm?a=8028&e=2026-7-1&f=2026-7-29
2026-07-29,2026-07-01,2026-07-29,20,8028,昇陽半導體,sell,4,宏遠證券,1260,64.0,622.0,558.0,,moneydj,https://fubon-ebrokerdj.fbs.com.tw/z/zc/zco/zco.djhtm?a=8028&e=2026-7-1&f=2026-7-29
2026-07-29,2026-07-01,2026-07-29,20,8028,昇陽半導體,buy,5,港商麥格理,1360,625.0,116.0,509.0,,moneydj,https://fubon-ebrokerdj.fbs.com.tw/z/zc/zco/zco.djhtm?a=8028&e=2026-7-1&f=2026-7-29
2026-07-29,2026-07-01,2026-07-29,20,8028,昇陽半導體,sell,5,元大證券,9800,12182.0,12647.0,465.0,,moneydj,https://fubon-ebrokerdj.fbs.com.tw/z/zc/zco/zco.djhtm?a=8028&e=2026-7-1&f=2026-7-29
2026-07-29,2026-07-01,2026-07-29,20,8028,昇陽半導體,buy,6,兆豐證券,7000,1327.0,875.0,452.0,,moneydj,https://fubon-ebrokerdj.fbs.com.tw/z/zc/zco/zco.djhtm?a=8028&e=2026-7-1&f=2026-7-29
2026-07-29,2026-07-01,2026-07-29,20,8028,昇陽半導體,sell,6,台新,9B00,1176.0,1609.0,433.0,,moneydj,https://fubon-ebrokerdj.fbs.com.tw/z/zc/zco/zco.djhtm?a=8028&e=2026-7-1&f=2026-7-29
2026-07-29,2026-07-01,2026-07-29,20,8028,昇陽半導體,buy,7,群益金鼎,9100,1750.0,1472.0,278.0,,moneydj,https://fubon-ebrokerdj.fbs.com.tw/z/zc/zco/zco.djhtm?a=8028&e=2026-7-1&f=2026-7-29
2026-07-29,2026-07-01,2026-07-29,20,8028,昇陽半導體,sell,7,凱基-城中,9227,121.0,465.0,344.0,,moneydj,https://fubon-ebrokerdj.fbs.com.tw/z/zc/zco/zco.djhtm?a=8028&e=2026-7-1&f=2026-7-29
2026-07-29,2026-07-01,2026-07-29,20,8028,昇陽半導體,buy,8,中國信託,6160,513.0,312.0,201.0,,moneydj,https://fubon-ebrokerdj.fbs.com.tw/z/zc/zco/zco.djhtm?a=8028&e=2026-7-1&f=2026-7-29
2026-07-29,2026-07-01,2026-07-29,20,8028,昇陽半導體,sell,8,新光-台南,8564,243.0,419.0,176.0,,moneydj,https://fubon-ebrokerdj.fbs.com.tw/z/zc/zco/zco.djhtm?a=8028&e=2026-7-1&f=2026-7-29
2026-07-29,2026-07-01,2026-07-29,20,8028,昇陽半導體,buy,9,國票-敦北法人,779c,284.0,153.0,131.0,,moneydj,https://fubon-ebrokerdj.fbs.com.tw/z/zc/zco/zco.djhtm?a=8028&e=2026-7-1&f=2026-7-29
2026-07-29,2026-07-01,2026-07-29,20,8028,昇陽半導體,sell,9,元大-信義安和,980R,56.0,221.0,165.0,,moneydj,https://fubon-ebrokerdj.fbs.com.tw/z/zc/zco/zco.djhtm?a=8028&e=2026-7-1&f=2026-7-29
2026-07-29,2026-07-01,2026-07-29,20,8028,昇陽半導體,buy,10,富邦證券,9600,9861.0,9740.0,121.0,,moneydj,https://fubon-ebrokerdj.fbs.com.tw/z/zc/zco/zco.djhtm?a=8028&e=2026-7-1&f=2026-7-29
2026-07-29,2026-07-01,2026-07-29,20,8028,昇陽半導體,sell,10,國泰證券,8880,145.0,300.0,155.0,,moneydj,https://fubon-ebrokerdj.fbs.com.tw/z/zc/zco/zco.djhtm?a=8028&e=2026-7-1&f=2026-7-29
2026-07-29,2026-07-01,2026-07-29,20,2316,楠梓電,buy,1,美商高盛,1480,5223.0,3710.0,1513.0,,moneydj,https://fubon-ebrokerdj.fbs.com.tw/z/zc/zco/zco.djhtm?a=2316&e=2026-7-1&f=2026-7-29
2026-07-29,2026-07-01,2026-07-29,20,2316,楠梓電,sell,1,新加坡商瑞銀,1650,942.0,3253.0,2311.0,,moneydj,https://fubon-ebrokerdj.fbs.com.tw/z/zc/zco/zco.djhtm?a=2316&e=2026-7-1&f=2026-7-29
2026-07-29,2026-07-01,2026-07-29,20,2316,楠梓電,buy,2,國泰-敦南,8888,1213.0,948.0,265.0,,moneydj,https://fubon-ebrokerdj.fbs.com.tw/z/zc/zco/zco.djhtm?a=2316&e=2026-7-1&f=2026-7-29
2026-07-29,2026-07-01,2026-07-29,20,2316,楠梓電,sell,2,摩根大通,8440,2846.0,4357.0,1511.0,,moneydj,https://fubon-ebrokerdj.fbs.com.tw/z/zc/zco/zco.djhtm?a=2316&e=2026-7-1&f=2026-7-29
2026-07-29,2026-07-01,2026-07-29,20,2316,楠梓電,buy,3,元大-楊梅,987A,276.0,15.0,261.0,,moneydj,https://fubon-ebrokerdj.fbs.com.tw/z/zc/zco/zco.djhtm?a=2316&e=2026-7-1&f=2026-7-29
2026-07-29,2026-07-01,2026-07-29,20,2316,楠梓電,sell,3,凱基-台北,9268,3869.0,4287.0,418.0,,moneydj,https://fubon-ebrokerdj.fbs.com.tw/z/zc/zco/zco.djhtm?a=2316&e=2026-7-1&f=2026-7-29
2026-07-29,2026-07-01,2026-07-29,20,2316,楠梓電,buy,4,港商麥格理,1360,263.0,3.0,260.0,,moneydj,https://fubon-ebrokerdj.fbs.com.tw/z/zc/zco/zco.djhtm?a=2316&e=2026-7-1&f=2026-7-29
2026-07-29,2026-07-01,2026-07-29,20,2316,楠梓電,sell,4,港商野村,1560,320.0,676.0,356.0,,moneydj,https://fubon-ebrokerdj.fbs.com.tw/z/zc/zco/zco.djhtm?a=2316&e=2026-7-1&f=2026-7-29
2026-07-29,2026-07-01,2026-07-29,20,2316,楠梓電,buy,5,台灣摩根士丹利,1470,2020.0,1776.0,244.0,,moneydj,https://fubon-ebrokerdj.fbs.com.tw/z/zc/zco/zco.djhtm?a=2316&e=2026-7-1&f=2026-7-29
2026-07-29,2026-07-01,2026-07-29,20,2316,楠梓電,sell,5,美林,1440,621.0,801.0,180.0,,moneydj,https://fubon-ebrokerdj.fbs.com.tw/z/zc/zco/zco.djhtm?a=2316&e=2026-7-1&f=2026-7-29
2026-07-29,2026-07-01,2026-07-29,20,2316,楠梓電,buy,6,永豐金-桃盛,9A9N,245.0,37.0,208.0,,moneydj,https://fubon-ebrokerdj.fbs.com.tw/z/zc/zco/zco.djhtm?a=2316&e=2026-7-1&f=2026-7-29
2026-07-29,2026-07-01,2026-07-29,20,2316,楠梓電,sell,6,永豐金證券,9A00,423.0,601.0,178.0,,moneydj,https://fubon-ebrokerdj.fbs.com.tw/z/zc/zco/zco.djhtm?a=2316&e=2026-7-1&f=2026-7-29
2026-07-29,2026-07-01,2026-07-29,20,2316,楠梓電,buy,7,富邦-竹東,9625,124.0,28.0,96.0,,moneydj,https://fubon-ebrokerdj.fbs.com.tw/z/zc/zco/zco.djhtm?a=2316&e=2026-7-1&f=2026-7-29
2026-07-29,2026-07-01,2026-07-29,20,2316,楠梓電,sell,7,統一-台中,5856,88.0,235.0,147.0,,moneydj,https://fubon-ebrokerdj.fbs.com.tw/z/zc/zco/zco.djhtm?a=2316&e=2026-7-1&f=2026-7-29
2026-07-29,2026-07-01,2026-07-29,20,2316,楠梓電,buy,8,富邦證券,9600,753.0,668.0,85.0,,moneydj,https://fubon-ebrokerdj.fbs.com.tw/z/zc/zco/zco.djhtm?a=2316&e=2026-7-1&f=2026-7-29
2026-07-29,2026-07-01,2026-07-29,20,2316,楠梓電,sell,8,兆豐-民生,700c,83.0,214.0,131.0,,moneydj,https://fubon-ebrokerdj.fbs.com.tw/z/zc/zco/zco.djhtm?a=2316&e=2026-7-1&f=2026-7-29
2026-07-29,2026-07-01,2026-07-29,20,2316,楠梓電,buy,9,富邦-永康,961Z,90.0,6.0,84.0,,moneydj,https://fubon-ebrokerdj.fbs.com.tw/z/zc/zco/zco.djhtm?a=2316&e=2026-7-1&f=2026-7-29
2026-07-29,2026-07-01,2026-07-29,20,2316,楠梓電,sell,9,兆豐-大安,700j,38.0,161.0,123.0,,moneydj,https://fubon-ebrokerdj.fbs.com.tw/z/zc/zco/zco.djhtm?a=2316&e=2026-7-1&f=2026-7-29
2026-07-29,2026-07-01,2026-07-29,20,2316,楠梓電,buy,10,國票-桃園,779r,133.0,50.0,83.0,,moneydj,https://fubon-ebrokerdj.fbs.com.tw/z/zc/zco/zco.djhtm?a=2316&e=2026-7-1&f=2026-7-29
2026-07-29,2026-07-01,2026-07-29,20,2316,楠梓電,sell,10,台新-敦南,9B2Q,103.0,207.0,104.0,,moneydj,https://fubon-ebrokerdj.fbs.com.tw/z/zc/zco/zco.djhtm?a=2316&e=2026-7-1&f=2026-7-29
2026-07-29,2026-07-01,2026-07-29,20,1231,聯華食,buy,1,港商野村,1560,122.0,20.0,102.0,,moneydj,https://fubon-ebrokerdj.fbs.com.tw/z/zc/zco/zco.djhtm?a=1231&e=2026-7-1&f=2026-7-29
2026-07-29,2026-07-01,2026-07-29,20,1231,聯華食,sell,1,臺銀-高雄,104C,43.0,243.0,200.0,,moneydj,https://fubon-ebrokerdj.fbs.com.tw/z/zc/zco/zco.djhtm?a=1231&e=2026-7-1&f=2026-7-29
2026-07-29,2026-07-01,2026-07-29,20,1231,聯華食,buy,2,美林,1440,202.0,105.0,97.0,,moneydj,https://fubon-ebrokerdj.fbs.com.tw/z/zc/zco/zco.djhtm?a=1231&e=2026-7-1&f=2026-7-29
2026-07-29,2026-07-01,2026-07-29,20,1231,聯華食,sell,2,美商高盛,1480,757.0,918.0,161.0,,moneydj,https://fubon-ebrokerdj.fbs.com.tw/z/zc/zco/zco.djhtm?a=1231&e=2026-7-1&f=2026-7-29
2026-07-29,2026-07-01,2026-07-29,20,1231,聯華食,buy,3,元大-民雄,981V,102.0,9.0,93.0,,moneydj,https://fubon-ebrokerdj.fbs.com.tw/z/zc/zco/zco.djhtm?a=1231&e=2026-7-1&f=2026-7-29
2026-07-29,2026-07-01,2026-07-29,20,1231,聯華食,sell,3,元大-台北,980h,8.0,103.0,95.0,,moneydj,https://fubon-ebrokerdj.fbs.com.tw/z/zc/zco/zco.djhtm?a=1231&e=2026-7-1&f=2026-7-29
2026-07-29,2026-07-01,2026-07-29,20,1231,聯華食,buy,4,凱基-台北,9268,826.0,733.0,93.0,,moneydj,https://fubon-ebrokerdj.fbs.com.tw/z/zc/zco/zco.djhtm?a=1231&e=2026-7-1&f=2026-7-29
2026-07-29,2026-07-01,2026-07-29,20,1231,聯華食,sell,4,元大-土城,9897,1.0,67.0,66.0,,moneydj,https://fubon-ebrokerdj.fbs.com.tw/z/zc/zco/zco.djhtm?a=1231&e=2026-7-1&f=2026-7-29
2026-07-29,2026-07-01,2026-07-29,20,1231,聯華食,buy,5,富邦-台北,9623,99.0,22.0,77.0,,moneydj,https://fubon-ebrokerdj.fbs.com.tw/z/zc/zco/zco.djhtm?a=1231&e=2026-7-1&f=2026-7-29
2026-07-29,2026-07-01,2026-07-29,20,1231,聯華食,sell,5,元大-龍潭,9858,31.0,95.0,64.0,,moneydj,https://fubon-ebrokerdj.fbs.com.tw/z/zc/zco/zco.djhtm?a=1231&e=2026-7-1&f=2026-7-29
2026-07-29,2026-07-01,2026-07-29,20,1231,聯華食,buy,6,元大-高雄,981m,89.0,11.0,78.0,,moneydj,https://fubon-ebrokerdj.fbs.com.tw/z/zc/zco/zco.djhtm?a=1231&e=2026-7-1&f=2026-7-29
2026-07-29,2026-07-01,2026-07-29,20,1231,聯華食,sell,6,元大-大里,981g,27.0,75.0,48.0,,moneydj,https://fubon-ebrokerdj.fbs.com.tw/z/zc/zco/zco.djhtm?a=1231&e=2026-7-1&f=2026-7-29
2026-07-29,2026-07-01,2026-07-29,20,1231,聯華食,buy,7,花旗環球,1590,103.0,39.0,64.0,,moneydj,https://fubon-ebrokerdj.fbs.com.tw/z/zc/zco/zco.djhtm?a=1231&e=2026-7-1&f=2026-7-29
2026-07-29,2026-07-01,2026-07-29,20,1231,聯華食,sell,7,富邦-南京,961C,9.0,49.0,40.0,,moneydj,https://fubon-ebrokerdj.fbs.com.tw/z/zc/zco/zco.djhtm?a=1231&e=2026-7-1&f=2026-7-29
2026-07-29,2026-07-01,2026-07-29,20,1231,聯華食,buy,8,玉山-高雄,8843,85.0,26.0,59.0,,moneydj,https://fubon-ebrokerdj.fbs.com.tw/z/zc/zco/zco.djhtm?a=1231&e=2026-7-1&f=2026-7-29
2026-07-29,2026-07-01,2026-07-29,20,1231,聯華食,sell,8,臺銀-金山,104D,31.0,71.0,40.0,,moneydj,https://fubon-ebrokerdj.fbs.com.tw/z/zc/zco/zco.djhtm?a=1231&e=2026-7-1&f=2026-7-29
2026-07-29,2026-07-01,2026-07-29,20,1231,聯華食,buy,9,凱基-中壢,9285,60.0,8.0,52.0,,moneydj,https://fubon-ebrokerdj.fbs.com.tw/z/zc/zco/zco.djhtm?a=1231&e=2026-7-1&f=2026-7-29
2026-07-29,2026-07-01,2026-07-29,20,1231,聯華食,sell,9,國泰-高雄,8881,41.0,80.0,39.0,,moneydj,https://fubon-ebrokerdj.fbs.com.tw/z/zc/zco/zco.djhtm?a=1231&e=2026-7-1&f=2026-7-29
2026-07-29,2026-07-01,2026-07-29,20,1231,聯華食,buy,10,群益金鼎-忠孝,918W,50.0,0.0,50.0,,moneydj,https://fubon-ebrokerdj.fbs.com.tw/z/zc/zco/zco.djhtm?a=1231&e=2026-7-1&f=2026-7-29
2026-07-29,2026-07-01,2026-07-29,20,1231,聯華食,sell,10,中國信託,6160,12.0,50.0,38.0,,moneydj,https://fubon-ebrokerdj.fbs.com.tw/z/zc/zco/zco.djhtm?a=1231&e=2026-7-1&f=2026-7-29
2026-07-29,2026-07-01,2026-07-29,20,2458,義隆,buy,1,群益金鼎,9100,4738.0,1290.0,3448.0,,moneydj,https://fubon-ebrokerdj.fbs.com.tw/z/zc/zco/zco.djhtm?a=2458&e=2026-7-1&f=2026-7-29
2026-07-29,2026-07-01,2026-07-29,20,2458,義隆,sell,1,台灣摩根士丹利,1470,5294.0,8546.0,3252.0,,moneydj,https://fubon-ebrokerdj.fbs.com.tw/z/zc/zco/zco.djhtm?a=2458&e=2026-7-1&f=2026-7-29
2026-07-29,2026-07-01,2026-07-29,20,2458,義隆,buy,2,凱基,9200,2362.0,372.0,1990.0,,moneydj,https://fubon-ebrokerdj.fbs.com.tw/z/zc/zco/zco.djhtm?a=2458&e=2026-7-1&f=2026-7-29
2026-07-29,2026-07-01,2026-07-29,20,2458,義隆,sell,2,元大-新竹,9816,200.0,1008.0,808.0,,moneydj,https://fubon-ebrokerdj.fbs.com.tw/z/zc/zco/zco.djhtm?a=2458&e=2026-7-1&f=2026-7-29
2026-07-29,2026-07-01,2026-07-29,20,2458,義隆,buy,3,永豐金證券,9A00,3016.0,1388.0,1628.0,,moneydj,https://fubon-ebrokerdj.fbs.com.tw/z/zc/zco/zco.djhtm?a=2458&e=2026-7-1&f=2026-7-29
2026-07-29,2026-07-01,2026-07-29,20,2458,義隆,sell,3,凱基-台北,9268,6803.0,7539.0,736.0,,moneydj,https://fubon-ebrokerdj.fbs.com.tw/z/zc/zco/zco.djhtm?a=2458&e=2026-7-1&f=2026-7-29
2026-07-29,2026-07-01,2026-07-29,20,2458,義隆,buy,4,統一,5850,1701.0,767.0,934.0,,moneydj,https://fubon-ebrokerdj.fbs.com.tw/z/zc/zco/zco.djhtm?a=2458&e=2026-7-1&f=2026-7-29
2026-07-29,2026-07-01,2026-07-29,20,2458,義隆,sell,4,美商高盛,1480,8037.0,8711.0,674.0,,moneydj,https://fubon-ebrokerdj.fbs.com.tw/z/zc/zco/zco.djhtm?a=2458&e=2026-7-1&f=2026-7-29
2026-07-29,2026-07-01,2026-07-29,20,2458,義隆,buy,5,新加坡商瑞銀,1650,3459.0,2849.0,610.0,,moneydj,https://fubon-ebrokerdj.fbs.com.tw/z/zc/zco/zco.djhtm?a=2458&e=2026-7-1&f=2026-7-29
2026-07-29,2026-07-01,2026-07-29,20,2458,義隆,sell,5,國票-敦北法人,779c,177.0,841.0,664.0,,moneydj,https://fubon-ebrokerdj.fbs.com.tw/z/zc/zco/zco.djhtm?a=2458&e=2026-7-1&f=2026-7-29
2026-07-29,2026-07-01,2026-07-29,20,2458,義隆,buy,6,美林,1440,2816.0,2282.0,534.0,,moneydj,https://fubon-ebrokerdj.fbs.com.tw/z/zc/zco/zco.djhtm?a=2458&e=2026-7-1&f=2026-7-29
2026-07-29,2026-07-01,2026-07-29,20,2458,義隆,sell,6,中國信託-高雄,616K,93.0,591.0,498.0,,moneydj,https://fubon-ebrokerdj.fbs.com.tw/z/zc/zco/zco.djhtm?a=2458&e=2026-7-1&f=2026-7-29
2026-07-29,2026-07-01,2026-07-29,20,2458,義隆,buy,7,國泰證券,8880,933.0,432.0,501.0,,moneydj,https://fubon-ebrokerdj.fbs.com.tw/z/zc/zco/zco.djhtm?a=2458&e=2026-7-1&f=2026-7-29
2026-07-29,2026-07-01,2026-07-29,20,2458,義隆,sell,7,元大-淡水,9899,915.0,1173.0,258.0,,moneydj,https://fubon-ebrokerdj.fbs.com.tw/z/zc/zco/zco.djhtm?a=2458&e=2026-7-1&f=2026-7-29
2026-07-29,2026-07-01,2026-07-29,20,2458,義隆,buy,8,富邦證券,9600,1871.0,1545.0,326.0,,moneydj,https://fubon-ebrokerdj.fbs.com.tw/z/zc/zco/zco.djhtm?a=2458&e=2026-7-1&f=2026-7-29
2026-07-29,2026-07-01,2026-07-29,20,2458,義隆,sell,8,花旗環球,1590,734.0,983.0,249.0,,moneydj,https://fubon-ebrokerdj.fbs.com.tw/z/zc/zco/zco.djhtm?a=2458&e=2026-7-1&f=2026-7-29
2026-07-29,2026-07-01,2026-07-29,20,2458,義隆,buy,9,中國信託,6160,658.0,394.0,264.0,,moneydj,https://fubon-ebrokerdj.fbs.com.tw/z/zc/zco/zco.djhtm?a=2458&e=2026-7-1&f=2026-7-29
2026-07-29,2026-07-01,2026-07-29,20,2458,義隆,sell,9,凱基-高美館,9215,159.0,366.0,207.0,,moneydj,https://fubon-ebrokerdj.fbs.com.tw/z/zc/zco/zco.djhtm?a=2458&e=2026-7-1&f=2026-7-29
2026-07-29,2026-07-01,2026-07-29,20,2458,義隆,buy,10,摩根大通,8440,5193.0,4973.0,220.0,,moneydj,https://fubon-ebrokerdj.fbs.com.tw/z/zc/zco/zco.djhtm?a=2458&e=2026-7-1&f=2026-7-29
2026-07-29,2026-07-01,2026-07-29,20,2458,義隆,sell,10,合庫-高雄,1023,55.0,253.0,198.0,,moneydj,https://fubon-ebrokerdj.fbs.com.tw/z/zc/zco/zco.djhtm?a=2458&e=2026-7-1&f=2026-7-29
2026-07-29,2026-07-01,2026-07-29,20,6121,新普,buy,1,台灣摩根士丹利,1470,3330.0,1862.0,1468.0,,moneydj,https://fubon-ebrokerdj.fbs.com.tw/z/zc/zco/zco.djhtm?a=6121&e=2026-7-1&f=2026-7-29
2026-07-29,2026-07-01,2026-07-29,20,6121,新普,sell,1,富邦證券,9600,244.0,2739.0,2495.0,,moneydj,https://fubon-ebrokerdj.fbs.com.tw/z/zc/zco/zco.djhtm?a=6121&e=2026-7-1&f=2026-7-29
2026-07-29,2026-07-01,2026-07-29,20,6121,新普,buy,2,凱基,9200,1586.0,220.0,1366.0,,moneydj,https://fubon-ebrokerdj.fbs.com.tw/z/zc/zco/zco.djhtm?a=6121&e=2026-7-1&f=2026-7-29
2026-07-29,2026-07-01,2026-07-29,20,6121,新普,sell,2,台新-台北,9B20,12.0,1616.0,1604.0,,moneydj,https://fubon-ebrokerdj.fbs.com.tw/z/zc/zco/zco.djhtm?a=6121&e=2026-7-1&f=2026-7-29
2026-07-29,2026-07-01,2026-07-29,20,6121,新普,buy,3,美林,1440,1072.0,224.0,848.0,,moneydj,https://fubon-ebrokerdj.fbs.com.tw/z/zc/zco/zco.djhtm?a=6121&e=2026-7-1&f=2026-7-29
2026-07-29,2026-07-01,2026-07-29,20,6121,新普,sell,3,國票-敦北法人,779c,15.0,733.0,718.0,,moneydj,https://fubon-ebrokerdj.fbs.com.tw/z/zc/zco/zco.djhtm?a=6121&e=2026-7-1&f=2026-7-29
2026-07-29,2026-07-01,2026-07-29,20,6121,新普,buy,4,統一,5850,1329.0,566.0,763.0,,moneydj,https://fubon-ebrokerdj.fbs.com.tw/z/zc/zco/zco.djhtm?a=6121&e=2026-7-1&f=2026-7-29
2026-07-29,2026-07-01,2026-07-29,20,6121,新普,sell,4,第一金,5380,2.0,626.0,624.0,,moneydj,https://fubon-ebrokerdj.fbs.com.tw/z/zc/zco/zco.djhtm?a=6121&e=2026-7-1&f=2026-7-29
2026-07-29,2026-07-01,2026-07-29,20,6121,新普,buy,5,美商高盛,1480,2000.0,1312.0,688.0,,moneydj,https://fubon-ebrokerdj.fbs.com.tw/z/zc/zco/zco.djhtm?a=6121&e=2026-7-1&f=2026-7-29
2026-07-29,2026-07-01,2026-07-29,20,6121,新普,sell,5,國泰證券,8880,139.0,692.0,553.0,,moneydj,https://fubon-ebrokerdj.fbs.com.tw/z/zc/zco/zco.djhtm?a=6121&e=2026-7-1&f=2026-7-29
2026-07-29,2026-07-01,2026-07-29,20,6121,新普,buy,6,新加坡商瑞銀,1650,1342.0,901.0,441.0,,moneydj,https://fubon-ebrokerdj.fbs.com.tw/z/zc/zco/zco.djhtm?a=6121&e=2026-7-1&f=2026-7-29
2026-07-29,2026-07-01,2026-07-29,20,6121,新普,sell,6,兆豐證券,7000,16.0,418.0,402.0,,moneydj,https://fubon-ebrokerdj.fbs.com.tw/z/zc/zco/zco.djhtm?a=6121&e=2026-7-1&f=2026-7-29
2026-07-29,2026-07-01,2026-07-29,20,6121,新普,buy,7,永豐金-匯立,9A81,444.0,22.0,422.0,,moneydj,https://fubon-ebrokerdj.fbs.com.tw/z/zc/zco/zco.djhtm?a=6121&e=2026-7-1&f=2026-7-29
2026-07-29,2026-07-01,2026-07-29,20,6121,新普,sell,7,華南永昌,9300,163.0,559.0,396.0,,moneydj,https://fubon-ebrokerdj.fbs.com.tw/z/zc/zco/zco.djhtm?a=6121&e=2026-7-1&f=2026-7-29
2026-07-29,2026-07-01,2026-07-29,20,6121,新普,buy,8,群益金鼎,9100,547.0,134.0,413.0,,moneydj,https://fubon-ebrokerdj.fbs.com.tw/z/zc/zco/zco.djhtm?a=6121&e=2026-7-1&f=2026-7-29
2026-07-29,2026-07-01,2026-07-29,20,6121,新普,sell,8,摩根大通,8440,1710.0,1990.0,280.0,,moneydj,https://fubon-ebrokerdj.fbs.com.tw/z/zc/zco/zco.djhtm?a=6121&e=2026-7-1&f=2026-7-29
2026-07-29,2026-07-01,2026-07-29,20,6121,新普,buy,9,元大-崇德,981S,373.0,2.0,371.0,,moneydj,https://fubon-ebrokerdj.fbs.com.tw/z/zc/zco/zco.djhtm?a=6121&e=2026-7-1&f=2026-7-29
2026-07-29,2026-07-01,2026-07-29,20,6121,新普,sell,9,台新-城東,9B2r,21.0,250.0,229.0,,moneydj,https://fubon-ebrokerdj.fbs.com.tw/z/zc/zco/zco.djhtm?a=6121&e=2026-7-1&f=2026-7-29
2026-07-29,2026-07-01,2026-07-29,20,6121,新普,buy,10,花旗環球,1590,679.0,491.0,188.0,,moneydj,https://fubon-ebrokerdj.fbs.com.tw/z/zc/zco/zco.djhtm?a=6121&e=2026-7-1&f=2026-7-29
2026-07-29,2026-07-01,2026-07-29,20,6121,新普,sell,10,香港上海匯豐,8960,78.0,277.0,199.0,,moneydj,https://fubon-ebrokerdj.fbs.com.tw/z/zc/zco/zco.djhtm?a=6121&e=2026-7-1&f=2026-7-29
2026-07-29,2026-07-01,2026-07-29,20,6649,台生材,buy,1,群益金鼎,9100,145.0,31.0,114.0,,moneydj,https://fubon-ebrokerdj.fbs.com.tw/z/zc/zco/zco.djhtm?a=6649&e=2026-7-1&f=2026-7-29
2026-07-29,2026-07-01,2026-07-29,20,6649,台生材,sell,1,台新-三重,9B23,0.0,150.0,150.0,,moneydj,https://fubon-ebrokerdj.fbs.com.tw/z/zc/zco/zco.djhtm?a=6649&e=2026-7-1&f=2026-7-29
2026-07-29,2026-07-01,2026-07-29,20,6649,台生材,buy,2,富邦-公益,961F,54.0,0.0,54.0,,moneydj,https://fubon-ebrokerdj.fbs.com.tw/z/zc/zco/zco.djhtm?a=6649&e=2026-7-1&f=2026-7-29
2026-07-29,2026-07-01,2026-07-29,20,6649,台生材,sell,2,台新-信義,9B2H,327.0,378.0,51.0,,moneydj,https://fubon-ebrokerdj.fbs.com.tw/z/zc/zco/zco.djhtm?a=6649&e=2026-7-1&f=2026-7-29
2026-07-29,2026-07-01,2026-07-29,20,6649,台生材,buy,3,臺銀-高雄,104C,62.0,17.0,45.0,,moneydj,https://fubon-ebrokerdj.fbs.com.tw/z/zc/zco/zco.djhtm?a=6649&e=2026-7-1&f=2026-7-29
2026-07-29,2026-07-01,2026-07-29,20,6649,台生材,sell,3,美林,1440,0.0,32.0,32.0,,moneydj,https://fubon-ebrokerdj.fbs.com.tw/z/zc/zco/zco.djhtm?a=6649&e=2026-7-1&f=2026-7-29
2026-07-29,2026-07-01,2026-07-29,20,6649,台生材,buy,4,元大-土城永寧,9875,30.0,0.0,30.0,,moneydj,https://fubon-ebrokerdj.fbs.com.tw/z/zc/zco/zco.djhtm?a=6649&e=2026-7-1&f=2026-7-29
2026-07-29,2026-07-01,2026-07-29,20,6649,台生材,sell,4,兆豐-中壢,700b,5.0,32.0,27.0,,moneydj,https://fubon-ebrokerdj.fbs.com.tw/z/zc/zco/zco.djhtm?a=6649&e=2026-7-1&f=2026-7-29
2026-07-29,2026-07-01,2026-07-29,20,6649,台生材,buy,5,國票-敦北法人,779c,66.0,39.0,27.0,,moneydj,https://fubon-ebrokerdj.fbs.com.tw/z/zc/zco/zco.djhtm?a=6649&e=2026-7-1&f=2026-7-29
2026-07-29,2026-07-01,2026-07-29,20,6649,台生材,sell,5,凱基-台北,9268,76.0,101.0,25.0,,moneydj,https://fubon-ebrokerdj.fbs.com.tw/z/zc/zco/zco.djhtm?a=6649&e=2026-7-1&f=2026-7-29
2026-07-29,2026-07-01,2026-07-29,20,6649,台生材,buy,6,凱基-長庚,9233,26.0,0.0,26.0,,moneydj,https://fubon-ebrokerdj.fbs.com.tw/z/zc/zco/zco.djhtm?a=6649&e=2026-7-1&f=2026-7-29
2026-07-29,2026-07-01,2026-07-29,20,6649,台生材,sell,6,兆豐-寶成,700r,0.0,17.0,17.0,,moneydj,https://fubon-ebrokerdj.fbs.com.tw/z/zc/zco/zco.djhtm?a=6649&e=2026-7-1&f=2026-7-29
2026-07-29,2026-07-01,2026-07-29,20,6649,台生材,buy,7,元大-內湖,989N,30.0,5.0,25.0,,moneydj,https://fubon-ebrokerdj.fbs.com.tw/z/zc/zco/zco.djhtm?a=6649&e=2026-7-1&f=2026-7-29
2026-07-29,2026-07-01,2026-07-29,20,6649,台生材,sell,7,富邦-敦南,9663,0.0,17.0,17.0,,moneydj,https://fubon-ebrokerdj.fbs.com.tw/z/zc/zco/zco.djhtm?a=6649&e=2026-7-1&f=2026-7-29
2026-07-29,2026-07-01,2026-07-29,20,6649,台生材,buy,8,兆豐-竹北,7007,39.0,14.0,25.0,,moneydj,https://fubon-ebrokerdj.fbs.com.tw/z/zc/zco/zco.djhtm?a=6649&e=2026-7-1&f=2026-7-29
2026-07-29,2026-07-01,2026-07-29,20,6649,台生材,sell,8,國票-中和,779X,0.0,17.0,17.0,,moneydj,https://fubon-ebrokerdj.fbs.com.tw/z/zc/zco/zco.djhtm?a=6649&e=2026-7-1&f=2026-7-29
2026-07-29,2026-07-01,2026-07-29,20,6649,台生材,buy,9,元大-屏東民生,981h,30.0,7.0,23.0,,moneydj,https://fubon-ebrokerdj.fbs.com.tw/z/zc/zco/zco.djhtm?a=6649&e=2026-7-1&f=2026-7-29
2026-07-29,2026-07-01,2026-07-29,20,6649,台生材,sell,9,群益金鼎-鳳山,918c,0.0,15.0,15.0,,moneydj,https://fubon-ebrokerdj.fbs.com.tw/z/zc/zco/zco.djhtm?a=6649&e=2026-7-1&f=2026-7-29
2026-07-29,2026-07-01,2026-07-29,20,6649,台生材,buy,10,亞東,2180,16.0,0.0,16.0,,moneydj,https://fubon-ebrokerdj.fbs.com.tw/z/zc/zco/zco.djhtm?a=6649&e=2026-7-1&f=2026-7-29
2026-07-29,2026-07-01,2026-07-29,20,6649,台生材,sell,10,國泰-板橋,888K,8.0,23.0,15.0,,moneydj,https://fubon-ebrokerdj.fbs.com.tw/z/zc/zco/zco.djhtm?a=6649&e=2026-7-1&f=2026-7-29
2026-07-29,2026-07-01,2026-07-29,20,6958,日盛台駿,buy,1,台新,9B00,100.0,2.0,98.0,,moneydj,https://fubon-ebrokerdj.fbs.com.tw/z/zc/zco/zco.djhtm?a=6958&e=2026-7-1&f=2026-7-29
2026-07-29,2026-07-01,2026-07-29,20,6958,日盛台駿,sell,1,富邦-建國,9658,2.0,65.0,63.0,,moneydj,https://fubon-ebrokerdj.fbs.com.tw/z/zc/zco/zco.djhtm?a=6958&e=2026-7-1&f=2026-7-29
2026-07-29,2026-07-01,2026-07-29,20,6958,日盛台駿,buy,2,花旗環球,1590,100.0,26.0,74.0,,moneydj,https://fubon-ebrokerdj.fbs.com.tw/z/zc/zco/zco.djhtm?a=6958&e=2026-7-1&f=2026-7-29
2026-07-29,2026-07-01,2026-07-29,20,6958,日盛台駿,sell,2,國泰-敦南,8888,14.0,43.0,29.0,,moneydj,https://fubon-ebrokerdj.fbs.com.tw/z/zc/zco/zco.djhtm?a=6958&e=2026-7-1&f=2026-7-29
2026-07-29,2026-07-01,2026-07-29,20,6958,日盛台駿,buy,3,凱基-台北,9268,187.0,115.0,72.0,,moneydj,https://fubon-ebrokerdj.fbs.com.tw/z/zc/zco/zco.djhtm?a=6958&e=2026-7-1&f=2026-7-29
2026-07-29,2026-07-01,2026-07-29,20,6958,日盛台駿,sell,3,元大-松江,9801,0.0,28.0,28.0,,moneydj,https://fubon-ebrokerdj.fbs.com.tw/z/zc/zco/zco.djhtm?a=6958&e=2026-7-1&f=2026-7-29
2026-07-29,2026-07-01,2026-07-29,20,6958,日盛台駿,buy,4,摩根大通,8440,93.0,31.0,62.0,,moneydj,https://fubon-ebrokerdj.fbs.com.tw/z/zc/zco/zco.djhtm?a=6958&e=2026-7-1&f=2026-7-29
2026-07-29,2026-07-01,2026-07-29,20,6958,日盛台駿,sell,4,統一-新台中,585D,0.0,20.0,20.0,,moneydj,https://fubon-ebrokerdj.fbs.com.tw/z/zc/zco/zco.djhtm?a=6958&e=2026-7-1&f=2026-7-29
2026-07-29,2026-07-01,2026-07-29,20,6958,日盛台駿,buy,5,日進,5660,48.0,0.0,48.0,,moneydj,https://fubon-ebrokerdj.fbs.com.tw/z/zc/zco/zco.djhtm?a=6958&e=2026-7-1&f=2026-7-29
2026-07-29,2026-07-01,2026-07-29,20,6958,日盛台駿,sell,5,富邦-南京,961C,0.0,18.0,18.0,,moneydj,https://fubon-ebrokerdj.fbs.com.tw/z/zc/zco/zco.djhtm?a=6958&e=2026-7-1&f=2026-7-29
2026-07-29,2026-07-01,2026-07-29,20,6958,日盛台駿,buy,6,美林,1440,58.0,12.0,46.0,,moneydj,https://fubon-ebrokerdj.fbs.com.tw/z/zc/zco/zco.djhtm?a=6958&e=2026-7-1&f=2026-7-29
2026-07-29,2026-07-01,2026-07-29,20,6958,日盛台駿,sell,6,國票-九鼎,779P,1.0,15.0,14.0,,moneydj,https://fubon-ebrokerdj.fbs.com.tw/z/zc/zco/zco.djhtm?a=6958&e=2026-7-1&f=2026-7-29
2026-07-29,2026-07-01,2026-07-29,20,6958,日盛台駿,buy,7,合庫-彰化,1028,50.0,20.0,30.0,,moneydj,https://fubon-ebrokerdj.fbs.com.tw/z/zc/zco/zco.djhtm?a=6958&e=2026-7-1&f=2026-7-29
2026-07-29,2026-07-01,2026-07-29,20,6958,日盛台駿,sell,7,台新-松江,9B15,0.0,14.0,14.0,,moneydj,https://fubon-ebrokerdj.fbs.com.tw/z/zc/zco/zco.djhtm?a=6958&e=2026-7-1&f=2026-7-29
2026-07-29,2026-07-01,2026-07-29,20,6958,日盛台駿,buy,8,元大證券,9800,53.0,28.0,25.0,,moneydj,https://fubon-ebrokerdj.fbs.com.tw/z/zc/zco/zco.djhtm?a=6958&e=2026-7-1&f=2026-7-29
2026-07-29,2026-07-01,2026-07-29,20,6958,日盛台駿,sell,8,台新-板橋,9B2b,0.0,14.0,14.0,,moneydj,https://fubon-ebrokerdj.fbs.com.tw/z/zc/zco/zco.djhtm?a=6958&e=2026-7-1&f=2026-7-29
2026-07-29,2026-07-01,2026-07-29,20,6958,日盛台駿,buy,9,台灣摩根士丹利,1470,68.0,50.0,18.0,,moneydj,https://fubon-ebrokerdj.fbs.com.tw/z/zc/zco/zco.djhtm?a=6958&e=2026-7-1&f=2026-7-29
2026-07-29,2026-07-01,2026-07-29,20,6958,日盛台駿,sell,9,中國信託-永康,6163,0.0,13.0,13.0,,moneydj,https://fubon-ebrokerdj.fbs.com.tw/z/zc/zco/zco.djhtm?a=6958&e=2026-7-1&f=2026-7-29
2026-07-29,2026-07-01,2026-07-29,20,6958,日盛台駿,buy,10,新光-高雄,8562,21.0,4.0,17.0,,moneydj,https://fubon-ebrokerdj.fbs.com.tw/z/zc/zco/zco.djhtm?a=6958&e=2026-7-1&f=2026-7-29
2026-07-29,2026-07-01,2026-07-29,20,6958,日盛台駿,sell,10,兆豐-忠孝,700a,0.0,13.0,13.0,,moneydj,https://fubon-ebrokerdj.fbs.com.tw/z/zc/zco/zco.djhtm?a=6958&e=2026-7-1&f=2026-7-29
2026-07-29,2026-07-01,2026-07-29,20,2368,金像電,buy,1,美商高盛,1480,11402.0,7893.0,3509.0,,moneydj,https://fubon-ebrokerdj.fbs.com.tw/z/zc/zco/zco.djhtm?a=2368&e=2026-7-1&f=2026-7-29
2026-07-29,2026-07-01,2026-07-29,20,2368,金像電,sell,1,永豐金證券,9A00,2225.0,5086.0,2861.0,,moneydj,https://fubon-ebrokerdj.fbs.com.tw/z/zc/zco/zco.djhtm?a=2368&e=2026-7-1&f=2026-7-29
2026-07-29,2026-07-01,2026-07-29,20,2368,金像電,buy,2,台灣摩根士丹利,1470,9318.0,5821.0,3497.0,,moneydj,https://fubon-ebrokerdj.fbs.com.tw/z/zc/zco/zco.djhtm?a=2368&e=2026-7-1&f=2026-7-29
2026-07-29,2026-07-01,2026-07-29,20,2368,金像電,sell,2,元大證券,9800,10488.0,12888.0,2400.0,,moneydj,https://fubon-ebrokerdj.fbs.com.tw/z/zc/zco/zco.djhtm?a=2368&e=2026-7-1&f=2026-7-29
2026-07-29,2026-07-01,2026-07-29,20,2368,金像電,buy,3,美林,1440,4245.0,1821.0,2424.0,,moneydj,https://fubon-ebrokerdj.fbs.com.tw/z/zc/zco/zco.djhtm?a=2368&e=2026-7-1&f=2026-7-29
2026-07-29,2026-07-01,2026-07-29,20,2368,金像電,sell,3,統一,5850,434.0,2368.0,1934.0,,moneydj,https://fubon-ebrokerdj.fbs.com.tw/z/zc/zco/zco.djhtm?a=2368&e=2026-7-1&f=2026-7-29
2026-07-29,2026-07-01,2026-07-29,20,2368,金像電,buy,4,凱基-台北,9268,9270.0,7624.0,1646.0,,moneydj,https://fubon-ebrokerdj.fbs.com.tw/z/zc/zco/zco.djhtm?a=2368&e=2026-7-1&f=2026-7-29
2026-07-29,2026-07-01,2026-07-29,20,2368,金像電,sell,4,富邦證券,9600,1443.0,2754.0,1311.0,,moneydj,https://fubon-ebrokerdj.fbs.com.tw/z/zc/zco/zco.djhtm?a=2368&e=2026-7-1&f=2026-7-29
2026-07-29,2026-07-01,2026-07-29,20,2368,金像電,buy,5,新加坡商瑞銀,1650,4032.0,2707.0,1325.0,,moneydj,https://fubon-ebrokerdj.fbs.com.tw/z/zc/zco/zco.djhtm?a=2368&e=2026-7-1&f=2026-7-29
2026-07-29,2026-07-01,2026-07-29,20,2368,金像電,sell,5,群益金鼎,9100,692.0,1983.0,1291.0,,moneydj,https://fubon-ebrokerdj.fbs.com.tw/z/zc/zco/zco.djhtm?a=2368&e=2026-7-1&f=2026-7-29
2026-07-29,2026-07-01,2026-07-29,20,2368,金像電,buy,6,永豐金-匯立,9A81,1422.0,562.0,860.0,,moneydj,https://fubon-ebrokerdj.fbs.com.tw/z/zc/zco/zco.djhtm?a=2368&e=2026-7-1&f=2026-7-29
2026-07-29,2026-07-01,2026-07-29,20,2368,金像電,sell,6,國票-敦北法人,779c,228.0,891.0,663.0,,moneydj,https://fubon-ebrokerdj.fbs.com.tw/z/zc/zco/zco.djhtm?a=2368&e=2026-7-1&f=2026-7-29
2026-07-29,2026-07-01,2026-07-29,20,2368,金像電,buy,7,土銀,1030,491.0,114.0,377.0,,moneydj,https://fubon-ebrokerdj.fbs.com.tw/z/zc/zco/zco.djhtm?a=2368&e=2026-7-1&f=2026-7-29
2026-07-29,2026-07-01,2026-07-29,20,2368,金像電,sell,7,國泰證券,8880,1116.0,1702.0,586.0,,moneydj,https://fubon-ebrokerdj.fbs.com.tw/z/zc/zco/zco.djhtm?a=2368&e=2026-7-1&f=2026-7-29
2026-07-29,2026-07-01,2026-07-29,20,2368,金像電,buy,8,法銀巴黎,8900,434.0,73.0,361.0,,moneydj,https://fubon-ebrokerdj.fbs.com.tw/z/zc/zco/zco.djhtm?a=2368&e=2026-7-1&f=2026-7-29
2026-07-29,2026-07-01,2026-07-29,20,2368,金像電,sell,8,兆豐證券,7000,463.0,1023.0,560.0,,moneydj,https://fubon-ebrokerdj.fbs.com.tw/z/zc/zco/zco.djhtm?a=2368&e=2026-7-1&f=2026-7-29
2026-07-29,2026-07-01,2026-07-29,20,2368,金像電,buy,9,台灣企銀,1110,207.0,49.0,158.0,,moneydj,https://fubon-ebrokerdj.fbs.com.tw/z/zc/zco/zco.djhtm?a=2368&e=2026-7-1&f=2026-7-29
2026-07-29,2026-07-01,2026-07-29,20,2368,金像電,sell,9,華南永昌,9300,304.0,834.0,530.0,,moneydj,https://fubon-ebrokerdj.fbs.com.tw/z/zc/zco/zco.djhtm?a=2368&e=2026-7-1&f=2026-7-29
2026-07-29,2026-07-01,2026-07-29,20,2368,金像電,buy,10,元大-崇德,981S,213.0,66.0,147.0,,moneydj,https://fubon-ebrokerdj.fbs.com.tw/z/zc/zco/zco.djhtm?a=2368&e=2026-7-1&f=2026-7-29
2026-07-29,2026-07-01,2026-07-29,20,2368,金像電,sell,10,凱基,9200,1218.0,1740.0,522.0,,moneydj,https://fubon-ebrokerdj.fbs.com.tw/z/zc/zco/zco.djhtm?a=2368&e=2026-7-1&f=2026-7-29
2026-07-29,2026-07-01,2026-07-29,20,3305,昇貿,buy,1,新光,8560,574.0,405.0,169.0,,moneydj,https://fubon-ebrokerdj.fbs.com.tw/z/zc/zco/zco.djhtm?a=3305&e=2026-7-1&f=2026-7-29
2026-07-29,2026-07-01,2026-07-29,20,3305,昇貿,sell,1,台灣摩根士丹利,1470,1517.0,2802.0,1285.0,,moneydj,https://fubon-ebrokerdj.fbs.com.tw/z/zc/zco/zco.djhtm?a=3305&e=2026-7-1&f=2026-7-29
2026-07-29,2026-07-01,2026-07-29,20,3305,昇貿,buy,2,第一金-自由,538E,145.0,12.0,133.0,,moneydj,https://fubon-ebrokerdj.fbs.com.tw/z/zc/zco/zco.djhtm?a=3305&e=2026-7-1&f=2026-7-29
2026-07-29,2026-07-01,2026-07-29,20,3305,昇貿,sell,2,新加坡商瑞銀,1650,680.0,1854.0,1174.0,,moneydj,https://fubon-ebrokerdj.fbs.com.tw/z/zc/zco/zco.djhtm?a=3305&e=2026-7-1&f=2026-7-29
2026-07-29,2026-07-01,2026-07-29,20,3305,昇貿,buy,3,永豐金-竹科,9A9X,154.0,25.0,129.0,,moneydj,https://fubon-ebrokerdj.fbs.com.tw/z/zc/zco/zco.djhtm?a=3305&e=2026-7-1&f=2026-7-29
2026-07-29,2026-07-01,2026-07-29,20,3305,昇貿,sell,3,摩根大通,8440,1121.0,1779.0,658.0,,moneydj,https://fubon-ebrokerdj.fbs.com.tw/z/zc/zco/zco.djhtm?a=3305&e=2026-7-1&f=2026-7-29
2026-07-29,2026-07-01,2026-07-29,20,3305,昇貿,buy,4,群益金鼎-開元,9134,193.0,73.0,120.0,,moneydj,https://fubon-ebrokerdj.fbs.com.tw/z/zc/zco/zco.djhtm?a=3305&e=2026-7-1&f=2026-7-29
2026-07-29,2026-07-01,2026-07-29,20,3305,昇貿,sell,4,美商高盛,1480,3528.0,4063.0,535.0,,moneydj,https://fubon-ebrokerdj.fbs.com.tw/z/zc/zco/zco.djhtm?a=3305&e=2026-7-1&f=2026-7-29
2026-07-29,2026-07-01,2026-07-29,20,3305,昇貿,buy,5,元大-豐原,9838,198.0,90.0,108.0,,moneydj,https://fubon-ebrokerdj.fbs.com.tw/z/zc/zco/zco.djhtm?a=3305&e=2026-7-1&f=2026-7-29
2026-07-29,2026-07-01,2026-07-29,20,3305,昇貿,sell,5,兆豐證券,7000,105.0,296.0,191.0,,moneydj,https://fubon-ebrokerdj.fbs.com.tw/z/zc/zco/zco.djhtm?a=3305&e=2026-7-1&f=2026-7-29
2026-07-29,2026-07-01,2026-07-29,20,3305,昇貿,buy,6,富邦-木柵,961M,127.0,25.0,102.0,,moneydj,https://fubon-ebrokerdj.fbs.com.tw/z/zc/zco/zco.djhtm?a=3305&e=2026-7-1&f=2026-7-29
2026-07-29,2026-07-01,2026-07-29,20,3305,昇貿,sell,6,富邦證券,9600,352.0,535.0,183.0,,moneydj,https://fubon-ebrokerdj.fbs.com.tw/z/zc/zco/zco.djhtm?a=3305&e=2026-7-1&f=2026-7-29
2026-07-29,2026-07-01,2026-07-29,20,3305,昇貿,buy,7,永豐金-中和,9A9B,306.0,208.0,98.0,,moneydj,https://fubon-ebrokerdj.fbs.com.tw/z/zc/zco/zco.djhtm?a=3305&e=2026-7-1&f=2026-7-29
2026-07-29,2026-07-01,2026-07-29,20,3305,昇貿,sell,7,凱基-台北,9268,3442.0,3625.0,183.0,,moneydj,https://fubon-ebrokerdj.fbs.com.tw/z/zc/zco/zco.djhtm?a=3305&e=2026-7-1&f=2026-7-29
2026-07-29,2026-07-01,2026-07-29,20,3305,昇貿,buy,8,元大-鳳中,985C,121.0,30.0,91.0,,moneydj,https://fubon-ebrokerdj.fbs.com.tw/z/zc/zco/zco.djhtm?a=3305&e=2026-7-1&f=2026-7-29
2026-07-29,2026-07-01,2026-07-29,20,3305,昇貿,sell,8,元大-北屯,989d,112.0,282.0,170.0,,moneydj,https://fubon-ebrokerdj.fbs.com.tw/z/zc/zco/zco.djhtm?a=3305&e=2026-7-1&f=2026-7-29
2026-07-29,2026-07-01,2026-07-29,20,3305,昇貿,buy,9,富邦-板橋,9655,220.0,130.0,90.0,,moneydj,https://fubon-ebrokerdj.fbs.com.tw/z/zc/zco/zco.djhtm?a=3305&e=2026-7-1&f=2026-7-29
2026-07-29,2026-07-01,2026-07-29,20,3305,昇貿,sell,9,永豐金證券,9A00,350.0,520.0,170.0,,moneydj,https://fubon-ebrokerdj.fbs.com.tw/z/zc/zco/zco.djhtm?a=3305&e=2026-7-1&f=2026-7-29
2026-07-29,2026-07-01,2026-07-29,20,3305,昇貿,buy,10,兆豐-桃園,700M,106.0,18.0,88.0,,moneydj,https://fubon-ebrokerdj.fbs.com.tw/z/zc/zco/zco.djhtm?a=3305&e=2026-7-1&f=2026-7-29
2026-07-29,2026-07-01,2026-07-29,20,3305,昇貿,sell,10,元大證券,9800,3995.0,4148.0,153.0,,moneydj,https://fubon-ebrokerdj.fbs.com.tw/z/zc/zco/zco.djhtm?a=3305&e=2026-7-1&f=2026-7-29
2026-07-29,2026-07-01,2026-07-29,20,4768,晶呈科技,buy,1,台灣摩根士丹利,1470,437.0,182.0,255.0,,moneydj,https://fubon-ebrokerdj.fbs.com.tw/z/zc/zco/zco.djhtm?a=4768&e=2026-7-1&f=2026-7-29
2026-07-29,2026-07-01,2026-07-29,20,4768,晶呈科技,sell,1,美商高盛,1480,446.0,747.0,301.0,,moneydj,https://fubon-ebrokerdj.fbs.com.tw/z/zc/zco/zco.djhtm?a=4768&e=2026-7-1&f=2026-7-29
2026-07-29,2026-07-01,2026-07-29,20,4768,晶呈科技,buy,2,凱基-台北,9268,884.0,693.0,191.0,,moneydj,https://fubon-ebrokerdj.fbs.com.tw/z/zc/zco/zco.djhtm?a=4768&e=2026-7-1&f=2026-7-29
2026-07-29,2026-07-01,2026-07-29,20,4768,晶呈科技,sell,2,摩根大通,8440,261.0,386.0,125.0,,moneydj,https://fubon-ebrokerdj.fbs.com.tw/z/zc/zco/zco.djhtm?a=4768&e=2026-7-1&f=2026-7-29
2026-07-29,2026-07-01,2026-07-29,20,4768,晶呈科技,buy,3,富邦-敦南,9663,165.0,20.0,145.0,,moneydj,https://fubon-ebrokerdj.fbs.com.tw/z/zc/zco/zco.djhtm?a=4768&e=2026-7-1&f=2026-7-29
2026-07-29,2026-07-01,2026-07-29,20,4768,晶呈科技,sell,3,永豐金-竹北,9A9P,10.0,117.0,107.0,,moneydj,https://fubon-ebrokerdj.fbs.com.tw/z/zc/zco/zco.djhtm?a=4768&e=2026-7-1&f=2026-7-29
2026-07-29,2026-07-01,2026-07-29,20,4768,晶呈科技,buy,4,美林,1440,225.0,130.0,95.0,,moneydj,https://fubon-ebrokerdj.fbs.com.tw/z/zc/zco/zco.djhtm?a=4768&e=2026-7-1&f=2026-7-29
2026-07-29,2026-07-01,2026-07-29,20,4768,晶呈科技,sell,4,新加坡商瑞銀,1650,425.0,519.0,94.0,,moneydj,https://fubon-ebrokerdj.fbs.com.tw/z/zc/zco/zco.djhtm?a=4768&e=2026-7-1&f=2026-7-29
2026-07-29,2026-07-01,2026-07-29,20,4768,晶呈科技,buy,5,兆豐-新莊,700w,85.0,5.0,80.0,,moneydj,https://fubon-ebrokerdj.fbs.com.tw/z/zc/zco/zco.djhtm?a=4768&e=2026-7-1&f=2026-7-29
2026-07-29,2026-07-01,2026-07-29,20,4768,晶呈科技,sell,5,兆豐-松德,700i,92.0,184.0,92.0,,moneydj,https://fubon-ebrokerdj.fbs.com.tw/z/zc/zco/zco.djhtm?a=4768&e=2026-7-1&f=2026-7-29
2026-07-29,2026-07-01,2026-07-29,20,4768,晶呈科技,buy,6,富邦-南屯,9666,84.0,16.0,68.0,,moneydj,https://fubon-ebrokerdj.fbs.com.tw/z/zc/zco/zco.djhtm?a=4768&e=2026-7-1&f=2026-7-29
2026-07-29,2026-07-01,2026-07-29,20,4768,晶呈科技,sell,6,中國信託-忠孝,6162,36.0,82.0,46.0,,moneydj,https://fubon-ebrokerdj.fbs.com.tw/z/zc/zco/zco.djhtm?a=4768&e=2026-7-1&f=2026-7-29
2026-07-29,2026-07-01,2026-07-29,20,4768,晶呈科技,buy,7,富邦-新竹,9647,142.0,100.0,42.0,,moneydj,https://fubon-ebrokerdj.fbs.com.tw/z/zc/zco/zco.djhtm?a=4768&e=2026-7-1&f=2026-7-29
2026-07-29,2026-07-01,2026-07-29,20,4768,晶呈科技,sell,7,玉山-板橋,8846,7.0,52.0,45.0,,moneydj,https://fubon-ebrokerdj.fbs.com.tw/z/zc/zco/zco.djhtm?a=4768&e=2026-7-1&f=2026-7-29
2026-07-29,2026-07-01,2026-07-29,20,4768,晶呈科技,buy,8,兆豐-忠孝,700a,65.0,25.0,40.0,,moneydj,https://fubon-ebrokerdj.fbs.com.tw/z/zc/zco/zco.djhtm?a=4768&e=2026-7-1&f=2026-7-29
2026-07-29,2026-07-01,2026-07-29,20,4768,晶呈科技,sell,8,群益金鼎-開元,9134,7.0,51.0,44.0,,moneydj,https://fubon-ebrokerdj.fbs.com.tw/z/zc/zco/zco.djhtm?a=4768&e=2026-7-1&f=2026-7-29
2026-07-29,2026-07-01,2026-07-29,20,4768,晶呈科技,buy,9,元大證券,9800,740.0,704.0,36.0,,moneydj,https://fubon-ebrokerdj.fbs.com.tw/z/zc/zco/zco.djhtm?a=4768&e=2026-7-1&f=2026-7-29
2026-07-29,2026-07-01,2026-07-29,20,4768,晶呈科技,sell,9,台新-大裕,9B2l,12.0,50.0,38.0,,moneydj,https://fubon-ebrokerdj.fbs.com.tw/z/zc/zco/zco.djhtm?a=4768&e=2026-7-1&f=2026-7-29
2026-07-29,2026-07-01,2026-07-29,20,4768,晶呈科技,buy,10,元大-和平,9863,39.0,5.0,34.0,,moneydj,https://fubon-ebrokerdj.fbs.com.tw/z/zc/zco/zco.djhtm?a=4768&e=2026-7-1&f=2026-7-29
2026-07-29,2026-07-01,2026-07-29,20,4768,晶呈科技,sell,10,元大-敦南,989P,4.0,39.0,35.0,,moneydj,https://fubon-ebrokerdj.fbs.com.tw/z/zc/zco/zco.djhtm?a=4768&e=2026-7-1&f=2026-7-29
2026-07-29,2026-07-01,2026-07-29,20,4951,精拓科,buy,1,凱基-台北,9268,864.0,614.0,250.0,,moneydj,https://fubon-ebrokerdj.fbs.com.tw/z/zc/zco/zco.djhtm?a=4951&e=2026-7-1&f=2026-7-29
2026-07-29,2026-07-01,2026-07-29,20,4951,精拓科,sell,1,大昌-樹林,6461,0.0,82.0,82.0,,moneydj,https://fubon-ebrokerdj.fbs.com.tw/z/zc/zco/zco.djhtm?a=4951&e=2026-7-1&f=2026-7-29
2026-07-29,2026-07-01,2026-07-29,20,4951,精拓科,buy,2,群益金鼎-民權,9131,170.0,8.0,162.0,,moneydj,https://fubon-ebrokerdj.fbs.com.tw/z/zc/zco/zco.djhtm?a=4951&e=2026-7-1&f=2026-7-29
2026-07-29,2026-07-01,2026-07-29,20,4951,精拓科,sell,2,國泰-台中,8882,19.0,91.0,72.0,,moneydj,https://fubon-ebrokerdj.fbs.com.tw/z/zc/zco/zco.djhtm?a=4951&e=2026-7-1&f=2026-7-29
2026-07-29,2026-07-01,2026-07-29,20,4951,精拓科,buy,3,富邦-南員林,961R,438.0,325.0,113.0,,moneydj,https://fubon-ebrokerdj.fbs.com.tw/z/zc/zco/zco.djhtm?a=4951&e=2026-7-1&f=2026-7-29
2026-07-29,2026-07-01,2026-07-29,20,4951,精拓科,sell,3,凱基-中山,9229,11.0,83.0,72.0,,moneydj,https://fubon-ebrokerdj.fbs.com.tw/z/zc/zco/zco.djhtm?a=4951&e=2026-7-1&f=2026-7-29
2026-07-29,2026-07-01,2026-07-29,20,4951,精拓科,buy,4,富邦-竹東,9625,77.0,2.0,75.0,,moneydj,https://fubon-ebrokerdj.fbs.com.tw/z/zc/zco/zco.djhtm?a=4951&e=2026-7-1&f=2026-7-29
2026-07-29,2026-07-01,2026-07-29,20,4951,精拓科,sell,4,港商野村,1560,39.0,110.0,71.0,,moneydj,https://fubon-ebrokerdj.fbs.com.tw/z/zc/zco/zco.djhtm?a=4951&e=2026-7-1&f=2026-7-29
2026-07-29,2026-07-01,2026-07-29,20,4951,精拓科,buy,5,台新-五權西,9B25,68.0,8.0,60.0,,moneydj,https://fubon-ebrokerdj.fbs.com.tw/z/zc/zco/zco.djhtm?a=4951&e=2026-7-1&f=2026-7-29
2026-07-29,2026-07-01,2026-07-29,20,4951,精拓科,sell,5,富邦-青埔,961N,0.0,61.0,61.0,,moneydj,https://fubon-ebrokerdj.fbs.com.tw/z/zc/zco/zco.djhtm?a=4951&e=2026-7-1&f=2026-7-29
2026-07-29,2026-07-01,2026-07-29,20,4951,精拓科,buy,6,臺銀-臺中,104A,66.0,7.0,59.0,,moneydj,https://fubon-ebrokerdj.fbs.com.tw/z/zc/zco/zco.djhtm?a=4951&e=2026-7-1&f=2026-7-29
2026-07-29,2026-07-01,2026-07-29,20,4951,精拓科,sell,6,新加坡商瑞銀,1650,301.0,359.0,58.0,,moneydj,https://fubon-ebrokerdj.fbs.com.tw/z/zc/zco/zco.djhtm?a=4951&e=2026-7-1&f=2026-7-29
2026-07-29,2026-07-01,2026-07-29,20,4951,精拓科,buy,7,富邦-宜蘭,9686,52.0,19.0,33.0,,moneydj,https://fubon-ebrokerdj.fbs.com.tw/z/zc/zco/zco.djhtm?a=4951&e=2026-7-1&f=2026-7-29
2026-07-29,2026-07-01,2026-07-29,20,4951,精拓科,sell,7,元大-林園,981K,1.0,50.0,49.0,,moneydj,https://fubon-ebrokerdj.fbs.com.tw/z/zc/zco/zco.djhtm?a=4951&e=2026-7-1&f=2026-7-29
2026-07-29,2026-07-01,2026-07-29,20,4951,精拓科,buy,8,中國信託-嘉義,6168,67.0,35.0,32.0,,moneydj,https://fubon-ebrokerdj.fbs.com.tw/z/zc/zco/zco.djhtm?a=4951&e=2026-7-1&f=2026-7-29
2026-07-29,2026-07-01,2026-07-29,20,4951,精拓科,sell,8,美林,1440,36.0,82.0,46.0,,moneydj,https://fubon-ebrokerdj.fbs.com.tw/z/zc/zco/zco.djhtm?a=4951&e=2026-7-1&f=2026-7-29
2026-07-29,2026-07-01,2026-07-29,20,4951,精拓科,buy,9,元大-萬華,981q,30.0,6.0,24.0,,moneydj,https://fubon-ebrokerdj.fbs.com.tw/z/zc/zco/zco.djhtm?a=4951&e=2026-7-1&f=2026-7-29
2026-07-29,2026-07-01,2026-07-29,20,4951,精拓科,sell,9,富邦-新店,9661,6.0,51.0,45.0,,moneydj,https://fubon-ebrokerdj.fbs.com.tw/z/zc/zco/zco.djhtm?a=4951&e=2026-7-1&f=2026-7-29
2026-07-29,2026-07-01,2026-07-29,20,4951,精拓科,buy,10,摩根大通,8440,213.0,190.0,23.0,,moneydj,https://fubon-ebrokerdj.fbs.com.tw/z/zc/zco/zco.djhtm?a=4951&e=2026-7-1&f=2026-7-29
2026-07-29,2026-07-01,2026-07-29,20,4951,精拓科,sell,10,永豐金-內湖,9A9g,7.0,44.0,37.0,,moneydj,https://fubon-ebrokerdj.fbs.com.tw/z/zc/zco/zco.djhtm?a=4951&e=2026-7-1&f=2026-7-29
2026-07-29,2026-07-01,2026-07-29,20,2489,瑞軒,buy,1,美商高盛,1480,18564.0,13739.0,4825.0,,moneydj,https://fubon-ebrokerdj.fbs.com.tw/z/zc/zco/zco.djhtm?a=2489&e=2026-7-1&f=2026-7-29
2026-07-29,2026-07-01,2026-07-29,20,2489,瑞軒,sell,1,永豐金證券,9A00,2324.0,7265.0,4941.0,,moneydj,https://fubon-ebrokerdj.fbs.com.tw/z/zc/zco/zco.djhtm?a=2489&e=2026-7-1&f=2026-7-29
2026-07-29,2026-07-01,2026-07-29,20,2489,瑞軒,buy,2,凱基-台北,9268,22403.0,18630.0,3773.0,,moneydj,https://fubon-ebrokerdj.fbs.com.tw/z/zc/zco/zco.djhtm?a=2489&e=2026-7-1&f=2026-7-29
2026-07-29,2026-07-01,2026-07-29,20,2489,瑞軒,sell,2,群益金鼎-大安,918e,30.0,2900.0,2870.0,,moneydj,https://fubon-ebrokerdj.fbs.com.tw/z/zc/zco/zco.djhtm?a=2489&e=2026-7-1&f=2026-7-29
2026-07-29,2026-07-01,2026-07-29,20,2489,瑞軒,buy,3,台灣摩根士丹利,1470,8103.0,5445.0,2658.0,,moneydj,https://fubon-ebrokerdj.fbs.com.tw/z/zc/zco/zco.djhtm?a=2489&e=2026-7-1&f=2026-7-29
2026-07-29,2026-07-01,2026-07-29,20,2489,瑞軒,sell,3,永豐金-信義,9A9R,78.0,2530.0,2452.0,,moneydj,https://fubon-ebrokerdj.fbs.com.tw/z/zc/zco/zco.djhtm?a=2489&e=2026-7-1&f=2026-7-29
2026-07-29,2026-07-01,2026-07-29,20,2489,瑞軒,buy,4,港商野村,1560,2951.0,2099.0,852.0,,moneydj,https://fubon-ebrokerdj.fbs.com.tw/z/zc/zco/zco.djhtm?a=2489&e=2026-7-1&f=2026-7-29
2026-07-29,2026-07-01,2026-07-29,20,2489,瑞軒,sell,4,台新-世貿,9B2u,126.0,2079.0,1953.0,,moneydj,https://fubon-ebrokerdj.fbs.com.tw/z/zc/zco/zco.djhtm?a=2489&e=2026-7-1&f=2026-7-29
2026-07-29,2026-07-01,2026-07-29,20,2489,瑞軒,buy,5,元大-大同,989G,632.0,79.0,553.0,,moneydj,https://fubon-ebrokerdj.fbs.com.tw/z/zc/zco/zco.djhtm?a=2489&e=2026-7-1&f=2026-7-29
2026-07-29,2026-07-01,2026-07-29,20,2489,瑞軒,sell,5,元大-斗信,9884,329.0,1140.0,811.0,,moneydj,https://fubon-ebrokerdj.fbs.com.tw/z/zc/zco/zco.djhtm?a=2489&e=2026-7-1&f=2026-7-29
2026-07-29,2026-07-01,2026-07-29,20,2489,瑞軒,buy,6,新光,8560,2250.0,1727.0,523.0,,moneydj,https://fubon-ebrokerdj.fbs.com.tw/z/zc/zco/zco.djhtm?a=2489&e=2026-7-1&f=2026-7-29
2026-07-29,2026-07-01,2026-07-29,20,2489,瑞軒,sell,6,統一,5850,518.0,1243.0,725.0,,moneydj,https://fubon-ebrokerdj.fbs.com.tw/z/zc/zco/zco.djhtm?a=2489&e=2026-7-1&f=2026-7-29
2026-07-29,2026-07-01,2026-07-29,20,2489,瑞軒,buy,7,(牛牛牛)亞-鑫豐,601d,626.0,123.0,503.0,,moneydj,https://fubon-ebrokerdj.fbs.com.tw/z/zc/zco/zco.djhtm?a=2489&e=2026-7-1&f=2026-7-29
2026-07-29,2026-07-01,2026-07-29,20,2489,瑞軒,sell,7,華南永昌,9300,526.0,1180.0,654.0,,moneydj,https://fubon-ebrokerdj.fbs.com.tw/z/zc/zco/zco.djhtm?a=2489&e=2026-7-1&f=2026-7-29
2026-07-29,2026-07-01,2026-07-29,20,2489,瑞軒,buy,8,凱基-鳳山,9274,488.0,166.0,322.0,,moneydj,https://fubon-ebrokerdj.fbs.com.tw/z/zc/zco/zco.djhtm?a=2489&e=2026-7-1&f=2026-7-29
2026-07-29,2026-07-01,2026-07-29,20,2489,瑞軒,sell,8,統一-新台中,585D,202.0,769.0,567.0,,moneydj,https://fubon-ebrokerdj.fbs.com.tw/z/zc/zco/zco.djhtm?a=2489&e=2026-7-1&f=2026-7-29
2026-07-29,2026-07-01,2026-07-29,20,2489,瑞軒,buy,9,花旗環球,1590,2078.0,1797.0,281.0,,moneydj,https://fubon-ebrokerdj.fbs.com.tw/z/zc/zco/zco.djhtm?a=2489&e=2026-7-1&f=2026-7-29
2026-07-29,2026-07-01,2026-07-29,20,2489,瑞軒,sell,9,華南永昌-林口,9317,143.0,695.0,552.0,,moneydj,https://fubon-ebrokerdj.fbs.com.tw/z/zc/zco/zco.djhtm?a=2489&e=2026-7-1&f=2026-7-29
2026-07-29,2026-07-01,2026-07-29,20,2489,瑞軒,buy,10,富邦證券,9600,1795.0,1516.0,279.0,,moneydj,https://fubon-ebrokerdj.fbs.com.tw/z/zc/zco/zco.djhtm?a=2489&e=2026-7-1&f=2026-7-29
2026-07-29,2026-07-01,2026-07-29,20,2489,瑞軒,sell,10,新光-新竹,8563,303.0,847.0,544.0,,moneydj,https://fubon-ebrokerdj.fbs.com.tw/z/zc/zco/zco.djhtm?a=2489&e=2026-7-1&f=2026-7-29
2026-07-29,2026-07-01,2026-07-29,20,2404,漢唐,buy,1,永豐金-匯立,9A81,3482.0,119.0,3363.0,,moneydj,https://fubon-ebrokerdj.fbs.com.tw/z/zc/zco/zco.djhtm?a=2404&e=2026-7-1&f=2026-7-29
2026-07-29,2026-07-01,2026-07-29,20,2404,漢唐,sell,1,元大證券,9800,4723.0,5802.0,1079.0,,moneydj,https://fubon-ebrokerdj.fbs.com.tw/z/zc/zco/zco.djhtm?a=2404&e=2026-7-1&f=2026-7-29
2026-07-29,2026-07-01,2026-07-29,20,2404,漢唐,buy,2,美商高盛,1480,4204.0,3284.0,920.0,,moneydj,https://fubon-ebrokerdj.fbs.com.tw/z/zc/zco/zco.djhtm?a=2404&e=2026-7-1&f=2026-7-29
2026-07-29,2026-07-01,2026-07-29,20,2404,漢唐,sell,2,富邦證券,9600,909.0,1842.0,933.0,,moneydj,https://fubon-ebrokerdj.fbs.com.tw/z/zc/zco/zco.djhtm?a=2404&e=2026-7-1&f=2026-7-29
2026-07-29,2026-07-01,2026-07-29,20,2404,漢唐,buy,3,台灣摩根士丹利,1470,2969.0,2608.0,361.0,,moneydj,https://fubon-ebrokerdj.fbs.com.tw/z/zc/zco/zco.djhtm?a=2404&e=2026-7-1&f=2026-7-29
2026-07-29,2026-07-01,2026-07-29,20,2404,漢唐,sell,3,摩根大通,8440,1912.0,2441.0,529.0,,moneydj,https://fubon-ebrokerdj.fbs.com.tw/z/zc/zco/zco.djhtm?a=2404&e=2026-7-1&f=2026-7-29
2026-07-29,2026-07-01,2026-07-29,20,2404,漢唐,buy,4,土銀,1030,300.0,4.0,296.0,,moneydj,https://fubon-ebrokerdj.fbs.com.tw/z/zc/zco/zco.djhtm?a=2404&e=2026-7-1&f=2026-7-29
2026-07-29,2026-07-01,2026-07-29,20,2404,漢唐,sell,4,凱基,9200,298.0,792.0,494.0,,moneydj,https://fubon-ebrokerdj.fbs.com.tw/z/zc/zco/zco.djhtm?a=2404&e=2026-7-1&f=2026-7-29
2026-07-29,2026-07-01,2026-07-29,20,2404,漢唐,buy,5,聯邦證券,8580,220.0,47.0,173.0,,moneydj,https://fubon-ebrokerdj.fbs.com.tw/z/zc/zco/zco.djhtm?a=2404&e=2026-7-1&f=2026-7-29
2026-07-29,2026-07-01,2026-07-29,20,2404,漢唐,sell,5,新加坡商瑞銀,1650,1334.0,1822.0,488.0,,moneydj,https://fubon-ebrokerdj.fbs.com.tw/z/zc/zco/zco.djhtm?a=2404&e=2026-7-1&f=2026-7-29
2026-07-29,2026-07-01,2026-07-29,20,2404,漢唐,buy,6,美林,1440,948.0,779.0,169.0,,moneydj,https://fubon-ebrokerdj.fbs.com.tw/z/zc/zco/zco.djhtm?a=2404&e=2026-7-1&f=2026-7-29
2026-07-29,2026-07-01,2026-07-29,20,2404,漢唐,sell,6,港商野村,1560,202.0,503.0,301.0,,moneydj,https://fubon-ebrokerdj.fbs.com.tw/z/zc/zco/zco.djhtm?a=2404&e=2026-7-1&f=2026-7-29
2026-07-29,2026-07-01,2026-07-29,20,2404,漢唐,buy,7,法銀巴黎,8900,191.0,52.0,139.0,,moneydj,https://fubon-ebrokerdj.fbs.com.tw/z/zc/zco/zco.djhtm?a=2404&e=2026-7-1&f=2026-7-29
2026-07-29,2026-07-01,2026-07-29,20,2404,漢唐,sell,7,群益金鼎,9100,650.0,928.0,278.0,,moneydj,https://fubon-ebrokerdj.fbs.com.tw/z/zc/zco/zco.djhtm?a=2404&e=2026-7-1&f=2026-7-29
2026-07-29,2026-07-01,2026-07-29,20,2404,漢唐,buy,8,凱基-站前,920F,247.0,109.0,138.0,,moneydj,https://fubon-ebrokerdj.fbs.com.tw/z/zc/zco/zco.djhtm?a=2404&e=2026-7-1&f=2026-7-29
2026-07-29,2026-07-01,2026-07-29,20,2404,漢唐,sell,8,國泰證券,8880,381.0,539.0,158.0,,moneydj,https://fubon-ebrokerdj.fbs.com.tw/z/zc/zco/zco.djhtm?a=2404&e=2026-7-1&f=2026-7-29
2026-07-29,2026-07-01,2026-07-29,20,2404,漢唐,buy,9,中國信託,6160,207.0,86.0,121.0,,moneydj,https://fubon-ebrokerdj.fbs.com.tw/z/zc/zco/zco.djhtm?a=2404&e=2026-7-1&f=2026-7-29
2026-07-29,2026-07-01,2026-07-29,20,2404,漢唐,sell,9,永豐金證券,9A00,1054.0,1179.0,125.0,,moneydj,https://fubon-ebrokerdj.fbs.com.tw/z/zc/zco/zco.djhtm?a=2404&e=2026-7-1&f=2026-7-29
2026-07-29,2026-07-01,2026-07-29,20,2404,漢唐,buy,10,合庫-台南,1022,131.0,21.0,110.0,,moneydj,https://fubon-ebrokerdj.fbs.com.tw/z/zc/zco/zco.djhtm?a=2404&e=2026-7-1&f=2026-7-29
2026-07-29,2026-07-01,2026-07-29,20,2404,漢唐,sell,10,統一-新竹,5857,229.0,352.0,123.0,,moneydj,https://fubon-ebrokerdj.fbs.com.tw/z/zc/zco/zco.djhtm?a=2404&e=2026-7-1&f=2026-7-29
2026-07-29,2026-07-01,2026-07-29,20,6957,裕慶-KY,buy,1,永豐金-新店,9A9i,192.0,0.0,192.0,,moneydj,https://fubon-ebrokerdj.fbs.com.tw/z/zc/zco/zco.djhtm?a=6957&e=2026-7-1&f=2026-7-29
2026-07-29,2026-07-01,2026-07-29,20,6957,裕慶-KY,sell,1,國票-敦北法人,779c,2.0,99.0,97.0,,moneydj,https://fubon-ebrokerdj.fbs.com.tw/z/zc/zco/zco.djhtm?a=6957&e=2026-7-1&f=2026-7-29
2026-07-29,2026-07-01,2026-07-29,20,6957,裕慶-KY,buy,2,富邦-永和,9654,210.0,57.0,153.0,,moneydj,https://fubon-ebrokerdj.fbs.com.tw/z/zc/zco/zco.djhtm?a=6957&e=2026-7-1&f=2026-7-29
2026-07-29,2026-07-01,2026-07-29,20,6957,裕慶-KY,sell,2,玉山-士林,884A,1.0,96.0,95.0,,moneydj,https://fubon-ebrokerdj.fbs.com.tw/z/zc/zco/zco.djhtm?a=6957&e=2026-7-1&f=2026-7-29
2026-07-29,2026-07-01,2026-07-29,20,6957,裕慶-KY,buy,3,凱基-台北,9268,555.0,410.0,145.0,,moneydj,https://fubon-ebrokerdj.fbs.com.tw/z/zc/zco/zco.djhtm?a=6957&e=2026-7-1&f=2026-7-29
2026-07-29,2026-07-01,2026-07-29,20,6957,裕慶-KY,sell,3,新光-新竹,8563,3.0,94.0,91.0,,moneydj,https://fubon-ebrokerdj.fbs.com.tw/z/zc/zco/zco.djhtm?a=6957&e=2026-7-1&f=2026-7-29
2026-07-29,2026-07-01,2026-07-29,20,6957,裕慶-KY,buy,4,群益金鼎-大安,918e,167.0,30.0,137.0,,moneydj,https://fubon-ebrokerdj.fbs.com.tw/z/zc/zco/zco.djhtm?a=6957&e=2026-7-1&f=2026-7-29
2026-07-29,2026-07-01,2026-07-29,20,6957,裕慶-KY,sell,4,永豐金-桃盛,9A9N,2.0,61.0,59.0,,moneydj,https://fubon-ebrokerdj.fbs.com.tw/z/zc/zco/zco.djhtm?a=6957&e=2026-7-1&f=2026-7-29
2026-07-29,2026-07-01,2026-07-29,20,6957,裕慶-KY,buy,5,美商高盛,1480,353.0,227.0,126.0,,moneydj,https://fubon-ebrokerdj.fbs.com.tw/z/zc/zco/zco.djhtm?a=6957&e=2026-7-1&f=2026-7-29
2026-07-29,2026-07-01,2026-07-29,20,6957,裕慶-KY,sell,5,兆豐-忠孝,700a,17.0,68.0,51.0,,moneydj,https://fubon-ebrokerdj.fbs.com.tw/z/zc/zco/zco.djhtm?a=6957&e=2026-7-1&f=2026-7-29
2026-07-29,2026-07-01,2026-07-29,20,6957,裕慶-KY,buy,6,台灣摩根士丹利,1470,262.0,163.0,99.0,,moneydj,https://fubon-ebrokerdj.fbs.com.tw/z/zc/zco/zco.djhtm?a=6957&e=2026-7-1&f=2026-7-29
2026-07-29,2026-07-01,2026-07-29,20,6957,裕慶-KY,sell,6,華南永昌-大安,9307,0.0,50.0,50.0,,moneydj,https://fubon-ebrokerdj.fbs.com.tw/z/zc/zco/zco.djhtm?a=6957&e=2026-7-1&f=2026-7-29
2026-07-29,2026-07-01,2026-07-29,20,6957,裕慶-KY,buy,7,統一-內湖,585b,76.0,11.0,65.0,,moneydj,https://fubon-ebrokerdj.fbs.com.tw/z/zc/zco/zco.djhtm?a=6957&e=2026-7-1&f=2026-7-29
2026-07-29,2026-07-01,2026-07-29,20,6957,裕慶-KY,sell,7,第一金-華江,538W,3.0,52.0,49.0,,moneydj,https://fubon-ebrokerdj.fbs.com.tw/z/zc/zco/zco.djhtm?a=6957&e=2026-7-1&f=2026-7-29
2026-07-29,2026-07-01,2026-07-29,20,6957,裕慶-KY,buy,8,台新-文心,9B2z,75.0,14.0,61.0,,moneydj,https://fubon-ebrokerdj.fbs.com.tw/z/zc/zco/zco.djhtm?a=6957&e=2026-7-1&f=2026-7-29
2026-07-29,2026-07-01,2026-07-29,20,6957,裕慶-KY,sell,8,統一-松江,585Z,11.0,51.0,40.0,,moneydj,https://fubon-ebrokerdj.fbs.com.tw/z/zc/zco/zco.djhtm?a=6957&e=2026-7-1&f=2026-7-29
2026-07-29,2026-07-01,2026-07-29,20,6957,裕慶-KY,buy,9,台新-五權西,9B25,62.0,2.0,60.0,,moneydj,https://fubon-ebrokerdj.fbs.com.tw/z/zc/zco/zco.djhtm?a=6957&e=2026-7-1&f=2026-7-29
2026-07-29,2026-07-01,2026-07-29,20,6957,裕慶-KY,sell,9,永豐金-敦南,9A8F,0.0,38.0,38.0,,moneydj,https://fubon-ebrokerdj.fbs.com.tw/z/zc/zco/zco.djhtm?a=6957&e=2026-7-1&f=2026-7-29
2026-07-29,2026-07-01,2026-07-29,20,6957,裕慶-KY,buy,10,元大證券,9800,375.0,328.0,47.0,,moneydj,https://fubon-ebrokerdj.fbs.com.tw/z/zc/zco/zco.djhtm?a=6957&e=2026-7-1&f=2026-7-29
2026-07-29,2026-07-01,2026-07-29,20,6957,裕慶-KY,sell,10,台新,9B00,78.0,116.0,38.0,,moneydj,https://fubon-ebrokerdj.fbs.com.tw/z/zc/zco/zco.djhtm?a=6957&e=2026-7-1&f=2026-7-29
2026-07-29,2026-07-01,2026-07-29,20,3017,奇鋐,buy,1,港商麥格理,1360,1719.0,513.0,1206.0,,moneydj,https://fubon-ebrokerdj.fbs.com.tw/z/zc/zco/zco.djhtm?a=3017&e=2026-7-1&f=2026-7-29
2026-07-29,2026-07-01,2026-07-29,20,3017,奇鋐,sell,1,永豐金-匯立,9A81,192.0,1175.0,983.0,,moneydj,https://fubon-ebrokerdj.fbs.com.tw/z/zc/zco/zco.djhtm?a=3017&e=2026-7-1&f=2026-7-29
2026-07-29,2026-07-01,2026-07-29,20,3017,奇鋐,buy,2,永豐金證券,9A00,2139.0,1247.0,892.0,,moneydj,https://fubon-ebrokerdj.fbs.com.tw/z/zc/zco/zco.djhtm?a=3017&e=2026-7-1&f=2026-7-29
2026-07-29,2026-07-01,2026-07-29,20,3017,奇鋐,sell,2,美商高盛,1480,5095.0,5824.0,729.0,,moneydj,https://fubon-ebrokerdj.fbs.com.tw/z/zc/zco/zco.djhtm?a=3017&e=2026-7-1&f=2026-7-29
2026-07-29,2026-07-01,2026-07-29,20,3017,奇鋐,buy,3,統一,5850,1528.0,807.0,721.0,,moneydj,https://fubon-ebrokerdj.fbs.com.tw/z/zc/zco/zco.djhtm?a=3017&e=2026-7-1&f=2026-7-29
2026-07-29,2026-07-01,2026-07-29,20,3017,奇鋐,sell,3,富邦證券,9600,1387.0,2028.0,641.0,,moneydj,https://fubon-ebrokerdj.fbs.com.tw/z/zc/zco/zco.djhtm?a=3017&e=2026-7-1&f=2026-7-29
2026-07-29,2026-07-01,2026-07-29,20,3017,奇鋐,buy,4,凱基-台北,9268,5752.0,5120.0,632.0,,moneydj,https://fubon-ebrokerdj.fbs.com.tw/z/zc/zco/zco.djhtm?a=3017&e=2026-7-1&f=2026-7-29
2026-07-29,2026-07-01,2026-07-29,20,3017,奇鋐,sell,4,港商野村,1560,912.0,1525.0,613.0,,moneydj,https://fubon-ebrokerdj.fbs.com.tw/z/zc/zco/zco.djhtm?a=3017&e=2026-7-1&f=2026-7-29
2026-07-29,2026-07-01,2026-07-29,20,3017,奇鋐,buy,5,大和國泰,8890,717.0,162.0,555.0,,moneydj,https://fubon-ebrokerdj.fbs.com.tw/z/zc/zco/zco.djhtm?a=3017&e=2026-7-1&f=2026-7-29
2026-07-29,2026-07-01,2026-07-29,20,3017,奇鋐,sell,5,元大證券,9800,8204.0,8676.0,472.0,,moneydj,https://fubon-ebrokerdj.fbs.com.tw/z/zc/zco/zco.djhtm?a=3017&e=2026-7-1&f=2026-7-29
2026-07-29,2026-07-01,2026-07-29,20,3017,奇鋐,buy,6,凱基-站前,920F,770.0,238.0,532.0,,moneydj,https://fubon-ebrokerdj.fbs.com.tw/z/zc/zco/zco.djhtm?a=3017&e=2026-7-1&f=2026-7-29
2026-07-29,2026-07-01,2026-07-29,20,3017,奇鋐,sell,6,香港上海匯豐,8960,217.0,642.0,425.0,,moneydj,https://fubon-ebrokerdj.fbs.com.tw/z/zc/zco/zco.djhtm?a=3017&e=2026-7-1&f=2026-7-29
2026-07-29,2026-07-01,2026-07-29,20,3017,奇鋐,buy,7,新加坡商瑞銀,1650,3727.0,3231.0,496.0,,moneydj,https://fubon-ebrokerdj.fbs.com.tw/z/zc/zco/zco.djhtm?a=3017&e=2026-7-1&f=2026-7-29
2026-07-29,2026-07-01,2026-07-29,20,3017,奇鋐,sell,7,玉山證券,8840,184.0,563.0,379.0,,moneydj,https://fubon-ebrokerdj.fbs.com.tw/z/zc/zco/zco.djhtm?a=3017&e=2026-7-1&f=2026-7-29
2026-07-29,2026-07-01,2026-07-29,20,3017,奇鋐,buy,8,群益金鼎,9100,884.0,463.0,421.0,,moneydj,https://fubon-ebrokerdj.fbs.com.tw/z/zc/zco/zco.djhtm?a=3017&e=2026-7-1&f=2026-7-29
2026-07-29,2026-07-01,2026-07-29,20,3017,奇鋐,sell,8,台灣摩根士丹利,1470,6367.0,6682.0,315.0,,moneydj,https://fubon-ebrokerdj.fbs.com.tw/z/zc/zco/zco.djhtm?a=3017&e=2026-7-1&f=2026-7-29
2026-07-29,2026-07-01,2026-07-29,20,3017,奇鋐,buy,9,台新,9B00,894.0,502.0,392.0,,moneydj,https://fubon-ebrokerdj.fbs.com.tw/z/zc/zco/zco.djhtm?a=3017&e=2026-7-1&f=2026-7-29
2026-07-29,2026-07-01,2026-07-29,20,3017,奇鋐,sell,9,美林,1440,2878.0,3097.0,219.0,,moneydj,https://fubon-ebrokerdj.fbs.com.tw/z/zc/zco/zco.djhtm?a=3017&e=2026-7-1&f=2026-7-29
2026-07-29,2026-07-01,2026-07-29,20,3017,奇鋐,buy,10,兆豐證券,7000,563.0,194.0,369.0,,moneydj,https://fubon-ebrokerdj.fbs.com.tw/z/zc/zco/zco.djhtm?a=3017&e=2026-7-1&f=2026-7-29
2026-07-29,2026-07-01,2026-07-29,20,3017,奇鋐,sell,10,國泰-敦南,8888,1176.0,1280.0,104.0,,moneydj,https://fubon-ebrokerdj.fbs.com.tw/z/zc/zco/zco.djhtm?a=3017&e=2026-7-1&f=2026-7-29
2026-07-29,2026-07-01,2026-07-29,20,2855,統一證,buy,1,永豐金證券,9A00,1770.0,302.0,1468.0,,moneydj,https://fubon-ebrokerdj.fbs.com.tw/z/zc/zco/zco.djhtm?a=2855&e=2026-7-1&f=2026-7-29
2026-07-29,2026-07-01,2026-07-29,20,2855,統一證,sell,1,美商高盛,1480,5414.0,10889.0,5475.0,,moneydj,https://fubon-ebrokerdj.fbs.com.tw/z/zc/zco/zco.djhtm?a=2855&e=2026-7-1&f=2026-7-29
2026-07-29,2026-07-01,2026-07-29,20,2855,統一證,buy,2,新光,8560,2296.0,1187.0,1109.0,,moneydj,https://fubon-ebrokerdj.fbs.com.tw/z/zc/zco/zco.djhtm?a=2855&e=2026-7-1&f=2026-7-29
2026-07-29,2026-07-01,2026-07-29,20,2855,統一證,sell,2,台灣摩根士丹利,1470,6545.0,10058.0,3513.0,,moneydj,https://fubon-ebrokerdj.fbs.com.tw/z/zc/zco/zco.djhtm?a=2855&e=2026-7-1&f=2026-7-29
2026-07-29,2026-07-01,2026-07-29,20,2855,統一證,buy,3,國泰證券,8880,1175.0,95.0,1080.0,,moneydj,https://fubon-ebrokerdj.fbs.com.tw/z/zc/zco/zco.djhtm?a=2855&e=2026-7-1&f=2026-7-29
2026-07-29,2026-07-01,2026-07-29,20,2855,統一證,sell,3,摩根大通,8440,4394.0,6436.0,2042.0,,moneydj,https://fubon-ebrokerdj.fbs.com.tw/z/zc/zco/zco.djhtm?a=2855&e=2026-7-1&f=2026-7-29
2026-07-29,2026-07-01,2026-07-29,20,2855,統一證,buy,4,元大證券,9800,7662.0,6650.0,1012.0,,moneydj,https://fubon-ebrokerdj.fbs.com.tw/z/zc/zco/zco.djhtm?a=2855&e=2026-7-1&f=2026-7-29
2026-07-29,2026-07-01,2026-07-29,20,2855,統一證,sell,4,台灣企銀-台中,1111,0.0,1815.0,1815.0,,moneydj,https://fubon-ebrokerdj.fbs.com.tw/z/zc/zco/zco.djhtm?a=2855&e=2026-7-1&f=2026-7-29
2026-07-29,2026-07-01,2026-07-29,20,2855,統一證,buy,5,玉山-桃園,884F,1062.0,55.0,1007.0,,moneydj,https://fubon-ebrokerdj.fbs.com.tw/z/zc/zco/zco.djhtm?a=2855&e=2026-7-1&f=2026-7-29
2026-07-29,2026-07-01,2026-07-29,20,2855,統一證,sell,5,元大-士林,981j,184.0,1039.0,855.0,,moneydj,https://fubon-ebrokerdj.fbs.com.tw/z/zc/zco/zco.djhtm?a=2855&e=2026-7-1&f=2026-7-29
2026-07-29,2026-07-01,2026-07-29,20,2855,統一證,buy,6,臺銀,1040,1075.0,80.0,995.0,,moneydj,https://fubon-ebrokerdj.fbs.com.tw/z/zc/zco/zco.djhtm?a=2855&e=2026-7-1&f=2026-7-29
2026-07-29,2026-07-01,2026-07-29,20,2855,統一證,sell,6,元大-竹山,981R,48.0,706.0,658.0,,moneydj,https://fubon-ebrokerdj.fbs.com.tw/z/zc/zco/zco.djhtm?a=2855&e=2026-7-1&f=2026-7-29
2026-07-29,2026-07-01,2026-07-29,20,2855,統一證,buy,7,中國信託,6160,1123.0,141.0,982.0,,moneydj,https://fubon-ebrokerdj.fbs.com.tw/z/zc/zco/zco.djhtm?a=2855&e=2026-7-1&f=2026-7-29
2026-07-29,2026-07-01,2026-07-29,20,2855,統一證,sell,7,永豐金-板盛,9A9Y,53.0,699.0,646.0,,moneydj,https://fubon-ebrokerdj.fbs.com.tw/z/zc/zco/zco.djhtm?a=2855&e=2026-7-1&f=2026-7-29
2026-07-29,2026-07-01,2026-07-29,20,2855,統一證,buy,8,統一-平鎮,585g,1038.0,105.0,933.0,,moneydj,https://fubon-ebrokerdj.fbs.com.tw/z/zc/zco/zco.djhtm?a=2855&e=2026-7-1&f=2026-7-29
2026-07-29,2026-07-01,2026-07-29,20,2855,統一證,sell,8,美林,1440,1500.0,2063.0,563.0,,moneydj,https://fubon-ebrokerdj.fbs.com.tw/z/zc/zco/zco.djhtm?a=2855&e=2026-7-1&f=2026-7-29
2026-07-29,2026-07-01,2026-07-29,20,2855,統一證,buy,9,統一,5850,1577.0,680.0,897.0,,moneydj,https://fubon-ebrokerdj.fbs.com.tw/z/zc/zco/zco.djhtm?a=2855&e=2026-7-1&f=2026-7-29
2026-07-29,2026-07-01,2026-07-29,20,2855,統一證,sell,9,臺銀-高雄,104C,443.0,780.0,337.0,,moneydj,https://fubon-ebrokerdj.fbs.com.tw/z/zc/zco/zco.djhtm?a=2855&e=2026-7-1&f=2026-7-29
2026-07-29,2026-07-01,2026-07-29,20,2855,統一證,buy,10,第一金,5380,842.0,21.0,821.0,,moneydj,https://fubon-ebrokerdj.fbs.com.tw/z/zc/zco/zco.djhtm?a=2855&e=2026-7-1&f=2026-7-29
2026-07-29,2026-07-01,2026-07-29,20,2855,統一證,sell,10,兆豐-西螺,700D,31.0,351.0,320.0,,moneydj,https://fubon-ebrokerdj.fbs.com.tw/z/zc/zco/zco.djhtm?a=2855&e=2026-7-1&f=2026-7-29
2026-07-29,2026-07-01,2026-07-29,20,9105,泰金寶-DR,buy,1,凱基-城中,9227,11622.0,429.0,11193.0,,moneydj,https://fubon-ebrokerdj.fbs.com.tw/z/zc/zco/zco.djhtm?a=9105&e=2026-7-1&f=2026-7-29
2026-07-29,2026-07-01,2026-07-29,20,9105,泰金寶-DR,sell,1,元大證券,9800,32532.0,34693.0,2161.0,,moneydj,https://fubon-ebrokerdj.fbs.com.tw/z/zc/zco/zco.djhtm?a=9105&e=2026-7-1&f=2026-7-29
2026-07-29,2026-07-01,2026-07-29,20,9105,泰金寶-DR,buy,2,凱基-台北,9268,49006.0,40967.0,8039.0,,moneydj,https://fubon-ebrokerdj.fbs.com.tw/z/zc/zco/zco.djhtm?a=9105&e=2026-7-1&f=2026-7-29
2026-07-29,2026-07-01,2026-07-29,20,9105,泰金寶-DR,sell,2,台新,9B00,3124.0,5097.0,1973.0,,moneydj,https://fubon-ebrokerdj.fbs.com.tw/z/zc/zco/zco.djhtm?a=9105&e=2026-7-1&f=2026-7-29
2026-07-29,2026-07-01,2026-07-29,20,9105,泰金寶-DR,buy,3,國票-安和,779Z,8252.0,615.0,7637.0,,moneydj,https://fubon-ebrokerdj.fbs.com.tw/z/zc/zco/zco.djhtm?a=9105&e=2026-7-1&f=2026-7-29
2026-07-29,2026-07-01,2026-07-29,20,9105,泰金寶-DR,sell,3,美商高盛,1480,11711.0,13464.0,1753.0,,moneydj,https://fubon-ebrokerdj.fbs.com.tw/z/zc/zco/zco.djhtm?a=9105&e=2026-7-1&f=2026-7-29
2026-07-29,2026-07-01,2026-07-29,20,9105,泰金寶-DR,buy,4,國泰證券,8880,2564.0,15.0,2549.0,,moneydj,https://fubon-ebrokerdj.fbs.com.tw/z/zc/zco/zco.djhtm?a=9105&e=2026-7-1&f=2026-7-29
2026-07-29,2026-07-01,2026-07-29,20,9105,泰金寶-DR,sell,4,群益金鼎-中壢,918A,558.0,2168.0,1610.0,,moneydj,https://fubon-ebrokerdj.fbs.com.tw/z/zc/zco/zco.djhtm?a=9105&e=2026-7-1&f=2026-7-29
2026-07-29,2026-07-01,2026-07-29,20,9105,泰金寶-DR,buy,5,國票證券,7790,2950.0,1122.0,1828.0,,moneydj,https://fubon-ebrokerdj.fbs.com.tw/z/zc/zco/zco.djhtm?a=9105&e=2026-7-1&f=2026-7-29
2026-07-29,2026-07-01,2026-07-29,20,9105,泰金寶-DR,sell,5,凱基-科園,9254,71.0,1612.0,1541.0,,moneydj,https://fubon-ebrokerdj.fbs.com.tw/z/zc/zco/zco.djhtm?a=9105&e=2026-7-1&f=2026-7-29
2026-07-29,2026-07-01,2026-07-29,20,9105,泰金寶-DR,buy,6,致和-台北,7031,1810.0,25.0,1785.0,,moneydj,https://fubon-ebrokerdj.fbs.com.tw/z/zc/zco/zco.djhtm?a=9105&e=2026-7-1&f=2026-7-29
2026-07-29,2026-07-01,2026-07-29,20,9105,泰金寶-DR,sell,6,國票-九鼎,779P,472.0,1727.0,1255.0,,moneydj,https://fubon-ebrokerdj.fbs.com.tw/z/zc/zco/zco.djhtm?a=9105&e=2026-7-1&f=2026-7-29
2026-07-29,2026-07-01,2026-07-29,20,9105,泰金寶-DR,buy,7,新光-新竹,8563,3000.0,1281.0,1719.0,,moneydj,https://fubon-ebrokerdj.fbs.com.tw/z/zc/zco/zco.djhtm?a=9105&e=2026-7-1&f=2026-7-29
2026-07-29,2026-07-01,2026-07-29,20,9105,泰金寶-DR,sell,7,元大-路竹,981C,1024.0,2274.0,1250.0,,moneydj,https://fubon-ebrokerdj.fbs.com.tw/z/zc/zco/zco.djhtm?a=9105&e=2026-7-1&f=2026-7-29
2026-07-29,2026-07-01,2026-07-29,20,9105,泰金寶-DR,buy,8,永豐金證券,9A00,5284.0,3579.0,1705.0,,moneydj,https://fubon-ebrokerdj.fbs.com.tw/z/zc/zco/zco.djhtm?a=9105&e=2026-7-1&f=2026-7-29
2026-07-29,2026-07-01,2026-07-29,20,9105,泰金寶-DR,sell,8,港商野村,1560,7916.0,9131.0,1215.0,,moneydj,https://fubon-ebrokerdj.fbs.com.tw/z/zc/zco/zco.djhtm?a=9105&e=2026-7-1&f=2026-7-29
2026-07-29,2026-07-01,2026-07-29,20,9105,泰金寶-DR,buy,9,群益金鼎-永和,918J,1777.0,857.0,920.0,,moneydj,https://fubon-ebrokerdj.fbs.com.tw/z/zc/zco/zco.djhtm?a=9105&e=2026-7-1&f=2026-7-29
2026-07-29,2026-07-01,2026-07-29,20,9105,泰金寶-DR,sell,9,台新-中壢,9B1y,1436.0,2541.0,1105.0,,moneydj,https://fubon-ebrokerdj.fbs.com.tw/z/zc/zco/zco.djhtm?a=9105&e=2026-7-1&f=2026-7-29
2026-07-29,2026-07-01,2026-07-29,20,9105,泰金寶-DR,buy,10,元大-員林,9889,3883.0,2971.0,912.0,,moneydj,https://fubon-ebrokerdj.fbs.com.tw/z/zc/zco/zco.djhtm?a=9105&e=2026-7-1&f=2026-7-29
2026-07-29,2026-07-01,2026-07-29,20,9105,泰金寶-DR,sell,10,聯邦-大業,8586,186.0,1042.0,856.0,,moneydj,https://fubon-ebrokerdj.fbs.com.tw/z/zc/zco/zco.djhtm?a=9105&e=2026-7-1&f=2026-7-29
2026-07-29,2026-07-01,2026-07-29,20,9904,寶成,buy,1,美商高盛,1480,62494.0,36427.0,26067.0,,moneydj,https://fubon-ebrokerdj.fbs.com.tw/z/zc/zco/zco.djhtm?a=9904&e=2026-7-1&f=2026-7-29
2026-07-29,2026-07-01,2026-07-29,20,9904,寶成,sell,1,元大證券,9800,15285.0,53835.0,38550.0,,moneydj,https://fubon-ebrokerdj.fbs.com.tw/z/zc/zco/zco.djhtm?a=9904&e=2026-7-1&f=2026-7-29
2026-07-29,2026-07-01,2026-07-29,20,9904,寶成,buy,2,台灣摩根士丹利,1470,31831.0,15462.0,16369.0,,moneydj,https://fubon-ebrokerdj.fbs.com.tw/z/zc/zco/zco.djhtm?a=9904&e=2026-7-1&f=2026-7-29
2026-07-29,2026-07-01,2026-07-29,20,9904,寶成,sell,2,永豐金-匯立,9A81,19.0,27947.0,27928.0,,moneydj,https://fubon-ebrokerdj.fbs.com.tw/z/zc/zco/zco.djhtm?a=9904&e=2026-7-1&f=2026-7-29
2026-07-29,2026-07-01,2026-07-29,20,9904,寶成,buy,3,凱基-台北,9268,33391.0,26639.0,6752.0,,moneydj,https://fubon-ebrokerdj.fbs.com.tw/z/zc/zco/zco.djhtm?a=9904&e=2026-7-1&f=2026-7-29
2026-07-29,2026-07-01,2026-07-29,20,9904,寶成,sell,3,玉山證券,8840,810.0,13864.0,13054.0,,moneydj,https://fubon-ebrokerdj.fbs.com.tw/z/zc/zco/zco.djhtm?a=9904&e=2026-7-1&f=2026-7-29
2026-07-29,2026-07-01,2026-07-29,20,9904,寶成,buy,4,港商野村,1560,8780.0,3379.0,5401.0,,moneydj,https://fubon-ebrokerdj.fbs.com.tw/z/zc/zco/zco.djhtm?a=9904&e=2026-7-1&f=2026-7-29
2026-07-29,2026-07-01,2026-07-29,20,9904,寶成,sell,4,合庫證券,1020,726.0,11286.0,10560.0,,moneydj,https://fubon-ebrokerdj.fbs.com.tw/z/zc/zco/zco.djhtm?a=9904&e=2026-7-1&f=2026-7-29
2026-07-29,2026-07-01,2026-07-29,20,9904,寶成,buy,5,統一-台南,5855,4085.0,36.0,4049.0,,moneydj,https://fubon-ebrokerdj.fbs.com.tw/z/zc/zco/zco.djhtm?a=9904&e=2026-7-1&f=2026-7-29
2026-07-29,2026-07-01,2026-07-29,20,9904,寶成,sell,5,凱基,9200,717.0,9601.0,8884.0,,moneydj,https://fubon-ebrokerdj.fbs.com.tw/z/zc/zco/zco.djhtm?a=9904&e=2026-7-1&f=2026-7-29
2026-07-29,2026-07-01,2026-07-29,20,9904,寶成,buy,6,富邦-三重,9677,3824.0,62.0,3762.0,,moneydj,https://fubon-ebrokerdj.fbs.com.tw/z/zc/zco/zco.djhtm?a=9904&e=2026-7-1&f=2026-7-29
2026-07-29,2026-07-01,2026-07-29,20,9904,寶成,sell,6,統一,5850,4784.0,13284.0,8500.0,,moneydj,https://fubon-ebrokerdj.fbs.com.tw/z/zc/zco/zco.djhtm?a=9904&e=2026-7-1&f=2026-7-29
2026-07-29,2026-07-01,2026-07-29,20,9904,寶成,buy,7,新加坡商瑞銀,1650,29335.0,26053.0,3282.0,,moneydj,https://fubon-ebrokerdj.fbs.com.tw/z/zc/zco/zco.djhtm?a=9904&e=2026-7-1&f=2026-7-29
2026-07-29,2026-07-01,2026-07-29,20,9904,寶成,sell,7,兆豐證券,7000,306.0,8011.0,7705.0,,moneydj,https://fubon-ebrokerdj.fbs.com.tw/z/zc/zco/zco.djhtm?a=9904&e=2026-7-1&f=2026-7-29
2026-07-29,2026-07-01,2026-07-29,20,9904,寶成,buy,8,元大-中崙,9813,3145.0,6.0,3139.0,,moneydj,https://fubon-ebrokerdj.fbs.com.tw/z/zc/zco/zco.djhtm?a=9904&e=2026-7-1&f=2026-7-29
2026-07-29,2026-07-01,2026-07-29,20,9904,寶成,sell,8,香港上海匯豐,8960,306.0,7786.0,7480.0,,moneydj,https://fubon-ebrokerdj.fbs.com.tw/z/zc/zco/zco.djhtm?a=9904&e=2026-7-1&f=2026-7-29
2026-07-29,2026-07-01,2026-07-29,20,9904,寶成,buy,9,群益金鼎-基隆,913E,2971.0,34.0,2937.0,,moneydj,https://fubon-ebrokerdj.fbs.com.tw/z/zc/zco/zco.djhtm?a=9904&e=2026-7-1&f=2026-7-29
2026-07-29,2026-07-01,2026-07-29,20,9904,寶成,sell,9,永豐金證券,9A00,4866.0,10929.0,6063.0,,moneydj,https://fubon-ebrokerdj.fbs.com.tw/z/zc/zco/zco.djhtm?a=9904&e=2026-7-1&f=2026-7-29
2026-07-29,2026-07-01,2026-07-29,20,9904,寶成,buy,10,新光,8560,6297.0,3551.0,2746.0,,moneydj,https://fubon-ebrokerdj.fbs.com.tw/z/zc/zco/zco.djhtm?a=9904&e=2026-7-1&f=2026-7-29
2026-07-29,2026-07-01,2026-07-29,20,9904,寶成,sell,10,國泰證券,8880,612.0,6632.0,6020.0,,moneydj,https://fubon-ebrokerdj.fbs.com.tw/z/zc/zco/zco.djhtm?a=9904&e=2026-7-1&f=2026-7-29
2026-07-29,2026-07-01,2026-07-29,20,5263,智崴,buy,1,宏遠證券,1260,154.0,0.0,154.0,,moneydj,https://fubon-ebrokerdj.fbs.com.tw/z/zc/zco/zco.djhtm?a=5263&e=2026-7-1&f=2026-7-29
2026-07-29,2026-07-01,2026-07-29,20,5263,智崴,sell,1,摩根大通,8440,78.0,258.0,180.0,,moneydj,https://fubon-ebrokerdj.fbs.com.tw/z/zc/zco/zco.djhtm?a=5263&e=2026-7-1&f=2026-7-29
2026-07-29,2026-07-01,2026-07-29,20,5263,智崴,buy,2,統一-彰化,585F,172.0,44.0,128.0,,moneydj,https://fubon-ebrokerdj.fbs.com.tw/z/zc/zco/zco.djhtm?a=5263&e=2026-7-1&f=2026-7-29
2026-07-29,2026-07-01,2026-07-29,20,5263,智崴,sell,2,統一,5850,1.0,103.0,102.0,,moneydj,https://fubon-ebrokerdj.fbs.com.tw/z/zc/zco/zco.djhtm?a=5263&e=2026-7-1&f=2026-7-29
2026-07-29,2026-07-01,2026-07-29,20,5263,智崴,buy,3,元大-三民,989F,67.0,1.0,66.0,,moneydj,https://fubon-ebrokerdj.fbs.com.tw/z/zc/zco/zco.djhtm?a=5263&e=2026-7-1&f=2026-7-29
2026-07-29,2026-07-01,2026-07-29,20,5263,智崴,sell,3,新光,8560,26.0,99.0,73.0,,moneydj,https://fubon-ebrokerdj.fbs.com.tw/z/zc/zco/zco.djhtm?a=5263&e=2026-7-1&f=2026-7-29
2026-07-29,2026-07-01,2026-07-29,20,5263,智崴,buy,4,凱基-和平,9255,48.0,0.0,48.0,,moneydj,https://fubon-ebrokerdj.fbs.com.tw/z/zc/zco/zco.djhtm?a=5263&e=2026-7-1&f=2026-7-29
2026-07-29,2026-07-01,2026-07-29,20,5263,智崴,sell,4,合庫-彰化,1028,6.0,73.0,67.0,,moneydj,https://fubon-ebrokerdj.fbs.com.tw/z/zc/zco/zco.djhtm?a=5263&e=2026-7-1&f=2026-7-29
2026-07-29,2026-07-01,2026-07-29,20,5263,智崴,buy,5,永豐金證券,9A00,64.0,17.0,47.0,,moneydj,https://fubon-ebrokerdj.fbs.com.tw/z/zc/zco/zco.djhtm?a=5263&e=2026-7-1&f=2026-7-29
2026-07-29,2026-07-01,2026-07-29,20,5263,智崴,sell,5,富邦-永和,9654,5.0,61.0,56.0,,moneydj,https://fubon-ebrokerdj.fbs.com.tw/z/zc/zco/zco.djhtm?a=5263&e=2026-7-1&f=2026-7-29
2026-07-29,2026-07-01,2026-07-29,20,5263,智崴,buy,6,統一-仁愛,585c,44.0,0.0,44.0,,moneydj,https://fubon-ebrokerdj.fbs.com.tw/z/zc/zco/zco.djhtm?a=5263&e=2026-7-1&f=2026-7-29
2026-07-29,2026-07-01,2026-07-29,20,5263,智崴,sell,6,永豐金-敦南,9A8F,0.0,43.0,43.0,,moneydj,https://fubon-ebrokerdj.fbs.com.tw/z/zc/zco/zco.djhtm?a=5263&e=2026-7-1&f=2026-7-29
2026-07-29,2026-07-01,2026-07-29,20,5263,智崴,buy,7,美商高盛,1480,155.0,112.0,43.0,,moneydj,https://fubon-ebrokerdj.fbs.com.tw/z/zc/zco/zco.djhtm?a=5263&e=2026-7-1&f=2026-7-29
2026-07-29,2026-07-01,2026-07-29,20,5263,智崴,sell,7,群益金鼎-忠孝,918W,0.0,38.0,38.0,,moneydj,https://fubon-ebrokerdj.fbs.com.tw/z/zc/zco/zco.djhtm?a=5263&e=2026-7-1&f=2026-7-29
2026-07-29,2026-07-01,2026-07-29,20,5263,智崴,buy,8,國泰-台南,8884,48.0,8.0,40.0,,moneydj,https://fubon-ebrokerdj.fbs.com.tw/z/zc/zco/zco.djhtm?a=5263&e=2026-7-1&f=2026-7-29
2026-07-29,2026-07-01,2026-07-29,20,5263,智崴,sell,8,京城-嘉義,8492,7.0,45.0,38.0,,moneydj,https://fubon-ebrokerdj.fbs.com.tw/z/zc/zco/zco.djhtm?a=5263&e=2026-7-1&f=2026-7-29
2026-07-29,2026-07-01,2026-07-29,20,5263,智崴,buy,9,國泰-敦南,8888,118.0,79.0,39.0,,moneydj,https://fubon-ebrokerdj.fbs.com.tw/z/zc/zco/zco.djhtm?a=5263&e=2026-7-1&f=2026-7-29
2026-07-29,2026-07-01,2026-07-29,20,5263,智崴,sell,9,群益金鼎-中壢,918A,1.0,36.0,35.0,,moneydj,https://fubon-ebrokerdj.fbs.com.tw/z/zc/zco/zco.djhtm?a=5263&e=2026-7-1&f=2026-7-29
2026-07-29,2026-07-01,2026-07-29,20,5263,智崴,buy,10,台新-高雄,9B1g,179.0,149.0,30.0,,moneydj,https://fubon-ebrokerdj.fbs.com.tw/z/zc/zco/zco.djhtm?a=5263&e=2026-7-1&f=2026-7-29
2026-07-29,2026-07-01,2026-07-29,20,5263,智崴,sell,10,國泰-桃園,8885,9.0,42.0,33.0,,moneydj,https://fubon-ebrokerdj.fbs.com.tw/z/zc/zco/zco.djhtm?a=5263&e=2026-7-1&f=2026-7-29
2026-07-29,2026-07-01,2026-07-29,20,2313,華通,buy,1,美商高盛,1480,39742.0,35335.0,4407.0,,moneydj,https://fubon-ebrokerdj.fbs.com.tw/z/zc/zco/zco.djhtm?a=2313&e=2026-7-1&f=2026-7-29
2026-07-29,2026-07-01,2026-07-29,20,2313,華通,sell,1,摩根大通,8440,13446.0,20398.0,6952.0,,moneydj,https://fubon-ebrokerdj.fbs.com.tw/z/zc/zco/zco.djhtm?a=2313&e=2026-7-1&f=2026-7-29
2026-07-29,2026-07-01,2026-07-29,20,2313,華通,buy,2,台灣摩根士丹利,1470,53061.0,49755.0,3306.0,,moneydj,https://fubon-ebrokerdj.fbs.com.tw/z/zc/zco/zco.djhtm?a=2313&e=2026-7-1&f=2026-7-29
2026-07-29,2026-07-01,2026-07-29,20,2313,華通,sell,2,元大證券,9800,81210.0,84384.0,3174.0,,moneydj,https://fubon-ebrokerdj.fbs.com.tw/z/zc/zco/zco.djhtm?a=2313&e=2026-7-1&f=2026-7-29
2026-07-29,2026-07-01,2026-07-29,20,2313,華通,buy,3,富邦證券,9600,12146.0,9047.0,3099.0,,moneydj,https://fubon-ebrokerdj.fbs.com.tw/z/zc/zco/zco.djhtm?a=2313&e=2026-7-1&f=2026-7-29
2026-07-29,2026-07-01,2026-07-29,20,2313,華通,sell,3,香港上海匯豐,8960,831.0,2621.0,1790.0,,moneydj,https://fubon-ebrokerdj.fbs.com.tw/z/zc/zco/zco.djhtm?a=2313&e=2026-7-1&f=2026-7-29
2026-07-29,2026-07-01,2026-07-29,20,2313,華通,buy,4,凱基-台北,9268,56722.0,54015.0,2707.0,,moneydj,https://fubon-ebrokerdj.fbs.com.tw/z/zc/zco/zco.djhtm?a=2313&e=2026-7-1&f=2026-7-29
2026-07-29,2026-07-01,2026-07-29,20,2313,華通,sell,4,國泰-敦南,8888,16759.0,17935.0,1176.0,,moneydj,https://fubon-ebrokerdj.fbs.com.tw/z/zc/zco/zco.djhtm?a=2313&e=2026-7-1&f=2026-7-29
2026-07-29,2026-07-01,2026-07-29,20,2313,華通,buy,5,大和國泰,8890,2653.0,0.0,2653.0,,moneydj,https://fubon-ebrokerdj.fbs.com.tw/z/zc/zco/zco.djhtm?a=2313&e=2026-7-1&f=2026-7-29
2026-07-29,2026-07-01,2026-07-29,20,2313,華通,sell,5,凱基-高雄,9206,1102.0,2156.0,1054.0,,moneydj,https://fubon-ebrokerdj.fbs.com.tw/z/zc/zco/zco.djhtm?a=2313&e=2026-7-1&f=2026-7-29
2026-07-29,2026-07-01,2026-07-29,20,2313,華通,buy,6,中國信託,6160,4371.0,2806.0,1565.0,,moneydj,https://fubon-ebrokerdj.fbs.com.tw/z/zc/zco/zco.djhtm?a=2313&e=2026-7-1&f=2026-7-29
2026-07-29,2026-07-01,2026-07-29,20,2313,華通,sell,6,群益金鼎,9100,5915.0,6859.0,944.0,,moneydj,https://fubon-ebrokerdj.fbs.com.tw/z/zc/zco/zco.djhtm?a=2313&e=2026-7-1&f=2026-7-29
2026-07-29,2026-07-01,2026-07-29,20,2313,華通,buy,7,港商麥格理,1360,1978.0,575.0,1403.0,,moneydj,https://fubon-ebrokerdj.fbs.com.tw/z/zc/zco/zco.djhtm?a=2313&e=2026-7-1&f=2026-7-29
2026-07-29,2026-07-01,2026-07-29,20,2313,華通,sell,7,台新,9B00,4317.0,5249.0,932.0,,moneydj,https://fubon-ebrokerdj.fbs.com.tw/z/zc/zco/zco.djhtm?a=2313&e=2026-7-1&f=2026-7-29
2026-07-29,2026-07-01,2026-07-29,20,2313,華通,buy,8,新光,8560,6605.0,5326.0,1279.0,,moneydj,https://fubon-ebrokerdj.fbs.com.tw/z/zc/zco/zco.djhtm?a=2313&e=2026-7-1&f=2026-7-29
2026-07-29,2026-07-01,2026-07-29,20,2313,華通,sell,8,永豐金-羅東,9A9A,578.0,1508.0,930.0,,moneydj,https://fubon-ebrokerdj.fbs.com.tw/z/zc/zco/zco.djhtm?a=2313&e=2026-7-1&f=2026-7-29
2026-07-29,2026-07-01,2026-07-29,20,2313,華通,buy,9,凱基,9200,5657.0,4584.0,1073.0,,moneydj,https://fubon-ebrokerdj.fbs.com.tw/z/zc/zco/zco.djhtm?a=2313&e=2026-7-1&f=2026-7-29
2026-07-29,2026-07-01,2026-07-29,20,2313,華通,sell,9,凱基-信義,9216,6841.0,7625.0,784.0,,moneydj,https://fubon-ebrokerdj.fbs.com.tw/z/zc/zco/zco.djhtm?a=2313&e=2026-7-1&f=2026-7-29
2026-07-29,2026-07-01,2026-07-29,20,2313,華通,buy,10,(牛牛牛)亞證券,6010,1088.0,36.0,1052.0,,moneydj,https://fubon-ebrokerdj.fbs.com.tw/z/zc/zco/zco.djhtm?a=2313&e=2026-7-1&f=2026-7-29
2026-07-29,2026-07-01,2026-07-29,20,2313,華通,sell,10,國票-中正,7797,163.0,799.0,636.0,,moneydj,https://fubon-ebrokerdj.fbs.com.tw/z/zc/zco/zco.djhtm?a=2313&e=2026-7-1&f=2026-7-29
2026-07-29,2026-07-01,2026-07-29,20,4105,東洋,buy,1,華南永昌,9300,1140.0,16.0,1124.0,,moneydj,https://fubon-ebrokerdj.fbs.com.tw/z/zc/zco/zco.djhtm?a=4105&e=2026-7-1&f=2026-7-29
2026-07-29,2026-07-01,2026-07-29,20,4105,東洋,sell,1,國泰-敦南,8888,84.0,567.0,483.0,,moneydj,https://fubon-ebrokerdj.fbs.com.tw/z/zc/zco/zco.djhtm?a=4105&e=2026-7-1&f=2026-7-29
2026-07-29,2026-07-01,2026-07-29,20,4105,東洋,buy,2,美商高盛,1480,2038.0,1136.0,902.0,,moneydj,https://fubon-ebrokerdj.fbs.com.tw/z/zc/zco/zco.djhtm?a=4105&e=2026-7-1&f=2026-7-29
2026-07-29,2026-07-01,2026-07-29,20,4105,東洋,sell,2,合庫-鳳山,1029,207.0,511.0,304.0,,moneydj,https://fubon-ebrokerdj.fbs.com.tw/z/zc/zco/zco.djhtm?a=4105&e=2026-7-1&f=2026-7-29
2026-07-29,2026-07-01,2026-07-29,20,4105,東洋,buy,3,台灣摩根士丹利,1470,1723.0,856.0,867.0,,moneydj,https://fubon-ebrokerdj.fbs.com.tw/z/zc/zco/zco.djhtm?a=4105&e=2026-7-1&f=2026-7-29
2026-07-29,2026-07-01,2026-07-29,20,4105,東洋,sell,3,港商野村,1560,326.0,627.0,301.0,,moneydj,https://fubon-ebrokerdj.fbs.com.tw/z/zc/zco/zco.djhtm?a=4105&e=2026-7-1&f=2026-7-29
2026-07-29,2026-07-01,2026-07-29,20,4105,東洋,buy,4,兆豐-忠孝,700a,648.0,7.0,641.0,,moneydj,https://fubon-ebrokerdj.fbs.com.tw/z/zc/zco/zco.djhtm?a=4105&e=2026-7-1&f=2026-7-29
2026-07-29,2026-07-01,2026-07-29,20,4105,東洋,sell,4,兆豐-岡山,700s,328.0,573.0,245.0,,moneydj,https://fubon-ebrokerdj.fbs.com.tw/z/zc/zco/zco.djhtm?a=4105&e=2026-7-1&f=2026-7-29
2026-07-29,2026-07-01,2026-07-29,20,4105,東洋,buy,5,永豐金證券,9A00,594.0,164.0,430.0,,moneydj,https://fubon-ebrokerdj.fbs.com.tw/z/zc/zco/zco.djhtm?a=4105&e=2026-7-1&f=2026-7-29
2026-07-29,2026-07-01,2026-07-29,20,4105,東洋,sell,5,統一-台中,5856,1.0,246.0,245.0,,moneydj,https://fubon-ebrokerdj.fbs.com.tw/z/zc/zco/zco.djhtm?a=4105&e=2026-7-1&f=2026-7-29
2026-07-29,2026-07-01,2026-07-29,20,4105,東洋,buy,6,美林,1440,433.0,133.0,300.0,,moneydj,https://fubon-ebrokerdj.fbs.com.tw/z/zc/zco/zco.djhtm?a=4105&e=2026-7-1&f=2026-7-29
2026-07-29,2026-07-01,2026-07-29,20,4105,東洋,sell,6,富邦證券,9600,11.0,200.0,189.0,,moneydj,https://fubon-ebrokerdj.fbs.com.tw/z/zc/zco/zco.djhtm?a=4105&e=2026-7-1&f=2026-7-29
2026-07-29,2026-07-01,2026-07-29,20,4105,東洋,buy,7,花旗環球,1590,280.0,0.0,280.0,,moneydj,https://fubon-ebrokerdj.fbs.com.tw/z/zc/zco/zco.djhtm?a=4105&e=2026-7-1&f=2026-7-29
2026-07-29,2026-07-01,2026-07-29,20,4105,東洋,sell,7,摩根大通,8440,1029.0,1201.0,172.0,,moneydj,https://fubon-ebrokerdj.fbs.com.tw/z/zc/zco/zco.djhtm?a=4105&e=2026-7-1&f=2026-7-29
2026-07-29,2026-07-01,2026-07-29,20,4105,東洋,buy,8,永豐金-匯立,9A81,208.0,0.0,208.0,,moneydj,https://fubon-ebrokerdj.fbs.com.tw/z/zc/zco/zco.djhtm?a=4105&e=2026-7-1&f=2026-7-29
2026-07-29,2026-07-01,2026-07-29,20,4105,東洋,sell,8,新光,8560,163.0,288.0,125.0,,moneydj,https://fubon-ebrokerdj.fbs.com.tw/z/zc/zco/zco.djhtm?a=4105&e=2026-7-1&f=2026-7-29
2026-07-29,2026-07-01,2026-07-29,20,4105,東洋,buy,9,元大證券,9800,575.0,442.0,133.0,,moneydj,https://fubon-ebrokerdj.fbs.com.tw/z/zc/zco/zco.djhtm?a=4105&e=2026-7-1&f=2026-7-29
2026-07-29,2026-07-01,2026-07-29,20,4105,東洋,sell,9,第一金-嘉義,538M,1.0,126.0,125.0,,moneydj,https://fubon-ebrokerdj.fbs.com.tw/z/zc/zco/zco.djhtm?a=4105&e=2026-7-1&f=2026-7-29
2026-07-29,2026-07-01,2026-07-29,20,4105,東洋,buy,10,兆豐-員林,700k,124.0,14.0,110.0,,moneydj,https://fubon-ebrokerdj.fbs.com.tw/z/zc/zco/zco.djhtm?a=4105&e=2026-7-1&f=2026-7-29
2026-07-29,2026-07-01,2026-07-29,20,4105,東洋,sell,10,新加坡商瑞銀,1650,1167.0,1282.0,115.0,,moneydj,https://fubon-ebrokerdj.fbs.com.tw/z/zc/zco/zco.djhtm?a=4105&e=2026-7-1&f=2026-7-29
2026-07-29,2026-07-01,2026-07-29,20,5285,界霖,buy,1,美商高盛,1480,4595.0,2436.0,2159.0,,moneydj,https://fubon-ebrokerdj.fbs.com.tw/z/zc/zco/zco.djhtm?a=5285&e=2026-7-1&f=2026-7-29
2026-07-29,2026-07-01,2026-07-29,20,5285,界霖,sell,1,港商野村,1560,208.0,418.0,210.0,,moneydj,https://fubon-ebrokerdj.fbs.com.tw/z/zc/zco/zco.djhtm?a=5285&e=2026-7-1&f=2026-7-29
2026-07-29,2026-07-01,2026-07-29,20,5285,界霖,buy,2,凱基-台北,9268,3316.0,2897.0,419.0,,moneydj,https://fubon-ebrokerdj.fbs.com.tw/z/zc/zco/zco.djhtm?a=5285&e=2026-7-1&f=2026-7-29
2026-07-29,2026-07-01,2026-07-29,20,5285,界霖,sell,2,美林,1440,976.0,1166.0,190.0,,moneydj,https://fubon-ebrokerdj.fbs.com.tw/z/zc/zco/zco.djhtm?a=5285&e=2026-7-1&f=2026-7-29
2026-07-29,2026-07-01,2026-07-29,20,5285,界霖,buy,3,新加坡商瑞銀,1650,1605.0,1241.0,364.0,,moneydj,https://fubon-ebrokerdj.fbs.com.tw/z/zc/zco/zco.djhtm?a=5285&e=2026-7-1&f=2026-7-29
2026-07-29,2026-07-01,2026-07-29,20,5285,界霖,sell,3,國泰-敦南,8888,766.0,930.0,164.0,,moneydj,https://fubon-ebrokerdj.fbs.com.tw/z/zc/zco/zco.djhtm?a=5285&e=2026-7-1&f=2026-7-29
2026-07-29,2026-07-01,2026-07-29,20,5285,界霖,buy,4,摩根大通,8440,2132.0,1779.0,353.0,,moneydj,https://fubon-ebrokerdj.fbs.com.tw/z/zc/zco/zco.djhtm?a=5285&e=2026-7-1&f=2026-7-29
2026-07-29,2026-07-01,2026-07-29,20,5285,界霖,sell,4,富邦-木柵,961M,42.0,189.0,147.0,,moneydj,https://fubon-ebrokerdj.fbs.com.tw/z/zc/zco/zco.djhtm?a=5285&e=2026-7-1&f=2026-7-29
2026-07-29,2026-07-01,2026-07-29,20,5285,界霖,buy,5,群益金鼎-東門,918D,293.0,18.0,275.0,,moneydj,https://fubon-ebrokerdj.fbs.com.tw/z/zc/zco/zco.djhtm?a=5285&e=2026-7-1&f=2026-7-29
2026-07-29,2026-07-01,2026-07-29,20,5285,界霖,sell,5,富邦-仁愛,9676,222.0,357.0,135.0,,moneydj,https://fubon-ebrokerdj.fbs.com.tw/z/zc/zco/zco.djhtm?a=5285&e=2026-7-1&f=2026-7-29
2026-07-29,2026-07-01,2026-07-29,20,5285,界霖,buy,6,元大-路竹,981C,282.0,34.0,248.0,,moneydj,https://fubon-ebrokerdj.fbs.com.tw/z/zc/zco/zco.djhtm?a=5285&e=2026-7-1&f=2026-7-29
2026-07-29,2026-07-01,2026-07-29,20,5285,界霖,sell,6,華南永昌,9300,144.0,266.0,122.0,,moneydj,https://fubon-ebrokerdj.fbs.com.tw/z/zc/zco/zco.djhtm?a=5285&e=2026-7-1&f=2026-7-29
2026-07-29,2026-07-01,2026-07-29,20,5285,界霖,buy,7,群益金鼎-大安,918e,333.0,89.0,244.0,,moneydj,https://fubon-ebrokerdj.fbs.com.tw/z/zc/zco/zco.djhtm?a=5285&e=2026-7-1&f=2026-7-29
2026-07-29,2026-07-01,2026-07-29,20,5285,界霖,sell,7,玉山-數位,884M,79.0,185.0,106.0,,moneydj,https://fubon-ebrokerdj.fbs.com.tw/z/zc/zco/zco.djhtm?a=5285&e=2026-7-1&f=2026-7-29
2026-07-29,2026-07-01,2026-07-29,20,5285,界霖,buy,8,台灣摩根士丹利,1470,2566.0,2334.0,232.0,,moneydj,https://fubon-ebrokerdj.fbs.com.tw/z/zc/zco/zco.djhtm?a=5285&e=2026-7-1&f=2026-7-29
2026-07-29,2026-07-01,2026-07-29,20,5285,界霖,sell,8,港商麥格理,1360,0.0,105.0,105.0,,moneydj,https://fubon-ebrokerdj.fbs.com.tw/z/zc/zco/zco.djhtm?a=5285&e=2026-7-1&f=2026-7-29
2026-07-29,2026-07-01,2026-07-29,20,5285,界霖,buy,9,台新-三民,9B13,223.0,41.0,182.0,,moneydj,https://fubon-ebrokerdj.fbs.com.tw/z/zc/zco/zco.djhtm?a=5285&e=2026-7-1&f=2026-7-29
2026-07-29,2026-07-01,2026-07-29,20,5285,界霖,sell,9,元大-左營,989D,522.0,621.0,99.0,,moneydj,https://fubon-ebrokerdj.fbs.com.tw/z/zc/zco/zco.djhtm?a=5285&e=2026-7-1&f=2026-7-29
2026-07-29,2026-07-01,2026-07-29,20,5285,界霖,buy,10,元大-大灣,9815,283.0,118.0,165.0,,moneydj,https://fubon-ebrokerdj.fbs.com.tw/z/zc/zco/zco.djhtm?a=5285&e=2026-7-1&f=2026-7-29
2026-07-29,2026-07-01,2026-07-29,20,5285,界霖,sell,10,永豐金-匯立,9A81,0.0,88.0,88.0,,moneydj,https://fubon-ebrokerdj.fbs.com.tw/z/zc/zco/zco.djhtm?a=5285&e=2026-7-1&f=2026-7-29
2026-07-29,2026-07-01,2026-07-29,20,2312,金寶,buy,1,台灣摩根士丹利,1470,33502.0,28605.0,4897.0,,moneydj,https://fubon-ebrokerdj.fbs.com.tw/z/zc/zco/zco.djhtm?a=2312&e=2026-7-1&f=2026-7-29
2026-07-29,2026-07-01,2026-07-29,20,2312,金寶,sell,1,國票-北高雄,779J,228.0,2279.0,2051.0,,moneydj,https://fubon-ebrokerdj.fbs.com.tw/z/zc/zco/zco.djhtm?a=2312&e=2026-7-1&f=2026-7-29
2026-07-29,2026-07-01,2026-07-29,20,2312,金寶,buy,2,美商高盛,1480,15223.0,11673.0,3550.0,,moneydj,https://fubon-ebrokerdj.fbs.com.tw/z/zc/zco/zco.djhtm?a=2312&e=2026-7-1&f=2026-7-29
2026-07-29,2026-07-01,2026-07-29,20,2312,金寶,sell,2,凱基-台北,9268,27620.0,29448.0,1828.0,,moneydj,https://fubon-ebrokerdj.fbs.com.tw/z/zc/zco/zco.djhtm?a=2312&e=2026-7-1&f=2026-7-29
2026-07-29,2026-07-01,2026-07-29,20,2312,金寶,buy,3,台新,9B00,4567.0,3859.0,708.0,,moneydj,https://fubon-ebrokerdj.fbs.com.tw/z/zc/zco/zco.djhtm?a=2312&e=2026-7-1&f=2026-7-29
2026-07-29,2026-07-01,2026-07-29,20,2312,金寶,sell,3,國泰-敦南,8888,7882.0,9115.0,1233.0,,moneydj,https://fubon-ebrokerdj.fbs.com.tw/z/zc/zco/zco.djhtm?a=2312&e=2026-7-1&f=2026-7-29
2026-07-29,2026-07-01,2026-07-29,20,2312,金寶,buy,4,新光,8560,4560.0,3934.0,626.0,,moneydj,https://fubon-ebrokerdj.fbs.com.tw/z/zc/zco/zco.djhtm?a=2312&e=2026-7-1&f=2026-7-29
2026-07-29,2026-07-01,2026-07-29,20,2312,金寶,sell,4,富邦-南京,961C,418.0,1518.0,1100.0,,moneydj,https://fubon-ebrokerdj.fbs.com.tw/z/zc/zco/zco.djhtm?a=2312&e=2026-7-1&f=2026-7-29
2026-07-29,2026-07-01,2026-07-29,20,2312,金寶,buy,5,美林,1440,3796.0,3172.0,624.0,,moneydj,https://fubon-ebrokerdj.fbs.com.tw/z/zc/zco/zco.djhtm?a=2312&e=2026-7-1&f=2026-7-29
2026-07-29,2026-07-01,2026-07-29,20,2312,金寶,sell,5,永豐金-敦南,9A8F,428.0,1428.0,1000.0,,moneydj,https://fubon-ebrokerdj.fbs.com.tw/z/zc/zco/zco.djhtm?a=2312&e=2026-7-1&f=2026-7-29
2026-07-29,2026-07-01,2026-07-29,20,2312,金寶,buy,6,元大-竹科,980K,2609.0,2050.0,559.0,,moneydj,https://fubon-ebrokerdj.fbs.com.tw/z/zc/zco/zco.djhtm?a=2312&e=2026-7-1&f=2026-7-29
2026-07-29,2026-07-01,2026-07-29,20,2312,金寶,sell,6,摩根大通,8440,12973.0,13787.0,814.0,,moneydj,https://fubon-ebrokerdj.fbs.com.tw/z/zc/zco/zco.djhtm?a=2312&e=2026-7-1&f=2026-7-29
2026-07-29,2026-07-01,2026-07-29,20,2312,金寶,buy,7,富邦證券,9600,1660.0,1141.0,519.0,,moneydj,https://fubon-ebrokerdj.fbs.com.tw/z/zc/zco/zco.djhtm?a=2312&e=2026-7-1&f=2026-7-29
2026-07-29,2026-07-01,2026-07-29,20,2312,金寶,sell,7,元大-樹林,989j,293.0,967.0,674.0,,moneydj,https://fubon-ebrokerdj.fbs.com.tw/z/zc/zco/zco.djhtm?a=2312&e=2026-7-1&f=2026-7-29
2026-07-29,2026-07-01,2026-07-29,20,2312,金寶,buy,8,兆豐-南門,700g,750.0,243.0,507.0,,moneydj,https://fubon-ebrokerdj.fbs.com.tw/z/zc/zco/zco.djhtm?a=2312&e=2026-7-1&f=2026-7-29
2026-07-29,2026-07-01,2026-07-29,20,2312,金寶,sell,8,統一,5850,2390.0,2982.0,592.0,,moneydj,https://fubon-ebrokerdj.fbs.com.tw/z/zc/zco/zco.djhtm?a=2312&e=2026-7-1&f=2026-7-29
2026-07-29,2026-07-01,2026-07-29,20,2312,金寶,buy,9,凱基,9200,688.0,186.0,502.0,,moneydj,https://fubon-ebrokerdj.fbs.com.tw/z/zc/zco/zco.djhtm?a=2312&e=2026-7-1&f=2026-7-29
2026-07-29,2026-07-01,2026-07-29,20,2312,金寶,sell,9,富邦-陽明,9604,888.0,1381.0,493.0,,moneydj,https://fubon-ebrokerdj.fbs.com.tw/z/zc/zco/zco.djhtm?a=2312&e=2026-7-1&f=2026-7-29
2026-07-29,2026-07-01,2026-07-29,20,2312,金寶,buy,10,第一金-台南,5384,1173.0,764.0,409.0,,moneydj,https://fubon-ebrokerdj.fbs.com.tw/z/zc/zco/zco.djhtm?a=2312&e=2026-7-1&f=2026-7-29
2026-07-29,2026-07-01,2026-07-29,20,2312,金寶,sell,10,富邦-羅東,9634,365.0,827.0,462.0,,moneydj,https://fubon-ebrokerdj.fbs.com.tw/z/zc/zco/zco.djhtm?a=2312&e=2026-7-1&f=2026-7-29
2026-07-29,2026-07-01,2026-07-29,20,3587,閎康,buy,1,美商高盛,1480,955.0,658.0,297.0,,moneydj,https://fubon-ebrokerdj.fbs.com.tw/z/zc/zco/zco.djhtm?a=3587&e=2026-7-1&f=2026-7-29
2026-07-29,2026-07-01,2026-07-29,20,3587,閎康,sell,1,新加坡商瑞銀,1650,833.0,1137.0,304.0,,moneydj,https://fubon-ebrokerdj.fbs.com.tw/z/zc/zco/zco.djhtm?a=3587&e=2026-7-1&f=2026-7-29
2026-07-29,2026-07-01,2026-07-29,20,3587,閎康,buy,2,美林,1440,378.0,147.0,231.0,,moneydj,https://fubon-ebrokerdj.fbs.com.tw/z/zc/zco/zco.djhtm?a=3587&e=2026-7-1&f=2026-7-29
2026-07-29,2026-07-01,2026-07-29,20,3587,閎康,sell,2,台灣摩根士丹利,1470,929.0,1120.0,191.0,,moneydj,https://fubon-ebrokerdj.fbs.com.tw/z/zc/zco/zco.djhtm?a=3587&e=2026-7-1&f=2026-7-29
2026-07-29,2026-07-01,2026-07-29,20,3587,閎康,buy,3,港商野村,1560,145.0,18.0,127.0,,moneydj,https://fubon-ebrokerdj.fbs.com.tw/z/zc/zco/zco.djhtm?a=3587&e=2026-7-1&f=2026-7-29
2026-07-29,2026-07-01,2026-07-29,20,3587,閎康,sell,3,元大-台中,9812,30.0,116.0,86.0,,moneydj,https://fubon-ebrokerdj.fbs.com.tw/z/zc/zco/zco.djhtm?a=3587&e=2026-7-1&f=2026-7-29
2026-07-29,2026-07-01,2026-07-29,20,3587,閎康,buy,4,合庫證券,1020,113.0,38.0,75.0,,moneydj,https://fubon-ebrokerdj.fbs.com.tw/z/zc/zco/zco.djhtm?a=3587&e=2026-7-1&f=2026-7-29
2026-07-29,2026-07-01,2026-07-29,20,3587,閎康,sell,4,台灣企銀-岡山,1119,0.0,80.0,80.0,,moneydj,https://fubon-ebrokerdj.fbs.com.tw/z/zc/zco/zco.djhtm?a=3587&e=2026-7-1&f=2026-7-29
2026-07-29,2026-07-01,2026-07-29,20,3587,閎康,buy,5,台新-桃園,9B2v,81.0,12.0,69.0,,moneydj,https://fubon-ebrokerdj.fbs.com.tw/z/zc/zco/zco.djhtm?a=3587&e=2026-7-1&f=2026-7-29
2026-07-29,2026-07-01,2026-07-29,20,3587,閎康,sell,5,元大證券,9800,668.0,744.0,76.0,,moneydj,https://fubon-ebrokerdj.fbs.com.tw/z/zc/zco/zco.djhtm?a=3587&e=2026-7-1&f=2026-7-29
2026-07-29,2026-07-01,2026-07-29,20,3587,閎康,buy,6,國泰-台中,8882,101.0,36.0,65.0,,moneydj,https://fubon-ebrokerdj.fbs.com.tw/z/zc/zco/zco.djhtm?a=3587&e=2026-7-1&f=2026-7-29
2026-07-29,2026-07-01,2026-07-29,20,3587,閎康,sell,6,元大-蘆洲中正,989I,21.0,78.0,57.0,,moneydj,https://fubon-ebrokerdj.fbs.com.tw/z/zc/zco/zco.djhtm?a=3587&e=2026-7-1&f=2026-7-29
2026-07-29,2026-07-01,2026-07-29,20,3587,閎康,buy,7,統一-板橋,585P,85.0,36.0,49.0,,moneydj,https://fubon-ebrokerdj.fbs.com.tw/z/zc/zco/zco.djhtm?a=3587&e=2026-7-1&f=2026-7-29
2026-07-29,2026-07-01,2026-07-29,20,3587,閎康,sell,7,華南永昌-南京,9326,9.0,63.0,54.0,,moneydj,https://fubon-ebrokerdj.fbs.com.tw/z/zc/zco/zco.djhtm?a=3587&e=2026-7-1&f=2026-7-29
2026-07-29,2026-07-01,2026-07-29,20,3587,閎康,buy,8,台新-佳里,9B2w,48.0,2.0,46.0,,moneydj,https://fubon-ebrokerdj.fbs.com.tw/z/zc/zco/zco.djhtm?a=3587&e=2026-7-1&f=2026-7-29
2026-07-29,2026-07-01,2026-07-29,20,3587,閎康,sell,8,凱基-信義,9216,6.0,56.0,50.0,,moneydj,https://fubon-ebrokerdj.fbs.com.tw/z/zc/zco/zco.djhtm?a=3587&e=2026-7-1&f=2026-7-29
2026-07-29,2026-07-01,2026-07-29,20,3587,閎康,buy,9,玉山-台中,884B,49.0,6.0,43.0,,moneydj,https://fubon-ebrokerdj.fbs.com.tw/z/zc/zco/zco.djhtm?a=3587&e=2026-7-1&f=2026-7-29
2026-07-29,2026-07-01,2026-07-29,20,3587,閎康,sell,9,永豐金-南京,9A9S,7.0,56.0,49.0,,moneydj,https://fubon-ebrokerdj.fbs.com.tw/z/zc/zco/zco.djhtm?a=3587&e=2026-7-1&f=2026-7-29
2026-07-29,2026-07-01,2026-07-29,20,3587,閎康,buy,10,國票-博愛,779z,48.0,6.0,42.0,,moneydj,https://fubon-ebrokerdj.fbs.com.tw/z/zc/zco/zco.djhtm?a=3587&e=2026-7-1&f=2026-7-29
2026-07-29,2026-07-01,2026-07-29,20,3587,閎康,sell,10,富邦-竹北,9624,13.0,59.0,46.0,,moneydj,https://fubon-ebrokerdj.fbs.com.tw/z/zc/zco/zco.djhtm?a=3587&e=2026-7-1&f=2026-7-29
2026-07-29,2026-07-01,2026-07-29,20,8021,尖點,buy,1,群益金鼎,9100,2218.0,859.0,1359.0,,moneydj,https://fubon-ebrokerdj.fbs.com.tw/z/zc/zco/zco.djhtm?a=8021&e=2026-7-1&f=2026-7-29
2026-07-29,2026-07-01,2026-07-29,20,8021,尖點,sell,1,台灣摩根士丹利,1470,3215.0,4657.0,1442.0,,moneydj,https://fubon-ebrokerdj.fbs.com.tw/z/zc/zco/zco.djhtm?a=8021&e=2026-7-1&f=2026-7-29
2026-07-29,2026-07-01,2026-07-29,20,8021,尖點,buy,2,凱基-台北,9268,7017.0,5987.0,1030.0,,moneydj,https://fubon-ebrokerdj.fbs.com.tw/z/zc/zco/zco.djhtm?a=8021&e=2026-7-1&f=2026-7-29
2026-07-29,2026-07-01,2026-07-29,20,8021,尖點,sell,2,統一,5850,1145.0,2232.0,1087.0,,moneydj,https://fubon-ebrokerdj.fbs.com.tw/z/zc/zco/zco.djhtm?a=8021&e=2026-7-1&f=2026-7-29
2026-07-29,2026-07-01,2026-07-29,20,8021,尖點,buy,3,新加坡商瑞銀,1650,1844.0,1442.0,402.0,,moneydj,https://fubon-ebrokerdj.fbs.com.tw/z/zc/zco/zco.djhtm?a=8021&e=2026-7-1&f=2026-7-29
2026-07-29,2026-07-01,2026-07-29,20,8021,尖點,sell,3,台新-台北,9B20,127.0,809.0,682.0,,moneydj,https://fubon-ebrokerdj.fbs.com.tw/z/zc/zco/zco.djhtm?a=8021&e=2026-7-1&f=2026-7-29
2026-07-29,2026-07-01,2026-07-29,20,8021,尖點,buy,4,港商麥格理,1360,317.0,0.0,317.0,,moneydj,https://fubon-ebrokerdj.fbs.com.tw/z/zc/zco/zco.djhtm?a=8021&e=2026-7-1&f=2026-7-29
2026-07-29,2026-07-01,2026-07-29,20,8021,尖點,sell,4,國泰證券,8880,222.0,850.0,628.0,,moneydj,https://fubon-ebrokerdj.fbs.com.tw/z/zc/zco/zco.djhtm?a=8021&e=2026-7-1&f=2026-7-29
2026-07-29,2026-07-01,2026-07-29,20,8021,尖點,buy,5,美林,1440,953.0,647.0,306.0,,moneydj,https://fubon-ebrokerdj.fbs.com.tw/z/zc/zco/zco.djhtm?a=8021&e=2026-7-1&f=2026-7-29
2026-07-29,2026-07-01,2026-07-29,20,8021,尖點,sell,5,富邦證券,9600,182.0,807.0,625.0,,moneydj,https://fubon-ebrokerdj.fbs.com.tw/z/zc/zco/zco.djhtm?a=8021&e=2026-7-1&f=2026-7-29
2026-07-29,2026-07-01,2026-07-29,20,8021,尖點,buy,6,永豐金證券,9A00,1324.0,1023.0,301.0,,moneydj,https://fubon-ebrokerdj.fbs.com.tw/z/zc/zco/zco.djhtm?a=8021&e=2026-7-1&f=2026-7-29
2026-07-29,2026-07-01,2026-07-29,20,8021,尖點,sell,6,香港上海匯豐,8960,483.0,1044.0,561.0,,moneydj,https://fubon-ebrokerdj.fbs.com.tw/z/zc/zco/zco.djhtm?a=8021&e=2026-7-1&f=2026-7-29
2026-07-29,2026-07-01,2026-07-29,20,8021,尖點,buy,7,新光,8560,943.0,669.0,274.0,,moneydj,https://fubon-ebrokerdj.fbs.com.tw/z/zc/zco/zco.djhtm?a=8021&e=2026-7-1&f=2026-7-29
2026-07-29,2026-07-01,2026-07-29,20,8021,尖點,sell,7,凱基-信義,9216,49.0,433.0,384.0,,moneydj,https://fubon-ebrokerdj.fbs.com.tw/z/zc/zco/zco.djhtm?a=8021&e=2026-7-1&f=2026-7-29
2026-07-29,2026-07-01,2026-07-29,20,8021,尖點,buy,8,摩根大通,8440,3412.0,3198.0,214.0,,moneydj,https://fubon-ebrokerdj.fbs.com.tw/z/zc/zco/zco.djhtm?a=8021&e=2026-7-1&f=2026-7-29
2026-07-29,2026-07-01,2026-07-29,20,8021,尖點,sell,8,永豐金-信義,9A9R,127.0,508.0,381.0,,moneydj,https://fubon-ebrokerdj.fbs.com.tw/z/zc/zco/zco.djhtm?a=8021&e=2026-7-1&f=2026-7-29
2026-07-29,2026-07-01,2026-07-29,20,8021,尖點,buy,9,元大證券,9800,6063.0,5880.0,183.0,,moneydj,https://fubon-ebrokerdj.fbs.com.tw/z/zc/zco/zco.djhtm?a=8021&e=2026-7-1&f=2026-7-29
2026-07-29,2026-07-01,2026-07-29,20,8021,尖點,sell,9,福邦證券,6480,96.0,406.0,310.0,,moneydj,https://fubon-ebrokerdj.fbs.com.tw/z/zc/zco/zco.djhtm?a=8021&e=2026-7-1&f=2026-7-29
2026-07-29,2026-07-01,2026-07-29,20,8021,尖點,buy,10,港商野村,1560,609.0,432.0,177.0,,moneydj,https://fubon-ebrokerdj.fbs.com.tw/z/zc/zco/zco.djhtm?a=8021&e=2026-7-1&f=2026-7-29
2026-07-29,2026-07-01,2026-07-29,20,8021,尖點,sell,10,永豐金-匯立,9A81,3.0,220.0,217.0,,moneydj,https://fubon-ebrokerdj.fbs.com.tw/z/zc/zco/zco.djhtm?a=8021&e=2026-7-1&f=2026-7-29
2026-07-29,2026-07-01,2026-07-29,20,8422,可寧衛*,buy,1,凱基,9200,9550.0,2647.0,6903.0,,moneydj,https://fubon-ebrokerdj.fbs.com.tw/z/zc/zco/zco.djhtm?a=8422&e=2026-7-1&f=2026-7-29
2026-07-29,2026-07-01,2026-07-29,20,8422,可寧衛*,sell,1,美商高盛,1480,4046.0,15434.0,11388.0,,moneydj,https://fubon-ebrokerdj.fbs.com.tw/z/zc/zco/zco.djhtm?a=8422&e=2026-7-1&f=2026-7-29
2026-07-29,2026-07-01,2026-07-29,20,8422,可寧衛*,buy,2,統一,5850,7124.0,1594.0,5530.0,,moneydj,https://fubon-ebrokerdj.fbs.com.tw/z/zc/zco/zco.djhtm?a=8422&e=2026-7-1&f=2026-7-29
2026-07-29,2026-07-01,2026-07-29,20,8422,可寧衛*,sell,2,元大證券,9800,10395.0,18395.0,8000.0,,moneydj,https://fubon-ebrokerdj.fbs.com.tw/z/zc/zco/zco.djhtm?a=8422&e=2026-7-1&f=2026-7-29
2026-07-29,2026-07-01,2026-07-29,20,8422,可寧衛*,buy,3,永豐金證券,9A00,3579.0,761.0,2818.0,,moneydj,https://fubon-ebrokerdj.fbs.com.tw/z/zc/zco/zco.djhtm?a=8422&e=2026-7-1&f=2026-7-29
2026-07-29,2026-07-01,2026-07-29,20,8422,可寧衛*,sell,3,凱基-台北,9268,15677.0,20105.0,4428.0,,moneydj,https://fubon-ebrokerdj.fbs.com.tw/z/zc/zco/zco.djhtm?a=8422&e=2026-7-1&f=2026-7-29
2026-07-29,2026-07-01,2026-07-29,20,8422,可寧衛*,buy,4,港商野村,1560,5008.0,3570.0,1438.0,,moneydj,https://fubon-ebrokerdj.fbs.com.tw/z/zc/zco/zco.djhtm?a=8422&e=2026-7-1&f=2026-7-29
2026-07-29,2026-07-01,2026-07-29,20,8422,可寧衛*,sell,4,美林,1440,4095.0,8188.0,4093.0,,moneydj,https://fubon-ebrokerdj.fbs.com.tw/z/zc/zco/zco.djhtm?a=8422&e=2026-7-1&f=2026-7-29
2026-07-29,2026-07-01,2026-07-29,20,8422,可寧衛*,buy,5,富邦-建國,9658,838.0,187.0,651.0,,moneydj,https://fubon-ebrokerdj.fbs.com.tw/z/zc/zco/zco.djhtm?a=8422&e=2026-7-1&f=2026-7-29
2026-07-29,2026-07-01,2026-07-29,20,8422,可寧衛*,sell,5,富邦證券,9600,6907.0,10381.0,3474.0,,moneydj,https://fubon-ebrokerdj.fbs.com.tw/z/zc/zco/zco.djhtm?a=8422&e=2026-7-1&f=2026-7-29
2026-07-29,2026-07-01,2026-07-29,20,8422,可寧衛*,buy,6,第一金-桃園,5385,974.0,357.0,617.0,,moneydj,https://fubon-ebrokerdj.fbs.com.tw/z/zc/zco/zco.djhtm?a=8422&e=2026-7-1&f=2026-7-29
2026-07-29,2026-07-01,2026-07-29,20,8422,可寧衛*,sell,6,第一金,5380,40.0,2679.0,2639.0,,moneydj,https://fubon-ebrokerdj.fbs.com.tw/z/zc/zco/zco.djhtm?a=8422&e=2026-7-1&f=2026-7-29
2026-07-29,2026-07-01,2026-07-29,20,8422,可寧衛*,buy,7,台新-高雄,9B1g,1034.0,487.0,547.0,,moneydj,https://fubon-ebrokerdj.fbs.com.tw/z/zc/zco/zco.djhtm?a=8422&e=2026-7-1&f=2026-7-29
2026-07-29,2026-07-01,2026-07-29,20,8422,可寧衛*,sell,7,摩根大通,8440,5169.0,7581.0,2412.0,,moneydj,https://fubon-ebrokerdj.fbs.com.tw/z/zc/zco/zco.djhtm?a=8422&e=2026-7-1&f=2026-7-29
2026-07-29,2026-07-01,2026-07-29,20,8422,可寧衛*,buy,8,花旗環球,1590,2686.0,2170.0,516.0,,moneydj,https://fubon-ebrokerdj.fbs.com.tw/z/zc/zco/zco.djhtm?a=8422&e=2026-7-1&f=2026-7-29
2026-07-29,2026-07-01,2026-07-29,20,8422,可寧衛*,sell,8,台灣摩根士丹利,1470,8466.0,9780.0,1314.0,,moneydj,https://fubon-ebrokerdj.fbs.com.tw/z/zc/zco/zco.djhtm?a=8422&e=2026-7-1&f=2026-7-29
2026-07-29,2026-07-01,2026-07-29,20,8422,可寧衛*,buy,9,元大-鳳中,985C,724.0,259.0,465.0,,moneydj,https://fubon-ebrokerdj.fbs.com.tw/z/zc/zco/zco.djhtm?a=8422&e=2026-7-1&f=2026-7-29
2026-07-29,2026-07-01,2026-07-29,20,8422,可寧衛*,sell,9,新加坡商瑞銀,1650,3772.0,4967.0,1195.0,,moneydj,https://fubon-ebrokerdj.fbs.com.tw/z/zc/zco/zco.djhtm?a=8422&e=2026-7-1&f=2026-7-29
2026-07-29,2026-07-01,2026-07-29,20,8422,可寧衛*,buy,10,合庫-高雄,1023,609.0,145.0,464.0,,moneydj,https://fubon-ebrokerdj.fbs.com.tw/z/zc/zco/zco.djhtm?a=8422&e=2026-7-1&f=2026-7-29
2026-07-29,2026-07-01,2026-07-29,20,8422,可寧衛*,sell,10,國票-敦北法人,779c,65.0,1054.0,989.0,,moneydj,https://fubon-ebrokerdj.fbs.com.tw/z/zc/zco/zco.djhtm?a=8422&e=2026-7-1&f=2026-7-29
2026-07-29,2026-07-01,2026-07-29,20,3218,大學光,buy,1,美商高盛,1480,745.0,286.0,459.0,,moneydj,https://fubon-ebrokerdj.fbs.com.tw/z/zc/zco/zco.djhtm?a=3218&e=2026-7-1&f=2026-7-29
2026-07-29,2026-07-01,2026-07-29,20,3218,大學光,sell,1,凱基-台北,9268,431.0,530.0,99.0,,moneydj,https://fubon-ebrokerdj.fbs.com.tw/z/zc/zco/zco.djhtm?a=3218&e=2026-7-1&f=2026-7-29
2026-07-29,2026-07-01,2026-07-29,20,3218,大學光,buy,2,(牛牛牛)亞-鑫豐,601d,188.0,28.0,160.0,,moneydj,https://fubon-ebrokerdj.fbs.com.tw/z/zc/zco/zco.djhtm?a=3218&e=2026-7-1&f=2026-7-29
2026-07-29,2026-07-01,2026-07-29,20,3218,大學光,sell,2,摩根大通,8440,199.0,294.0,95.0,,moneydj,https://fubon-ebrokerdj.fbs.com.tw/z/zc/zco/zco.djhtm?a=3218&e=2026-7-1&f=2026-7-29
2026-07-29,2026-07-01,2026-07-29,20,3218,大學光,buy,3,大昌,6460,86.0,11.0,75.0,,moneydj,https://fubon-ebrokerdj.fbs.com.tw/z/zc/zco/zco.djhtm?a=3218&e=2026-7-1&f=2026-7-29
2026-07-29,2026-07-01,2026-07-29,20,3218,大學光,sell,3,統一,5850,22.0,75.0,53.0,,moneydj,https://fubon-ebrokerdj.fbs.com.tw/z/zc/zco/zco.djhtm?a=3218&e=2026-7-1&f=2026-7-29
2026-07-29,2026-07-01,2026-07-29,20,3218,大學光,buy,4,港商野村,1560,156.0,84.0,72.0,,moneydj,https://fubon-ebrokerdj.fbs.com.tw/z/zc/zco/zco.djhtm?a=3218&e=2026-7-1&f=2026-7-29
2026-07-29,2026-07-01,2026-07-29,20,3218,大學光,sell,4,兆豐-南京,700P,1.0,52.0,51.0,,moneydj,https://fubon-ebrokerdj.fbs.com.tw/z/zc/zco/zco.djhtm?a=3218&e=2026-7-1&f=2026-7-29
2026-07-29,2026-07-01,2026-07-29,20,3218,大學光,buy,5,新加坡商瑞銀,1650,234.0,168.0,66.0,,moneydj,https://fubon-ebrokerdj.fbs.com.tw/z/zc/zco/zco.djhtm?a=3218&e=2026-7-1&f=2026-7-29
2026-07-29,2026-07-01,2026-07-29,20,3218,大學光,sell,5,凱基,9200,14.0,57.0,43.0,,moneydj,https://fubon-ebrokerdj.fbs.com.tw/z/zc/zco/zco.djhtm?a=3218&e=2026-7-1&f=2026-7-29
2026-07-29,2026-07-01,2026-07-29,20,3218,大學光,buy,6,台灣摩根士丹利,1470,360.0,301.0,59.0,,moneydj,https://fubon-ebrokerdj.fbs.com.tw/z/zc/zco/zco.djhtm?a=3218&e=2026-7-1&f=2026-7-29
2026-07-29,2026-07-01,2026-07-29,20,3218,大學光,sell,6,第一金,5380,0.0,37.0,37.0,,moneydj,https://fubon-ebrokerdj.fbs.com.tw/z/zc/zco/zco.djhtm?a=3218&e=2026-7-1&f=2026-7-29
2026-07-29,2026-07-01,2026-07-29,20,3218,大學光,buy,7,(牛牛牛)亞-網路,6012,65.0,26.0,39.0,,moneydj,https://fubon-ebrokerdj.fbs.com.tw/z/zc/zco/zco.djhtm?a=3218&e=2026-7-1&f=2026-7-29
2026-07-29,2026-07-01,2026-07-29,20,3218,大學光,sell,7,凱基-台中,9204,1.0,37.0,36.0,,moneydj,https://fubon-ebrokerdj.fbs.com.tw/z/zc/zco/zco.djhtm?a=3218&e=2026-7-1&f=2026-7-29
2026-07-29,2026-07-01,2026-07-29,20,3218,大學光,buy,8,宏遠-館前,126U,40.0,1.0,39.0,,moneydj,https://fubon-ebrokerdj.fbs.com.tw/z/zc/zco/zco.djhtm?a=3218&e=2026-7-1&f=2026-7-29
2026-07-29,2026-07-01,2026-07-29,20,3218,大學光,sell,8,港商麥格理,1360,0.0,33.0,33.0,,moneydj,https://fubon-ebrokerdj.fbs.com.tw/z/zc/zco/zco.djhtm?a=3218&e=2026-7-1&f=2026-7-29
2026-07-29,2026-07-01,2026-07-29,20,3218,大學光,buy,9,香港上海匯豐,8960,27.0,0.0,27.0,,moneydj,https://fubon-ebrokerdj.fbs.com.tw/z/zc/zco/zco.djhtm?a=3218&e=2026-7-1&f=2026-7-29
2026-07-29,2026-07-01,2026-07-29,20,3218,大學光,sell,9,群益金鼎-內湖,918d,2.0,34.0,32.0,,moneydj,https://fubon-ebrokerdj.fbs.com.tw/z/zc/zco/zco.djhtm?a=3218&e=2026-7-1&f=2026-7-29
2026-07-29,2026-07-01,2026-07-29,20,3218,大學光,buy,10,元大-豐原站前,989W,28.0,2.0,26.0,,moneydj,https://fubon-ebrokerdj.fbs.com.tw/z/zc/zco/zco.djhtm?a=3218&e=2026-7-1&f=2026-7-29
2026-07-29,2026-07-01,2026-07-29,20,3218,大學光,sell,10,富邦證券,9600,39.0,69.0,30.0,,moneydj,https://fubon-ebrokerdj.fbs.com.tw/z/zc/zco/zco.djhtm?a=3218&e=2026-7-1&f=2026-7-29
2026-07-29,2026-07-01,2026-07-29,20,2327,國巨*,buy,1,摩根大通,8440,70291.0,43722.0,26569.0,,moneydj,https://fubon-ebrokerdj.fbs.com.tw/z/zc/zco/zco.djhtm?a=2327&e=2026-7-1&f=2026-7-29
2026-07-29,2026-07-01,2026-07-29,20,2327,國巨*,sell,1,元大證券,9800,98627.0,117461.0,18834.0,,moneydj,https://fubon-ebrokerdj.fbs.com.tw/z/zc/zco/zco.djhtm?a=2327&e=2026-7-1&f=2026-7-29
2026-07-29,2026-07-01,2026-07-29,20,2327,國巨*,buy,2,凱基-台北,9268,66143.0,58987.0,7156.0,,moneydj,https://fubon-ebrokerdj.fbs.com.tw/z/zc/zco/zco.djhtm?a=2327&e=2026-7-1&f=2026-7-29
2026-07-29,2026-07-01,2026-07-29,20,2327,國巨*,sell,2,美林,1440,37849.0,49727.0,11878.0,,moneydj,https://fubon-ebrokerdj.fbs.com.tw/z/zc/zco/zco.djhtm?a=2327&e=2026-7-1&f=2026-7-29
2026-07-29,2026-07-01,2026-07-29,20,2327,國巨*,buy,3,花旗環球,1590,16329.0,9503.0,6826.0,,moneydj,https://fubon-ebrokerdj.fbs.com.tw/z/zc/zco/zco.djhtm?a=2327&e=2026-7-1&f=2026-7-29
2026-07-29,2026-07-01,2026-07-29,20,2327,國巨*,sell,3,富邦證券,9600,16359.0,27407.0,11048.0,,moneydj,https://fubon-ebrokerdj.fbs.com.tw/z/zc/zco/zco.djhtm?a=2327&e=2026-7-1&f=2026-7-29
2026-07-29,2026-07-01,2026-07-29,20,2327,國巨*,buy,4,台灣摩根士丹利,1470,54350.0,51699.0,2651.0,,moneydj,https://fubon-ebrokerdj.fbs.com.tw/z/zc/zco/zco.djhtm?a=2327&e=2026-7-1&f=2026-7-29
2026-07-29,2026-07-01,2026-07-29,20,2327,國巨*,sell,4,新加坡商瑞銀,1650,29605.0,39290.0,9685.0,,moneydj,https://fubon-ebrokerdj.fbs.com.tw/z/zc/zco/zco.djhtm?a=2327&e=2026-7-1&f=2026-7-29
2026-07-29,2026-07-01,2026-07-29,20,2327,國巨*,buy,5,國泰-敦南,8888,33779.0,31179.0,2600.0,,moneydj,https://fubon-ebrokerdj.fbs.com.tw/z/zc/zco/zco.djhtm?a=2327&e=2026-7-1&f=2026-7-29
2026-07-29,2026-07-01,2026-07-29,20,2327,國巨*,sell,5,統一,5850,7131.0,15003.0,7872.0,,moneydj,https://fubon-ebrokerdj.fbs.com.tw/z/zc/zco/zco.djhtm?a=2327&e=2026-7-1&f=2026-7-29
2026-07-29,2026-07-01,2026-07-29,20,2327,國巨*,buy,6,土銀,1030,2430.0,661.0,1769.0,,moneydj,https://fubon-ebrokerdj.fbs.com.tw/z/zc/zco/zco.djhtm?a=2327&e=2026-7-1&f=2026-7-29
2026-07-29,2026-07-01,2026-07-29,20,2327,國巨*,sell,6,凱基,9200,13781.0,19429.0,5648.0,,moneydj,https://fubon-ebrokerdj.fbs.com.tw/z/zc/zco/zco.djhtm?a=2327&e=2026-7-1&f=2026-7-29
2026-07-29,2026-07-01,2026-07-29,20,2327,國巨*,buy,7,凱基-站前,920F,4167.0,2699.0,1468.0,,moneydj,https://fubon-ebrokerdj.fbs.com.tw/z/zc/zco/zco.djhtm?a=2327&e=2026-7-1&f=2026-7-29
2026-07-29,2026-07-01,2026-07-29,20,2327,國巨*,sell,7,港商麥格理,1360,2664.0,7334.0,4670.0,,moneydj,https://fubon-ebrokerdj.fbs.com.tw/z/zc/zco/zco.djhtm?a=2327&e=2026-7-1&f=2026-7-29
2026-07-29,2026-07-01,2026-07-29,20,2327,國巨*,buy,8,宏遠證券,1260,3781.0,2845.0,936.0,,moneydj,https://fubon-ebrokerdj.fbs.com.tw/z/zc/zco/zco.djhtm?a=2327&e=2026-7-1&f=2026-7-29
2026-07-29,2026-07-01,2026-07-29,20,2327,國巨*,sell,8,群益金鼎,9100,7087.0,11386.0,4299.0,,moneydj,https://fubon-ebrokerdj.fbs.com.tw/z/zc/zco/zco.djhtm?a=2327&e=2026-7-1&f=2026-7-29
2026-07-29,2026-07-01,2026-07-29,20,2327,國巨*,buy,9,國票-長城,779u,1272.0,381.0,891.0,,moneydj,https://fubon-ebrokerdj.fbs.com.tw/z/zc/zco/zco.djhtm?a=2327&e=2026-7-1&f=2026-7-29
2026-07-29,2026-07-01,2026-07-29,20,2327,國巨*,sell,9,台新-台北,9B20,2185.0,6273.0,4088.0,,moneydj,https://fubon-ebrokerdj.fbs.com.tw/z/zc/zco/zco.djhtm?a=2327&e=2026-7-1&f=2026-7-29
2026-07-29,2026-07-01,2026-07-29,20,2327,國巨*,buy,10,新光,8560,8922.0,8073.0,849.0,,moneydj,https://fubon-ebrokerdj.fbs.com.tw/z/zc/zco/zco.djhtm?a=2327&e=2026-7-1&f=2026-7-29
2026-07-29,2026-07-01,2026-07-29,20,2327,國巨*,sell,10,永豐金證券,9A00,13269.0,16512.0,3243.0,,moneydj,https://fubon-ebrokerdj.fbs.com.tw/z/zc/zco/zco.djhtm?a=2327&e=2026-7-1&f=2026-7-29
2026-07-29,2026-07-01,2026-07-29,20,2030,彰源,buy,1,華南永昌,9300,772.0,23.0,749.0,,moneydj,https://fubon-ebrokerdj.fbs.com.tw/z/zc/zco/zco.djhtm?a=2030&e=2026-7-1&f=2026-7-29
2026-07-29,2026-07-01,2026-07-29,20,2030,彰源,sell,1,(牛牛牛)亞-鑫豐,601d,98.0,1067.0,969.0,,moneydj,https://fubon-ebrokerdj.fbs.com.tw/z/zc/zco/zco.djhtm?a=2030&e=2026-7-1&f=2026-7-29
2026-07-29,2026-07-01,2026-07-29,20,2030,彰源,buy,2,美商高盛,1480,1425.0,1041.0,384.0,,moneydj,https://fubon-ebrokerdj.fbs.com.tw/z/zc/zco/zco.djhtm?a=2030&e=2026-7-1&f=2026-7-29
2026-07-29,2026-07-01,2026-07-29,20,2030,彰源,sell,2,摩根大通,8440,847.0,1275.0,428.0,,moneydj,https://fubon-ebrokerdj.fbs.com.tw/z/zc/zco/zco.djhtm?a=2030&e=2026-7-1&f=2026-7-29
2026-07-29,2026-07-01,2026-07-29,20,2030,彰源,buy,3,玉山-信義,884C,318.0,3.0,315.0,,moneydj,https://fubon-ebrokerdj.fbs.com.tw/z/zc/zco/zco.djhtm?a=2030&e=2026-7-1&f=2026-7-29
2026-07-29,2026-07-01,2026-07-29,20,2030,彰源,sell,3,元大-員林,9889,6.0,383.0,377.0,,moneydj,https://fubon-ebrokerdj.fbs.com.tw/z/zc/zco/zco.djhtm?a=2030&e=2026-7-1&f=2026-7-29
2026-07-29,2026-07-01,2026-07-29,20,2030,彰源,buy,4,華南永昌-三重,9369,370.0,61.0,309.0,,moneydj,https://fubon-ebrokerdj.fbs.com.tw/z/zc/zco/zco.djhtm?a=2030&e=2026-7-1&f=2026-7-29
2026-07-29,2026-07-01,2026-07-29,20,2030,彰源,sell,4,凱基-台北,9268,1077.0,1393.0,316.0,,moneydj,https://fubon-ebrokerdj.fbs.com.tw/z/zc/zco/zco.djhtm?a=2030&e=2026-7-1&f=2026-7-29
2026-07-29,2026-07-01,2026-07-29,20,2030,彰源,buy,5,元大-萬華,981q,312.0,3.0,309.0,,moneydj,https://fubon-ebrokerdj.fbs.com.tw/z/zc/zco/zco.djhtm?a=2030&e=2026-7-1&f=2026-7-29
2026-07-29,2026-07-01,2026-07-29,20,2030,彰源,sell,5,台新-台中,9B1h,93.0,405.0,312.0,,moneydj,https://fubon-ebrokerdj.fbs.com.tw/z/zc/zco/zco.djhtm?a=2030&e=2026-7-1&f=2026-7-29
2026-07-29,2026-07-01,2026-07-29,20,2030,彰源,buy,6,臺銀-臺南,1042,475.0,203.0,272.0,,moneydj,https://fubon-ebrokerdj.fbs.com.tw/z/zc/zco/zco.djhtm?a=2030&e=2026-7-1&f=2026-7-29
2026-07-29,2026-07-01,2026-07-29,20,2030,彰源,sell,6,康和-嘉義,8459,2.0,205.0,203.0,,moneydj,https://fubon-ebrokerdj.fbs.com.tw/z/zc/zco/zco.djhtm?a=2030&e=2026-7-1&f=2026-7-29
2026-07-29,2026-07-01,2026-07-29,20,2030,彰源,buy,7,玉山-左營,884D,205.0,3.0,202.0,,moneydj,https://fubon-ebrokerdj.fbs.com.tw/z/zc/zco/zco.djhtm?a=2030&e=2026-7-1&f=2026-7-29
2026-07-29,2026-07-01,2026-07-29,20,2030,彰源,sell,7,凱基-中港,9202,3.0,153.0,150.0,,moneydj,https://fubon-ebrokerdj.fbs.com.tw/z/zc/zco/zco.djhtm?a=2030&e=2026-7-1&f=2026-7-29
2026-07-29,2026-07-01,2026-07-29,20,2030,彰源,buy,8,第一金-彰化,5386,205.0,9.0,196.0,,moneydj,https://fubon-ebrokerdj.fbs.com.tw/z/zc/zco/zco.djhtm?a=2030&e=2026-7-1&f=2026-7-29
2026-07-29,2026-07-01,2026-07-29,20,2030,彰源,sell,8,中農,8520,0.0,121.0,121.0,,moneydj,https://fubon-ebrokerdj.fbs.com.tw/z/zc/zco/zco.djhtm?a=2030&e=2026-7-1&f=2026-7-29
2026-07-29,2026-07-01,2026-07-29,20,2030,彰源,buy,9,富邦-員林,9672,227.0,32.0,195.0,,moneydj,https://fubon-ebrokerdj.fbs.com.tw/z/zc/zco/zco.djhtm?a=2030&e=2026-7-1&f=2026-7-29
2026-07-29,2026-07-01,2026-07-29,20,2030,彰源,sell,9,大昌,6460,36.0,141.0,105.0,,moneydj,https://fubon-ebrokerdj.fbs.com.tw/z/zc/zco/zco.djhtm?a=2030&e=2026-7-1&f=2026-7-29
2026-07-29,2026-07-01,2026-07-29,20,2030,彰源,buy,10,統一-台中,5856,167.0,26.0,141.0,,moneydj,https://fubon-ebrokerdj.fbs.com.tw/z/zc/zco/zco.djhtm?a=2030&e=2026-7-1&f=2026-7-29
2026-07-29,2026-07-01,2026-07-29,20,2030,彰源,sell,10,港商野村,1560,125.0,212.0,87.0,,moneydj,https://fubon-ebrokerdj.fbs.com.tw/z/zc/zco/zco.djhtm?a=2030&e=2026-7-1&f=2026-7-29
2026-07-29,2026-07-01,2026-07-29,20,9914,美利達,buy,1,港商麥格理,1360,2614.0,0.0,2614.0,,moneydj,https://fubon-ebrokerdj.fbs.com.tw/z/zc/zco/zco.djhtm?a=9914&e=2026-7-1&f=2026-7-29
2026-07-29,2026-07-01,2026-07-29,20,9914,美利達,sell,1,新光-桃園,8565,82.0,3820.0,3738.0,,moneydj,https://fubon-ebrokerdj.fbs.com.tw/z/zc/zco/zco.djhtm?a=9914&e=2026-7-1&f=2026-7-29
2026-07-29,2026-07-01,2026-07-29,20,9914,美利達,buy,2,永豐金-匯立,9A81,2038.0,1.0,2037.0,,moneydj,https://fubon-ebrokerdj.fbs.com.tw/z/zc/zco/zco.djhtm?a=9914&e=2026-7-1&f=2026-7-29
2026-07-29,2026-07-01,2026-07-29,20,9914,美利達,sell,2,花旗環球,1590,662.0,2636.0,1974.0,,moneydj,https://fubon-ebrokerdj.fbs.com.tw/z/zc/zco/zco.djhtm?a=9914&e=2026-7-1&f=2026-7-29
2026-07-29,2026-07-01,2026-07-29,20,9914,美利達,buy,3,台灣摩根士丹利,1470,5461.0,3434.0,2027.0,,moneydj,https://fubon-ebrokerdj.fbs.com.tw/z/zc/zco/zco.djhtm?a=9914&e=2026-7-1&f=2026-7-29
2026-07-29,2026-07-01,2026-07-29,20,9914,美利達,sell,3,美林,1440,2520.0,3456.0,936.0,,moneydj,https://fubon-ebrokerdj.fbs.com.tw/z/zc/zco/zco.djhtm?a=9914&e=2026-7-1&f=2026-7-29
2026-07-29,2026-07-01,2026-07-29,20,9914,美利達,buy,4,摩根大通,8440,4568.0,3857.0,711.0,,moneydj,https://fubon-ebrokerdj.fbs.com.tw/z/zc/zco/zco.djhtm?a=9914&e=2026-7-1&f=2026-7-29
2026-07-29,2026-07-01,2026-07-29,20,9914,美利達,sell,4,新加坡商瑞銀,1650,2832.0,3539.0,707.0,,moneydj,https://fubon-ebrokerdj.fbs.com.tw/z/zc/zco/zco.djhtm?a=9914&e=2026-7-1&f=2026-7-29
2026-07-29,2026-07-01,2026-07-29,20,9914,美利達,buy,5,凱基-台北,9268,5358.0,4727.0,631.0,,moneydj,https://fubon-ebrokerdj.fbs.com.tw/z/zc/zco/zco.djhtm?a=9914&e=2026-7-1&f=2026-7-29
2026-07-29,2026-07-01,2026-07-29,20,9914,美利達,sell,5,群益金鼎-彰化,9187,125.0,495.0,370.0,,moneydj,https://fubon-ebrokerdj.fbs.com.tw/z/zc/zco/zco.djhtm?a=9914&e=2026-7-1&f=2026-7-29
2026-07-29,2026-07-01,2026-07-29,20,9914,美利達,buy,6,中國信託,6160,731.0,112.0,619.0,,moneydj,https://fubon-ebrokerdj.fbs.com.tw/z/zc/zco/zco.djhtm?a=9914&e=2026-7-1&f=2026-7-29
2026-07-29,2026-07-01,2026-07-29,20,9914,美利達,sell,6,兆豐-員林,700k,142.0,440.0,298.0,,moneydj,https://fubon-ebrokerdj.fbs.com.tw/z/zc/zco/zco.djhtm?a=9914&e=2026-7-1&f=2026-7-29
2026-07-29,2026-07-01,2026-07-29,20,9914,美利達,buy,7,美商高盛,1480,5360.0,4748.0,612.0,,moneydj,https://fubon-ebrokerdj.fbs.com.tw/z/zc/zco/zco.djhtm?a=9914&e=2026-7-1&f=2026-7-29
2026-07-29,2026-07-01,2026-07-29,20,9914,美利達,sell,7,元大-新莊,9898,126.0,379.0,253.0,,moneydj,https://fubon-ebrokerdj.fbs.com.tw/z/zc/zco/zco.djhtm?a=9914&e=2026-7-1&f=2026-7-29
2026-07-29,2026-07-01,2026-07-29,20,9914,美利達,buy,8,兆豐證券,7000,659.0,112.0,547.0,,moneydj,https://fubon-ebrokerdj.fbs.com.tw/z/zc/zco/zco.djhtm?a=9914&e=2026-7-1&f=2026-7-29
2026-07-29,2026-07-01,2026-07-29,20,9914,美利達,sell,8,華南永昌-中正,9359,80.0,331.0,251.0,,moneydj,https://fubon-ebrokerdj.fbs.com.tw/z/zc/zco/zco.djhtm?a=9914&e=2026-7-1&f=2026-7-29
2026-07-29,2026-07-01,2026-07-29,20,9914,美利達,buy,9,港商野村,1560,1054.0,707.0,347.0,,moneydj,https://fubon-ebrokerdj.fbs.com.tw/z/zc/zco/zco.djhtm?a=9914&e=2026-7-1&f=2026-7-29
2026-07-29,2026-07-01,2026-07-29,20,9914,美利達,sell,9,永豐金-員林,9A9C,270.0,429.0,159.0,,moneydj,https://fubon-ebrokerdj.fbs.com.tw/z/zc/zco/zco.djhtm?a=9914&e=2026-7-1&f=2026-7-29
2026-07-29,2026-07-01,2026-07-29,20,9914,美利達,buy,10,大和國泰,8890,326.0,0.0,326.0,,moneydj,https://fubon-ebrokerdj.fbs.com.tw/z/zc/zco/zco.djhtm?a=9914&e=2026-7-1&f=2026-7-29
2026-07-29,2026-07-01,2026-07-29,20,9914,美利達,sell,10,元大證券,9800,4574.0,4702.0,128.0,,moneydj,https://fubon-ebrokerdj.fbs.com.tw/z/zc/zco/zco.djhtm?a=9914&e=2026-7-1&f=2026-7-29
2026-07-29,2026-07-01,2026-07-29,20,1526,日馳,buy,1,元大-內湖,989N,304.0,9.0,295.0,,moneydj,https://fubon-ebrokerdj.fbs.com.tw/z/zc/zco/zco.djhtm?a=1526&e=2026-7-1&f=2026-7-29
2026-07-29,2026-07-01,2026-07-29,20,1526,日馳,sell,1,台灣摩根士丹利,1470,179.0,479.0,300.0,,moneydj,https://fubon-ebrokerdj.fbs.com.tw/z/zc/zco/zco.djhtm?a=1526&e=2026-7-1&f=2026-7-29
2026-07-29,2026-07-01,2026-07-29,20,1526,日馳,buy,2,富邦-虎尾,9697,341.0,54.0,287.0,,moneydj,https://fubon-ebrokerdj.fbs.com.tw/z/zc/zco/zco.djhtm?a=1526&e=2026-7-1&f=2026-7-29
2026-07-29,2026-07-01,2026-07-29,20,1526,日馳,sell,2,永豐金-中正,9A9U,21.0,231.0,210.0,,moneydj,https://fubon-ebrokerdj.fbs.com.tw/z/zc/zco/zco.djhtm?a=1526&e=2026-7-1&f=2026-7-29
2026-07-29,2026-07-01,2026-07-29,20,1526,日馳,buy,3,凱基-台北,9268,2322.0,2066.0,256.0,,moneydj,https://fubon-ebrokerdj.fbs.com.tw/z/zc/zco/zco.djhtm?a=1526&e=2026-7-1&f=2026-7-29
2026-07-29,2026-07-01,2026-07-29,20,1526,日馳,sell,3,中國信託-忠孝,6162,109.0,289.0,180.0,,moneydj,https://fubon-ebrokerdj.fbs.com.tw/z/zc/zco/zco.djhtm?a=1526&e=2026-7-1&f=2026-7-29
2026-07-29,2026-07-01,2026-07-29,20,1526,日馳,buy,4,群益金鼎,9100,857.0,628.0,229.0,,moneydj,https://fubon-ebrokerdj.fbs.com.tw/z/zc/zco/zco.djhtm?a=1526&e=2026-7-1&f=2026-7-29
2026-07-29,2026-07-01,2026-07-29,20,1526,日馳,sell,4,統一-新台中,585D,35.0,155.0,120.0,,moneydj,https://fubon-ebrokerdj.fbs.com.tw/z/zc/zco/zco.djhtm?a=1526&e=2026-7-1&f=2026-7-29
2026-07-29,2026-07-01,2026-07-29,20,1526,日馳,buy,5,永豐金-市政,9A9W,219.0,29.0,190.0,,moneydj,https://fubon-ebrokerdj.fbs.com.tw/z/zc/zco/zco.djhtm?a=1526&e=2026-7-1&f=2026-7-29
2026-07-29,2026-07-01,2026-07-29,20,1526,日馳,sell,5,元大-苗栗,981M,66.0,169.0,103.0,,moneydj,https://fubon-ebrokerdj.fbs.com.tw/z/zc/zco/zco.djhtm?a=1526&e=2026-7-1&f=2026-7-29
2026-07-29,2026-07-01,2026-07-29,20,1526,日馳,buy,6,凱基-敦北,9237,546.0,366.0,180.0,,moneydj,https://fubon-ebrokerdj.fbs.com.tw/z/zc/zco/zco.djhtm?a=1526&e=2026-7-1&f=2026-7-29
2026-07-29,2026-07-01,2026-07-29,20,1526,日馳,sell,6,富邦-仁愛,9676,103.0,202.0,99.0,,moneydj,https://fubon-ebrokerdj.fbs.com.tw/z/zc/zco/zco.djhtm?a=1526&e=2026-7-1&f=2026-7-29
2026-07-29,2026-07-01,2026-07-29,20,1526,日馳,buy,7,元大-大里德芳,983W,185.0,20.0,165.0,,moneydj,https://fubon-ebrokerdj.fbs.com.tw/z/zc/zco/zco.djhtm?a=1526&e=2026-7-1&f=2026-7-29
2026-07-29,2026-07-01,2026-07-29,20,1526,日馳,sell,7,台新,9B00,67.0,161.0,94.0,,moneydj,https://fubon-ebrokerdj.fbs.com.tw/z/zc/zco/zco.djhtm?a=1526&e=2026-7-1&f=2026-7-29
2026-07-29,2026-07-01,2026-07-29,20,1526,日馳,buy,8,港商野村,1560,316.0,192.0,124.0,,moneydj,https://fubon-ebrokerdj.fbs.com.tw/z/zc/zco/zco.djhtm?a=1526&e=2026-7-1&f=2026-7-29
2026-07-29,2026-07-01,2026-07-29,20,1526,日馳,sell,8,元大-鹿港,989S,14.0,101.0,87.0,,moneydj,https://fubon-ebrokerdj.fbs.com.tw/z/zc/zco/zco.djhtm?a=1526&e=2026-7-1&f=2026-7-29
2026-07-29,2026-07-01,2026-07-29,20,1526,日馳,buy,9,新光-台南,8564,696.0,576.0,120.0,,moneydj,https://fubon-ebrokerdj.fbs.com.tw/z/zc/zco/zco.djhtm?a=1526&e=2026-7-1&f=2026-7-29
2026-07-29,2026-07-01,2026-07-29,20,1526,日馳,sell,9,凱基-高美館,9215,48.0,133.0,85.0,,moneydj,https://fubon-ebrokerdj.fbs.com.tw/z/zc/zco/zco.djhtm?a=1526&e=2026-7-1&f=2026-7-29
2026-07-29,2026-07-01,2026-07-29,20,1526,日馳,buy,10,元大證券,9800,1130.0,1034.0,96.0,,moneydj,https://fubon-ebrokerdj.fbs.com.tw/z/zc/zco/zco.djhtm?a=1526&e=2026-7-1&f=2026-7-29
2026-07-29,2026-07-01,2026-07-29,20,1526,日馳,sell,10,美商高盛,1480,118.0,196.0,78.0,,moneydj,https://fubon-ebrokerdj.fbs.com.tw/z/zc/zco/zco.djhtm?a=1526&e=2026-7-1&f=2026-7-29
2026-07-29,2026-07-01,2026-07-29,20,6206,飛捷,buy,1,永豐金證券,9A00,998.0,160.0,838.0,,moneydj,https://fubon-ebrokerdj.fbs.com.tw/z/zc/zco/zco.djhtm?a=6206&e=2026-7-1&f=2026-7-29
2026-07-29,2026-07-01,2026-07-29,20,6206,飛捷,sell,1,台灣摩根士丹利,1470,1403.0,2110.0,707.0,,moneydj,https://fubon-ebrokerdj.fbs.com.tw/z/zc/zco/zco.djhtm?a=6206&e=2026-7-1&f=2026-7-29
2026-07-29,2026-07-01,2026-07-29,20,6206,飛捷,buy,2,摩根大通,8440,2066.0,1455.0,611.0,,moneydj,https://fubon-ebrokerdj.fbs.com.tw/z/zc/zco/zco.djhtm?a=6206&e=2026-7-1&f=2026-7-29
2026-07-29,2026-07-01,2026-07-29,20,6206,飛捷,sell,2,永豐金-高雄,9A9e,110.0,589.0,479.0,,moneydj,https://fubon-ebrokerdj.fbs.com.tw/z/zc/zco/zco.djhtm?a=6206&e=2026-7-1&f=2026-7-29
2026-07-29,2026-07-01,2026-07-29,20,6206,飛捷,buy,3,富邦證券,9600,539.0,63.0,476.0,,moneydj,https://fubon-ebrokerdj.fbs.com.tw/z/zc/zco/zco.djhtm?a=6206&e=2026-7-1&f=2026-7-29
2026-07-29,2026-07-01,2026-07-29,20,6206,飛捷,sell,3,美林,1440,409.0,831.0,422.0,,moneydj,https://fubon-ebrokerdj.fbs.com.tw/z/zc/zco/zco.djhtm?a=6206&e=2026-7-1&f=2026-7-29
2026-07-29,2026-07-01,2026-07-29,20,6206,飛捷,buy,4,凱基-台北,9268,1921.0,1607.0,314.0,,moneydj,https://fubon-ebrokerdj.fbs.com.tw/z/zc/zco/zco.djhtm?a=6206&e=2026-7-1&f=2026-7-29
2026-07-29,2026-07-01,2026-07-29,20,6206,飛捷,sell,4,元大-虎尾,980l,9.0,231.0,222.0,,moneydj,https://fubon-ebrokerdj.fbs.com.tw/z/zc/zco/zco.djhtm?a=6206&e=2026-7-1&f=2026-7-29
2026-07-29,2026-07-01,2026-07-29,20,6206,飛捷,buy,5,美商高盛,1480,2742.0,2549.0,193.0,,moneydj,https://fubon-ebrokerdj.fbs.com.tw/z/zc/zco/zco.djhtm?a=6206&e=2026-7-1&f=2026-7-29
2026-07-29,2026-07-01,2026-07-29,20,6206,飛捷,sell,5,兆豐證券,7000,4.0,202.0,198.0,,moneydj,https://fubon-ebrokerdj.fbs.com.tw/z/zc/zco/zco.djhtm?a=6206&e=2026-7-1&f=2026-7-29
2026-07-29,2026-07-01,2026-07-29,20,6206,飛捷,buy,6,凱基,9200,177.0,24.0,153.0,,moneydj,https://fubon-ebrokerdj.fbs.com.tw/z/zc/zco/zco.djhtm?a=6206&e=2026-7-1&f=2026-7-29
2026-07-29,2026-07-01,2026-07-29,20,6206,飛捷,sell,6,第一金-桃園,5385,4.0,105.0,101.0,,moneydj,https://fubon-ebrokerdj.fbs.com.tw/z/zc/zco/zco.djhtm?a=6206&e=2026-7-1&f=2026-7-29
2026-07-29,2026-07-01,2026-07-29,20,6206,飛捷,buy,7,凱基-新莊,921S,167.0,23.0,144.0,,moneydj,https://fubon-ebrokerdj.fbs.com.tw/z/zc/zco/zco.djhtm?a=6206&e=2026-7-1&f=2026-7-29
2026-07-29,2026-07-01,2026-07-29,20,6206,飛捷,sell,7,永全-南崁,6451,116.0,217.0,101.0,,moneydj,https://fubon-ebrokerdj.fbs.com.tw/z/zc/zco/zco.djhtm?a=6206&e=2026-7-1&f=2026-7-29
2026-07-29,2026-07-01,2026-07-29,20,6206,飛捷,buy,8,港商野村,1560,298.0,180.0,118.0,,moneydj,https://fubon-ebrokerdj.fbs.com.tw/z/zc/zco/zco.djhtm?a=6206&e=2026-7-1&f=2026-7-29
2026-07-29,2026-07-01,2026-07-29,20,6206,飛捷,sell,8,凱基-台南,9211,54.0,148.0,94.0,,moneydj,https://fubon-ebrokerdj.fbs.com.tw/z/zc/zco/zco.djhtm?a=6206&e=2026-7-1&f=2026-7-29
2026-07-29,2026-07-01,2026-07-29,20,6206,飛捷,buy,9,永豐金-古亭,9A9d,185.0,94.0,91.0,,moneydj,https://fubon-ebrokerdj.fbs.com.tw/z/zc/zco/zco.djhtm?a=6206&e=2026-7-1&f=2026-7-29
2026-07-29,2026-07-01,2026-07-29,20,6206,飛捷,sell,9,台新-新營,9B11,24.0,108.0,84.0,,moneydj,https://fubon-ebrokerdj.fbs.com.tw/z/zc/zco/zco.djhtm?a=6206&e=2026-7-1&f=2026-7-29
2026-07-29,2026-07-01,2026-07-29,20,6206,飛捷,buy,10,群益金鼎-內湖,918d,241.0,156.0,85.0,,moneydj,https://fubon-ebrokerdj.fbs.com.tw/z/zc/zco/zco.djhtm?a=6206&e=2026-7-1&f=2026-7-29
2026-07-29,2026-07-01,2026-07-29,20,6206,飛捷,sell,10,元大-松江,9801,36.0,118.0,82.0,,moneydj,https://fubon-ebrokerdj.fbs.com.tw/z/zc/zco/zco.djhtm?a=6206&e=2026-7-1&f=2026-7-29
2026-07-29,2026-07-01,2026-07-29,20,5213,亞昕,buy,1,台灣摩根士丹利,1470,606.0,106.0,500.0,,moneydj,https://fubon-ebrokerdj.fbs.com.tw/z/zc/zco/zco.djhtm?a=5213&e=2026-7-1&f=2026-7-29
2026-07-29,2026-07-01,2026-07-29,20,5213,亞昕,sell,1,富邦-板橋,9655,5.0,529.0,524.0,,moneydj,https://fubon-ebrokerdj.fbs.com.tw/z/zc/zco/zco.djhtm?a=5213&e=2026-7-1&f=2026-7-29
2026-07-29,2026-07-01,2026-07-29,20,5213,亞昕,buy,2,美林,1440,435.0,7.0,428.0,,moneydj,https://fubon-ebrokerdj.fbs.com.tw/z/zc/zco/zco.djhtm?a=5213&e=2026-7-1&f=2026-7-29
2026-07-29,2026-07-01,2026-07-29,20,5213,亞昕,sell,2,摩根大通,8440,211.0,486.0,275.0,,moneydj,https://fubon-ebrokerdj.fbs.com.tw/z/zc/zco/zco.djhtm?a=5213&e=2026-7-1&f=2026-7-29
2026-07-29,2026-07-01,2026-07-29,20,5213,亞昕,buy,3,美商高盛,1480,430.0,143.0,287.0,,moneydj,https://fubon-ebrokerdj.fbs.com.tw/z/zc/zco/zco.djhtm?a=5213&e=2026-7-1&f=2026-7-29
2026-07-29,2026-07-01,2026-07-29,20,5213,亞昕,sell,3,合庫-三重,102G,54.0,213.0,159.0,,moneydj,https://fubon-ebrokerdj.fbs.com.tw/z/zc/zco/zco.djhtm?a=5213&e=2026-7-1&f=2026-7-29
2026-07-29,2026-07-01,2026-07-29,20,5213,亞昕,buy,4,凱基-台北,9268,523.0,248.0,275.0,,moneydj,https://fubon-ebrokerdj.fbs.com.tw/z/zc/zco/zco.djhtm?a=5213&e=2026-7-1&f=2026-7-29
2026-07-29,2026-07-01,2026-07-29,20,5213,亞昕,sell,4,元大-崇德,981S,2.0,143.0,141.0,,moneydj,https://fubon-ebrokerdj.fbs.com.tw/z/zc/zco/zco.djhtm?a=5213&e=2026-7-1&f=2026-7-29
2026-07-29,2026-07-01,2026-07-29,20,5213,亞昕,buy,5,新加坡商瑞銀,1650,254.0,106.0,148.0,,moneydj,https://fubon-ebrokerdj.fbs.com.tw/z/zc/zco/zco.djhtm?a=5213&e=2026-7-1&f=2026-7-29
2026-07-29,2026-07-01,2026-07-29,20,5213,亞昕,sell,5,富邦-八德,963A,49.0,134.0,85.0,,moneydj,https://fubon-ebrokerdj.fbs.com.tw/z/zc/zco/zco.djhtm?a=5213&e=2026-7-1&f=2026-7-29
2026-07-29,2026-07-01,2026-07-29,20,5213,亞昕,buy,6,港商野村,1560,201.0,79.0,122.0,,moneydj,https://fubon-ebrokerdj.fbs.com.tw/z/zc/zco/zco.djhtm?a=5213&e=2026-7-1&f=2026-7-29
2026-07-29,2026-07-01,2026-07-29,20,5213,亞昕,sell,6,元大-蘆洲中正,989I,3.0,80.0,77.0,,moneydj,https://fubon-ebrokerdj.fbs.com.tw/z/zc/zco/zco.djhtm?a=5213&e=2026-7-1&f=2026-7-29
2026-07-29,2026-07-01,2026-07-29,20,5213,亞昕,buy,7,元大-天母,981I,110.0,0.0,110.0,,moneydj,https://fubon-ebrokerdj.fbs.com.tw/z/zc/zco/zco.djhtm?a=5213&e=2026-7-1&f=2026-7-29
2026-07-29,2026-07-01,2026-07-29,20,5213,亞昕,sell,7,新光,8560,55.0,124.0,69.0,,moneydj,https://fubon-ebrokerdj.fbs.com.tw/z/zc/zco/zco.djhtm?a=5213&e=2026-7-1&f=2026-7-29
2026-07-29,2026-07-01,2026-07-29,20,5213,亞昕,buy,8,元大-羅東,982A,90.0,1.0,89.0,,moneydj,https://fubon-ebrokerdj.fbs.com.tw/z/zc/zco/zco.djhtm?a=5213&e=2026-7-1&f=2026-7-29
2026-07-29,2026-07-01,2026-07-29,20,5213,亞昕,sell,8,富邦-台中,965K,9.0,68.0,59.0,,moneydj,https://fubon-ebrokerdj.fbs.com.tw/z/zc/zco/zco.djhtm?a=5213&e=2026-7-1&f=2026-7-29
2026-07-29,2026-07-01,2026-07-29,20,5213,亞昕,buy,9,第一金-大稻埕,538F,100.0,26.0,74.0,,moneydj,https://fubon-ebrokerdj.fbs.com.tw/z/zc/zco/zco.djhtm?a=5213&e=2026-7-1&f=2026-7-29
2026-07-29,2026-07-01,2026-07-29,20,5213,亞昕,sell,9,永豐金-市政,9A9W,5.0,59.0,54.0,,moneydj,https://fubon-ebrokerdj.fbs.com.tw/z/zc/zco/zco.djhtm?a=5213&e=2026-7-1&f=2026-7-29
2026-07-29,2026-07-01,2026-07-29,20,5213,亞昕,buy,10,第一金-中壢,538Y,60.0,0.0,60.0,,moneydj,https://fubon-ebrokerdj.fbs.com.tw/z/zc/zco/zco.djhtm?a=5213&e=2026-7-1&f=2026-7-29
2026-07-29,2026-07-01,2026-07-29,20,5213,亞昕,sell,10,永豐金-大園,9A98,3.0,56.0,53.0,,moneydj,https://fubon-ebrokerdj.fbs.com.tw/z/zc/zco/zco.djhtm?a=5213&e=2026-7-1&f=2026-7-29
2026-07-29,2026-07-01,2026-07-29,20,1815,富喬,buy,1,國泰-敦南,8888,9904.0,7929.0,1975.0,,moneydj,https://fubon-ebrokerdj.fbs.com.tw/z/zc/zco/zco.djhtm?a=1815&e=2026-7-1&f=2026-7-29
2026-07-29,2026-07-01,2026-07-29,20,1815,富喬,sell,1,台灣摩根士丹利,1470,17276.0,24428.0,7152.0,,moneydj,https://fubon-ebrokerdj.fbs.com.tw/z/zc/zco/zco.djhtm?a=1815&e=2026-7-1&f=2026-7-29
2026-07-29,2026-07-01,2026-07-29,20,1815,富喬,buy,2,華南永昌-竹北,9339,2002.0,92.0,1910.0,,moneydj,https://fubon-ebrokerdj.fbs.com.tw/z/zc/zco/zco.djhtm?a=1815&e=2026-7-1&f=2026-7-29
2026-07-29,2026-07-01,2026-07-29,20,1815,富喬,sell,2,永豐金證券,9A00,4220.0,8515.0,4295.0,,moneydj,https://fubon-ebrokerdj.fbs.com.tw/z/zc/zco/zco.djhtm?a=1815&e=2026-7-1&f=2026-7-29
2026-07-29,2026-07-01,2026-07-29,20,1815,富喬,buy,3,美林,1440,6444.0,5262.0,1182.0,,moneydj,https://fubon-ebrokerdj.fbs.com.tw/z/zc/zco/zco.djhtm?a=1815&e=2026-7-1&f=2026-7-29
2026-07-29,2026-07-01,2026-07-29,20,1815,富喬,sell,3,富邦證券,9600,1612.0,5282.0,3670.0,,moneydj,https://fubon-ebrokerdj.fbs.com.tw/z/zc/zco/zco.djhtm?a=1815&e=2026-7-1&f=2026-7-29
2026-07-29,2026-07-01,2026-07-29,20,1815,富喬,buy,4,兆豐-南京,700P,1224.0,432.0,792.0,,moneydj,https://fubon-ebrokerdj.fbs.com.tw/z/zc/zco/zco.djhtm?a=1815&e=2026-7-1&f=2026-7-29
2026-07-29,2026-07-01,2026-07-29,20,1815,富喬,sell,4,元大證券,9800,27908.0,31123.0,3215.0,,moneydj,https://fubon-ebrokerdj.fbs.com.tw/z/zc/zco/zco.djhtm?a=1815&e=2026-7-1&f=2026-7-29
2026-07-29,2026-07-01,2026-07-29,20,1815,富喬,buy,5,玉山-高雄,8843,955.0,370.0,585.0,,moneydj,https://fubon-ebrokerdj.fbs.com.tw/z/zc/zco/zco.djhtm?a=1815&e=2026-7-1&f=2026-7-29
2026-07-29,2026-07-01,2026-07-29,20,1815,富喬,sell,5,元大-土城永寧,9875,1749.0,4878.0,3129.0,,moneydj,https://fubon-ebrokerdj.fbs.com.tw/z/zc/zco/zco.djhtm?a=1815&e=2026-7-1&f=2026-7-29
2026-07-29,2026-07-01,2026-07-29,20,1815,富喬,buy,6,凱基-市府,920D,648.0,201.0,447.0,,moneydj,https://fubon-ebrokerdj.fbs.com.tw/z/zc/zco/zco.djhtm?a=1815&e=2026-7-1&f=2026-7-29
2026-07-29,2026-07-01,2026-07-29,20,1815,富喬,sell,6,港商野村,1560,1959.0,4802.0,2843.0,,moneydj,https://fubon-ebrokerdj.fbs.com.tw/z/zc/zco/zco.djhtm?a=1815&e=2026-7-1&f=2026-7-29
2026-07-29,2026-07-01,2026-07-29,20,1815,富喬,buy,7,永豐金-中正,9A9U,821.0,387.0,434.0,,moneydj,https://fubon-ebrokerdj.fbs.com.tw/z/zc/zco/zco.djhtm?a=1815&e=2026-7-1&f=2026-7-29
2026-07-29,2026-07-01,2026-07-29,20,1815,富喬,sell,7,凱基,9200,658.0,3242.0,2584.0,,moneydj,https://fubon-ebrokerdj.fbs.com.tw/z/zc/zco/zco.djhtm?a=1815&e=2026-7-1&f=2026-7-29
2026-07-29,2026-07-01,2026-07-29,20,1815,富喬,buy,8,國泰-館前,888A,1446.0,1021.0,425.0,,moneydj,https://fubon-ebrokerdj.fbs.com.tw/z/zc/zco/zco.djhtm?a=1815&e=2026-7-1&f=2026-7-29
2026-07-29,2026-07-01,2026-07-29,20,1815,富喬,sell,8,富邦-建國,9658,2977.0,5215.0,2238.0,,moneydj,https://fubon-ebrokerdj.fbs.com.tw/z/zc/zco/zco.djhtm?a=1815&e=2026-7-1&f=2026-7-29
2026-07-29,2026-07-01,2026-07-29,20,1815,富喬,buy,9,國泰-板橋,888K,1348.0,929.0,419.0,,moneydj,https://fubon-ebrokerdj.fbs.com.tw/z/zc/zco/zco.djhtm?a=1815&e=2026-7-1&f=2026-7-29
2026-07-29,2026-07-01,2026-07-29,20,1815,富喬,sell,9,宏遠證券,1260,680.0,2741.0,2061.0,,moneydj,https://fubon-ebrokerdj.fbs.com.tw/z/zc/zco/zco.djhtm?a=1815&e=2026-7-1&f=2026-7-29
2026-07-29,2026-07-01,2026-07-29,20,1815,富喬,buy,10,元大-員林中山,9835,679.0,263.0,416.0,,moneydj,https://fubon-ebrokerdj.fbs.com.tw/z/zc/zco/zco.djhtm?a=1815&e=2026-7-1&f=2026-7-29
2026-07-29,2026-07-01,2026-07-29,20,1815,富喬,sell,10,群益金鼎,9100,1610.0,3326.0,1716.0,,moneydj,https://fubon-ebrokerdj.fbs.com.tw/z/zc/zco/zco.djhtm?a=1815&e=2026-7-1&f=2026-7-29
2026-07-29,2026-07-01,2026-07-29,20,8299,群聯,buy,1,凱基-台北,9268,6259.0,5136.0,1123.0,,moneydj,https://fubon-ebrokerdj.fbs.com.tw/z/zc/zco/zco.djhtm?a=8299&e=2026-7-1&f=2026-7-29
2026-07-29,2026-07-01,2026-07-29,20,8299,群聯,sell,1,永豐金證券,9A00,1799.0,3555.0,1756.0,,moneydj,https://fubon-ebrokerdj.fbs.com.tw/z/zc/zco/zco.djhtm?a=8299&e=2026-7-1&f=2026-7-29
2026-07-29,2026-07-01,2026-07-29,20,8299,群聯,buy,2,摩根大通,8440,3549.0,2730.0,819.0,,moneydj,https://fubon-ebrokerdj.fbs.com.tw/z/zc/zco/zco.djhtm?a=8299&e=2026-7-1&f=2026-7-29
2026-07-29,2026-07-01,2026-07-29,20,8299,群聯,sell,2,元大證券,9800,9270.0,10681.0,1411.0,,moneydj,https://fubon-ebrokerdj.fbs.com.tw/z/zc/zco/zco.djhtm?a=8299&e=2026-7-1&f=2026-7-29
2026-07-29,2026-07-01,2026-07-29,20,8299,群聯,buy,3,凱基-中港,9202,822.0,140.0,682.0,,moneydj,https://fubon-ebrokerdj.fbs.com.tw/z/zc/zco/zco.djhtm?a=8299&e=2026-7-1&f=2026-7-29
2026-07-29,2026-07-01,2026-07-29,20,8299,群聯,sell,3,群益金鼎,9100,383.0,1556.0,1173.0,,moneydj,https://fubon-ebrokerdj.fbs.com.tw/z/zc/zco/zco.djhtm?a=8299&e=2026-7-1&f=2026-7-29
2026-07-29,2026-07-01,2026-07-29,20,8299,群聯,buy,4,元大-汐止,989Q,723.0,73.0,650.0,,moneydj,https://fubon-ebrokerdj.fbs.com.tw/z/zc/zco/zco.djhtm?a=8299&e=2026-7-1&f=2026-7-29
2026-07-29,2026-07-01,2026-07-29,20,8299,群聯,sell,4,花旗環球,1590,942.0,1868.0,926.0,,moneydj,https://fubon-ebrokerdj.fbs.com.tw/z/zc/zco/zco.djhtm?a=8299&e=2026-7-1&f=2026-7-29
2026-07-29,2026-07-01,2026-07-29,20,8299,群聯,buy,5,美商高盛,1480,4276.0,3633.0,643.0,,moneydj,https://fubon-ebrokerdj.fbs.com.tw/z/zc/zco/zco.djhtm?a=8299&e=2026-7-1&f=2026-7-29
2026-07-29,2026-07-01,2026-07-29,20,8299,群聯,sell,5,法銀巴黎,8900,202.0,970.0,768.0,,moneydj,https://fubon-ebrokerdj.fbs.com.tw/z/zc/zco/zco.djhtm?a=8299&e=2026-7-1&f=2026-7-29
2026-07-29,2026-07-01,2026-07-29,20,8299,群聯,buy,6,國泰-敦南,8888,1581.0,1244.0,337.0,,moneydj,https://fubon-ebrokerdj.fbs.com.tw/z/zc/zco/zco.djhtm?a=8299&e=2026-7-1&f=2026-7-29
2026-07-29,2026-07-01,2026-07-29,20,8299,群聯,sell,6,大和國泰,8890,4.0,756.0,752.0,,moneydj,https://fubon-ebrokerdj.fbs.com.tw/z/zc/zco/zco.djhtm?a=8299&e=2026-7-1&f=2026-7-29
2026-07-29,2026-07-01,2026-07-29,20,8299,群聯,buy,7,統一-新竹,5857,621.0,336.0,285.0,,moneydj,https://fubon-ebrokerdj.fbs.com.tw/z/zc/zco/zco.djhtm?a=8299&e=2026-7-1&f=2026-7-29
2026-07-29,2026-07-01,2026-07-29,20,8299,群聯,sell,7,台灣摩根士丹利,1470,5524.0,6227.0,703.0,,moneydj,https://fubon-ebrokerdj.fbs.com.tw/z/zc/zco/zco.djhtm?a=8299&e=2026-7-1&f=2026-7-29
2026-07-29,2026-07-01,2026-07-29,20,8299,群聯,buy,8,新光,8560,1226.0,987.0,239.0,,moneydj,https://fubon-ebrokerdj.fbs.com.tw/z/zc/zco/zco.djhtm?a=8299&e=2026-7-1&f=2026-7-29
2026-07-29,2026-07-01,2026-07-29,20,8299,群聯,sell,8,統一,5850,643.0,1330.0,687.0,,moneydj,https://fubon-ebrokerdj.fbs.com.tw/z/zc/zco/zco.djhtm?a=8299&e=2026-7-1&f=2026-7-29
2026-07-29,2026-07-01,2026-07-29,20,8299,群聯,buy,9,新加坡商瑞銀,1650,4287.0,4061.0,226.0,,moneydj,https://fubon-ebrokerdj.fbs.com.tw/z/zc/zco/zco.djhtm?a=8299&e=2026-7-1&f=2026-7-29
2026-07-29,2026-07-01,2026-07-29,20,8299,群聯,sell,9,凱基-士林,9238,369.0,1013.0,644.0,,moneydj,https://fubon-ebrokerdj.fbs.com.tw/z/zc/zco/zco.djhtm?a=8299&e=2026-7-1&f=2026-7-29
2026-07-29,2026-07-01,2026-07-29,20,8299,群聯,buy,10,兆豐-中壢,700b,185.0,24.0,161.0,,moneydj,https://fubon-ebrokerdj.fbs.com.tw/z/zc/zco/zco.djhtm?a=8299&e=2026-7-1&f=2026-7-29
2026-07-29,2026-07-01,2026-07-29,20,8299,群聯,sell,10,華南永昌,9300,415.0,928.0,513.0,,moneydj,https://fubon-ebrokerdj.fbs.com.tw/z/zc/zco/zco.djhtm?a=8299&e=2026-7-1&f=2026-7-29
2026-07-29,2026-07-01,2026-07-29,20,8440,綠電,buy,1,聯邦-大業,8586,82.0,6.0,76.0,,moneydj,https://fubon-ebrokerdj.fbs.com.tw/z/zc/zco/zco.djhtm?a=8440&e=2026-7-1&f=2026-7-29
2026-07-29,2026-07-01,2026-07-29,20,8440,綠電,sell,1,凱基-松山,9217,8.0,69.0,61.0,,moneydj,https://fubon-ebrokerdj.fbs.com.tw/z/zc/zco/zco.djhtm?a=8440&e=2026-7-1&f=2026-7-29
2026-07-29,2026-07-01,2026-07-29,20,8440,綠電,buy,2,華南永昌,9300,115.0,58.0,57.0,,moneydj,https://fubon-ebrokerdj.fbs.com.tw/z/zc/zco/zco.djhtm?a=8440&e=2026-7-1&f=2026-7-29
2026-07-29,2026-07-01,2026-07-29,20,8440,綠電,sell,2,元大-高雄,981m,25.0,69.0,44.0,,moneydj,https://fubon-ebrokerdj.fbs.com.tw/z/zc/zco/zco.djhtm?a=8440&e=2026-7-1&f=2026-7-29
2026-07-29,2026-07-01,2026-07-29,20,8440,綠電,buy,3,永豐金-高雄,9A9e,51.0,0.0,51.0,,moneydj,https://fubon-ebrokerdj.fbs.com.tw/z/zc/zco/zco.djhtm?a=8440&e=2026-7-1&f=2026-7-29
2026-07-29,2026-07-01,2026-07-29,20,8440,綠電,sell,3,臺銀-臺南,1042,0.0,42.0,42.0,,moneydj,https://fubon-ebrokerdj.fbs.com.tw/z/zc/zco/zco.djhtm?a=8440&e=2026-7-1&f=2026-7-29
2026-07-29,2026-07-01,2026-07-29,20,8440,綠電,buy,4,富邦-樹林,962E,44.0,2.0,42.0,,moneydj,https://fubon-ebrokerdj.fbs.com.tw/z/zc/zco/zco.djhtm?a=8440&e=2026-7-1&f=2026-7-29
2026-07-29,2026-07-01,2026-07-29,20,8440,綠電,sell,4,玉山-高雄,8843,23.0,59.0,36.0,,moneydj,https://fubon-ebrokerdj.fbs.com.tw/z/zc/zco/zco.djhtm?a=8440&e=2026-7-1&f=2026-7-29
2026-07-29,2026-07-01,2026-07-29,20,8440,綠電,buy,5,統一-新營,585E,40.0,0.0,40.0,,moneydj,https://fubon-ebrokerdj.fbs.com.tw/z/zc/zco/zco.djhtm?a=8440&e=2026-7-1&f=2026-7-29
2026-07-29,2026-07-01,2026-07-29,20,8440,綠電,sell,5,高橋,5320,3.0,32.0,29.0,,moneydj,https://fubon-ebrokerdj.fbs.com.tw/z/zc/zco/zco.djhtm?a=8440&e=2026-7-1&f=2026-7-29
2026-07-29,2026-07-01,2026-07-29,20,8440,綠電,buy,6,台灣摩根士丹利,1470,61.0,25.0,36.0,,moneydj,https://fubon-ebrokerdj.fbs.com.tw/z/zc/zco/zco.djhtm?a=8440&e=2026-7-1&f=2026-7-29
2026-07-29,2026-07-01,2026-07-29,20,8440,綠電,sell,6,統一-中壢,5853,0.0,29.0,29.0,,moneydj,https://fubon-ebrokerdj.fbs.com.tw/z/zc/zco/zco.djhtm?a=8440&e=2026-7-1&f=2026-7-29
2026-07-29,2026-07-01,2026-07-29,20,8440,綠電,buy,7,凱基-台北,9268,168.0,136.0,32.0,,moneydj,https://fubon-ebrokerdj.fbs.com.tw/z/zc/zco/zco.djhtm?a=8440&e=2026-7-1&f=2026-7-29
2026-07-29,2026-07-01,2026-07-29,20,8440,綠電,sell,7,元大-文心,9868,0.0,22.0,22.0,,moneydj,https://fubon-ebrokerdj.fbs.com.tw/z/zc/zco/zco.djhtm?a=8440&e=2026-7-1&f=2026-7-29
2026-07-29,2026-07-01,2026-07-29,20,8440,綠電,buy,8,富邦-台北,9623,34.0,3.0,31.0,,moneydj,https://fubon-ebrokerdj.fbs.com.tw/z/zc/zco/zco.djhtm?a=8440&e=2026-7-1&f=2026-7-29
2026-07-29,2026-07-01,2026-07-29,20,8440,綠電,sell,8,台新-嘉義,9B2I,0.0,20.0,20.0,,moneydj,https://fubon-ebrokerdj.fbs.com.tw/z/zc/zco/zco.djhtm?a=8440&e=2026-7-1&f=2026-7-29
2026-07-29,2026-07-01,2026-07-29,20,8440,綠電,buy,9,台新-緯城,9B2A,28.0,1.0,27.0,,moneydj,https://fubon-ebrokerdj.fbs.com.tw/z/zc/zco/zco.djhtm?a=8440&e=2026-7-1&f=2026-7-29
2026-07-29,2026-07-01,2026-07-29,20,8440,綠電,sell,9,元大-小港,989Z,0.0,20.0,20.0,,moneydj,https://fubon-ebrokerdj.fbs.com.tw/z/zc/zco/zco.djhtm?a=8440&e=2026-7-1&f=2026-7-29
2026-07-29,2026-07-01,2026-07-29,20,8440,綠電,buy,10,新加坡商瑞銀,1650,28.0,7.0,21.0,,moneydj,https://fubon-ebrokerdj.fbs.com.tw/z/zc/zco/zco.djhtm?a=8440&e=2026-7-1&f=2026-7-29
2026-07-29,2026-07-01,2026-07-29,20,8440,綠電,sell,10,兆豐-高雄,700Z,2.0,21.0,19.0,,moneydj,https://fubon-ebrokerdj.fbs.com.tw/z/zc/zco/zco.djhtm?a=8440&e=2026-7-1&f=2026-7-29
2026-07-29,2026-07-01,2026-07-29,20,2379,瑞昱,buy,1,富邦證券,9600,5648.0,1144.0,4504.0,,moneydj,https://fubon-ebrokerdj.fbs.com.tw/z/zc/zco/zco.djhtm?a=2379&e=2026-7-1&f=2026-7-29
2026-07-29,2026-07-01,2026-07-29,20,2379,瑞昱,sell,1,摩根大通,8440,5951.0,10530.0,4579.0,,moneydj,https://fubon-ebrokerdj.fbs.com.tw/z/zc/zco/zco.djhtm?a=2379&e=2026-7-1&f=2026-7-29
2026-07-29,2026-07-01,2026-07-29,20,2379,瑞昱,buy,2,永豐金證券,9A00,3592.0,1169.0,2423.0,,moneydj,https://fubon-ebrokerdj.fbs.com.tw/z/zc/zco/zco.djhtm?a=2379&e=2026-7-1&f=2026-7-29
2026-07-29,2026-07-01,2026-07-29,20,2379,瑞昱,sell,2,大和國泰,8890,29.0,1673.0,1644.0,,moneydj,https://fubon-ebrokerdj.fbs.com.tw/z/zc/zco/zco.djhtm?a=2379&e=2026-7-1&f=2026-7-29
2026-07-29,2026-07-01,2026-07-29,20,2379,瑞昱,buy,3,凱基-台北,9268,7540.0,6239.0,1301.0,,moneydj,https://fubon-ebrokerdj.fbs.com.tw/z/zc/zco/zco.djhtm?a=2379&e=2026-7-1&f=2026-7-29
2026-07-29,2026-07-01,2026-07-29,20,2379,瑞昱,sell,3,花旗環球,1590,2653.0,4285.0,1632.0,,moneydj,https://fubon-ebrokerdj.fbs.com.tw/z/zc/zco/zco.djhtm?a=2379&e=2026-7-1&f=2026-7-29
2026-07-29,2026-07-01,2026-07-29,20,2379,瑞昱,buy,4,美商高盛,1480,5863.0,4747.0,1116.0,,moneydj,https://fubon-ebrokerdj.fbs.com.tw/z/zc/zco/zco.djhtm?a=2379&e=2026-7-1&f=2026-7-29
2026-07-29,2026-07-01,2026-07-29,20,2379,瑞昱,sell,4,新加坡商瑞銀,1650,3237.0,4425.0,1188.0,,moneydj,https://fubon-ebrokerdj.fbs.com.tw/z/zc/zco/zco.djhtm?a=2379&e=2026-7-1&f=2026-7-29
2026-07-29,2026-07-01,2026-07-29,20,2379,瑞昱,buy,5,港商野村,1560,1681.0,657.0,1024.0,,moneydj,https://fubon-ebrokerdj.fbs.com.tw/z/zc/zco/zco.djhtm?a=2379&e=2026-7-1&f=2026-7-29
2026-07-29,2026-07-01,2026-07-29,20,2379,瑞昱,sell,5,港商麥格理,1360,725.0,1841.0,1116.0,,moneydj,https://fubon-ebrokerdj.fbs.com.tw/z/zc/zco/zco.djhtm?a=2379&e=2026-7-1&f=2026-7-29
2026-07-29,2026-07-01,2026-07-29,20,2379,瑞昱,buy,6,凱基,9200,2082.0,1306.0,776.0,,moneydj,https://fubon-ebrokerdj.fbs.com.tw/z/zc/zco/zco.djhtm?a=2379&e=2026-7-1&f=2026-7-29
2026-07-29,2026-07-01,2026-07-29,20,2379,瑞昱,sell,6,永豐金-匯立,9A81,404.0,1456.0,1052.0,,moneydj,https://fubon-ebrokerdj.fbs.com.tw/z/zc/zco/zco.djhtm?a=2379&e=2026-7-1&f=2026-7-29
2026-07-29,2026-07-01,2026-07-29,20,2379,瑞昱,buy,7,華南永昌-中正,9359,622.0,46.0,576.0,,moneydj,https://fubon-ebrokerdj.fbs.com.tw/z/zc/zco/zco.djhtm?a=2379&e=2026-7-1&f=2026-7-29
2026-07-29,2026-07-01,2026-07-29,20,2379,瑞昱,sell,7,美林,1440,4420.0,5427.0,1007.0,,moneydj,https://fubon-ebrokerdj.fbs.com.tw/z/zc/zco/zco.djhtm?a=2379&e=2026-7-1&f=2026-7-29
2026-07-29,2026-07-01,2026-07-29,20,2379,瑞昱,buy,8,台灣企銀,1110,550.0,10.0,540.0,,moneydj,https://fubon-ebrokerdj.fbs.com.tw/z/zc/zco/zco.djhtm?a=2379&e=2026-7-1&f=2026-7-29
2026-07-29,2026-07-01,2026-07-29,20,2379,瑞昱,sell,8,元大證券,9800,7931.0,8628.0,697.0,,moneydj,https://fubon-ebrokerdj.fbs.com.tw/z/zc/zco/zco.djhtm?a=2379&e=2026-7-1&f=2026-7-29
2026-07-29,2026-07-01,2026-07-29,20,2379,瑞昱,buy,9,群益金鼎,9100,1331.0,810.0,521.0,,moneydj,https://fubon-ebrokerdj.fbs.com.tw/z/zc/zco/zco.djhtm?a=2379&e=2026-7-1&f=2026-7-29
2026-07-29,2026-07-01,2026-07-29,20,2379,瑞昱,sell,9,台灣摩根士丹利,1470,10331.0,10974.0,643.0,,moneydj,https://fubon-ebrokerdj.fbs.com.tw/z/zc/zco/zco.djhtm?a=2379&e=2026-7-1&f=2026-7-29
2026-07-29,2026-07-01,2026-07-29,20,2379,瑞昱,buy,10,國泰證券,8880,783.0,458.0,325.0,,moneydj,https://fubon-ebrokerdj.fbs.com.tw/z/zc/zco/zco.djhtm?a=2379&e=2026-7-1&f=2026-7-29
2026-07-29,2026-07-01,2026-07-29,20,2379,瑞昱,sell,10,統一,5850,1096.0,1264.0,168.0,,moneydj,https://fubon-ebrokerdj.fbs.com.tw/z/zc/zco/zco.djhtm?a=2379&e=2026-7-1&f=2026-7-29
