snapshot_date,days,ranking_name,rank_no,stock_id,score,total_score,close,updated_at
2026-07-03,5,big_holder_increase,1,2484,45.3,-4.06,96.4,2026-07-05T09:29:48
2026-07-03,5,big_holder_increase,2,8033,62.74,35.89,204.5,2026-07-05T09:29:48
2026-07-03,5,big_holder_increase,3,3413,47.8,38.92,326.5,2026-07-05T09:29:48
2026-07-03,5,big_holder_increase,4,3605,62.31,45.06,88.2,2026-07-05T09:29:48
2026-07-03,5,big_holder_increase,5,2464,41.72,22.21,172.5,2026-07-05T09:29:48
2026-07-03,5,big_holder_increase,6,4989,87.0,42.42,110.5,2026-07-05T09:29:48
2026-07-03,5,big_holder_increase,7,6191,38.34,42.37,108.0,2026-07-05T09:29:48
2026-07-03,5,big_holder_increase,8,3042,56.16,3.57,249.0,2026-07-05T09:29:48
2026-07-03,5,big_holder_increase,9,3227,82.7,72.95,235.0,2026-07-05T09:29:48
2026-07-03,5,big_holder_increase,10,6182,69.77,22.54,163.0,2026-07-05T09:29:48
2026-07-03,5,big_holder_increase,11,2483,42.25,5.05,67.1,2026-07-05T09:29:48
2026-07-03,5,big_holder_increase,12,2406,46.88,33.34,41.15,2026-07-05T09:29:48
2026-07-03,5,big_holder_increase,13,3055,75.41,32.41,152.5,2026-07-05T09:29:48
2026-07-03,5,big_holder_increase,14,6409,54.14,38.25,1255.0,2026-07-05T09:29:48
2026-07-03,5,big_holder_increase,15,3289,29.0,1.28,180.0,2026-07-05T09:29:48
2026-07-03,5,big_holder_increase,16,5425,78.31,40.3,131.0,2026-07-05T09:29:48
2026-07-03,5,big_holder_increase,17,4720,46.03,25.28,26.0,2026-07-05T09:29:48
2026-07-03,5,big_holder_increase,18,3583,25.38,5.94,851.0,2026-07-05T09:29:48
2026-07-03,5,big_holder_increase,19,2467,62.38,34.2,615.0,2026-07-05T09:29:48
2026-07-03,5,big_holder_increase,20,6215,40.85,30.46,112.5,2026-07-05T09:29:48
2026-07-03,5,big_holder_increase,21,4533,79.36,51.17,30.85,2026-07-05T09:29:48
2026-07-03,5,big_holder_increase,22,2377,39.88,26.58,143.0,2026-07-05T09:29:48
2026-07-03,5,big_holder_increase,23,1314,53.73,23.59,9.88,2026-07-05T09:29:48
2026-07-03,5,big_holder_increase,24,2359,74.61,53.78,142.0,2026-07-05T09:29:48
2026-07-03,5,big_holder_increase,25,2449,61.64,42.91,335.0,2026-07-05T09:29:48
2026-07-03,5,big_holder_increase,26,6164,25.77,-7.96,17.4,2026-07-05T09:29:48
2026-07-03,5,big_holder_increase,27,2342,45.55,15.66,58.3,2026-07-05T09:29:48
2026-07-03,5,big_holder_increase,28,4526,56.57,47.1,41.5,2026-07-05T09:29:48
2026-07-03,5,big_holder_increase,29,5269,68.39,54.62,1530.0,2026-07-05T09:29:48
2026-07-03,5,big_holder_increase,30,8155,68.55,47.9,384.5,2026-07-05T09:29:48
2026-07-03,5,big_holder_increase,31,4931,51.55,45.88,237.5,2026-07-05T09:29:48
2026-07-03,5,big_holder_increase,32,8476,5.12,-6.84,24.45,2026-07-05T09:29:48
2026-07-03,5,big_holder_increase,33,3402,81.22,59.95,155.0,2026-07-05T09:29:48
2026-07-03,5,big_holder_increase,34,2634,55.86,36.66,60.0,2026-07-05T09:29:48
2026-07-03,5,big_holder_increase,35,6670,62.87,54.36,259.0,2026-07-05T09:29:48
2026-07-03,5,big_holder_increase,36,4977,17.19,17.32,162.0,2026-07-05T09:29:48
2026-07-03,5,big_holder_increase,37,6224,53.25,16.37,86.4,2026-07-05T09:29:48
2026-07-03,5,big_holder_increase,38,6190,52.4,27.73,85.8,2026-07-05T09:29:48
2026-07-03,5,big_holder_increase,39,6405,43.86,25.1,62.0,2026-07-05T09:29:48
2026-07-03,5,big_holder_increase,40,3673,53.8,17.69,82.4,2026-07-05T09:29:48
2026-07-03,5,big_holder_increase,41,3028,72.52,45.35,82.0,2026-07-05T09:29:48
2026-07-03,5,big_holder_increase,42,3706,53.01,43.83,91.0,2026-07-05T09:29:48
2026-07-03,5,big_holder_increase,43,1312,55.96,29.77,15.1,2026-07-05T09:29:48
2026-07-03,5,big_holder_increase,44,3023,43.03,19.85,336.5,2026-07-05T09:29:48
2026-07-03,5,big_holder_increase,45,6438,52.88,37.57,165.0,2026-07-05T09:29:48
2026-07-03,5,big_holder_increase,46,5392,23.87,12.2,48.55,2026-07-05T09:29:48
2026-07-03,5,big_holder_increase,47,2421,75.23,59.33,149.0,2026-07-05T09:29:48
2026-07-03,5,big_holder_increase,48,6206,86.87,54.68,132.5,2026-07-05T09:29:48
2026-07-03,5,big_holder_increase,49,1590,63.35,38.86,1440.0,2026-07-05T09:29:48
2026-07-03,5,big_holder_increase,50,3624,80.61,50.6,155.0,2026-07-05T09:29:48
2026-07-03,5,chip_score,1,3017,135.81,103.07,2760.0,2026-07-05T09:29:48
2026-07-03,5,chip_score,2,1907,99.98,76.54,28.15,2026-07-05T09:29:48
2026-07-03,5,chip_score,3,6023,113.26,93.17,101.5,2026-07-05T09:29:48
2026-07-03,5,chip_score,4,6526,96.83,78.81,706.0,2026-07-05T09:29:48
2026-07-03,5,chip_score,5,2204,89.61,76.34,57.1,2026-07-05T09:29:48
2026-07-03,5,chip_score,6,3227,82.7,72.95,235.0,2026-07-05T09:29:48
2026-07-03,5,chip_score,7,9935,98.11,75.73,20.5,2026-07-05T09:29:48
2026-07-03,5,chip_score,8,6703,85.96,72.68,118.0,2026-07-05T09:29:48
2026-07-03,5,chip_score,9,1216,84.92,70.39,76.3,2026-07-05T09:29:48
2026-07-03,5,chip_score,10,6122,81.49,55.8,51.5,2026-07-05T09:29:48
2026-07-03,5,chip_score,11,2547,109.78,84.89,11.55,2026-07-05T09:29:48
2026-07-03,5,chip_score,12,4105,76.67,61.52,77.9,2026-07-05T09:29:48
2026-07-03,5,chip_score,13,2382,92.22,79.44,377.0,2026-07-05T09:29:48
2026-07-03,5,chip_score,14,1303,110.71,67.62,197.0,2026-07-05T09:29:48
2026-07-03,5,chip_score,15,2371,56.0,58.37,28.0,2026-07-05T09:29:48
2026-07-03,5,chip_score,16,1608,91.04,66.44,34.8,2026-07-05T09:29:48
2026-07-03,5,chip_score,17,4766,82.0,62.54,370.5,2026-07-05T09:29:48
2026-07-03,5,chip_score,18,3483,62.42,60.95,93.0,2026-07-05T09:29:48
2026-07-03,5,chip_score,19,2718,71.81,56.24,52.4,2026-07-05T09:29:48
2026-07-03,5,chip_score,20,1210,82.34,60.51,58.0,2026-07-05T09:29:48
2026-07-03,5,chip_score,21,3090,90.77,66.24,318.5,2026-07-05T09:29:48
2026-07-03,5,chip_score,22,2887,108.78,75.73,34.15,2026-07-05T09:29:48
2026-07-03,5,chip_score,23,5269,68.39,54.62,1530.0,2026-07-05T09:29:48
2026-07-03,5,chip_score,24,2105,69.8,54.51,32.15,2026-07-05T09:29:48
2026-07-03,5,chip_score,25,2897,91.39,67.02,10.55,2026-07-05T09:29:48
2026-07-03,5,chip_score,26,3596,70.9,56.23,197.5,2026-07-05T09:29:48
2026-07-03,5,chip_score,27,9946,98.26,71.69,19.9,2026-07-05T09:29:48
2026-07-03,5,chip_score,28,2421,75.23,59.33,149.0,2026-07-05T09:29:48
2026-07-03,5,chip_score,29,6146,68.52,54.92,195.0,2026-07-05T09:29:48
2026-07-03,5,chip_score,30,3402,81.22,59.95,155.0,2026-07-05T09:29:48
2026-07-03,5,chip_score,31,4933,72.52,53.75,68.4,2026-07-05T09:29:48
2026-07-03,5,chip_score,32,7828,67.99,47.79,2200.0,2026-07-05T09:29:48
2026-07-03,5,chip_score,33,2395,79.89,57.88,521.0,2026-07-05T09:29:48
2026-07-03,5,chip_score,34,2812,69.93,56.67,20.4,2026-07-05T09:29:48
2026-07-03,5,chip_score,35,9911,69.55,51.66,85.2,2026-07-05T09:29:48
2026-07-03,5,chip_score,36,1722,64.55,47.71,48.75,2026-07-05T09:29:48
2026-07-03,5,chip_score,37,2851,85.09,64.41,38.45,2026-07-05T09:29:48
2026-07-03,5,chip_score,38,2912,53.23,51.61,231.0,2026-07-05T09:29:48
2026-07-03,5,chip_score,39,6104,59.27,50.61,105.0,2026-07-05T09:29:48
2026-07-03,5,chip_score,40,8462,58.7,52.21,147.0,2026-07-05T09:29:48
2026-07-03,5,chip_score,41,2646,60.53,59.94,21.3,2026-07-05T09:29:48
2026-07-03,5,chip_score,42,1316,69.78,67.32,10.95,2026-07-05T09:29:48
2026-07-03,5,chip_score,43,1524,68.1,48.27,29.65,2026-07-05T09:29:48
2026-07-03,5,chip_score,44,1539,46.82,42.62,16.05,2026-07-05T09:29:48
2026-07-03,5,chip_score,45,1604,56.81,44.46,23.5,2026-07-05T09:29:48
2026-07-03,5,chip_score,46,1618,82.22,62.65,41.7,2026-07-05T09:29:48
2026-07-03,5,chip_score,47,1702,58.55,47.99,32.55,2026-07-05T09:29:48
2026-07-03,5,chip_score,48,1732,56.48,48.97,26.75,2026-07-05T09:29:48
2026-07-03,5,chip_score,49,1760,65.08,55.23,63.0,2026-07-05T09:29:48
2026-07-03,5,chip_score,50,1805,54.52,52.36,10.4,2026-07-05T09:29:48
2026-07-03,5,foreign_5d_revenue_growth,1,3017,135.81,103.07,2760.0,2026-07-05T09:29:48
2026-07-03,5,foreign_5d_revenue_growth,2,6023,113.26,93.17,101.5,2026-07-05T09:29:48
2026-07-03,5,foreign_5d_revenue_growth,3,2547,109.78,84.89,11.55,2026-07-05T09:29:48
2026-07-03,5,foreign_5d_revenue_growth,4,6526,96.83,78.81,706.0,2026-07-05T09:29:48
2026-07-03,5,foreign_5d_revenue_growth,5,9935,98.11,75.73,20.5,2026-07-05T09:29:48
2026-07-03,5,foreign_5d_revenue_growth,6,3227,82.7,72.95,235.0,2026-07-05T09:29:48
2026-07-03,5,foreign_5d_revenue_growth,7,4934,79.62,72.0,18.25,2026-07-05T09:29:48
2026-07-03,5,foreign_5d_revenue_growth,8,6163,70.89,71.85,48.35,2026-07-05T09:29:48
2026-07-03,5,foreign_5d_revenue_growth,9,6161,89.3,71.63,53.7,2026-07-05T09:29:48
2026-07-03,5,foreign_5d_revenue_growth,10,2543,63.25,70.74,39.2,2026-07-05T09:29:48
2026-07-03,5,foreign_5d_revenue_growth,11,1216,84.92,70.39,76.3,2026-07-05T09:29:48
2026-07-03,5,foreign_5d_revenue_growth,12,7547,62.46,70.29,58.7,2026-07-05T09:29:48
2026-07-03,5,foreign_5d_revenue_growth,13,6588,72.79,70.07,89.1,2026-07-05T09:29:48
2026-07-03,5,foreign_5d_revenue_growth,14,5263,74.67,69.21,99.4,2026-07-05T09:29:48
2026-07-03,5,foreign_5d_revenue_growth,15,8446,78.51,68.65,88.5,2026-07-05T09:29:48
2026-07-03,5,foreign_5d_revenue_growth,16,3188,73.72,68.53,24.45,2026-07-05T09:29:48
2026-07-03,5,foreign_5d_revenue_growth,17,8927,63.98,68.12,21.75,2026-07-05T09:29:48
2026-07-03,5,foreign_5d_revenue_growth,18,1303,110.71,67.62,197.0,2026-07-05T09:29:48
2026-07-03,5,foreign_5d_revenue_growth,19,1316,69.78,67.32,10.95,2026-07-05T09:29:48
2026-07-03,5,foreign_5d_revenue_growth,20,1608,91.04,66.44,34.8,2026-07-05T09:29:48
2026-07-03,5,foreign_5d_revenue_growth,21,8438,90.22,66.32,100.5,2026-07-05T09:29:48
2026-07-03,5,foreign_5d_revenue_growth,22,6576,73.51,65.52,83.2,2026-07-05T09:29:48
2026-07-03,5,foreign_5d_revenue_growth,23,3003,73.55,65.4,65.3,2026-07-05T09:29:48
2026-07-03,5,foreign_5d_revenue_growth,24,3489,73.97,65.07,24.25,2026-07-05T09:29:48
2026-07-03,5,foreign_5d_revenue_growth,25,7803,64.81,64.05,23.8,2026-07-05T09:29:48
2026-07-03,5,foreign_5d_revenue_growth,26,1533,78.41,63.52,37.5,2026-07-05T09:29:48
2026-07-03,5,foreign_5d_revenue_growth,27,5302,90.29,63.48,14.05,2026-07-05T09:29:48
2026-07-03,5,foreign_5d_revenue_growth,28,3313,77.28,63.25,12.4,2026-07-05T09:29:48
2026-07-03,5,foreign_5d_revenue_growth,29,1618,82.22,62.65,41.7,2026-07-05T09:29:48
2026-07-03,5,foreign_5d_revenue_growth,30,1785,105.42,62.61,156.0,2026-07-05T09:29:48
2026-07-03,5,foreign_5d_revenue_growth,31,6834,88.88,62.6,132.0,2026-07-05T09:29:48
2026-07-03,5,foreign_5d_revenue_growth,32,5508,66.02,62.57,57.6,2026-07-05T09:29:48
2026-07-03,5,foreign_5d_revenue_growth,33,6230,57.84,62.44,127.5,2026-07-05T09:29:48
2026-07-03,5,foreign_5d_revenue_growth,34,6922,81.12,61.93,186.0,2026-07-05T09:29:48
2026-07-03,5,foreign_5d_revenue_growth,35,6994,57.43,61.83,41.9,2026-07-05T09:29:48
2026-07-03,5,foreign_5d_revenue_growth,36,3266,61.45,61.7,13.6,2026-07-05T09:29:48
2026-07-03,5,foreign_5d_revenue_growth,37,2101,70.14,60.84,33.4,2026-07-05T09:29:48
2026-07-03,5,foreign_5d_revenue_growth,38,5533,67.71,60.65,14.2,2026-07-05T09:29:48
2026-07-03,5,foreign_5d_revenue_growth,39,2537,80.55,60.55,11.2,2026-07-05T09:29:48
2026-07-03,5,foreign_5d_revenue_growth,40,5278,52.54,59.99,24.7,2026-07-05T09:29:48
2026-07-03,5,foreign_5d_revenue_growth,41,3402,81.22,59.95,155.0,2026-07-05T09:29:48
2026-07-03,5,foreign_5d_revenue_growth,42,2646,60.53,59.94,21.3,2026-07-05T09:29:48
2026-07-03,5,foreign_5d_revenue_growth,43,5521,63.35,59.86,10.65,2026-07-05T09:29:48
2026-07-03,5,foreign_5d_revenue_growth,44,8076,73.95,59.8,26.0,2026-07-05T09:29:48
2026-07-03,5,foreign_5d_revenue_growth,45,6199,68.89,59.79,105.5,2026-07-05T09:29:48
2026-07-03,5,foreign_5d_revenue_growth,46,3071,70.74,59.74,32.85,2026-07-05T09:29:48
2026-07-03,5,foreign_5d_revenue_growth,47,2025,74.93,59.66,13.65,2026-07-05T09:29:48
2026-07-03,5,foreign_5d_revenue_growth,48,3088,86.66,59.63,146.5,2026-07-05T09:29:48
2026-07-03,5,foreign_5d_revenue_growth,49,3205,67.36,59.27,53.2,2026-07-05T09:29:48
2026-07-03,5,foreign_5d_revenue_growth,50,3073,50.89,59.22,22.6,2026-07-05T09:29:48
2026-07-03,5,foreign_buy,1,2303,2.77,-15.57,170.5,2026-07-05T09:29:48
2026-07-03,5,foreign_buy,2,2882,4.45,4.43,93.6,2026-07-05T09:29:48
2026-07-03,5,foreign_buy,3,1314,53.73,23.59,9.88,2026-07-05T09:29:48
2026-07-03,5,foreign_buy,4,2883,38.35,27.89,28.45,2026-07-05T09:29:48
2026-07-03,5,foreign_buy,5,2881,8.69,5.37,121.0,2026-07-05T09:29:48
2026-07-03,5,foreign_buy,6,1102,-10.19,-14.14,36.45,2026-07-05T09:29:48
2026-07-03,5,foreign_buy,7,2353,28.56,25.25,32.9,2026-07-05T09:29:48
2026-07-03,5,foreign_buy,8,2887,108.78,75.73,34.15,2026-07-05T09:29:48
2026-07-03,5,foreign_buy,9,2105,69.8,54.51,32.15,2026-07-05T09:29:48
2026-07-03,5,foreign_buy,10,1802,33.83,15.49,68.8,2026-07-05T09:29:48
2026-07-03,5,foreign_buy,11,2409,15.64,4.39,30.0,2026-07-05T09:29:48
2026-07-03,5,foreign_buy,12,2324,-12.1,-14.53,34.95,2026-07-05T09:29:48
2026-07-03,5,foreign_buy,13,1301,48.96,10.68,62.1,2026-07-05T09:29:48
2026-07-03,5,foreign_buy,14,2812,69.93,56.67,20.4,2026-07-05T09:29:48
2026-07-03,5,foreign_buy,15,4938,20.04,16.0,83.6,2026-07-05T09:29:48
2026-07-03,5,foreign_buy,16,2634,55.86,36.66,60.0,2026-07-05T09:29:48
2026-07-03,5,foreign_buy,17,1312,55.96,29.77,15.1,2026-07-05T09:29:48
2026-07-03,5,foreign_buy,18,8033,62.74,35.89,204.5,2026-07-05T09:29:48
2026-07-03,5,foreign_buy,19,1717,76.94,42.53,81.6,2026-07-05T09:29:48
2026-07-03,5,foreign_buy,20,2301,34.23,29.17,219.0,2026-07-05T09:29:48
2026-07-03,5,foreign_buy,21,5483,76.45,38.8,210.5,2026-07-05T09:29:48
2026-07-03,5,foreign_buy,22,1303,110.71,67.62,197.0,2026-07-05T09:29:48
2026-07-03,5,foreign_buy,23,1313,72.81,38.04,14.3,2026-07-05T09:29:48
2026-07-03,5,foreign_buy,24,6182,69.77,22.54,163.0,2026-07-05T09:29:48
2026-07-03,5,foreign_buy,25,2834,70.1,49.41,17.95,2026-07-05T09:29:48
2026-07-03,5,foreign_buy,26,6239,21.36,5.51,338.0,2026-07-05T09:29:48
2026-07-03,5,foreign_buy,27,2515,85.02,58.71,14.3,2026-07-05T09:29:48
2026-07-03,5,foreign_buy,28,3005,6.25,3.87,107.0,2026-07-05T09:29:48
2026-07-03,5,foreign_buy,29,3036,14.55,-1.79,221.5,2026-07-05T09:29:48
2026-07-03,5,foreign_buy,30,2603,53.69,42.91,195.0,2026-07-05T09:29:48
2026-07-03,5,foreign_buy,31,2406,46.88,33.34,41.15,2026-07-05T09:29:48
2026-07-03,5,foreign_buy,32,3605,62.31,45.06,88.2,2026-07-05T09:29:48
2026-07-03,5,foreign_buy,33,6257,88.97,45.38,254.5,2026-07-05T09:29:48
2026-07-03,5,foreign_buy,34,2371,56.0,58.37,28.0,2026-07-05T09:29:48
2026-07-03,5,foreign_buy,35,2449,61.64,42.91,335.0,2026-07-05T09:29:48
2026-07-03,5,foreign_buy,36,2609,54.39,48.64,52.4,2026-07-05T09:29:48
2026-07-03,5,foreign_buy,37,2323,67.88,44.75,12.0,2026-07-05T09:29:48
2026-07-03,5,foreign_buy,38,2615,77.84,49.88,82.8,2026-07-05T09:29:48
2026-07-03,5,foreign_buy,39,3264,68.08,24.1,247.0,2026-07-05T09:29:48
2026-07-03,5,foreign_buy,40,4989,87.0,42.42,110.5,2026-07-05T09:29:48
2026-07-03,5,foreign_buy,41,2327,9.31,-7.88,1045.0,2026-07-05T09:29:48
2026-07-03,5,foreign_buy,42,1785,105.42,62.61,156.0,2026-07-05T09:29:48
2026-07-03,5,foreign_buy,43,1310,43.76,17.94,11.4,2026-07-05T09:29:48
2026-07-03,5,foreign_buy,44,1810,80.19,39.43,23.25,2026-07-05T09:29:48
2026-07-03,5,foreign_buy,45,4526,56.57,47.1,41.5,2026-07-05T09:29:48
2026-07-03,5,foreign_buy,46,6176,-6.94,-10.84,90.3,2026-07-05T09:29:48
2026-07-03,5,foreign_buy,47,5371,25.38,14.94,93.1,2026-07-05T09:29:48
2026-07-03,5,foreign_buy,48,6005,4.3,-10.07,38.15,2026-07-05T09:29:48
2026-07-03,5,foreign_buy,49,1710,21.48,1.4,18.85,2026-07-05T09:29:48
2026-07-03,5,foreign_buy,50,4743,49.06,36.62,57.3,2026-07-05T09:29:48
2026-07-03,5,foreign_trust_same_buy,1,2887,108.78,75.73,34.15,2026-07-05T09:29:48
2026-07-03,5,foreign_trust_same_buy,2,1303,110.71,67.62,197.0,2026-07-05T09:29:48
2026-07-03,5,foreign_trust_same_buy,3,2105,69.8,54.51,32.15,2026-07-05T09:29:48
2026-07-03,5,foreign_trust_same_buy,4,6182,69.77,22.54,163.0,2026-07-05T09:29:48
2026-07-03,5,foreign_trust_same_buy,5,5483,76.45,38.8,210.5,2026-07-05T09:29:48
2026-07-03,5,foreign_trust_same_buy,6,2634,55.86,36.66,60.0,2026-07-05T09:29:48
2026-07-03,5,foreign_trust_same_buy,7,1717,76.94,42.53,81.6,2026-07-05T09:29:48
2026-07-03,5,foreign_trust_same_buy,8,2382,92.22,79.44,377.0,2026-07-05T09:29:48
2026-07-03,5,foreign_trust_same_buy,9,2449,61.64,42.91,335.0,2026-07-05T09:29:48
2026-07-03,5,foreign_trust_same_buy,10,2371,56.0,58.37,28.0,2026-07-05T09:29:48
2026-07-03,5,foreign_trust_same_buy,11,2609,54.39,48.64,52.4,2026-07-05T09:29:48
2026-07-03,5,foreign_trust_same_buy,12,2323,67.88,44.75,12.0,2026-07-05T09:29:48
2026-07-03,5,foreign_trust_same_buy,13,2615,77.84,49.88,82.8,2026-07-05T09:29:48
2026-07-03,5,foreign_trust_same_buy,14,1216,84.92,70.39,76.3,2026-07-05T09:29:48
2026-07-03,5,foreign_trust_same_buy,15,1785,105.42,62.61,156.0,2026-07-05T09:29:48
2026-07-03,5,foreign_trust_same_buy,16,3227,82.7,72.95,235.0,2026-07-05T09:29:48
2026-07-03,5,foreign_trust_same_buy,17,1810,80.19,39.43,23.25,2026-07-05T09:29:48
2026-07-03,5,foreign_trust_same_buy,18,5371,25.38,14.94,93.1,2026-07-05T09:29:48
2026-07-03,5,foreign_trust_same_buy,19,2547,109.78,84.89,11.55,2026-07-05T09:29:48
2026-07-03,5,foreign_trust_same_buy,20,2851,85.09,64.41,38.45,2026-07-05T09:29:48
2026-07-03,5,foreign_trust_same_buy,21,1409,70.18,18.55,31.0,2026-07-05T09:29:48
2026-07-03,5,foreign_trust_same_buy,22,1815,28.6,29.42,101.5,2026-07-05T09:29:48
2026-07-03,5,foreign_trust_same_buy,23,3017,135.81,103.07,2760.0,2026-07-05T09:29:48
2026-07-03,5,foreign_trust_same_buy,24,2103,80.91,37.85,23.5,2026-07-05T09:29:48
2026-07-03,5,foreign_trust_same_buy,25,3055,75.41,32.41,152.5,2026-07-05T09:29:48
2026-07-03,5,foreign_trust_same_buy,26,8028,89.06,56.02,334.5,2026-07-05T09:29:48
2026-07-03,5,foreign_trust_same_buy,27,5880,49.76,35.9,24.7,2026-07-05T09:29:48
2026-07-03,5,foreign_trust_same_buy,28,4532,52.38,27.87,29.1,2026-07-05T09:29:48
2026-07-03,5,foreign_trust_same_buy,29,2605,62.87,48.7,30.8,2026-07-05T09:29:48
2026-07-03,5,foreign_trust_same_buy,30,8046,70.17,40.36,1185.0,2026-07-05T09:29:48
2026-07-03,5,foreign_trust_same_buy,31,2201,45.42,42.59,28.8,2026-07-05T09:29:48
2026-07-03,5,foreign_trust_same_buy,32,2436,68.7,49.65,75.9,2026-07-05T09:29:48
2026-07-03,5,foreign_trust_same_buy,33,6282,37.24,36.52,58.3,2026-07-05T09:29:48
2026-07-03,5,foreign_trust_same_buy,34,1210,82.34,60.51,58.0,2026-07-05T09:29:48
2026-07-03,5,foreign_trust_same_buy,35,1904,69.94,46.25,23.2,2026-07-05T09:29:48
2026-07-03,5,foreign_trust_same_buy,36,5314,38.23,34.61,71.5,2026-07-05T09:29:48
2026-07-03,5,foreign_trust_same_buy,37,2395,79.89,57.88,521.0,2026-07-05T09:29:48
2026-07-03,5,foreign_trust_same_buy,38,1440,54.4,36.8,14.45,2026-07-05T09:29:48
2026-07-03,5,foreign_trust_same_buy,39,1722,64.55,47.71,48.75,2026-07-05T09:29:48
2026-07-03,5,foreign_trust_same_buy,40,1504,29.02,36.95,70.0,2026-07-05T09:29:48
2026-07-03,5,foreign_trust_same_buy,41,2204,89.61,76.34,57.1,2026-07-05T09:29:48
2026-07-03,5,foreign_trust_same_buy,42,1609,51.5,32.56,39.8,2026-07-05T09:29:48
2026-07-03,5,foreign_trust_same_buy,43,6491,85.45,45.47,372.5,2026-07-05T09:29:48
2026-07-03,5,foreign_trust_same_buy,44,2401,42.5,21.98,33.45,2026-07-05T09:29:48
2026-07-03,5,foreign_trust_same_buy,45,2363,29.1,26.24,70.6,2026-07-05T09:29:48
2026-07-03,5,foreign_trust_same_buy,46,2646,60.53,59.94,21.3,2026-07-05T09:29:48
2026-07-03,5,foreign_trust_same_buy,47,2897,91.39,67.02,10.55,2026-07-05T09:29:48
2026-07-03,5,foreign_trust_same_buy,48,3042,56.16,3.57,249.0,2026-07-05T09:29:48
2026-07-03,5,foreign_trust_same_buy,49,4766,82.0,62.54,370.5,2026-07-05T09:29:48
2026-07-03,5,foreign_trust_same_buy,50,6962,46.81,43.23,38.9,2026-07-05T09:29:48
2026-07-03,5,high_52w_inst_buy,1,1303,110.71,67.62,197.0,2026-07-05T09:29:48
2026-07-03,5,high_52w_inst_buy,2,6182,69.77,22.54,163.0,2026-07-05T09:29:48
2026-07-03,5,high_52w_inst_buy,3,6257,88.97,45.38,254.5,2026-07-05T09:29:48
2026-07-03,5,high_52w_inst_buy,4,1714,97.99,56.07,22.75,2026-07-05T09:29:48
2026-07-03,5,high_52w_inst_buy,5,2484,45.3,-4.06,96.4,2026-07-05T09:29:48
2026-07-03,5,high_52w_inst_buy,6,3042,56.16,3.57,249.0,2026-07-05T09:29:48
2026-07-03,5,high_52w_inst_buy,7,3026,76.62,26.84,988.0,2026-07-05T09:29:48
2026-07-03,5,high_52w_inst_buy,8,6446,78.8,56.48,1395.0,2026-07-05T09:29:48
2026-07-03,5,high_52w_inst_buy,9,4707,41.78,3.99,33.8,2026-07-05T09:29:48
2026-07-03,5,high_52w_inst_buy,10,6834,88.88,62.6,132.0,2026-07-05T09:29:48
2026-07-03,5,high_52w_inst_buy,11,2483,42.25,5.05,67.1,2026-07-05T09:29:48
2026-07-03,5,high_52w_inst_buy,12,6173,68.55,14.83,350.5,2026-07-05T09:29:48
2026-07-03,5,high_52w_inst_buy,13,6174,47.48,9.46,61.8,2026-07-05T09:29:48
2026-07-03,5,high_52w_inst_buy,14,8091,86.25,51.12,293.5,2026-07-05T09:29:48
2026-07-03,5,high_52w_inst_buy,15,2345,67.61,33.13,2735.0,2026-07-05T09:29:48
2026-07-03,5,high_52w_inst_buy,16,6223,92.55,57.31,7380.0,2026-07-05T09:29:48
2026-07-03,5,high_52w_inst_buy,17,8182,39.13,1.71,59.0,2026-07-05T09:29:48
2026-07-03,5,high_52w_inst_buy,18,2061,63.4,29.45,74.2,2026-07-05T09:29:48
2026-07-03,5,high_52w_inst_buy,19,2383,66.8,23.2,6080.0,2026-07-05T09:29:48
2026-07-03,5,high_52w_inst_buy,20,1718,34.17,-0.29,14.95,2026-07-05T09:29:48
2026-07-03,5,high_52w_inst_buy,21,6196,81.15,50.86,588.0,2026-07-05T09:29:48
2026-07-03,5,high_52w_inst_buy,22,1326,48.42,2.2,68.0,2026-07-05T09:29:48
2026-07-03,5,high_52w_inst_buy,23,1409,70.18,18.55,31.0,2026-07-05T09:29:48
2026-07-03,5,high_52w_inst_buy,24,5483,76.45,38.8,210.5,2026-07-05T09:29:48
2026-07-03,5,high_52w_inst_buy,25,2428,83.79,41.87,342.0,2026-07-05T09:29:48
2026-07-03,5,high_52w_inst_buy,26,7610,77.8,39.18,2550.0,2026-07-05T09:29:48
2026-07-03,5,high_52w_inst_buy,27,3066,74.66,45.69,26.5,2026-07-05T09:29:48
2026-07-03,5,high_52w_inst_buy,28,2434,25.33,-8.6,57.7,2026-07-05T09:29:48
2026-07-03,5,high_52w_inst_buy,29,3055,75.41,32.41,152.5,2026-07-05T09:29:48
2026-07-03,5,high_52w_inst_buy,30,6573,26.2,-6.34,25.1,2026-07-05T09:29:48
2026-07-03,5,high_52w_inst_buy,31,6509,77.6,31.23,55.6,2026-07-05T09:29:48
2026-07-03,5,high_52w_inst_buy,32,2887,108.78,75.73,34.15,2026-07-05T09:29:48
2026-07-03,5,high_52w_inst_buy,33,1617,53.79,21.08,24.5,2026-07-05T09:29:48
2026-07-03,5,high_52w_inst_buy,34,5488,48.92,9.18,15.45,2026-07-05T09:29:48
2026-07-03,5,high_52w_inst_buy,35,1301,48.96,10.68,62.1,2026-07-05T09:29:48
2026-07-03,5,high_52w_inst_buy,36,2236,55.09,27.1,184.0,2026-07-05T09:29:48
2026-07-03,5,high_52w_inst_buy,37,3141,81.52,40.21,82.7,2026-07-05T09:29:48
2026-07-03,5,high_52w_inst_buy,38,3594,59.8,36.53,58.7,2026-07-05T09:29:48
2026-07-03,5,high_52w_inst_buy,39,1515,50.56,10.63,42.0,2026-07-05T09:29:48
2026-07-03,5,high_52w_inst_buy,40,2645,68.64,35.67,216.5,2026-07-05T09:29:48
2026-07-03,5,high_52w_inst_buy,41,2103,80.91,37.85,23.5,2026-07-05T09:29:48
2026-07-03,5,high_52w_inst_buy,42,1455,57.43,22.34,11.0,2026-07-05T09:29:48
2026-07-03,5,high_52w_inst_buy,43,2527,48.81,22.8,41.2,2026-07-05T09:29:48
2026-07-03,5,high_52w_inst_buy,44,8109,84.78,45.14,140.5,2026-07-05T09:29:48
2026-07-03,5,high_52w_inst_buy,45,3213,96.01,53.99,142.5,2026-07-05T09:29:48
2026-07-03,5,high_52w_inst_buy,46,2890,70.21,55.93,39.7,2026-07-05T09:29:48
2026-07-03,5,high_52w_inst_buy,47,8033,62.74,35.89,204.5,2026-07-05T09:29:48
2026-07-03,5,high_52w_inst_buy,48,8476,5.12,-6.84,24.45,2026-07-05T09:29:48
2026-07-03,5,high_52w_inst_buy,49,1460,33.13,-5.34,8.58,2026-07-05T09:29:48
2026-07-03,5,high_52w_inst_buy,50,6164,25.77,-7.96,17.4,2026-07-05T09:29:48
2026-07-03,5,inst_buy,1,1314,53.73,23.59,9.88,2026-07-05T09:29:48
2026-07-03,5,inst_buy,2,2887,108.78,75.73,34.15,2026-07-05T09:29:48
2026-07-03,5,inst_buy,3,2883,38.35,27.89,28.45,2026-07-05T09:29:48
2026-07-03,5,inst_buy,4,1303,110.71,67.62,197.0,2026-07-05T09:29:48
2026-07-03,5,inst_buy,5,2890,70.21,55.93,39.7,2026-07-05T09:29:48
2026-07-03,5,inst_buy,6,2882,4.45,4.43,93.6,2026-07-05T09:29:48
2026-07-03,5,inst_buy,7,2105,69.8,54.51,32.15,2026-07-05T09:29:48
2026-07-03,5,inst_buy,8,1802,33.83,15.49,68.8,2026-07-05T09:29:48
2026-07-03,5,inst_buy,9,2409,15.64,4.39,30.0,2026-07-05T09:29:48
2026-07-03,5,inst_buy,10,1301,48.96,10.68,62.1,2026-07-05T09:29:48
2026-07-03,5,inst_buy,11,6182,69.77,22.54,163.0,2026-07-05T09:29:48
2026-07-03,5,inst_buy,12,2812,69.93,56.67,20.4,2026-07-05T09:29:48
2026-07-03,5,inst_buy,13,2886,30.8,26.26,45.5,2026-07-05T09:29:48
2026-07-03,5,inst_buy,14,5483,76.45,38.8,210.5,2026-07-05T09:29:48
2026-07-03,5,inst_buy,15,2377,39.88,26.58,143.0,2026-07-05T09:29:48
2026-07-03,5,inst_buy,16,2634,55.86,36.66,60.0,2026-07-05T09:29:48
2026-07-03,5,inst_buy,17,1717,76.94,42.53,81.6,2026-07-05T09:29:48
2026-07-03,5,inst_buy,18,2892,49.28,37.71,32.4,2026-07-05T09:29:48
2026-07-03,5,inst_buy,19,1312,55.96,29.77,15.1,2026-07-05T09:29:48
2026-07-03,5,inst_buy,20,8033,62.74,35.89,204.5,2026-07-05T09:29:48
2026-07-03,5,inst_buy,21,2884,33.84,30.09,33.7,2026-07-05T09:29:48
2026-07-03,5,inst_buy,22,1313,72.81,38.04,14.3,2026-07-05T09:29:48
2026-07-03,5,inst_buy,23,2881,8.69,5.37,121.0,2026-07-05T09:29:48
2026-07-03,5,inst_buy,24,2834,70.1,49.41,17.95,2026-07-05T09:29:48
2026-07-03,5,inst_buy,25,2352,33.46,25.02,32.2,2026-07-05T09:29:48
2026-07-03,5,inst_buy,26,2515,85.02,58.71,14.3,2026-07-05T09:29:48
2026-07-03,5,inst_buy,27,2382,92.22,79.44,377.0,2026-07-05T09:29:48
2026-07-03,5,inst_buy,28,3706,53.01,43.83,91.0,2026-07-05T09:29:48
2026-07-03,5,inst_buy,29,2406,46.88,33.34,41.15,2026-07-05T09:29:48
2026-07-03,5,inst_buy,30,2449,61.64,42.91,335.0,2026-07-05T09:29:48
2026-07-03,5,inst_buy,31,2301,34.23,29.17,219.0,2026-07-05T09:29:48
2026-07-03,5,inst_buy,32,2371,56.0,58.37,28.0,2026-07-05T09:29:48
2026-07-03,5,inst_buy,33,3605,62.31,45.06,88.2,2026-07-05T09:29:48
2026-07-03,5,inst_buy,34,2603,53.69,42.91,195.0,2026-07-05T09:29:48
2026-07-03,5,inst_buy,35,6257,88.97,45.38,254.5,2026-07-05T09:29:48
2026-07-03,5,inst_buy,36,2609,54.39,48.64,52.4,2026-07-05T09:29:48
2026-07-03,5,inst_buy,37,2323,67.88,44.75,12.0,2026-07-05T09:29:48
2026-07-03,5,inst_buy,38,2615,77.84,49.88,82.8,2026-07-05T09:29:48
2026-07-03,5,inst_buy,39,4938,20.04,16.0,83.6,2026-07-05T09:29:48
2026-07-03,5,inst_buy,40,2356,45.62,33.92,67.6,2026-07-05T09:29:48
2026-07-03,5,inst_buy,41,1216,84.92,70.39,76.3,2026-07-05T09:29:48
2026-07-03,5,inst_buy,42,4989,87.0,42.42,110.5,2026-07-05T09:29:48
2026-07-03,5,inst_buy,43,6191,38.34,42.37,108.0,2026-07-05T09:29:48
2026-07-03,5,inst_buy,44,1785,105.42,62.61,156.0,2026-07-05T09:29:48
2026-07-03,5,inst_buy,45,3227,82.7,72.95,235.0,2026-07-05T09:29:48
2026-07-03,5,inst_buy,46,1810,80.19,39.43,23.25,2026-07-05T09:29:48
2026-07-03,5,inst_buy,47,1310,43.76,17.94,11.4,2026-07-05T09:29:48
2026-07-03,5,inst_buy,48,4526,56.57,47.1,41.5,2026-07-05T09:29:48
2026-07-03,5,inst_buy,49,5371,25.38,14.94,93.1,2026-07-05T09:29:48
2026-07-03,5,inst_buy,50,2845,62.08,48.77,13.15,2026-07-05T09:29:48
2026-07-03,5,inst_buy_volume,1,4127,71.03,54.18,69.8,2026-07-05T09:29:48
2026-07-03,5,inst_buy_volume,2,5324,39.49,36.16,12.15,2026-07-05T09:29:48
2026-07-03,5,inst_buy_volume,3,1439,33.73,33.81,24.1,2026-07-05T09:29:48
2026-07-03,5,inst_buy_volume,4,4130,40.18,48.74,27.8,2026-07-05T09:29:48
2026-07-03,5,inst_buy_volume,5,4766,82.0,62.54,370.5,2026-07-05T09:29:48
2026-07-03,5,inst_buy_volume,6,4142,53.91,56.95,17.8,2026-07-05T09:29:48
2026-07-03,5,inst_buy_volume,7,6414,43.91,37.14,375.5,2026-07-05T09:29:48
2026-07-03,5,inst_buy_volume,8,8462,58.7,52.21,147.0,2026-07-05T09:29:48
2026-07-03,5,inst_buy_volume,9,2908,59.08,36.15,21.45,2026-07-05T09:29:48
2026-07-03,5,inst_buy_volume,10,4736,64.0,38.53,126.0,2026-07-05T09:29:48
2026-07-03,5,inst_buy_volume,11,6188,-14.24,-6.01,80.3,2026-07-05T09:29:48
2026-07-03,5,inst_buy_volume,12,6281,60.14,48.01,52.1,2026-07-05T09:29:48
2026-07-03,5,inst_buy_volume,13,2852,48.55,25.25,26.85,2026-07-05T09:29:48
2026-07-03,5,inst_buy_volume,14,2707,61.55,46.24,180.0,2026-07-05T09:29:48
2026-07-03,5,inst_buy_volume,15,2062,62.16,53.87,19.25,2026-07-05T09:29:48
2026-07-03,5,inst_buy_volume,16,3624,80.61,50.6,155.0,2026-07-05T09:29:48
2026-07-03,5,inst_buy_volume,17,1443,36.25,38.16,26.35,2026-07-05T09:29:48
2026-07-03,5,inst_buy_volume,18,1584,44.59,34.38,20.1,2026-07-05T09:29:48
2026-07-03,5,inst_buy_volume,19,1702,58.55,47.99,32.55,2026-07-05T09:29:48
2026-07-03,5,inst_buy_volume,20,6558,34.2,38.78,30.4,2026-07-05T09:29:48
2026-07-03,5,inst_buy_volume,21,2812,69.93,56.67,20.4,2026-07-05T09:29:48
2026-07-03,5,inst_buy_volume,22,3712,44.49,47.17,18.95,2026-07-05T09:29:48
2026-07-03,5,inst_buy_volume,23,9919,47.1,45.54,14.0,2026-07-05T09:29:48
2026-07-03,5,inst_buy_volume,24,6165,68.94,57.49,49.1,2026-07-05T09:29:48
2026-07-03,5,inst_buy_volume,25,2105,69.8,54.51,32.15,2026-07-05T09:29:48
2026-07-03,5,inst_buy_volume,26,4974,57.22,48.28,71.5,2026-07-05T09:29:48
2026-07-03,5,inst_buy_volume,27,3501,21.46,29.65,41.05,2026-07-05T09:29:48
2026-07-03,5,inst_buy_volume,28,7786,67.67,55.77,126.0,2026-07-05T09:29:48
2026-07-03,5,inst_buy_volume,29,2397,59.17,49.26,61.1,2026-07-05T09:29:48
2026-07-03,5,inst_buy_volume,30,4104,53.09,43.59,69.5,2026-07-05T09:29:48
2026-07-03,5,inst_buy_volume,31,2254,29.82,33.04,59.3,2026-07-05T09:29:48
2026-07-03,5,inst_buy_volume,32,2608,59.44,46.03,29.2,2026-07-05T09:29:48
2026-07-03,5,inst_buy_volume,33,4771,82.5,49.41,215.0,2026-07-05T09:29:48
2026-07-03,5,inst_buy_volume,34,6492,49.24,44.05,44.5,2026-07-05T09:29:48
2026-07-03,5,inst_buy_volume,35,2816,80.89,54.45,34.85,2026-07-05T09:29:48
2026-07-03,5,inst_buy_volume,36,1909,52.11,37.07,10.3,2026-07-05T09:29:48
2026-07-03,5,inst_buy_volume,37,4438,50.42,41.07,62.0,2026-07-05T09:29:48
2026-07-03,5,inst_buy_volume,38,1732,56.48,48.97,26.75,2026-07-05T09:29:48
2026-07-03,5,inst_buy_volume,39,5521,63.35,59.86,10.65,2026-07-05T09:29:48
2026-07-03,5,inst_buy_volume,40,1722,64.55,47.71,48.75,2026-07-05T09:29:48
2026-07-03,5,inst_buy_volume,41,7821,52.72,41.5,42.15,2026-07-05T09:29:48
2026-07-03,5,inst_buy_volume,42,4746,52.96,47.17,54.4,2026-07-05T09:29:48
2026-07-03,5,inst_buy_volume,43,6994,57.43,61.83,41.9,2026-07-05T09:29:48
2026-07-03,5,inst_buy_volume,44,5530,48.53,35.37,49.15,2026-07-05T09:29:48
2026-07-03,5,inst_buy_volume,45,4155,69.21,49.97,15.5,2026-07-05T09:29:48
2026-07-03,5,inst_buy_volume,46,3413,47.8,38.92,326.5,2026-07-05T09:29:48
2026-07-03,5,inst_buy_volume,47,1604,56.81,44.46,23.5,2026-07-05T09:29:48
2026-07-03,5,inst_buy_volume,48,5213,52.69,46.87,22.6,2026-07-05T09:29:48
2026-07-03,5,inst_buy_volume,49,6441,25.16,37.35,22.55,2026-07-05T09:29:48
2026-07-03,5,inst_buy_volume,50,3689,65.36,54.44,124.0,2026-07-05T09:29:48
2026-07-03,5,margin_down_foreign_buy,1,1102,-10.19,-14.14,36.45,2026-07-05T09:29:48
2026-07-03,5,margin_down_foreign_buy,2,2887,108.78,75.73,34.15,2026-07-05T09:29:48
2026-07-03,5,margin_down_foreign_buy,3,2105,69.8,54.51,32.15,2026-07-05T09:29:48
2026-07-03,5,margin_down_foreign_buy,4,1802,33.83,15.49,68.8,2026-07-05T09:29:48
2026-07-03,5,margin_down_foreign_buy,5,2812,69.93,56.67,20.4,2026-07-05T09:29:48
2026-07-03,5,margin_down_foreign_buy,6,4938,20.04,16.0,83.6,2026-07-05T09:29:48
2026-07-03,5,margin_down_foreign_buy,7,2301,34.23,29.17,219.0,2026-07-05T09:29:48
2026-07-03,5,margin_down_foreign_buy,8,2834,70.1,49.41,17.95,2026-07-05T09:29:48
2026-07-03,5,margin_down_foreign_buy,9,6239,21.36,5.51,338.0,2026-07-05T09:29:48
2026-07-03,5,margin_down_foreign_buy,10,2515,85.02,58.71,14.3,2026-07-05T09:29:48
2026-07-03,5,margin_down_foreign_buy,11,3005,6.25,3.87,107.0,2026-07-05T09:29:48
2026-07-03,5,margin_down_foreign_buy,12,2406,46.88,33.34,41.15,2026-07-05T09:29:48
2026-07-03,5,margin_down_foreign_buy,13,6257,88.97,45.38,254.5,2026-07-05T09:29:48
2026-07-03,5,margin_down_foreign_buy,14,2371,56.0,58.37,28.0,2026-07-05T09:29:48
2026-07-03,5,margin_down_foreign_buy,15,2323,67.88,44.75,12.0,2026-07-05T09:29:48
2026-07-03,5,margin_down_foreign_buy,16,2615,77.84,49.88,82.8,2026-07-05T09:29:48
2026-07-03,5,margin_down_foreign_buy,17,3264,68.08,24.1,247.0,2026-07-05T09:29:48
2026-07-03,5,margin_down_foreign_buy,18,9907,5.79,4.81,15.55,2026-07-05T09:29:48
2026-07-03,5,margin_down_foreign_buy,19,6188,-14.24,-6.01,80.3,2026-07-05T09:29:48
2026-07-03,5,margin_down_foreign_buy,20,5521,63.35,59.86,10.65,2026-07-05T09:29:48
2026-07-03,5,margin_down_foreign_buy,21,6509,77.6,31.23,55.6,2026-07-05T09:29:48
2026-07-03,5,margin_down_foreign_buy,22,5880,49.76,35.9,24.7,2026-07-05T09:29:48
2026-07-03,5,margin_down_foreign_buy,23,1714,97.99,56.07,22.75,2026-07-05T09:29:48
2026-07-03,5,margin_down_foreign_buy,24,4123,87.16,53.73,39.65,2026-07-05T09:29:48
2026-07-03,5,margin_down_foreign_buy,25,1216,84.92,70.39,76.3,2026-07-05T09:29:48
2026-07-03,5,margin_down_foreign_buy,26,2492,61.57,38.69,563.0,2026-07-05T09:29:48
2026-07-03,5,margin_down_foreign_buy,27,2201,45.42,42.59,28.8,2026-07-05T09:29:48
2026-07-03,5,margin_down_foreign_buy,28,2436,68.7,49.65,75.9,2026-07-05T09:29:48
2026-07-03,5,margin_down_foreign_buy,29,2547,109.78,84.89,11.55,2026-07-05T09:29:48
2026-07-03,5,margin_down_foreign_buy,30,2338,49.55,38.76,51.5,2026-07-05T09:29:48
2026-07-03,5,margin_down_foreign_buy,31,1904,69.94,46.25,23.2,2026-07-05T09:29:48
2026-07-03,5,margin_down_foreign_buy,32,1440,54.4,36.8,14.45,2026-07-05T09:29:48
2026-07-03,5,margin_down_foreign_buy,33,4927,49.75,51.13,46.55,2026-07-05T09:29:48
2026-07-03,5,margin_down_foreign_buy,34,3017,135.81,103.07,2760.0,2026-07-05T09:29:48
2026-07-03,5,margin_down_foreign_buy,35,4142,53.91,56.95,17.8,2026-07-05T09:29:48
2026-07-03,5,margin_down_foreign_buy,36,1711,65.57,37.67,45.7,2026-07-05T09:29:48
2026-07-03,5,margin_down_foreign_buy,37,6753,62.79,39.92,154.0,2026-07-05T09:29:48
2026-07-03,5,margin_down_foreign_buy,38,2365,42.06,48.27,35.05,2026-07-05T09:29:48
2026-07-03,5,margin_down_foreign_buy,39,1504,29.02,36.95,70.0,2026-07-05T09:29:48
2026-07-03,5,margin_down_foreign_buy,40,6282,37.24,36.52,58.3,2026-07-05T09:29:48
2026-07-03,5,margin_down_foreign_buy,41,2206,49.35,26.11,64.0,2026-07-05T09:29:48
2026-07-03,5,margin_down_foreign_buy,42,1210,82.34,60.51,58.0,2026-07-05T09:29:48
2026-07-03,5,margin_down_foreign_buy,43,2913,36.58,36.21,11.25,2026-07-05T09:29:48
2026-07-03,5,margin_down_foreign_buy,44,2457,33.72,38.17,29.5,2026-07-05T09:29:48
2026-07-03,5,margin_down_foreign_buy,45,2401,42.5,21.98,33.45,2026-07-05T09:29:48
2026-07-03,5,margin_down_foreign_buy,46,3624,80.61,50.6,155.0,2026-07-05T09:29:48
2026-07-03,5,margin_down_foreign_buy,47,1584,44.59,34.38,20.1,2026-07-05T09:29:48
2026-07-03,5,margin_down_foreign_buy,48,3714,27.47,22.24,62.3,2026-07-05T09:29:48
2026-07-03,5,margin_down_foreign_buy,49,3035,24.19,13.79,222.5,2026-07-05T09:29:48
2026-07-03,5,margin_down_foreign_buy,50,2374,54.31,55.32,77.1,2026-07-05T09:29:48
2026-07-03,5,momentum_inst_buy,1,1314,53.73,23.59,9.88,2026-07-05T09:29:48
2026-07-03,5,momentum_inst_buy,2,1303,110.71,67.62,197.0,2026-07-05T09:29:48
2026-07-03,5,momentum_inst_buy,3,6182,69.77,22.54,163.0,2026-07-05T09:29:48
2026-07-03,5,momentum_inst_buy,4,5483,76.45,38.8,210.5,2026-07-05T09:29:48
2026-07-03,5,momentum_inst_buy,5,2634,55.86,36.66,60.0,2026-07-05T09:29:48
2026-07-03,5,momentum_inst_buy,6,8033,62.74,35.89,204.5,2026-07-05T09:29:48
2026-07-03,5,momentum_inst_buy,7,1313,72.81,38.04,14.3,2026-07-05T09:29:48
2026-07-03,5,momentum_inst_buy,8,4989,87.0,42.42,110.5,2026-07-05T09:29:48
2026-07-03,5,momentum_inst_buy,9,1810,80.19,39.43,23.25,2026-07-05T09:29:48
2026-07-03,5,momentum_inst_buy,10,5371,25.38,14.94,93.1,2026-07-05T09:29:48
2026-07-03,5,momentum_inst_buy,11,1409,70.18,18.55,31.0,2026-07-05T09:29:48
2026-07-03,5,momentum_inst_buy,12,3017,135.81,103.07,2760.0,2026-07-05T09:29:48
2026-07-03,5,momentum_inst_buy,13,5425,78.31,40.3,131.0,2026-07-05T09:29:48
2026-07-03,5,momentum_inst_buy,14,6509,77.6,31.23,55.6,2026-07-05T09:29:48
2026-07-03,5,momentum_inst_buy,15,3055,75.41,32.41,152.5,2026-07-05T09:29:48
2026-07-03,5,momentum_inst_buy,16,8028,89.06,56.02,334.5,2026-07-05T09:29:48
2026-07-03,5,momentum_inst_buy,17,1304,48.23,19.25,15.5,2026-07-05T09:29:48
2026-07-03,5,momentum_inst_buy,18,2645,68.64,35.67,216.5,2026-07-05T09:29:48
2026-07-03,5,momentum_inst_buy,19,1714,97.99,56.07,22.75,2026-07-05T09:29:48
2026-07-03,5,momentum_inst_buy,20,2332,51.27,22.94,20.0,2026-07-05T09:29:48
2026-07-03,5,momentum_inst_buy,21,5314,38.23,34.61,71.5,2026-07-05T09:29:48
2026-07-03,5,momentum_inst_buy,22,2208,21.02,8.37,20.8,2026-07-05T09:29:48
2026-07-03,5,momentum_inst_buy,23,1718,34.17,-0.29,14.95,2026-07-05T09:29:48
2026-07-03,5,momentum_inst_buy,24,1326,48.42,2.2,68.0,2026-07-05T09:29:48
2026-07-03,5,momentum_inst_buy,25,6477,54.32,34.98,36.9,2026-07-05T09:29:48
2026-07-03,5,momentum_inst_buy,26,6753,62.79,39.92,154.0,2026-07-05T09:29:48
2026-07-03,5,momentum_inst_buy,27,2484,45.3,-4.06,96.4,2026-07-05T09:29:48
2026-07-03,5,momentum_inst_buy,28,2466,36.16,19.44,86.2,2026-07-05T09:29:48
2026-07-03,5,momentum_inst_buy,29,3042,56.16,3.57,249.0,2026-07-05T09:29:48
2026-07-03,5,momentum_inst_buy,30,4541,46.45,29.32,60.7,2026-07-05T09:29:48
2026-07-03,5,momentum_inst_buy,31,3213,96.01,53.99,142.5,2026-07-05T09:29:48
2026-07-03,5,momentum_inst_buy,32,3026,76.62,26.84,988.0,2026-07-05T09:29:48
2026-07-03,5,momentum_inst_buy,33,1515,50.56,10.63,42.0,2026-07-05T09:29:48
2026-07-03,5,momentum_inst_buy,34,2427,52.2,20.08,26.65,2026-07-05T09:29:48
2026-07-03,5,momentum_inst_buy,35,4534,88.33,46.43,34.3,2026-07-05T09:29:48
2026-07-03,5,momentum_inst_buy,36,6224,53.25,16.37,86.4,2026-07-05T09:29:48
2026-07-03,5,momentum_inst_buy,37,2483,42.25,5.05,67.1,2026-07-05T09:29:48
2026-07-03,5,momentum_inst_buy,38,4564,34.67,14.45,18.25,2026-07-05T09:29:48
2026-07-03,5,momentum_inst_buy,39,1617,53.79,21.08,24.5,2026-07-05T09:29:48
2026-07-03,5,momentum_inst_buy,40,6173,68.55,14.83,350.5,2026-07-05T09:29:48
2026-07-03,5,momentum_inst_buy,41,3518,54.2,20.17,36.35,2026-07-05T09:29:48
2026-07-03,5,momentum_inst_buy,42,3594,59.8,36.53,58.7,2026-07-05T09:29:48
2026-07-03,5,momentum_inst_buy,43,3004,92.78,54.53,150.0,2026-07-05T09:29:48
2026-07-03,5,momentum_inst_buy,44,6174,47.48,9.46,61.8,2026-07-05T09:29:48
2026-07-03,5,momentum_inst_buy,45,3663,57.76,23.81,88.4,2026-07-05T09:29:48
2026-07-03,5,momentum_inst_buy,46,6164,25.77,-7.96,17.4,2026-07-05T09:29:48
2026-07-03,5,momentum_inst_buy,47,2233,23.92,9.68,275.0,2026-07-05T09:29:48
2026-07-03,5,momentum_inst_buy,48,2429,30.54,29.83,48.7,2026-07-05T09:29:48
2026-07-03,5,momentum_inst_buy,49,4590,63.65,39.79,96.0,2026-07-05T09:29:48
2026-07-03,5,momentum_inst_buy,50,6223,92.55,57.31,7380.0,2026-07-05T09:29:48
2026-07-03,5,multifactor_score,1,3017,135.81,103.07,2760.0,2026-07-05T09:29:48
2026-07-03,5,multifactor_score,2,6023,113.26,93.17,101.5,2026-07-05T09:29:48
2026-07-03,5,multifactor_score,3,1303,110.71,67.62,197.0,2026-07-05T09:29:48
2026-07-03,5,multifactor_score,4,2547,109.78,84.89,11.55,2026-07-05T09:29:48
2026-07-03,5,multifactor_score,5,2887,108.78,75.73,34.15,2026-07-05T09:29:48
2026-07-03,5,multifactor_score,6,1785,105.42,62.61,156.0,2026-07-05T09:29:48
2026-07-03,5,multifactor_score,7,1907,99.98,76.54,28.15,2026-07-05T09:29:48
2026-07-03,5,multifactor_score,8,9946,98.26,71.69,19.9,2026-07-05T09:29:48
2026-07-03,5,multifactor_score,9,9935,98.11,75.73,20.5,2026-07-05T09:29:48
2026-07-03,5,multifactor_score,10,1714,97.99,56.07,22.75,2026-07-05T09:29:48
2026-07-03,5,multifactor_score,11,6526,96.83,78.81,706.0,2026-07-05T09:29:48
2026-07-03,5,multifactor_score,12,3213,96.01,53.99,142.5,2026-07-05T09:29:48
2026-07-03,5,multifactor_score,13,3004,92.78,54.53,150.0,2026-07-05T09:29:48
2026-07-03,5,multifactor_score,14,4582,92.57,58.31,27.3,2026-07-05T09:29:48
2026-07-03,5,multifactor_score,15,6223,92.55,57.31,7380.0,2026-07-05T09:29:48
2026-07-03,5,multifactor_score,16,2382,92.22,79.44,377.0,2026-07-05T09:29:48
2026-07-03,5,multifactor_score,17,2897,91.39,67.02,10.55,2026-07-05T09:29:48
2026-07-03,5,multifactor_score,18,1608,91.04,66.44,34.8,2026-07-05T09:29:48
2026-07-03,5,multifactor_score,19,3090,90.77,66.24,318.5,2026-07-05T09:29:48
2026-07-03,5,multifactor_score,20,5302,90.29,63.48,14.05,2026-07-05T09:29:48
2026-07-03,5,multifactor_score,21,8438,90.22,66.32,100.5,2026-07-05T09:29:48
2026-07-03,5,multifactor_score,22,2204,89.61,76.34,57.1,2026-07-05T09:29:48
2026-07-03,5,multifactor_score,23,6161,89.3,71.63,53.7,2026-07-05T09:29:48
2026-07-03,5,multifactor_score,24,8028,89.06,56.02,334.5,2026-07-05T09:29:48
2026-07-03,5,multifactor_score,25,6257,88.97,45.38,254.5,2026-07-05T09:29:48
2026-07-03,5,multifactor_score,26,6834,88.88,62.6,132.0,2026-07-05T09:29:48
2026-07-03,5,multifactor_score,27,4534,88.33,46.43,34.3,2026-07-05T09:29:48
2026-07-03,5,multifactor_score,28,6574,87.86,49.83,122.0,2026-07-05T09:29:48
2026-07-03,5,multifactor_score,29,4123,87.16,53.73,39.65,2026-07-05T09:29:48
2026-07-03,5,multifactor_score,30,4989,87.0,42.42,110.5,2026-07-05T09:29:48
2026-07-03,5,multifactor_score,31,6206,86.87,54.68,132.5,2026-07-05T09:29:48
2026-07-03,5,multifactor_score,32,3088,86.66,59.63,146.5,2026-07-05T09:29:48
2026-07-03,5,multifactor_score,33,2248,86.25,61.78,57.3,2026-07-05T09:29:48
2026-07-03,5,multifactor_score,34,8091,86.25,51.12,293.5,2026-07-05T09:29:48
2026-07-03,5,multifactor_score,35,6703,85.96,72.68,118.0,2026-07-05T09:29:48
2026-07-03,5,multifactor_score,36,6491,85.45,45.47,372.5,2026-07-05T09:29:48
2026-07-03,5,multifactor_score,37,2851,85.09,64.41,38.45,2026-07-05T09:29:48
2026-07-03,5,multifactor_score,38,2515,85.02,58.71,14.3,2026-07-05T09:29:48
2026-07-03,5,multifactor_score,39,1216,84.92,70.39,76.3,2026-07-05T09:29:48
2026-07-03,5,multifactor_score,40,8109,84.78,45.14,140.5,2026-07-05T09:29:48
2026-07-03,5,multifactor_score,41,6903,84.27,64.35,404.0,2026-07-05T09:29:48
2026-07-03,5,multifactor_score,42,2428,83.79,41.87,342.0,2026-07-05T09:29:48
2026-07-03,5,multifactor_score,43,3227,82.7,72.95,235.0,2026-07-05T09:29:48
2026-07-03,5,multifactor_score,44,4771,82.5,49.41,215.0,2026-07-05T09:29:48
2026-07-03,5,multifactor_score,45,1210,82.34,60.51,58.0,2026-07-05T09:29:48
2026-07-03,5,multifactor_score,46,1618,82.22,62.65,41.7,2026-07-05T09:29:48
2026-07-03,5,multifactor_score,47,4766,82.0,62.54,370.5,2026-07-05T09:29:48
2026-07-03,5,multifactor_score,48,6996,81.84,58.14,201.0,2026-07-05T09:29:48
2026-07-03,5,multifactor_score,49,3141,81.52,40.21,82.7,2026-07-05T09:29:48
2026-07-03,5,multifactor_score,50,6122,81.49,55.8,51.5,2026-07-05T09:29:48
2026-07-03,5,near_avg_with_inst_buy,1,6023,113.26,93.17,101.5,2026-07-05T09:29:48
2026-07-03,5,near_avg_with_inst_buy,2,2547,109.78,84.89,11.55,2026-07-05T09:29:48
2026-07-03,5,near_avg_with_inst_buy,3,2382,92.22,79.44,377.0,2026-07-05T09:29:48
2026-07-03,5,near_avg_with_inst_buy,4,6526,96.83,78.81,706.0,2026-07-05T09:29:48
2026-07-03,5,near_avg_with_inst_buy,5,1907,99.98,76.54,28.15,2026-07-05T09:29:48
2026-07-03,5,near_avg_with_inst_buy,6,2204,89.61,76.34,57.1,2026-07-05T09:29:48
2026-07-03,5,near_avg_with_inst_buy,7,2887,108.78,75.73,34.15,2026-07-05T09:29:48
2026-07-03,5,near_avg_with_inst_buy,8,9935,98.11,75.73,20.5,2026-07-05T09:29:48
2026-07-03,5,near_avg_with_inst_buy,9,3227,82.7,72.95,235.0,2026-07-05T09:29:48
2026-07-03,5,near_avg_with_inst_buy,10,6703,85.96,72.68,118.0,2026-07-05T09:29:48
2026-07-03,5,near_avg_with_inst_buy,11,4934,79.62,72.0,18.25,2026-07-05T09:29:48
2026-07-03,5,near_avg_with_inst_buy,12,6163,70.89,71.85,48.35,2026-07-05T09:29:48
2026-07-03,5,near_avg_with_inst_buy,13,9946,98.26,71.69,19.9,2026-07-05T09:29:48
2026-07-03,5,near_avg_with_inst_buy,14,6161,89.3,71.63,53.7,2026-07-05T09:29:48
2026-07-03,5,near_avg_with_inst_buy,15,2543,63.25,70.74,39.2,2026-07-05T09:29:48
2026-07-03,5,near_avg_with_inst_buy,16,1216,84.92,70.39,76.3,2026-07-05T09:29:48
2026-07-03,5,near_avg_with_inst_buy,17,7547,62.46,70.29,58.7,2026-07-05T09:29:48
2026-07-03,5,near_avg_with_inst_buy,18,6588,72.79,70.07,89.1,2026-07-05T09:29:48
2026-07-03,5,near_avg_with_inst_buy,19,5263,74.67,69.21,99.4,2026-07-05T09:29:48
2026-07-03,5,near_avg_with_inst_buy,20,8446,78.51,68.65,88.5,2026-07-05T09:29:48
2026-07-03,5,near_avg_with_inst_buy,21,3188,73.72,68.53,24.45,2026-07-05T09:29:48
2026-07-03,5,near_avg_with_inst_buy,22,3546,71.05,68.45,82.8,2026-07-05T09:29:48
2026-07-03,5,near_avg_with_inst_buy,23,8927,63.98,68.12,21.75,2026-07-05T09:29:48
2026-07-03,5,near_avg_with_inst_buy,24,1316,69.78,67.32,10.95,2026-07-05T09:29:48
2026-07-03,5,near_avg_with_inst_buy,25,2897,91.39,67.02,10.55,2026-07-05T09:29:48
2026-07-03,5,near_avg_with_inst_buy,26,1608,91.04,66.44,34.8,2026-07-05T09:29:48
2026-07-03,5,near_avg_with_inst_buy,27,8438,90.22,66.32,100.5,2026-07-05T09:29:48
2026-07-03,5,near_avg_with_inst_buy,28,3090,90.77,66.24,318.5,2026-07-05T09:29:48
2026-07-03,5,near_avg_with_inst_buy,29,6576,73.51,65.52,83.2,2026-07-05T09:29:48
2026-07-03,5,near_avg_with_inst_buy,30,3003,73.55,65.4,65.3,2026-07-05T09:29:48
2026-07-03,5,near_avg_with_inst_buy,31,8499,76.33,65.07,315.0,2026-07-05T09:29:48
2026-07-03,5,near_avg_with_inst_buy,32,6903,84.27,64.35,404.0,2026-07-05T09:29:48
2026-07-03,5,near_avg_with_inst_buy,33,7803,64.81,64.05,23.8,2026-07-05T09:29:48
2026-07-03,5,near_avg_with_inst_buy,34,1795,67.25,63.53,199.5,2026-07-05T09:29:48
2026-07-03,5,near_avg_with_inst_buy,35,1618,82.22,62.65,41.7,2026-07-05T09:29:48
2026-07-03,5,near_avg_with_inst_buy,36,5508,66.02,62.57,57.6,2026-07-05T09:29:48
2026-07-03,5,near_avg_with_inst_buy,37,6230,57.84,62.44,127.5,2026-07-05T09:29:48
2026-07-03,5,near_avg_with_inst_buy,38,2230,47.61,62.28,25.55,2026-07-05T09:29:48
2026-07-03,5,near_avg_with_inst_buy,39,6994,57.43,61.83,41.9,2026-07-05T09:29:48
2026-07-03,5,near_avg_with_inst_buy,40,2248,86.25,61.78,57.3,2026-07-05T09:29:48
2026-07-03,5,near_avg_with_inst_buy,41,3266,61.45,61.7,13.6,2026-07-05T09:29:48
2026-07-03,5,near_avg_with_inst_buy,42,4105,76.67,61.52,77.9,2026-07-05T09:29:48
2026-07-03,5,near_avg_with_inst_buy,43,3483,62.42,60.95,93.0,2026-07-05T09:29:48
2026-07-03,5,near_avg_with_inst_buy,44,5533,67.71,60.65,14.2,2026-07-05T09:29:48
2026-07-03,5,near_avg_with_inst_buy,45,2537,80.55,60.55,11.2,2026-07-05T09:29:48
2026-07-03,5,near_avg_with_inst_buy,46,1210,82.34,60.51,58.0,2026-07-05T09:29:48
2026-07-03,5,near_avg_with_inst_buy,47,5278,52.54,59.99,24.7,2026-07-05T09:29:48
2026-07-03,5,near_avg_with_inst_buy,48,3402,81.22,59.95,155.0,2026-07-05T09:29:48
2026-07-03,5,near_avg_with_inst_buy,49,2646,60.53,59.94,21.3,2026-07-05T09:29:48
2026-07-03,5,near_avg_with_inst_buy,50,5905,59.27,59.91,8.75,2026-07-05T09:29:48
2026-07-03,5,revenue_volume_breakout,1,3313,77.28,63.25,12.4,2026-07-05T09:29:48
2026-07-03,5,revenue_volume_breakout,2,5514,45.13,40.52,13.65,2026-07-05T09:29:48
2026-07-03,5,revenue_volume_breakout,3,2537,80.55,60.55,11.2,2026-07-05T09:29:48
2026-07-03,5,revenue_volume_breakout,4,3205,67.36,59.27,53.2,2026-07-05T09:29:48
2026-07-03,5,revenue_volume_breakout,5,5302,90.29,63.48,14.05,2026-07-05T09:29:48
2026-07-03,5,revenue_volume_breakout,6,3432,59.35,45.14,18.45,2026-07-05T09:29:48
2026-07-03,5,revenue_volume_breakout,7,5205,17.18,24.0,24.5,2026-07-05T09:29:48
2026-07-03,5,revenue_volume_breakout,8,2536,69.11,56.47,21.45,2026-07-05T09:29:48
2026-07-03,5,revenue_volume_breakout,9,3285,33.42,24.53,44.3,2026-07-05T09:29:48
2026-07-03,5,revenue_volume_breakout,10,4806,22.42,24.0,10.3,2026-07-05T09:29:48
2026-07-03,5,revenue_volume_breakout,11,5484,38.62,30.73,47.55,2026-07-05T09:29:48
2026-07-03,5,revenue_volume_breakout,12,8112,39.68,33.08,92.9,2026-07-05T09:29:48
2026-07-03,5,revenue_volume_breakout,13,3025,15.65,4.64,68.0,2026-07-05T09:29:48
2026-07-03,5,revenue_volume_breakout,14,3188,73.72,68.53,24.45,2026-07-05T09:29:48
2026-07-03,5,revenue_volume_breakout,15,6462,-1.94,8.99,117.5,2026-07-05T09:29:48
2026-07-03,5,revenue_volume_breakout,16,5410,79.83,54.67,46.0,2026-07-05T09:29:48
2026-07-03,5,revenue_volume_breakout,17,2923,68.63,57.65,27.35,2026-07-05T09:29:48
2026-07-03,5,revenue_volume_breakout,18,2368,53.2,22.79,1305.0,2026-07-05T09:29:48
2026-07-03,5,revenue_volume_breakout,19,2025,74.93,59.66,13.65,2026-07-05T09:29:48
2026-07-03,5,revenue_volume_breakout,20,2347,44.5,25.78,94.8,2026-07-05T09:29:48
2026-07-03,5,revenue_volume_breakout,21,8488,56.5,58.56,10.2,2026-07-05T09:29:48
2026-07-03,5,revenue_volume_breakout,22,3073,50.89,59.22,22.6,2026-07-05T09:29:48
2026-07-03,5,revenue_volume_breakout,23,8027,43.12,12.87,249.0,2026-07-05T09:29:48
2026-07-03,5,revenue_volume_breakout,24,8043,38.09,15.43,202.5,2026-07-05T09:29:48
2026-07-03,5,revenue_volume_breakout,25,4582,92.57,58.31,27.3,2026-07-05T09:29:48
2026-07-03,5,revenue_volume_breakout,26,8299,25.51,13.86,2295.0,2026-07-05T09:29:48
2026-07-03,5,revenue_volume_breakout,27,6727,44.88,15.41,445.0,2026-07-05T09:29:48
2026-07-03,5,revenue_volume_breakout,28,6419,54.08,34.14,147.0,2026-07-05T09:29:48
2026-07-03,5,revenue_volume_breakout,29,2383,66.8,23.2,6080.0,2026-07-05T09:29:48
2026-07-03,5,revenue_volume_breakout,30,6596,43.11,37.23,95.3,2026-07-05T09:29:48
2026-07-03,5,revenue_volume_breakout,31,4973,56.21,32.36,171.0,2026-07-05T09:29:48
2026-07-03,5,revenue_volume_breakout,32,3167,55.16,15.92,877.0,2026-07-05T09:29:48
2026-07-03,5,revenue_volume_breakout,33,9945,-22.29,-26.04,26.5,2026-07-05T09:29:48
2026-07-03,5,revenue_volume_breakout,34,6576,73.51,65.52,83.2,2026-07-05T09:29:48
2026-07-03,5,revenue_volume_breakout,35,6199,68.89,59.79,105.5,2026-07-05T09:29:48
2026-07-03,5,revenue_volume_breakout,36,6739,34.99,0.65,1300.0,2026-07-05T09:29:48
2026-07-03,5,revenue_volume_breakout,37,6654,-0.98,-24.82,200.0,2026-07-05T09:29:48
2026-07-03,5,revenue_volume_breakout,38,4772,59.0,49.28,281.0,2026-07-05T09:29:48
2026-07-03,5,revenue_volume_breakout,39,4714,57.65,58.86,12.8,2026-07-05T09:29:48
2026-07-03,5,revenue_volume_breakout,40,1785,105.42,62.61,156.0,2026-07-05T09:29:48
2026-07-03,5,revenue_volume_breakout,41,3290,-6.14,-20.24,70.4,2026-07-05T09:29:48
2026-07-03,5,revenue_volume_breakout,42,2889,-1.82,-8.62,15.0,2026-07-05T09:29:48
2026-07-03,5,revenue_volume_breakout,43,1316,69.78,67.32,10.95,2026-07-05T09:29:48
2026-07-03,5,revenue_volume_breakout,44,2432,61.19,42.78,28.6,2026-07-05T09:29:48
2026-07-03,5,revenue_volume_breakout,45,6264,29.54,32.63,6.11,2026-07-05T09:29:48
2026-07-03,5,revenue_volume_breakout,46,2101,70.14,60.84,33.4,2026-07-05T09:29:48
2026-07-03,5,revenue_volume_breakout,47,7721,58.66,47.36,75.6,2026-07-05T09:29:48
2026-07-03,5,revenue_volume_breakout,48,6274,77.78,50.6,1790.0,2026-07-05T09:29:48
2026-07-03,5,revenue_volume_breakout,49,5314,38.23,34.61,71.5,2026-07-05T09:29:48
2026-07-03,5,revenue_volume_breakout,50,1714,97.99,56.07,22.75,2026-07-05T09:29:48
2026-07-03,5,selection_score,1,3017,135.81,103.07,2760.0,2026-07-05T09:29:48
2026-07-03,5,selection_score,2,6023,113.26,93.17,101.5,2026-07-05T09:29:48
2026-07-03,5,selection_score,3,2547,109.78,84.89,11.55,2026-07-05T09:29:48
2026-07-03,5,selection_score,4,2382,92.22,79.44,377.0,2026-07-05T09:29:48
2026-07-03,5,selection_score,5,6526,96.83,78.81,706.0,2026-07-05T09:29:48
2026-07-03,5,selection_score,6,1907,99.98,76.54,28.15,2026-07-05T09:29:48
2026-07-03,5,selection_score,7,2204,89.61,76.34,57.1,2026-07-05T09:29:48
2026-07-03,5,selection_score,8,2887,108.78,75.73,34.15,2026-07-05T09:29:48
2026-07-03,5,selection_score,9,9935,98.11,75.73,20.5,2026-07-05T09:29:48
2026-07-03,5,selection_score,10,3227,82.7,72.95,235.0,2026-07-05T09:29:48
2026-07-03,5,selection_score,11,6703,85.96,72.68,118.0,2026-07-05T09:29:48
2026-07-03,5,selection_score,12,4934,79.62,72.0,18.25,2026-07-05T09:29:48
2026-07-03,5,selection_score,13,6163,70.89,71.85,48.35,2026-07-05T09:29:48
2026-07-03,5,selection_score,14,9946,98.26,71.69,19.9,2026-07-05T09:29:48
2026-07-03,5,selection_score,15,6161,89.3,71.63,53.7,2026-07-05T09:29:48
2026-07-03,5,selection_score,16,2543,63.25,70.74,39.2,2026-07-05T09:29:48
2026-07-03,5,selection_score,17,1216,84.92,70.39,76.3,2026-07-05T09:29:48
2026-07-03,5,selection_score,18,7547,62.46,70.29,58.7,2026-07-05T09:29:48
2026-07-03,5,selection_score,19,6588,72.79,70.07,89.1,2026-07-05T09:29:48
2026-07-03,5,selection_score,20,5263,74.67,69.21,99.4,2026-07-05T09:29:48
2026-07-03,5,selection_score,21,8446,78.51,68.65,88.5,2026-07-05T09:29:48
2026-07-03,5,selection_score,22,3188,73.72,68.53,24.45,2026-07-05T09:29:48
2026-07-03,5,selection_score,23,3546,71.05,68.45,82.8,2026-07-05T09:29:48
2026-07-03,5,selection_score,24,8927,63.98,68.12,21.75,2026-07-05T09:29:48
2026-07-03,5,selection_score,25,1303,110.71,67.62,197.0,2026-07-05T09:29:48
2026-07-03,5,selection_score,26,1316,69.78,67.32,10.95,2026-07-05T09:29:48
2026-07-03,5,selection_score,27,2897,91.39,67.02,10.55,2026-07-05T09:29:48
2026-07-03,5,selection_score,28,1608,91.04,66.44,34.8,2026-07-05T09:29:48
2026-07-03,5,selection_score,29,8438,90.22,66.32,100.5,2026-07-05T09:29:48
2026-07-03,5,selection_score,30,3090,90.77,66.24,318.5,2026-07-05T09:29:48
2026-07-03,5,selection_score,31,6576,73.51,65.52,83.2,2026-07-05T09:29:48
2026-07-03,5,selection_score,32,3003,73.55,65.4,65.3,2026-07-05T09:29:48
2026-07-03,5,selection_score,33,3489,73.97,65.07,24.25,2026-07-05T09:29:48
2026-07-03,5,selection_score,34,8499,76.33,65.07,315.0,2026-07-05T09:29:48
2026-07-03,5,selection_score,35,2851,85.09,64.41,38.45,2026-07-05T09:29:48
2026-07-03,5,selection_score,36,6903,84.27,64.35,404.0,2026-07-05T09:29:48
2026-07-03,5,selection_score,37,7803,64.81,64.05,23.8,2026-07-05T09:29:48
2026-07-03,5,selection_score,38,1795,67.25,63.53,199.5,2026-07-05T09:29:48
2026-07-03,5,selection_score,39,1533,78.41,63.52,37.5,2026-07-05T09:29:48
2026-07-03,5,selection_score,40,5302,90.29,63.48,14.05,2026-07-05T09:29:48
2026-07-03,5,selection_score,41,3313,77.28,63.25,12.4,2026-07-05T09:29:48
2026-07-03,5,selection_score,42,1618,82.22,62.65,41.7,2026-07-05T09:29:48
2026-07-03,5,selection_score,43,1785,105.42,62.61,156.0,2026-07-05T09:29:48
2026-07-03,5,selection_score,44,6834,88.88,62.6,132.0,2026-07-05T09:29:48
2026-07-03,5,selection_score,45,5508,66.02,62.57,57.6,2026-07-05T09:29:48
2026-07-03,5,selection_score,46,4766,82.0,62.54,370.5,2026-07-05T09:29:48
2026-07-03,5,selection_score,47,6230,57.84,62.44,127.5,2026-07-05T09:29:48
2026-07-03,5,selection_score,48,2230,47.61,62.28,25.55,2026-07-05T09:29:48
2026-07-03,5,selection_score,49,6922,81.12,61.93,186.0,2026-07-05T09:29:48
2026-07-03,5,selection_score,50,6994,57.43,61.83,41.9,2026-07-05T09:29:48
2026-07-03,5,total_score,1,3017,135.81,103.07,2760.0,2026-07-05T09:29:48
2026-07-03,5,total_score,2,6023,113.26,93.17,101.5,2026-07-05T09:29:48
2026-07-03,5,total_score,3,2547,109.78,84.89,11.55,2026-07-05T09:29:48
2026-07-03,5,total_score,4,2382,92.22,79.44,377.0,2026-07-05T09:29:48
2026-07-03,5,total_score,5,6526,96.83,78.81,706.0,2026-07-05T09:29:48
2026-07-03,5,total_score,6,1907,99.98,76.54,28.15,2026-07-05T09:29:48
2026-07-03,5,total_score,7,2204,89.61,76.34,57.1,2026-07-05T09:29:48
2026-07-03,5,total_score,8,2887,108.78,75.73,34.15,2026-07-05T09:29:48
2026-07-03,5,total_score,9,9935,98.11,75.73,20.5,2026-07-05T09:29:48
2026-07-03,5,total_score,10,3227,82.7,72.95,235.0,2026-07-05T09:29:48
2026-07-03,5,total_score,11,6703,85.96,72.68,118.0,2026-07-05T09:29:48
2026-07-03,5,total_score,12,4934,79.62,72.0,18.25,2026-07-05T09:29:48
2026-07-03,5,total_score,13,6163,70.89,71.85,48.35,2026-07-05T09:29:48
2026-07-03,5,total_score,14,9946,98.26,71.69,19.9,2026-07-05T09:29:48
2026-07-03,5,total_score,15,6161,89.3,71.63,53.7,2026-07-05T09:29:48
2026-07-03,5,total_score,16,2543,63.25,70.74,39.2,2026-07-05T09:29:48
2026-07-03,5,total_score,17,1216,84.92,70.39,76.3,2026-07-05T09:29:48
2026-07-03,5,total_score,18,7547,62.46,70.29,58.7,2026-07-05T09:29:48
2026-07-03,5,total_score,19,6588,72.79,70.07,89.1,2026-07-05T09:29:48
2026-07-03,5,total_score,20,5263,74.67,69.21,99.4,2026-07-05T09:29:48
2026-07-03,5,total_score,21,8446,78.51,68.65,88.5,2026-07-05T09:29:48
2026-07-03,5,total_score,22,3188,73.72,68.53,24.45,2026-07-05T09:29:48
2026-07-03,5,total_score,23,3546,71.05,68.45,82.8,2026-07-05T09:29:48
2026-07-03,5,total_score,24,8927,63.98,68.12,21.75,2026-07-05T09:29:48
2026-07-03,5,total_score,25,1303,110.71,67.62,197.0,2026-07-05T09:29:48
2026-07-03,5,total_score,26,1316,69.78,67.32,10.95,2026-07-05T09:29:48
2026-07-03,5,total_score,27,2897,91.39,67.02,10.55,2026-07-05T09:29:48
2026-07-03,5,total_score,28,1608,91.04,66.44,34.8,2026-07-05T09:29:48
2026-07-03,5,total_score,29,8438,90.22,66.32,100.5,2026-07-05T09:29:48
2026-07-03,5,total_score,30,3090,90.77,66.24,318.5,2026-07-05T09:29:48
2026-07-03,5,total_score,31,6576,73.51,65.52,83.2,2026-07-05T09:29:48
2026-07-03,5,total_score,32,3003,73.55,65.4,65.3,2026-07-05T09:29:48
2026-07-03,5,total_score,33,3489,73.97,65.07,24.25,2026-07-05T09:29:48
2026-07-03,5,total_score,34,8499,76.33,65.07,315.0,2026-07-05T09:29:48
2026-07-03,5,total_score,35,2851,85.09,64.41,38.45,2026-07-05T09:29:48
2026-07-03,5,total_score,36,6903,84.27,64.35,404.0,2026-07-05T09:29:48
2026-07-03,5,total_score,37,7803,64.81,64.05,23.8,2026-07-05T09:29:48
2026-07-03,5,total_score,38,1795,67.25,63.53,199.5,2026-07-05T09:29:48
2026-07-03,5,total_score,39,1533,78.41,63.52,37.5,2026-07-05T09:29:48
2026-07-03,5,total_score,40,5302,90.29,63.48,14.05,2026-07-05T09:29:48
2026-07-03,5,total_score,41,3313,77.28,63.25,12.4,2026-07-05T09:29:48
2026-07-03,5,total_score,42,1618,82.22,62.65,41.7,2026-07-05T09:29:48
2026-07-03,5,total_score,43,1785,105.42,62.61,156.0,2026-07-05T09:29:48
2026-07-03,5,total_score,44,6834,88.88,62.6,132.0,2026-07-05T09:29:48
2026-07-03,5,total_score,45,5508,66.02,62.57,57.6,2026-07-05T09:29:48
2026-07-03,5,total_score,46,4766,82.0,62.54,370.5,2026-07-05T09:29:48
2026-07-03,5,total_score,47,6230,57.84,62.44,127.5,2026-07-05T09:29:48
2026-07-03,5,total_score,48,2230,47.61,62.28,25.55,2026-07-05T09:29:48
2026-07-03,5,total_score,49,6922,81.12,61.93,186.0,2026-07-05T09:29:48
2026-07-03,5,total_score,50,6994,57.43,61.83,41.9,2026-07-05T09:29:48
2026-07-03,5,trust_buy,1,2892,49.28,37.71,32.4,2026-07-05T09:29:48
2026-07-03,5,trust_buy,2,2886,30.8,26.26,45.5,2026-07-05T09:29:48
2026-07-03,5,trust_buy,3,2890,70.21,55.93,39.7,2026-07-05T09:29:48
2026-07-03,5,trust_buy,4,2801,25.08,21.11,23.3,2026-07-05T09:29:48
2026-07-03,5,trust_buy,5,2610,17.53,7.6,22.55,2026-07-05T09:29:48
2026-07-03,5,trust_buy,6,2618,36.94,21.71,43.85,2026-07-05T09:29:48
2026-07-03,5,trust_buy,7,2887,108.78,75.73,34.15,2026-07-05T09:29:48
2026-07-03,5,trust_buy,8,3702,41.12,22.8,110.0,2026-07-05T09:29:48
2026-07-03,5,trust_buy,9,2884,33.84,30.09,33.7,2026-07-05T09:29:48
2026-07-03,5,trust_buy,10,2027,43.07,30.62,41.15,2026-07-05T09:29:48
2026-07-03,5,trust_buy,11,2377,39.88,26.58,143.0,2026-07-05T09:29:48
2026-07-03,5,trust_buy,12,2352,33.46,25.02,32.2,2026-07-05T09:29:48
2026-07-03,5,trust_buy,13,3706,53.01,43.83,91.0,2026-07-05T09:29:48
2026-07-03,5,trust_buy,14,3231,27.98,20.67,159.0,2026-07-05T09:29:48
2026-07-03,5,trust_buy,15,4904,8.7,1.15,105.0,2026-07-05T09:29:48
2026-07-03,5,trust_buy,16,1303,110.71,67.62,197.0,2026-07-05T09:29:48
2026-07-03,5,trust_buy,17,2356,45.62,33.92,67.6,2026-07-05T09:29:48
2026-07-03,5,trust_buy,18,3045,2.82,-3.06,116.5,2026-07-05T09:29:48
2026-07-03,5,trust_buy,19,1402,41.21,29.29,29.1,2026-07-05T09:29:48
2026-07-03,5,trust_buy,20,2633,19.36,15.27,26.8,2026-07-05T09:29:48
2026-07-03,5,trust_buy,21,2845,62.08,48.77,13.15,2026-07-05T09:29:48
2026-07-03,5,trust_buy,22,2347,44.5,25.78,94.8,2026-07-05T09:29:48
2026-07-03,5,trust_buy,23,2412,1.75,-3.13,141.0,2026-07-05T09:29:48
2026-07-03,5,trust_buy,24,2891,16.87,3.81,70.6,2026-07-05T09:29:48
2026-07-03,5,trust_buy,25,8112,39.68,33.08,92.9,2026-07-05T09:29:48
2026-07-03,5,trust_buy,26,5876,14.5,3.3,42.0,2026-07-05T09:29:48
2026-07-03,5,trust_buy,27,6191,38.34,42.37,108.0,2026-07-05T09:29:48
2026-07-03,5,trust_buy,28,8150,39.97,15.03,105.0,2026-07-05T09:29:48
2026-07-03,5,trust_buy,29,2542,56.19,47.86,43.65,2026-07-05T09:29:48
2026-07-03,5,trust_buy,30,2382,92.22,79.44,377.0,2026-07-05T09:29:48
2026-07-03,5,trust_buy,31,5469,6.92,10.5,87.5,2026-07-05T09:29:48
2026-07-03,5,trust_buy,32,8069,16.16,9.81,212.5,2026-07-05T09:29:48
2026-07-03,5,trust_buy,33,6182,69.77,22.54,163.0,2026-07-05T09:29:48
2026-07-03,5,trust_buy,34,2474,4.9,-7.68,207.0,2026-07-05T09:29:48
2026-07-03,5,trust_buy,35,2903,-3.12,4.09,22.05,2026-07-05T09:29:48
2026-07-03,5,trust_buy,36,8422,46.47,48.17,28.35,2026-07-05T09:29:48
2026-07-03,5,trust_buy,37,2330,12.96,-3.39,2445.0,2026-07-05T09:29:48
2026-07-03,5,trust_buy,38,2379,17.84,8.11,783.0,2026-07-05T09:29:48
2026-07-03,5,trust_buy,39,3037,20.97,5.91,969.0,2026-07-05T09:29:48
2026-07-03,5,trust_buy,40,2376,37.36,26.79,338.5,2026-07-05T09:29:48
2026-07-03,5,trust_buy,41,4915,12.96,16.11,66.4,2026-07-05T09:29:48
2026-07-03,5,trust_buy,42,3023,43.03,19.85,336.5,2026-07-05T09:29:48
2026-07-03,5,trust_buy,43,2458,11.61,3.63,184.0,2026-07-05T09:29:48
2026-07-03,5,trust_buy,44,1216,84.92,70.39,76.3,2026-07-05T09:29:48
2026-07-03,5,trust_buy,45,3293,45.04,33.22,797.0,2026-07-05T09:29:48
2026-07-03,5,trust_buy,46,5483,76.45,38.8,210.5,2026-07-05T09:29:48
2026-07-03,5,trust_buy,47,8046,70.17,40.36,1185.0,2026-07-05T09:29:48
2026-07-03,5,trust_buy,48,8070,43.03,33.0,56.0,2026-07-05T09:29:48
2026-07-03,5,trust_buy,49,3189,-0.8,-8.5,833.0,2026-07-05T09:29:48
2026-07-03,5,trust_buy,50,2504,10.5,8.7,32.7,2026-07-05T09:29:48
2026-07-03,5,value_dividend,1,2603,53.69,42.91,195.0,2026-07-05T09:29:48
2026-07-03,5,value_dividend,2,2504,10.5,8.7,32.7,2026-07-05T09:29:48
2026-07-03,5,value_dividend,3,6994,57.43,61.83,41.9,2026-07-05T09:29:48
2026-07-03,5,value_dividend,4,5511,35.62,8.81,80.4,2026-07-05T09:29:48
2026-07-03,5,value_dividend,5,2211,34.8,22.16,96.5,2026-07-05T09:29:48
2026-07-03,5,value_dividend,6,1707,28.95,38.58,92.9,2026-07-05T09:29:48
2026-07-03,5,value_dividend,7,2204,89.61,76.34,57.1,2026-07-05T09:29:48
2026-07-03,5,value_dividend,8,2851,85.09,64.41,38.45,2026-07-05T09:29:48
2026-07-03,5,value_dividend,9,4123,87.16,53.73,39.65,2026-07-05T09:29:48
2026-07-03,5,value_dividend,10,4303,27.57,22.31,47.85,2026-07-05T09:29:48
2026-07-03,5,value_dividend,11,2387,41.28,35.9,41.05,2026-07-05T09:29:48
2026-07-03,5,value_dividend,12,9907,5.79,4.81,15.55,2026-07-05T09:29:48
2026-07-03,5,value_dividend,13,4915,12.96,16.11,66.4,2026-07-05T09:29:48
2026-07-03,5,value_dividend,14,9802,39.66,39.88,74.4,2026-07-05T09:29:48
2026-07-03,5,value_dividend,15,5534,70.16,47.73,80.5,2026-07-05T09:29:48
2026-07-03,5,value_dividend,16,9938,38.36,22.38,45.9,2026-07-05T09:29:48
2026-07-03,5,value_dividend,17,2834,70.1,49.41,17.95,2026-07-05T09:29:48
2026-07-03,5,value_dividend,18,9941,42.55,23.17,82.4,2026-07-05T09:29:48
2026-07-03,5,value_dividend,19,2812,69.93,56.67,20.4,2026-07-05T09:29:48
2026-07-03,5,value_dividend,20,4532,52.38,27.87,29.1,2026-07-05T09:29:48
2026-07-03,5,value_dividend,21,2606,52.72,34.33,61.8,2026-07-05T09:29:48
2026-07-03,5,value_dividend,22,6176,-6.94,-10.84,90.3,2026-07-05T09:29:48
2026-07-03,5,value_dividend,23,2915,29.14,18.9,51.8,2026-07-05T09:29:48
2026-07-03,5,value_dividend,24,2527,48.81,22.8,41.2,2026-07-05T09:29:48
2026-07-03,5,value_dividend,25,2615,77.84,49.88,82.8,2026-07-05T09:29:48
2026-07-03,5,value_dividend,26,6186,40.97,39.36,43.2,2026-07-05T09:29:48
2026-07-03,5,value_dividend,27,1436,50.16,54.93,45.6,2026-07-05T09:29:48
2026-07-03,5,value_dividend,28,2530,0.79,9.45,19.4,2026-07-05T09:29:48
2026-07-03,5,value_dividend,29,2731,23.05,20.62,150.0,2026-07-05T09:29:48
2026-07-03,5,value_dividend,30,2548,41.98,38.03,103.5,2026-07-05T09:29:48
2026-07-03,5,value_dividend,31,3078,33.55,26.26,56.4,2026-07-05T09:29:48
2026-07-03,5,value_dividend,32,6122,81.49,55.8,51.5,2026-07-05T09:29:48
2026-07-03,5,value_dividend,33,4763,-0.85,-4.35,51.3,2026-07-05T09:29:48
2026-07-03,5,value_dividend,34,1608,91.04,66.44,34.8,2026-07-05T09:29:48
2026-07-03,5,value_dividend,35,3356,58.98,39.15,61.8,2026-07-05T09:29:48
2026-07-03,5,value_dividend,36,6023,113.26,93.17,101.5,2026-07-05T09:29:48
2026-07-03,5,value_dividend,37,2105,69.8,54.51,32.15,2026-07-05T09:29:48
2026-07-03,5,value_dividend,38,4746,52.96,47.17,54.4,2026-07-05T09:29:48
2026-07-03,5,value_dividend,39,2897,91.39,67.02,10.55,2026-07-05T09:29:48
2026-07-03,5,value_dividend,40,2845,62.08,48.77,13.15,2026-07-05T09:29:48
2026-07-03,5,value_dividend,41,2520,48.65,43.75,34.85,2026-07-05T09:29:48
2026-07-03,5,value_dividend,42,2801,25.08,21.11,23.3,2026-07-05T09:29:48
2026-07-03,5,value_dividend,43,5880,49.76,35.9,24.7,2026-07-05T09:29:48
2026-07-03,5,value_dividend,44,1709,44.89,13.78,23.7,2026-07-05T09:29:48
2026-07-03,5,value_dividend,45,3010,29.41,26.69,128.0,2026-07-05T09:29:48
2026-07-03,5,value_dividend,46,8473,24.74,13.4,49.15,2026-07-05T09:29:48
2026-07-03,5,value_dividend,47,2609,54.39,48.64,52.4,2026-07-05T09:29:48
2026-07-03,5,value_dividend,48,5009,49.93,41.15,33.95,2026-07-05T09:29:48
2026-07-03,5,value_dividend,49,2883,38.35,27.89,28.45,2026-07-05T09:29:48
2026-07-03,5,value_dividend,50,2605,62.87,48.7,30.8,2026-07-05T09:29:48
2026-07-03,5,volume_expansion,1,5514,45.13,40.52,13.65,2026-07-05T09:29:48
2026-07-03,5,volume_expansion,2,2427,52.2,20.08,26.65,2026-07-05T09:29:48
2026-07-03,5,volume_expansion,3,8928,32.02,11.28,23.3,2026-07-05T09:29:48
2026-07-03,5,volume_expansion,4,3313,77.28,63.25,12.4,2026-07-05T09:29:48
2026-07-03,5,volume_expansion,5,3026,76.62,26.84,988.0,2026-07-05T09:29:48
2026-07-03,5,volume_expansion,6,6158,16.08,6.85,19.45,2026-07-05T09:29:48
2026-07-03,5,volume_expansion,7,2705,34.7,13.11,16.65,2026-07-05T09:29:48
2026-07-03,5,volume_expansion,8,4442,67.98,58.16,51.8,2026-07-05T09:29:48
2026-07-03,5,volume_expansion,9,2103,80.91,37.85,23.5,2026-07-05T09:29:48
2026-07-03,5,volume_expansion,10,4572,65.09,55.33,151.0,2026-07-05T09:29:48
2026-07-03,5,volume_expansion,11,4911,37.21,24.91,33.95,2026-07-05T09:29:48
2026-07-03,5,volume_expansion,12,4401,32.54,14.46,15.25,2026-07-05T09:29:48
2026-07-03,5,volume_expansion,13,1474,49.44,22.09,11.35,2026-07-05T09:29:48
2026-07-03,5,volume_expansion,14,8087,55.42,51.37,31.5,2026-07-05T09:29:48
2026-07-03,5,volume_expansion,15,9902,44.84,30.21,14.25,2026-07-05T09:29:48
2026-07-03,5,volume_expansion,16,4562,11.36,5.19,36.65,2026-07-05T09:29:48
2026-07-03,5,volume_expansion,17,1459,48.22,27.38,12.0,2026-07-05T09:29:48
2026-07-03,5,volume_expansion,18,3004,92.78,54.53,150.0,2026-07-05T09:29:48
2026-07-03,5,volume_expansion,19,1308,47.53,25.56,15.85,2026-07-05T09:29:48
2026-07-03,5,volume_expansion,20,6732,50.29,20.69,190.0,2026-07-05T09:29:48
2026-07-03,5,volume_expansion,21,1717,76.94,42.53,81.6,2026-07-05T09:29:48
2026-07-03,5,volume_expansion,22,3663,57.76,23.81,88.4,2026-07-05T09:29:48
2026-07-03,5,volume_expansion,23,2419,57.88,39.5,29.7,2026-07-05T09:29:48
2026-07-03,5,volume_expansion,24,6637,43.8,31.13,63.7,2026-07-05T09:29:48
2026-07-03,5,volume_expansion,25,3591,42.12,12.7,28.25,2026-07-05T09:29:48
2026-07-03,5,volume_expansion,26,8109,84.78,45.14,140.5,2026-07-05T09:29:48
2026-07-03,5,volume_expansion,27,6994,57.43,61.83,41.9,2026-07-05T09:29:48
2026-07-03,5,volume_expansion,28,3213,96.01,53.99,142.5,2026-07-05T09:29:48
2026-07-03,5,volume_expansion,29,6491,85.45,45.47,372.5,2026-07-05T09:29:48
2026-07-03,5,volume_expansion,30,2836,68.82,44.27,12.45,2026-07-05T09:29:48
2026-07-03,5,volume_expansion,31,5460,56.93,39.5,19.3,2026-07-05T09:29:48
2026-07-03,5,volume_expansion,32,7828,67.99,47.79,2200.0,2026-07-05T09:29:48
2026-07-03,5,volume_expansion,33,1460,33.13,-5.34,8.58,2026-07-05T09:29:48
2026-07-03,5,volume_expansion,34,2390,73.31,41.93,13.25,2026-07-05T09:29:48
2026-07-03,5,volume_expansion,35,5490,52.49,29.78,30.45,2026-07-05T09:29:48
2026-07-03,5,volume_expansion,36,6143,55.28,39.25,106.5,2026-07-05T09:29:48
2026-07-03,5,volume_expansion,37,6782,72.17,50.0,209.5,2026-07-05T09:29:48
2026-07-03,5,volume_expansion,38,6574,87.86,49.83,122.0,2026-07-05T09:29:48
2026-07-03,5,volume_expansion,39,2719,12.73,11.71,24.3,2026-07-05T09:29:48
2026-07-03,5,volume_expansion,40,2348,36.75,24.83,76.0,2026-07-05T09:29:48
2026-07-03,5,volume_expansion,41,5488,48.92,9.18,15.45,2026-07-05T09:29:48
2026-07-03,5,volume_expansion,42,6264,29.54,32.63,6.11,2026-07-05T09:29:48
2026-07-03,5,volume_expansion,43,3511,70.69,48.18,25.5,2026-07-05T09:29:48
2026-07-03,5,volume_expansion,44,6279,62.26,42.57,123.5,2026-07-05T09:29:48
2026-07-03,5,volume_expansion,45,1806,48.86,43.85,8.51,2026-07-05T09:29:48
2026-07-03,5,volume_expansion,46,4303,27.57,22.31,47.85,2026-07-05T09:29:48
2026-07-03,5,volume_expansion,47,2908,59.08,36.15,21.45,2026-07-05T09:29:48
2026-07-03,5,volume_expansion,48,1304,48.23,19.25,15.5,2026-07-05T09:29:48
2026-07-03,5,volume_expansion,49,2615,77.84,49.88,82.8,2026-07-05T09:29:48
2026-07-03,5,volume_expansion,50,6142,54.87,38.48,9.99,2026-07-05T09:29:48
2026-07-03,20,big_holder_increase,1,2484,48.77,-5.34,96.4,2026-07-05T09:29:46
2026-07-03,20,big_holder_increase,2,8033,67.22,33.85,204.5,2026-07-05T09:29:46
2026-07-03,20,big_holder_increase,3,3413,58.89,40.43,326.5,2026-07-05T09:29:46
2026-07-03,20,big_holder_increase,4,3605,73.42,37.92,88.2,2026-07-05T09:29:46
2026-07-03,20,big_holder_increase,5,4989,78.59,28.51,110.5,2026-07-05T09:29:46
2026-07-03,20,big_holder_increase,6,6191,52.6,38.29,108.0,2026-07-05T09:29:46
2026-07-03,20,big_holder_increase,7,3227,92.11,63.25,235.0,2026-07-05T09:29:46
2026-07-03,20,big_holder_increase,8,6182,53.91,10.77,163.0,2026-07-05T09:29:46
2026-07-03,20,big_holder_increase,9,2483,29.95,1.75,67.1,2026-07-05T09:29:46
2026-07-03,20,big_holder_increase,10,6538,29.2,-12.76,135.5,2026-07-05T09:29:46
2026-07-03,20,big_holder_increase,11,3055,54.62,14.12,152.5,2026-07-05T09:29:46
2026-07-03,20,big_holder_increase,12,6409,57.38,43.61,1255.0,2026-07-05T09:29:46
2026-07-03,20,big_holder_increase,13,8150,42.96,19.11,105.0,2026-07-05T09:29:46
2026-07-03,20,big_holder_increase,14,5425,44.08,15.38,131.0,2026-07-05T09:29:46
2026-07-03,20,big_holder_increase,15,3081,22.3,16.61,2100.0,2026-07-05T09:29:46
2026-07-03,20,big_holder_increase,16,3583,38.6,13.26,851.0,2026-07-05T09:29:46
2026-07-03,20,big_holder_increase,17,2467,52.73,17.81,615.0,2026-07-05T09:29:46
2026-07-03,20,big_holder_increase,18,4533,50.11,24.37,30.85,2026-07-05T09:29:46
2026-07-03,20,big_holder_increase,19,2377,48.82,29.87,143.0,2026-07-05T09:29:46
2026-07-03,20,big_holder_increase,20,1314,55.92,25.28,9.88,2026-07-05T09:29:46
2026-07-03,20,big_holder_increase,21,2359,58.88,40.28,142.0,2026-07-05T09:29:46
2026-07-03,20,big_holder_increase,22,2449,47.11,29.7,335.0,2026-07-05T09:29:46
2026-07-03,20,big_holder_increase,23,4526,40.48,34.48,41.5,2026-07-05T09:29:46
2026-07-03,20,big_holder_increase,24,5269,56.54,33.8,1530.0,2026-07-05T09:29:46
2026-07-03,20,big_holder_increase,25,6584,47.17,18.5,707.0,2026-07-05T09:29:46
2026-07-03,20,big_holder_increase,26,3169,14.65,11.22,107.0,2026-07-05T09:29:46
2026-07-03,20,big_holder_increase,27,8476,3.07,-13.39,24.45,2026-07-05T09:29:46
2026-07-03,20,big_holder_increase,28,5493,21.35,19.54,93.0,2026-07-05T09:29:46
2026-07-03,20,big_holder_increase,29,3402,84.57,50.86,155.0,2026-07-05T09:29:46
2026-07-03,20,big_holder_increase,30,2634,63.78,33.84,60.0,2026-07-05T09:29:46
2026-07-03,20,big_holder_increase,31,6670,15.57,23.69,259.0,2026-07-05T09:29:46
2026-07-03,20,big_holder_increase,32,4977,-2.03,13.75,162.0,2026-07-05T09:29:46
2026-07-03,20,big_holder_increase,33,6224,42.8,10.91,86.4,2026-07-05T09:29:46
2026-07-03,20,big_holder_increase,34,3360,45.92,24.78,20.4,2026-07-05T09:29:46
2026-07-03,20,big_holder_increase,35,6190,34.75,7.69,85.8,2026-07-05T09:29:46
2026-07-03,20,big_holder_increase,36,3028,62.51,30.32,82.0,2026-07-05T09:29:46
2026-07-03,20,big_holder_increase,37,1312,44.7,18.68,15.1,2026-07-05T09:29:46
2026-07-03,20,big_holder_increase,38,3023,55.41,20.33,336.5,2026-07-05T09:29:46
2026-07-03,20,big_holder_increase,39,6438,32.46,9.72,165.0,2026-07-05T09:29:46
2026-07-03,20,big_holder_increase,40,5392,11.84,2.11,48.55,2026-07-05T09:29:46
2026-07-03,20,big_holder_increase,41,6206,57.65,46.66,132.5,2026-07-05T09:29:46
2026-07-03,20,big_holder_increase,42,1590,61.01,30.53,1440.0,2026-07-05T09:29:46
2026-07-03,20,big_holder_increase,43,4721,32.45,25.6,91.2,2026-07-05T09:29:46
2026-07-03,20,big_holder_increase,44,3624,48.04,18.94,155.0,2026-07-05T09:29:46
2026-07-03,20,big_holder_increase,45,2645,78.72,34.98,216.5,2026-07-05T09:29:46
2026-07-03,20,big_holder_increase,46,6226,33.01,8.46,24.0,2026-07-05T09:29:46
2026-07-03,20,big_holder_increase,47,2338,16.79,12.44,51.5,2026-07-05T09:29:46
2026-07-03,20,big_holder_increase,48,3014,34.2,12.31,160.0,2026-07-05T09:29:46
2026-07-03,20,big_holder_increase,49,3092,45.57,24.55,33.05,2026-07-05T09:29:46
2026-07-03,20,big_holder_increase,50,3033,46.97,29.93,50.4,2026-07-05T09:29:46
2026-07-03,20,chip_score,1,3596,79.06,63.45,197.5,2026-07-05T09:29:46
2026-07-03,20,chip_score,2,3227,92.11,63.25,235.0,2026-07-05T09:29:46
2026-07-03,20,chip_score,3,6023,103.43,76.71,101.5,2026-07-05T09:29:46
2026-07-03,20,chip_score,4,2801,82.62,65.95,23.3,2026-07-05T09:29:46
2026-07-03,20,chip_score,5,9935,95.52,59.35,20.5,2026-07-05T09:29:46
2026-07-03,20,chip_score,6,2897,84.82,66.98,10.55,2026-07-05T09:29:46
2026-07-03,20,chip_score,7,2890,93.16,74.5,39.7,2026-07-05T09:29:46
2026-07-03,20,chip_score,8,6703,85.23,58.46,118.0,2026-07-05T09:29:46
2026-07-03,20,chip_score,9,2845,72.06,59.82,13.15,2026-07-05T09:29:46
2026-07-03,20,chip_score,10,2892,83.21,59.42,32.4,2026-07-05T09:29:46
2026-07-03,20,chip_score,11,7828,70.81,49.47,2200.0,2026-07-05T09:29:46
2026-07-03,20,chip_score,12,4766,76.74,59.94,370.5,2026-07-05T09:29:46
2026-07-03,20,chip_score,13,2832,93.09,68.76,56.9,2026-07-05T09:29:46
2026-07-03,20,chip_score,14,6526,70.0,54.75,706.0,2026-07-05T09:29:46
2026-07-03,20,chip_score,15,1722,57.07,48.73,48.75,2026-07-05T09:29:46
2026-07-03,20,chip_score,16,9911,72.94,51.0,85.2,2026-07-05T09:29:46
2026-07-03,20,chip_score,17,2062,57.58,55.91,19.25,2026-07-05T09:29:46
2026-07-03,20,chip_score,18,6277,53.37,56.56,70.7,2026-07-05T09:29:46
2026-07-03,20,chip_score,19,6492,44.77,47.6,44.5,2026-07-05T09:29:46
2026-07-03,20,chip_score,20,1604,64.53,44.88,23.5,2026-07-05T09:29:46
2026-07-03,20,chip_score,21,4961,61.26,48.14,173.0,2026-07-05T09:29:46
2026-07-03,20,chip_score,22,5278,45.65,53.55,24.7,2026-07-05T09:29:46
2026-07-03,20,chip_score,23,4572,73.34,56.59,151.0,2026-07-05T09:29:46
2026-07-03,20,chip_score,24,2247,30.68,37.78,237.0,2026-07-05T09:29:46
2026-07-03,20,chip_score,25,6994,58.05,59.45,41.9,2026-07-05T09:29:46
2026-07-03,20,chip_score,26,5880,65.44,48.64,24.7,2026-07-05T09:29:46
2026-07-03,20,chip_score,27,9905,68.03,52.12,21.35,2026-07-05T09:29:46
2026-07-03,20,chip_score,28,2397,44.93,51.41,61.1,2026-07-05T09:29:46
2026-07-03,20,chip_score,29,8341,53.51,55.1,77.1,2026-07-05T09:29:46
2026-07-03,20,chip_score,30,8045,29.46,51.82,61.0,2026-07-05T09:29:46
2026-07-03,20,chip_score,31,2812,65.16,51.77,20.4,2026-07-05T09:29:46
2026-07-03,20,chip_score,32,1732,49.19,43.89,26.75,2026-07-05T09:29:46
2026-07-03,20,chip_score,33,2228,44.47,45.14,87.7,2026-07-05T09:29:46
2026-07-03,20,chip_score,34,2707,60.03,46.41,180.0,2026-07-05T09:29:46
2026-07-03,20,chip_score,35,2748,55.51,51.16,40.1,2026-07-05T09:29:46
2026-07-03,20,chip_score,36,9925,66.22,45.88,40.85,2026-07-05T09:29:46
2026-07-03,20,chip_score,37,3045,59.72,45.63,116.5,2026-07-05T09:29:46
2026-07-03,20,chip_score,38,1339,51.92,38.58,44.75,2026-07-05T09:29:46
2026-07-03,20,chip_score,39,3402,84.57,50.86,155.0,2026-07-05T09:29:46
2026-07-03,20,chip_score,40,6122,68.3,36.34,51.5,2026-07-05T09:29:46
2026-07-03,20,chip_score,41,2030,63.24,50.24,19.25,2026-07-05T09:29:46
2026-07-03,20,chip_score,42,6409,57.38,43.61,1255.0,2026-07-05T09:29:46
2026-07-03,20,chip_score,43,4588,53.61,56.36,59.6,2026-07-05T09:29:46
2026-07-03,20,chip_score,44,1720,63.72,41.43,63.9,2026-07-05T09:29:46
2026-07-03,20,chip_score,45,2887,93.99,61.46,34.15,2026-07-05T09:29:46
2026-07-03,20,chip_score,46,2636,66.43,46.52,71.3,2026-07-05T09:29:46
2026-07-03,20,chip_score,47,2610,71.04,49.43,22.55,2026-07-05T09:29:46
2026-07-03,20,chip_score,48,1702,56.34,41.93,32.55,2026-07-05T09:29:46
2026-07-03,20,chip_score,49,2611,67.47,49.47,14.3,2026-07-05T09:29:46
2026-07-03,20,chip_score,50,2867,50.66,42.8,8.56,2026-07-05T09:29:46
2026-07-03,20,foreign_buy,1,2303,-3.83,-22.33,170.5,2026-07-05T09:29:46
2026-07-03,20,foreign_buy,2,2002,-23.66,-2.49,18.95,2026-07-05T09:29:46
2026-07-03,20,foreign_buy,3,2887,93.99,61.46,34.15,2026-07-05T09:29:46
2026-07-03,20,foreign_buy,4,1301,36.58,-6.28,62.1,2026-07-05T09:29:46
2026-07-03,20,foreign_buy,5,2618,65.16,40.08,43.85,2026-07-05T09:29:46
2026-07-03,20,foreign_buy,6,1314,55.92,25.28,9.88,2026-07-05T09:29:46
2026-07-03,20,foreign_buy,7,2834,70.98,46.96,17.95,2026-07-05T09:29:46
2026-07-03,20,foreign_buy,8,5880,65.44,48.64,24.7,2026-07-05T09:29:46
2026-07-03,20,foreign_buy,9,2610,71.04,49.43,22.55,2026-07-05T09:29:46
2026-07-03,20,foreign_buy,10,2609,-1.24,6.53,52.4,2026-07-05T09:29:46
2026-07-03,20,foreign_buy,11,2882,6.44,4.01,93.6,2026-07-05T09:29:46
2026-07-03,20,foreign_buy,12,1802,29.62,9.67,68.8,2026-07-05T09:29:46
2026-07-03,20,foreign_buy,13,2867,50.66,42.8,8.56,2026-07-05T09:29:46
2026-07-03,20,foreign_buy,14,2449,47.11,29.7,335.0,2026-07-05T09:29:46
2026-07-03,20,foreign_buy,15,2812,65.16,51.77,20.4,2026-07-05T09:29:46
2026-07-03,20,foreign_buy,16,2801,82.62,65.95,23.3,2026-07-05T09:29:46
2026-07-03,20,foreign_buy,17,2891,16.34,-2.62,70.6,2026-07-05T09:29:46
2026-07-03,20,foreign_buy,18,6005,-6.06,-4.91,38.15,2026-07-05T09:29:46
2026-07-03,20,foreign_buy,19,3036,-2.53,1.83,221.5,2026-07-05T09:29:46
2026-07-03,20,foreign_buy,20,2006,18.21,12.6,69.4,2026-07-05T09:29:46
2026-07-03,20,foreign_buy,21,2885,26.45,9.56,67.2,2026-07-05T09:29:46
2026-07-03,20,foreign_buy,22,6176,-36.98,-20.67,90.3,2026-07-05T09:29:46
2026-07-03,20,foreign_buy,23,6213,80.24,49.96,394.0,2026-07-05T09:29:46
2026-07-03,20,foreign_buy,24,1303,78.79,48.23,197.0,2026-07-05T09:29:46
2026-07-03,20,foreign_buy,25,2401,55.25,32.0,33.45,2026-07-05T09:29:46
2026-07-03,20,foreign_buy,26,1718,47.29,5.91,14.95,2026-07-05T09:29:46
2026-07-03,20,foreign_buy,27,2634,63.78,33.84,60.0,2026-07-05T09:29:46
2026-07-03,20,foreign_buy,28,2353,7.16,18.6,32.9,2026-07-05T09:29:46
2026-07-03,20,foreign_buy,29,3711,34.36,0.93,682.0,2026-07-05T09:29:46
2026-07-03,20,foreign_buy,30,2897,84.82,66.98,10.55,2026-07-05T09:29:46
2026-07-03,20,foreign_buy,31,1714,61.36,37.32,22.75,2026-07-05T09:29:46
2026-07-03,20,foreign_buy,32,2637,16.37,19.68,74.3,2026-07-05T09:29:46
2026-07-03,20,foreign_buy,33,1312,44.7,18.68,15.1,2026-07-05T09:29:46
2026-07-03,20,foreign_buy,34,2515,73.73,51.01,14.3,2026-07-05T09:29:46
2026-07-03,20,foreign_buy,35,1313,67.83,32.56,14.3,2026-07-05T09:29:46
2026-07-03,20,foreign_buy,36,8046,61.1,37.89,1185.0,2026-07-05T09:29:46
2026-07-03,20,foreign_buy,37,1815,35.09,35.4,101.5,2026-07-05T09:29:46
2026-07-03,20,foreign_buy,38,8033,67.22,33.85,204.5,2026-07-05T09:29:46
2026-07-03,20,foreign_buy,39,1102,-7.66,-24.4,36.45,2026-07-05T09:29:46
2026-07-03,20,foreign_buy,40,3264,67.52,25.73,247.0,2026-07-05T09:29:46
2026-07-03,20,foreign_buy,41,5483,57.8,17.7,210.5,2026-07-05T09:29:46
2026-07-03,20,foreign_buy,42,1326,52.13,9.29,68.0,2026-07-05T09:29:46
2026-07-03,20,foreign_buy,43,1909,56.29,40.83,10.3,2026-07-05T09:29:46
2026-07-03,20,foreign_buy,44,5347,43.34,23.65,193.5,2026-07-05T09:29:46
2026-07-03,20,foreign_buy,45,6919,-43.54,-15.99,99.7,2026-07-05T09:29:46
2026-07-03,20,foreign_buy,46,2890,93.16,74.5,39.7,2026-07-05T09:29:46
2026-07-03,20,foreign_buy,47,2606,43.5,48.66,61.8,2026-07-05T09:29:46
2026-07-03,20,foreign_buy,48,2501,35.36,37.89,24.25,2026-07-05T09:29:46
2026-07-03,20,foreign_buy,49,3715,22.7,36.99,172.0,2026-07-05T09:29:46
2026-07-03,20,foreign_buy,50,3035,25.23,17.17,222.5,2026-07-05T09:29:46
2026-07-03,20,foreign_trust_same_buy,1,2887,93.99,61.46,34.15,2026-07-05T09:29:46
2026-07-03,20,foreign_trust_same_buy,2,2890,93.16,74.5,39.7,2026-07-05T09:29:46
2026-07-03,20,foreign_trust_same_buy,3,2801,82.62,65.95,23.3,2026-07-05T09:29:46
2026-07-03,20,foreign_trust_same_buy,4,2610,71.04,49.43,22.55,2026-07-05T09:29:46
2026-07-03,20,foreign_trust_same_buy,5,1303,78.79,48.23,197.0,2026-07-05T09:29:46
2026-07-03,20,foreign_trust_same_buy,6,2812,65.16,51.77,20.4,2026-07-05T09:29:46
2026-07-03,20,foreign_trust_same_buy,7,6213,80.24,49.96,394.0,2026-07-05T09:29:46
2026-07-03,20,foreign_trust_same_buy,8,3045,59.72,45.63,116.5,2026-07-05T09:29:46
2026-07-03,20,foreign_trust_same_buy,9,2401,55.25,32.0,33.45,2026-07-05T09:29:46
2026-07-03,20,foreign_trust_same_buy,10,2634,63.78,33.84,60.0,2026-07-05T09:29:46
2026-07-03,20,foreign_trust_same_buy,11,8046,61.1,37.89,1185.0,2026-07-05T09:29:46
2026-07-03,20,foreign_trust_same_buy,12,2897,84.82,66.98,10.55,2026-07-05T09:29:46
2026-07-03,20,foreign_trust_same_buy,13,5347,43.34,23.65,193.5,2026-07-05T09:29:46
2026-07-03,20,foreign_trust_same_buy,14,1714,61.36,37.32,22.75,2026-07-05T09:29:46
2026-07-03,20,foreign_trust_same_buy,15,5483,57.8,17.7,210.5,2026-07-05T09:29:46
2026-07-03,20,foreign_trust_same_buy,16,1815,35.09,35.4,101.5,2026-07-05T09:29:46
2026-07-03,20,foreign_trust_same_buy,17,6191,52.6,38.29,108.0,2026-07-05T09:29:46
2026-07-03,20,foreign_trust_same_buy,18,1326,52.13,9.29,68.0,2026-07-05T09:29:46
2026-07-03,20,foreign_trust_same_buy,19,2501,35.36,37.89,24.25,2026-07-05T09:29:46
2026-07-03,20,foreign_trust_same_buy,20,3715,22.7,36.99,172.0,2026-07-05T09:29:46
2026-07-03,20,foreign_trust_same_buy,21,3035,25.23,17.17,222.5,2026-07-05T09:29:46
2026-07-03,20,foreign_trust_same_buy,22,2388,34.39,34.82,71.2,2026-07-05T09:29:46
2026-07-03,20,foreign_trust_same_buy,23,6257,69.33,24.9,254.5,2026-07-05T09:29:46
2026-07-03,20,foreign_trust_same_buy,24,2547,79.52,51.63,11.55,2026-07-05T09:29:46
2026-07-03,20,foreign_trust_same_buy,25,6962,44.7,44.54,38.9,2026-07-05T09:29:46
2026-07-03,20,foreign_trust_same_buy,26,9933,25.66,27.61,40.95,2026-07-05T09:29:46
2026-07-03,20,foreign_trust_same_buy,27,2323,34.81,21.39,12.0,2026-07-05T09:29:46
2026-07-03,20,foreign_trust_same_buy,28,1785,96.67,47.38,156.0,2026-07-05T09:29:46
2026-07-03,20,foreign_trust_same_buy,29,3227,92.11,63.25,235.0,2026-07-05T09:29:46
2026-07-03,20,foreign_trust_same_buy,30,1717,48.65,14.74,81.6,2026-07-05T09:29:46
2026-07-03,20,foreign_trust_same_buy,31,2615,44.79,29.2,82.8,2026-07-05T09:29:46
2026-07-03,20,foreign_trust_same_buy,32,2316,54.91,23.75,221.5,2026-07-05T09:29:46
2026-07-03,20,foreign_trust_same_buy,33,3596,79.06,63.45,197.5,2026-07-05T09:29:46
2026-07-03,20,foreign_trust_same_buy,34,2646,42.11,46.07,21.3,2026-07-05T09:29:46
2026-07-03,20,foreign_trust_same_buy,35,2436,48.37,36.07,75.9,2026-07-05T09:29:46
2026-07-03,20,foreign_trust_same_buy,36,4532,63.75,24.15,29.1,2026-07-05T09:29:46
2026-07-03,20,foreign_trust_same_buy,37,6446,84.72,62.38,1395.0,2026-07-05T09:29:46
2026-07-03,20,foreign_trust_same_buy,38,1810,63.97,24.39,23.25,2026-07-05T09:29:46
2026-07-03,20,foreign_trust_same_buy,39,6202,32.05,13.49,67.0,2026-07-05T09:29:46
2026-07-03,20,foreign_trust_same_buy,40,2363,39.83,25.68,70.6,2026-07-05T09:29:46
2026-07-03,20,foreign_trust_same_buy,41,6509,64.52,16.05,55.6,2026-07-05T09:29:46
2026-07-03,20,foreign_trust_same_buy,42,5534,62.97,56.72,80.5,2026-07-05T09:29:46
2026-07-03,20,foreign_trust_same_buy,43,6491,86.56,44.73,372.5,2026-07-05T09:29:46
2026-07-03,20,foreign_trust_same_buy,44,6409,57.38,43.61,1255.0,2026-07-05T09:29:46
2026-07-03,20,foreign_trust_same_buy,45,1907,60.69,39.08,28.15,2026-07-05T09:29:46
2026-07-03,20,foreign_trust_same_buy,46,8996,48.41,32.31,1380.0,2026-07-05T09:29:46
2026-07-03,20,foreign_trust_same_buy,47,1229,49.19,29.28,43.75,2026-07-05T09:29:46
2026-07-03,20,foreign_trust_same_buy,48,5434,79.69,46.9,531.0,2026-07-05T09:29:46
2026-07-03,20,foreign_trust_same_buy,49,2493,26.21,12.28,314.0,2026-07-05T09:29:46
2026-07-03,20,foreign_trust_same_buy,50,3402,84.57,50.86,155.0,2026-07-05T09:29:46
2026-07-03,20,high_52w_inst_buy,1,1303,78.79,48.23,197.0,2026-07-05T09:29:46
2026-07-03,20,high_52w_inst_buy,2,6213,80.24,49.96,394.0,2026-07-05T09:29:46
2026-07-03,20,high_52w_inst_buy,3,1714,61.36,37.32,22.75,2026-07-05T09:29:46
2026-07-03,20,high_52w_inst_buy,4,6182,53.91,10.77,163.0,2026-07-05T09:29:46
2026-07-03,20,high_52w_inst_buy,5,6257,69.33,24.9,254.5,2026-07-05T09:29:46
2026-07-03,20,high_52w_inst_buy,6,3374,55.75,20.17,313.0,2026-07-05T09:29:46
2026-07-03,20,high_52w_inst_buy,7,6446,84.72,62.38,1395.0,2026-07-05T09:29:46
2026-07-03,20,high_52w_inst_buy,8,6488,45.45,12.39,1255.0,2026-07-05T09:29:46
2026-07-03,20,high_52w_inst_buy,9,2484,48.77,-5.34,96.4,2026-07-05T09:29:46
2026-07-03,20,high_52w_inst_buy,10,3026,66.39,15.69,988.0,2026-07-05T09:29:46
2026-07-03,20,high_52w_inst_buy,11,8096,27.4,5.0,157.5,2026-07-05T09:29:46
2026-07-03,20,high_52w_inst_buy,12,2383,87.29,44.21,6080.0,2026-07-05T09:29:46
2026-07-03,20,high_52w_inst_buy,13,2483,29.95,1.75,67.1,2026-07-05T09:29:46
2026-07-03,20,high_52w_inst_buy,14,4551,17.52,-6.88,265.0,2026-07-05T09:29:46
2026-07-03,20,high_52w_inst_buy,15,2243,46.72,22.12,65.9,2026-07-05T09:29:46
2026-07-03,20,high_52w_inst_buy,16,6174,50.28,7.51,61.8,2026-07-05T09:29:46
2026-07-03,20,high_52w_inst_buy,17,6223,74.79,39.62,7380.0,2026-07-05T09:29:46
2026-07-03,20,high_52w_inst_buy,18,8182,44.95,-2.69,59.0,2026-07-05T09:29:46
2026-07-03,20,high_52w_inst_buy,19,3532,29.23,3.69,440.0,2026-07-05T09:29:46
2026-07-03,20,high_52w_inst_buy,20,2345,57.8,21.88,2735.0,2026-07-05T09:29:46
2026-07-03,20,high_52w_inst_buy,21,1718,47.29,5.91,14.95,2026-07-05T09:29:46
2026-07-03,20,high_52w_inst_buy,22,6196,68.79,32.52,588.0,2026-07-05T09:29:46
2026-07-03,20,high_52w_inst_buy,23,2059,55.16,20.38,8000.0,2026-07-05T09:29:46
2026-07-03,20,high_52w_inst_buy,24,1326,52.13,9.29,68.0,2026-07-05T09:29:46
2026-07-03,20,high_52w_inst_buy,25,5483,57.8,17.7,210.5,2026-07-05T09:29:46
2026-07-03,20,high_52w_inst_buy,26,2428,65.44,24.63,342.0,2026-07-05T09:29:46
2026-07-03,20,high_52w_inst_buy,27,7610,64.44,39.18,2550.0,2026-07-05T09:29:46
2026-07-03,20,high_52w_inst_buy,28,2434,32.28,-3.08,57.7,2026-07-05T09:29:46
2026-07-03,20,high_52w_inst_buy,29,3055,54.62,14.12,152.5,2026-07-05T09:29:46
2026-07-03,20,high_52w_inst_buy,30,6509,64.52,16.05,55.6,2026-07-05T09:29:46
2026-07-03,20,high_52w_inst_buy,31,4952,44.62,7.77,60.1,2026-07-05T09:29:46
2026-07-03,20,high_52w_inst_buy,32,2887,93.99,61.46,34.15,2026-07-05T09:29:46
2026-07-03,20,high_52w_inst_buy,33,5904,55.29,21.17,721.0,2026-07-05T09:29:46
2026-07-03,20,high_52w_inst_buy,34,1444,54.2,20.4,9.95,2026-07-05T09:29:46
2026-07-03,20,high_52w_inst_buy,35,1301,36.58,-6.28,62.1,2026-07-05T09:29:46
2026-07-03,20,high_52w_inst_buy,36,2236,56.96,22.13,184.0,2026-07-05T09:29:46
2026-07-03,20,high_52w_inst_buy,37,3141,77.37,28.79,82.7,2026-07-05T09:29:46
2026-07-03,20,high_52w_inst_buy,38,3594,58.15,29.61,58.7,2026-07-05T09:29:46
2026-07-03,20,high_52w_inst_buy,39,1515,39.24,-2.31,42.0,2026-07-05T09:29:46
2026-07-03,20,high_52w_inst_buy,40,2645,78.72,34.98,216.5,2026-07-05T09:29:46
2026-07-03,20,high_52w_inst_buy,41,2103,85.44,41.15,23.5,2026-07-05T09:29:46
2026-07-03,20,high_52w_inst_buy,42,2527,43.37,12.28,41.2,2026-07-05T09:29:46
2026-07-03,20,high_52w_inst_buy,43,8109,95.81,51.22,140.5,2026-07-05T09:29:46
2026-07-03,20,high_52w_inst_buy,44,3213,76.48,49.57,142.5,2026-07-05T09:29:46
2026-07-03,20,high_52w_inst_buy,45,2890,93.16,74.5,39.7,2026-07-05T09:29:46
2026-07-03,20,high_52w_inst_buy,46,8033,67.22,33.85,204.5,2026-07-05T09:29:46
2026-07-03,20,high_52w_inst_buy,47,8476,3.07,-13.39,24.45,2026-07-05T09:29:46
2026-07-03,20,high_52w_inst_buy,48,3022,33.83,17.65,87.1,2026-07-05T09:29:46
2026-07-03,20,high_52w_inst_buy,49,6491,86.56,44.73,372.5,2026-07-05T09:29:46
2026-07-03,20,high_52w_inst_buy,50,4771,78.84,46.98,215.0,2026-07-05T09:29:46
2026-07-03,20,inst_buy,1,2887,93.99,61.46,34.15,2026-07-05T09:29:46
2026-07-03,20,inst_buy,2,2890,93.16,74.5,39.7,2026-07-05T09:29:46
2026-07-03,20,inst_buy,3,2892,83.21,59.42,32.4,2026-07-05T09:29:46
2026-07-03,20,inst_buy,4,2801,82.62,65.95,23.3,2026-07-05T09:29:46
2026-07-03,20,inst_buy,5,2618,65.16,40.08,43.85,2026-07-05T09:29:46
2026-07-03,20,inst_buy,6,2610,71.04,49.43,22.55,2026-07-05T09:29:46
2026-07-03,20,inst_buy,7,1314,55.92,25.28,9.88,2026-07-05T09:29:46
2026-07-03,20,inst_buy,8,1303,78.79,48.23,197.0,2026-07-05T09:29:46
2026-07-03,20,inst_buy,9,2834,70.98,46.96,17.95,2026-07-05T09:29:46
2026-07-03,20,inst_buy,10,2883,30.24,15.05,28.45,2026-07-05T09:29:46
2026-07-03,20,inst_buy,11,5880,65.44,48.64,24.7,2026-07-05T09:29:46
2026-07-03,20,inst_buy,12,2884,43.81,38.55,33.7,2026-07-05T09:29:46
2026-07-03,20,inst_buy,13,1301,36.58,-6.28,62.1,2026-07-05T09:29:46
2026-07-03,20,inst_buy,14,2845,72.06,59.82,13.15,2026-07-05T09:29:46
2026-07-03,20,inst_buy,15,1402,39.11,27.74,29.1,2026-07-05T09:29:46
2026-07-03,20,inst_buy,16,1802,29.62,9.67,68.8,2026-07-05T09:29:46
2026-07-03,20,inst_buy,17,2867,50.66,42.8,8.56,2026-07-05T09:29:46
2026-07-03,20,inst_buy,18,2812,65.16,51.77,20.4,2026-07-05T09:29:46
2026-07-03,20,inst_buy,19,2886,40.93,23.82,45.5,2026-07-05T09:29:46
2026-07-03,20,inst_buy,20,6213,80.24,49.96,394.0,2026-07-05T09:29:46
2026-07-03,20,inst_buy,21,2449,47.11,29.7,335.0,2026-07-05T09:29:46
2026-07-03,20,inst_buy,22,2377,48.82,29.87,143.0,2026-07-05T09:29:46
2026-07-03,20,inst_buy,23,2382,47.22,49.85,377.0,2026-07-05T09:29:46
2026-07-03,20,inst_buy,24,1216,51.7,40.27,76.3,2026-07-05T09:29:46
2026-07-03,20,inst_buy,25,2408,42.93,24.05,409.5,2026-07-05T09:29:46
2026-07-03,20,inst_buy,26,3045,59.72,45.63,116.5,2026-07-05T09:29:46
2026-07-03,20,inst_buy,27,2401,55.25,32.0,33.45,2026-07-05T09:29:46
2026-07-03,20,inst_buy,28,1718,47.29,5.91,14.95,2026-07-05T09:29:46
2026-07-03,20,inst_buy,29,2634,63.78,33.84,60.0,2026-07-05T09:29:46
2026-07-03,20,inst_buy,30,8046,61.1,37.89,1185.0,2026-07-05T09:29:46
2026-07-03,20,inst_buy,31,2897,84.82,66.98,10.55,2026-07-05T09:29:46
2026-07-03,20,inst_buy,32,5347,43.34,23.65,193.5,2026-07-05T09:29:46
2026-07-03,20,inst_buy,33,2542,49.29,50.82,43.65,2026-07-05T09:29:46
2026-07-03,20,inst_buy,34,1714,61.36,37.32,22.75,2026-07-05T09:29:46
2026-07-03,20,inst_buy,35,2882,6.44,4.01,93.6,2026-07-05T09:29:46
2026-07-03,20,inst_buy,36,5483,57.8,17.7,210.5,2026-07-05T09:29:46
2026-07-03,20,inst_buy,37,1312,44.7,18.68,15.1,2026-07-05T09:29:46
2026-07-03,20,inst_buy,38,2881,21.6,11.73,121.0,2026-07-05T09:29:46
2026-07-03,20,inst_buy,39,2515,73.73,51.01,14.3,2026-07-05T09:29:46
2026-07-03,20,inst_buy,40,1313,67.83,32.56,14.3,2026-07-05T09:29:46
2026-07-03,20,inst_buy,41,1815,35.09,35.4,101.5,2026-07-05T09:29:46
2026-07-03,20,inst_buy,42,6191,52.6,38.29,108.0,2026-07-05T09:29:46
2026-07-03,20,inst_buy,43,8033,67.22,33.85,204.5,2026-07-05T09:29:46
2026-07-03,20,inst_buy,44,6182,53.91,10.77,163.0,2026-07-05T09:29:46
2026-07-03,20,inst_buy,45,1326,52.13,9.29,68.0,2026-07-05T09:29:46
2026-07-03,20,inst_buy,46,1909,56.29,40.83,10.3,2026-07-05T09:29:46
2026-07-03,20,inst_buy,47,2501,35.36,37.89,24.25,2026-07-05T09:29:46
2026-07-03,20,inst_buy,48,1210,48.84,25.6,58.0,2026-07-05T09:29:46
2026-07-03,20,inst_buy,49,3715,22.7,36.99,172.0,2026-07-05T09:29:46
2026-07-03,20,inst_buy,50,3035,25.23,17.17,222.5,2026-07-05T09:29:46
2026-07-03,20,inst_buy_volume,1,8047,5.7,17.65,47.05,2026-07-05T09:29:46
2026-07-03,20,inst_buy_volume,2,5324,30.79,36.16,12.15,2026-07-05T09:29:46
2026-07-03,20,inst_buy_volume,3,2006,18.21,12.6,69.4,2026-07-05T09:29:46
2026-07-03,20,inst_buy_volume,4,6491,86.56,44.73,372.5,2026-07-05T09:29:46
2026-07-03,20,inst_buy_volume,5,4130,52.51,48.74,27.8,2026-07-05T09:29:46
2026-07-03,20,inst_buy_volume,6,1702,56.34,41.93,32.55,2026-07-05T09:29:46
2026-07-03,20,inst_buy_volume,7,1439,34.43,33.6,24.1,2026-07-05T09:29:46
2026-07-03,20,inst_buy_volume,8,4736,59.38,36.6,126.0,2026-07-05T09:29:46
2026-07-03,20,inst_buy_volume,9,2707,60.03,46.41,180.0,2026-07-05T09:29:46
2026-07-03,20,inst_buy_volume,10,1227,60.33,46.7,30.0,2026-07-05T09:29:46
2026-07-03,20,inst_buy_volume,11,4506,59.07,38.29,123.5,2026-07-05T09:29:46
2026-07-03,20,inst_buy_volume,12,5880,65.44,48.64,24.7,2026-07-05T09:29:46
2026-07-03,20,inst_buy_volume,13,6414,26.31,32.12,375.5,2026-07-05T09:29:46
2026-07-03,20,inst_buy_volume,14,3533,24.53,13.29,2175.0,2026-07-05T09:29:46
2026-07-03,20,inst_buy_volume,15,2637,16.37,19.68,74.3,2026-07-05T09:29:46
2026-07-03,20,inst_buy_volume,16,2897,84.82,66.98,10.55,2026-07-05T09:29:46
2026-07-03,20,inst_buy_volume,17,4536,72.84,37.75,172.5,2026-07-05T09:29:46
2026-07-03,20,inst_buy_volume,18,7610,64.44,39.18,2550.0,2026-07-05T09:29:46
2026-07-03,20,inst_buy_volume,19,1722,57.07,48.73,48.75,2026-07-05T09:29:46
2026-07-03,20,inst_buy_volume,20,3052,45.41,30.32,11.05,2026-07-05T09:29:46
2026-07-03,20,inst_buy_volume,21,2062,57.58,55.91,19.25,2026-07-05T09:29:46
2026-07-03,20,inst_buy_volume,22,4766,76.74,59.94,370.5,2026-07-05T09:29:46
2026-07-03,20,inst_buy_volume,23,1734,67.78,41.15,33.6,2026-07-05T09:29:46
2026-07-03,20,inst_buy_volume,24,2748,55.51,51.16,40.1,2026-07-05T09:29:46
2026-07-03,20,inst_buy_volume,25,6994,58.05,59.45,41.9,2026-07-05T09:29:46
2026-07-03,20,inst_buy_volume,26,8942,39.44,34.44,41.0,2026-07-05T09:29:46
2026-07-03,20,inst_buy_volume,27,6535,-35.38,-13.1,107.5,2026-07-05T09:29:46
2026-07-03,20,inst_buy_volume,28,6121,28.95,7.85,425.0,2026-07-05T09:29:46
2026-07-03,20,inst_buy_volume,29,4306,73.26,45.61,16.55,2026-07-05T09:29:46
2026-07-03,20,inst_buy_volume,30,1909,56.29,40.83,10.3,2026-07-05T09:29:46
2026-07-03,20,inst_buy_volume,31,8927,66.47,63.86,21.75,2026-07-05T09:29:46
2026-07-03,20,inst_buy_volume,32,5460,52.34,34.41,19.3,2026-07-05T09:29:46
2026-07-03,20,inst_buy_volume,33,2910,62.88,41.93,22.6,2026-07-05T09:29:46
2026-07-03,20,inst_buy_volume,34,5536,51.07,32.6,1430.0,2026-07-05T09:29:46
2026-07-03,20,inst_buy_volume,35,6023,103.43,76.71,101.5,2026-07-05T09:29:46
2026-07-03,20,inst_buy_volume,36,4127,64.35,49.13,69.8,2026-07-05T09:29:46
2026-07-03,20,inst_buy_volume,37,6657,20.29,37.3,37.15,2026-07-05T09:29:46
2026-07-03,20,inst_buy_volume,38,2867,50.66,42.8,8.56,2026-07-05T09:29:46
2026-07-03,20,inst_buy_volume,39,2611,67.47,49.47,14.3,2026-07-05T09:29:46
2026-07-03,20,inst_buy_volume,40,3413,58.89,40.43,326.5,2026-07-05T09:29:46
2026-07-03,20,inst_buy_volume,41,4105,43.57,25.99,77.9,2026-07-05T09:29:46
2026-07-03,20,inst_buy_volume,42,2812,65.16,51.77,20.4,2026-07-05T09:29:46
2026-07-03,20,inst_buy_volume,43,6277,53.37,56.56,70.7,2026-07-05T09:29:46
2026-07-03,20,inst_buy_volume,44,2107,62.54,40.45,25.8,2026-07-05T09:29:46
2026-07-03,20,inst_buy_volume,45,1477,-1.39,8.63,228.5,2026-07-05T09:29:46
2026-07-03,20,inst_buy_volume,46,5236,65.48,48.73,169.0,2026-07-05T09:29:46
2026-07-03,20,inst_buy_volume,47,3402,84.57,50.86,155.0,2026-07-05T09:29:46
2026-07-03,20,inst_buy_volume,48,2228,44.47,45.14,87.7,2026-07-05T09:29:46
2026-07-03,20,inst_buy_volume,49,3546,64.09,66.14,82.8,2026-07-05T09:29:46
2026-07-03,20,inst_buy_volume,50,9911,72.94,51.0,85.2,2026-07-05T09:29:46
2026-07-03,20,margin_down_foreign_buy,1,2002,-23.66,-2.49,18.95,2026-07-05T09:29:46
2026-07-03,20,margin_down_foreign_buy,2,2887,93.99,61.46,34.15,2026-07-05T09:29:46
2026-07-03,20,margin_down_foreign_buy,3,2618,65.16,40.08,43.85,2026-07-05T09:29:46
2026-07-03,20,margin_down_foreign_buy,4,2834,70.98,46.96,17.95,2026-07-05T09:29:46
2026-07-03,20,margin_down_foreign_buy,5,5880,65.44,48.64,24.7,2026-07-05T09:29:46
2026-07-03,20,margin_down_foreign_buy,6,1802,29.62,9.67,68.8,2026-07-05T09:29:46
2026-07-03,20,margin_down_foreign_buy,7,2449,47.11,29.7,335.0,2026-07-05T09:29:46
2026-07-03,20,margin_down_foreign_buy,8,2812,65.16,51.77,20.4,2026-07-05T09:29:46
2026-07-03,20,margin_down_foreign_buy,9,2801,82.62,65.95,23.3,2026-07-05T09:29:46
2026-07-03,20,margin_down_foreign_buy,10,2891,16.34,-2.62,70.6,2026-07-05T09:29:46
2026-07-03,20,margin_down_foreign_buy,11,6005,-6.06,-4.91,38.15,2026-07-05T09:29:46
2026-07-03,20,margin_down_foreign_buy,12,2006,18.21,12.6,69.4,2026-07-05T09:29:46
2026-07-03,20,margin_down_foreign_buy,13,2885,26.45,9.56,67.2,2026-07-05T09:29:46
2026-07-03,20,margin_down_foreign_buy,14,6213,80.24,49.96,394.0,2026-07-05T09:29:46
2026-07-03,20,margin_down_foreign_buy,15,1303,78.79,48.23,197.0,2026-07-05T09:29:46
2026-07-03,20,margin_down_foreign_buy,16,2401,55.25,32.0,33.45,2026-07-05T09:29:46
2026-07-03,20,margin_down_foreign_buy,17,2634,63.78,33.84,60.0,2026-07-05T09:29:46
2026-07-03,20,margin_down_foreign_buy,18,2897,84.82,66.98,10.55,2026-07-05T09:29:46
2026-07-03,20,margin_down_foreign_buy,19,1714,61.36,37.32,22.75,2026-07-05T09:29:46
2026-07-03,20,margin_down_foreign_buy,20,2637,16.37,19.68,74.3,2026-07-05T09:29:46
2026-07-03,20,margin_down_foreign_buy,21,2515,73.73,51.01,14.3,2026-07-05T09:29:46
2026-07-03,20,margin_down_foreign_buy,22,1815,35.09,35.4,101.5,2026-07-05T09:29:46
2026-07-03,20,margin_down_foreign_buy,23,1102,-7.66,-24.4,36.45,2026-07-05T09:29:46
2026-07-03,20,margin_down_foreign_buy,24,3264,67.52,25.73,247.0,2026-07-05T09:29:46
2026-07-03,20,margin_down_foreign_buy,25,1909,56.29,40.83,10.3,2026-07-05T09:29:46
2026-07-03,20,margin_down_foreign_buy,26,2890,93.16,74.5,39.7,2026-07-05T09:29:46
2026-07-03,20,margin_down_foreign_buy,27,3715,22.7,36.99,172.0,2026-07-05T09:29:46
2026-07-03,20,margin_down_foreign_buy,28,3035,25.23,17.17,222.5,2026-07-05T09:29:46
2026-07-03,20,margin_down_foreign_buy,29,2388,34.39,34.82,71.2,2026-07-05T09:29:46
2026-07-03,20,margin_down_foreign_buy,30,6257,69.33,24.9,254.5,2026-07-05T09:29:46
2026-07-03,20,margin_down_foreign_buy,31,2027,26.91,24.72,41.15,2026-07-05T09:29:46
2026-07-03,20,margin_down_foreign_buy,32,6962,44.7,44.54,38.9,2026-07-05T09:29:46
2026-07-03,20,margin_down_foreign_buy,33,2441,27.79,11.3,142.0,2026-07-05T09:29:46
2026-07-03,20,margin_down_foreign_buy,34,1722,57.07,48.73,48.75,2026-07-05T09:29:46
2026-07-03,20,margin_down_foreign_buy,35,9933,25.66,27.61,40.95,2026-07-05T09:29:46
2026-07-03,20,margin_down_foreign_buy,36,6505,50.06,18.22,58.9,2026-07-05T09:29:46
2026-07-03,20,margin_down_foreign_buy,37,3044,15.79,2.18,520.0,2026-07-05T09:29:46
2026-07-03,20,margin_down_foreign_buy,38,3714,-0.2,11.35,62.3,2026-07-05T09:29:46
2026-07-03,20,margin_down_foreign_buy,39,5425,44.08,15.38,131.0,2026-07-05T09:29:46
2026-07-03,20,margin_down_foreign_buy,40,2301,-13.85,-6.36,219.0,2026-07-05T09:29:46
2026-07-03,20,margin_down_foreign_buy,41,2547,79.52,51.63,11.55,2026-07-05T09:29:46
2026-07-03,20,margin_down_foreign_buy,42,2915,30.13,23.39,51.8,2026-07-05T09:29:46
2026-07-03,20,margin_down_foreign_buy,43,2615,44.79,29.2,82.8,2026-07-05T09:29:46
2026-07-03,20,margin_down_foreign_buy,44,6672,43.23,28.91,315.0,2026-07-05T09:29:46
2026-07-03,20,margin_down_foreign_buy,45,2426,19.04,2.72,79.0,2026-07-05T09:29:46
2026-07-03,20,margin_down_foreign_buy,46,2340,13.28,15.45,38.1,2026-07-05T09:29:46
2026-07-03,20,margin_down_foreign_buy,47,1227,60.33,46.7,30.0,2026-07-05T09:29:46
2026-07-03,20,margin_down_foreign_buy,48,1717,48.65,14.74,81.6,2026-07-05T09:29:46
2026-07-03,20,margin_down_foreign_buy,49,2316,54.91,23.75,221.5,2026-07-05T09:29:46
2026-07-03,20,margin_down_foreign_buy,50,6414,26.31,32.12,375.5,2026-07-05T09:29:46
2026-07-03,20,momentum_inst_buy,1,2383,87.29,44.21,6080.0,2026-07-05T09:29:46
2026-07-03,20,momentum_inst_buy,2,3004,97.56,53.11,150.0,2026-07-05T09:29:46
2026-07-03,20,momentum_inst_buy,3,8109,95.81,51.22,140.5,2026-07-05T09:29:46
2026-07-03,20,momentum_inst_buy,4,6196,68.79,32.52,588.0,2026-07-05T09:29:46
2026-07-03,20,momentum_inst_buy,5,1308,60.22,30.01,15.85,2026-07-05T09:29:46
2026-07-03,20,momentum_inst_buy,6,1434,73.24,27.5,18.9,2026-07-05T09:29:46
2026-07-03,20,momentum_inst_buy,7,2527,43.37,12.28,41.2,2026-07-05T09:29:46
2026-07-03,20,momentum_inst_buy,8,2427,39.21,-0.02,26.65,2026-07-05T09:29:46
2026-07-03,20,momentum_inst_buy,9,1305,30.01,-1.71,14.85,2026-07-05T09:29:46
2026-07-03,20,momentum_inst_buy,10,8383,72.62,30.54,66.0,2026-07-05T09:29:46
2026-07-03,20,momentum_inst_buy,11,3141,77.37,28.79,82.7,2026-07-05T09:29:46
2026-07-03,20,momentum_inst_buy,12,4306,73.26,45.61,16.55,2026-07-05T09:29:46
2026-07-03,20,momentum_inst_buy,13,2547,79.52,51.63,11.55,2026-07-05T09:29:46
2026-07-03,20,momentum_inst_buy,14,4989,78.59,28.51,110.5,2026-07-05T09:29:46
2026-07-03,20,momentum_inst_buy,15,6488,45.45,12.39,1255.0,2026-07-05T09:29:46
2026-07-03,20,momentum_inst_buy,16,2484,48.77,-5.34,96.4,2026-07-05T09:29:46
2026-07-03,20,momentum_inst_buy,17,3026,66.39,15.69,988.0,2026-07-05T09:29:46
2026-07-03,20,momentum_inst_buy,18,2428,65.44,24.63,342.0,2026-07-05T09:29:46
2026-07-03,20,momentum_inst_buy,19,5314,37.62,24.52,71.5,2026-07-05T09:29:46
2026-07-03,20,momentum_inst_buy,20,6174,50.28,7.51,61.8,2026-07-05T09:29:46
2026-07-03,20,momentum_inst_buy,21,6223,74.79,39.62,7380.0,2026-07-05T09:29:46
2026-07-03,20,momentum_inst_buy,22,3532,29.23,3.69,440.0,2026-07-05T09:29:46
2026-07-03,20,momentum_inst_buy,23,2059,55.16,20.38,8000.0,2026-07-05T09:29:46
2026-07-03,20,momentum_inst_buy,24,3402,84.57,50.86,155.0,2026-07-05T09:29:46
2026-07-03,20,momentum_inst_buy,25,6257,69.33,24.9,254.5,2026-07-05T09:29:46
2026-07-03,20,momentum_inst_buy,26,2103,85.44,41.15,23.5,2026-07-05T09:29:46
2026-07-03,20,momentum_inst_buy,27,1907,60.69,39.08,28.15,2026-07-05T09:29:46
2026-07-03,20,momentum_inst_buy,28,6781,44.69,31.06,1225.0,2026-07-05T09:29:46
2026-07-03,20,momentum_inst_buy,29,2618,65.16,40.08,43.85,2026-07-05T09:29:46
2026-07-03,20,momentum_inst_buy,30,1709,77.82,29.09,23.7,2026-07-05T09:29:46
2026-07-03,20,momentum_inst_buy,31,5434,79.69,46.9,531.0,2026-07-05T09:29:46
2026-07-03,20,momentum_inst_buy,32,6901,12.68,3.44,18.9,2026-07-05T09:29:46
2026-07-03,20,momentum_inst_buy,33,1736,44.02,34.2,131.5,2026-07-05T09:29:46
2026-07-03,20,momentum_inst_buy,34,6472,27.3,25.71,439.5,2026-07-05T09:29:46
2026-07-03,20,momentum_inst_buy,35,5904,55.29,21.17,721.0,2026-07-05T09:29:46
2026-07-03,20,momentum_inst_buy,36,6199,44.68,27.22,105.5,2026-07-05T09:29:46
2026-07-03,20,momentum_inst_buy,37,6949,21.25,5.22,916.0,2026-07-05T09:29:46
2026-07-03,20,momentum_inst_buy,38,1210,48.84,25.6,58.0,2026-07-05T09:29:46
2026-07-03,20,momentum_inst_buy,39,4162,60.84,37.23,63.7,2026-07-05T09:29:46
2026-07-03,20,momentum_inst_buy,40,6197,38.14,16.2,372.5,2026-07-05T09:29:46
2026-07-03,20,momentum_inst_buy,41,2838,61.23,35.86,22.9,2026-07-05T09:29:46
2026-07-03,20,momentum_inst_buy,42,2834,70.98,46.96,17.95,2026-07-05T09:29:46
2026-07-03,20,momentum_inst_buy,43,4536,72.84,37.75,172.5,2026-07-05T09:29:46
2026-07-03,20,momentum_inst_buy,44,1785,96.67,47.38,156.0,2026-07-05T09:29:46
2026-07-03,20,momentum_inst_buy,45,1909,56.29,40.83,10.3,2026-07-05T09:29:46
2026-07-03,20,momentum_inst_buy,46,6186,5.29,3.0,43.2,2026-07-05T09:29:46
2026-07-03,20,momentum_inst_buy,47,2812,65.16,51.77,20.4,2026-07-05T09:29:46
2026-07-03,20,momentum_inst_buy,48,6190,34.75,7.69,85.8,2026-07-05T09:29:46
2026-07-03,20,momentum_inst_buy,49,5880,65.44,48.64,24.7,2026-07-05T09:29:46
2026-07-03,20,momentum_inst_buy,50,2633,37.2,29.16,26.8,2026-07-05T09:29:46
2026-07-03,20,multifactor_score,1,6023,103.43,76.71,101.5,2026-07-05T09:29:46
2026-07-03,20,multifactor_score,2,3004,97.56,53.11,150.0,2026-07-05T09:29:46
2026-07-03,20,multifactor_score,3,1785,96.67,47.38,156.0,2026-07-05T09:29:46
2026-07-03,20,multifactor_score,4,8109,95.81,51.22,140.5,2026-07-05T09:29:46
2026-07-03,20,multifactor_score,5,9935,95.52,59.35,20.5,2026-07-05T09:29:46
2026-07-03,20,multifactor_score,6,2887,93.99,61.46,34.15,2026-07-05T09:29:46
2026-07-03,20,multifactor_score,7,2890,93.16,74.5,39.7,2026-07-05T09:29:46
2026-07-03,20,multifactor_score,8,2832,93.09,68.76,56.9,2026-07-05T09:29:46
2026-07-03,20,multifactor_score,9,3227,92.11,63.25,235.0,2026-07-05T09:29:46
2026-07-03,20,multifactor_score,10,2383,87.29,44.21,6080.0,2026-07-05T09:29:46
2026-07-03,20,multifactor_score,11,6491,86.56,44.73,372.5,2026-07-05T09:29:46
2026-07-03,20,multifactor_score,12,4207,86.23,46.7,20.0,2026-07-05T09:29:46
2026-07-03,20,multifactor_score,13,2103,85.44,41.15,23.5,2026-07-05T09:29:46
2026-07-03,20,multifactor_score,14,6703,85.23,58.46,118.0,2026-07-05T09:29:46
2026-07-03,20,multifactor_score,15,2897,84.82,66.98,10.55,2026-07-05T09:29:46
2026-07-03,20,multifactor_score,16,6446,84.72,62.38,1395.0,2026-07-05T09:29:46
2026-07-03,20,multifactor_score,17,3402,84.57,50.86,155.0,2026-07-05T09:29:46
2026-07-03,20,multifactor_score,18,2892,83.21,59.42,32.4,2026-07-05T09:29:46
2026-07-03,20,multifactor_score,19,2801,82.62,65.95,23.3,2026-07-05T09:29:46
2026-07-03,20,multifactor_score,20,6213,80.24,49.96,394.0,2026-07-05T09:29:46
2026-07-03,20,multifactor_score,21,5434,79.69,46.9,531.0,2026-07-05T09:29:46
2026-07-03,20,multifactor_score,22,2547,79.52,51.63,11.55,2026-07-05T09:29:46
2026-07-03,20,multifactor_score,23,3596,79.06,63.45,197.5,2026-07-05T09:29:46
2026-07-03,20,multifactor_score,24,4771,78.84,46.98,215.0,2026-07-05T09:29:46
2026-07-03,20,multifactor_score,25,1303,78.79,48.23,197.0,2026-07-05T09:29:46
2026-07-03,20,multifactor_score,26,2645,78.72,34.98,216.5,2026-07-05T09:29:46
2026-07-03,20,multifactor_score,27,4989,78.59,28.51,110.5,2026-07-05T09:29:46
2026-07-03,20,multifactor_score,28,1709,77.82,29.09,23.7,2026-07-05T09:29:46
2026-07-03,20,multifactor_score,29,3141,77.37,28.79,82.7,2026-07-05T09:29:46
2026-07-03,20,multifactor_score,30,4766,76.74,59.94,370.5,2026-07-05T09:29:46
2026-07-03,20,multifactor_score,31,3213,76.48,49.57,142.5,2026-07-05T09:29:46
2026-07-03,20,multifactor_score,32,3489,75.61,58.0,24.25,2026-07-05T09:29:46
2026-07-03,20,multifactor_score,33,6223,74.79,39.62,7380.0,2026-07-05T09:29:46
2026-07-03,20,multifactor_score,34,6576,74.21,51.94,83.2,2026-07-05T09:29:46
2026-07-03,20,multifactor_score,35,9946,74.01,48.12,19.9,2026-07-05T09:29:46
2026-07-03,20,multifactor_score,36,2515,73.73,51.01,14.3,2026-07-05T09:29:46
2026-07-03,20,multifactor_score,37,3605,73.42,37.92,88.2,2026-07-05T09:29:46
2026-07-03,20,multifactor_score,38,4572,73.34,56.59,151.0,2026-07-05T09:29:46
2026-07-03,20,multifactor_score,39,4306,73.26,45.61,16.55,2026-07-05T09:29:46
2026-07-03,20,multifactor_score,40,1434,73.24,27.5,18.9,2026-07-05T09:29:46
2026-07-03,20,multifactor_score,41,6691,73.0,62.39,762.0,2026-07-05T09:29:46
2026-07-03,20,multifactor_score,42,9911,72.94,51.0,85.2,2026-07-05T09:29:46
2026-07-03,20,multifactor_score,43,4536,72.84,37.75,172.5,2026-07-05T09:29:46
2026-07-03,20,multifactor_score,44,8383,72.62,30.54,66.0,2026-07-05T09:29:46
2026-07-03,20,multifactor_score,45,5410,72.47,57.35,46.0,2026-07-05T09:29:46
2026-07-03,20,multifactor_score,46,2845,72.06,59.82,13.15,2026-07-05T09:29:46
2026-07-03,20,multifactor_score,47,4114,72.04,45.55,31.8,2026-07-05T09:29:46
2026-07-03,20,multifactor_score,48,6782,71.67,45.28,209.5,2026-07-05T09:29:46
2026-07-03,20,multifactor_score,49,3017,71.3,41.97,2760.0,2026-07-05T09:29:46
2026-07-03,20,multifactor_score,50,8016,71.21,41.82,334.0,2026-07-05T09:29:46
2026-07-03,20,near_avg_with_inst_buy,1,6023,103.43,76.71,101.5,2026-07-05T09:29:46
2026-07-03,20,near_avg_with_inst_buy,2,2832,93.09,68.76,56.9,2026-07-05T09:29:46
2026-07-03,20,near_avg_with_inst_buy,3,2897,84.82,66.98,10.55,2026-07-05T09:29:46
2026-07-03,20,near_avg_with_inst_buy,4,3546,64.09,66.14,82.8,2026-07-05T09:29:46
2026-07-03,20,near_avg_with_inst_buy,5,2801,82.62,65.95,23.3,2026-07-05T09:29:46
2026-07-03,20,near_avg_with_inst_buy,6,5263,55.77,63.65,99.4,2026-07-05T09:29:46
2026-07-03,20,near_avg_with_inst_buy,7,3227,92.11,63.25,235.0,2026-07-05T09:29:46
2026-07-03,20,near_avg_with_inst_buy,8,2845,72.06,59.82,13.15,2026-07-05T09:29:46
2026-07-03,20,near_avg_with_inst_buy,9,6161,63.12,59.55,53.7,2026-07-05T09:29:46
2026-07-03,20,near_avg_with_inst_buy,10,3115,53.14,59.45,8.58,2026-07-05T09:29:46
2026-07-03,20,near_avg_with_inst_buy,11,2892,83.21,59.42,32.4,2026-07-05T09:29:46
2026-07-03,20,near_avg_with_inst_buy,12,5410,72.47,57.35,46.0,2026-07-05T09:29:46
2026-07-03,20,near_avg_with_inst_buy,13,5534,62.97,56.72,80.5,2026-07-05T09:29:46
2026-07-03,20,near_avg_with_inst_buy,14,4572,73.34,56.59,151.0,2026-07-05T09:29:46
2026-07-03,20,near_avg_with_inst_buy,15,6277,53.37,56.56,70.7,2026-07-05T09:29:46
2026-07-03,20,near_avg_with_inst_buy,16,4588,53.61,56.36,59.6,2026-07-05T09:29:46
2026-07-03,20,near_avg_with_inst_buy,17,5288,68.69,56.02,185.0,2026-07-05T09:29:46
2026-07-03,20,near_avg_with_inst_buy,18,2062,57.58,55.91,19.25,2026-07-05T09:29:46
2026-07-03,20,near_avg_with_inst_buy,19,8341,53.51,55.1,77.1,2026-07-05T09:29:46
2026-07-03,20,near_avg_with_inst_buy,20,6996,64.13,54.33,201.0,2026-07-05T09:29:46
2026-07-03,20,near_avg_with_inst_buy,21,3029,52.16,53.57,102.5,2026-07-05T09:29:46
2026-07-03,20,near_avg_with_inst_buy,22,5278,45.65,53.55,24.7,2026-07-05T09:29:46
2026-07-03,20,near_avg_with_inst_buy,23,6625,61.21,53.09,79.0,2026-07-05T09:29:46
2026-07-03,20,near_avg_with_inst_buy,24,6944,60.7,52.77,992.0,2026-07-05T09:29:46
2026-07-03,20,near_avg_with_inst_buy,25,1529,57.6,52.47,23.1,2026-07-05T09:29:46
2026-07-03,20,near_avg_with_inst_buy,26,2506,63.59,52.24,8.92,2026-07-05T09:29:46
2026-07-03,20,near_avg_with_inst_buy,27,9905,68.03,52.12,21.35,2026-07-05T09:29:46
2026-07-03,20,near_avg_with_inst_buy,28,8045,29.46,51.82,61.0,2026-07-05T09:29:46
2026-07-03,20,near_avg_with_inst_buy,29,2397,44.93,51.41,61.1,2026-07-05T09:29:46
2026-07-03,20,near_avg_with_inst_buy,30,1723,56.98,51.34,84.5,2026-07-05T09:29:46
2026-07-03,20,near_avg_with_inst_buy,31,2748,55.51,51.16,40.1,2026-07-05T09:29:46
2026-07-03,20,near_avg_with_inst_buy,32,9911,72.94,51.0,85.2,2026-07-05T09:29:46
2026-07-03,20,near_avg_with_inst_buy,33,1587,33.43,50.86,28.2,2026-07-05T09:29:46
2026-07-03,20,near_avg_with_inst_buy,34,2542,49.29,50.82,43.65,2026-07-05T09:29:46
2026-07-03,20,near_avg_with_inst_buy,35,5607,55.06,50.81,52.1,2026-07-05T09:29:46
2026-07-03,20,near_avg_with_inst_buy,36,1618,52.84,50.75,41.7,2026-07-05T09:29:46
2026-07-03,20,near_avg_with_inst_buy,37,2030,63.24,50.24,19.25,2026-07-05T09:29:46
2026-07-03,20,near_avg_with_inst_buy,38,2025,53.9,50.16,13.65,2026-07-05T09:29:46
2026-07-03,20,near_avg_with_inst_buy,39,2382,47.22,49.85,377.0,2026-07-05T09:29:46
2026-07-03,20,near_avg_with_inst_buy,40,8446,49.95,49.66,88.5,2026-07-05T09:29:46
2026-07-03,20,near_avg_with_inst_buy,41,1533,42.06,49.43,37.5,2026-07-05T09:29:46
2026-07-03,20,near_avg_with_inst_buy,42,2610,71.04,49.43,22.55,2026-07-05T09:29:46
2026-07-03,20,near_avg_with_inst_buy,43,1722,57.07,48.73,48.75,2026-07-05T09:29:46
2026-07-03,20,near_avg_with_inst_buy,44,5236,65.48,48.73,169.0,2026-07-05T09:29:46
2026-07-03,20,near_avg_with_inst_buy,45,2606,43.5,48.66,61.8,2026-07-05T09:29:46
2026-07-03,20,near_avg_with_inst_buy,46,5880,65.44,48.64,24.7,2026-07-05T09:29:46
2026-07-03,20,near_avg_with_inst_buy,47,4961,61.26,48.14,173.0,2026-07-05T09:29:46
2026-07-03,20,near_avg_with_inst_buy,48,6492,44.77,47.6,44.5,2026-07-05T09:29:46
2026-07-03,20,near_avg_with_inst_buy,49,4207,86.23,46.7,20.0,2026-07-05T09:29:46
2026-07-03,20,near_avg_with_inst_buy,50,6206,57.65,46.66,132.5,2026-07-05T09:29:46
2026-07-03,20,revenue_volume_breakout,1,7833,25.27,24.0,22.1,2026-07-05T09:29:46
2026-07-03,20,revenue_volume_breakout,2,5514,34.84,30.81,13.65,2026-07-05T09:29:46
2026-07-03,20,revenue_volume_breakout,3,3313,38.72,24.89,12.4,2026-07-05T09:29:46
2026-07-03,20,revenue_volume_breakout,4,5205,22.23,24.0,24.5,2026-07-05T09:29:46
2026-07-03,20,revenue_volume_breakout,5,3147,24.34,34.97,236.0,2026-07-05T09:29:46
2026-07-03,20,revenue_volume_breakout,6,7631,40.66,24.42,160.5,2026-07-05T09:29:46
2026-07-03,20,revenue_volume_breakout,7,3360,45.92,24.78,20.4,2026-07-05T09:29:46
2026-07-03,20,revenue_volume_breakout,8,6101,26.48,12.53,43.85,2026-07-05T09:29:46
2026-07-03,20,revenue_volume_breakout,9,3285,37.35,25.85,44.3,2026-07-05T09:29:46
2026-07-03,20,revenue_volume_breakout,10,2536,30.53,25.53,21.45,2026-07-05T09:29:46
2026-07-03,20,revenue_volume_breakout,11,5302,53.14,37.31,14.05,2026-07-05T09:29:46
2026-07-03,20,revenue_volume_breakout,12,6691,73.0,62.39,762.0,2026-07-05T09:29:46
2026-07-03,20,revenue_volume_breakout,13,7725,28.7,23.79,23.15,2026-07-05T09:29:46
2026-07-03,20,revenue_volume_breakout,14,4546,23.3,22.96,122.0,2026-07-05T09:29:46
2026-07-03,20,revenue_volume_breakout,15,6446,84.72,62.38,1395.0,2026-07-05T09:29:46
2026-07-03,20,revenue_volume_breakout,16,8027,15.58,10.25,249.0,2026-07-05T09:29:46
2026-07-03,20,revenue_volume_breakout,17,2467,52.73,17.81,615.0,2026-07-05T09:29:46
2026-07-03,20,revenue_volume_breakout,18,5516,29.73,26.34,10.6,2026-07-05T09:29:46
2026-07-03,20,revenue_volume_breakout,19,6589,17.14,19.68,49.7,2026-07-05T09:29:46
2026-07-03,20,revenue_volume_breakout,20,2383,87.29,44.21,6080.0,2026-07-05T09:29:46
2026-07-03,20,revenue_volume_breakout,21,2820,64.06,55.92,16.85,2026-07-05T09:29:46
2026-07-03,20,revenue_volume_breakout,22,3167,29.72,12.0,877.0,2026-07-05T09:29:46
2026-07-03,20,revenue_volume_breakout,23,9945,-12.78,-20.14,26.5,2026-07-05T09:29:46
2026-07-03,20,revenue_volume_breakout,24,6576,74.21,51.94,83.2,2026-07-05T09:29:46
2026-07-03,20,revenue_volume_breakout,25,6739,41.36,6.29,1300.0,2026-07-05T09:29:46
2026-07-03,20,revenue_volume_breakout,26,4714,16.02,22.48,12.8,2026-07-05T09:29:46
2026-07-03,20,revenue_volume_breakout,27,1785,96.67,47.38,156.0,2026-07-05T09:29:46
2026-07-03,20,revenue_volume_breakout,28,6442,-11.96,7.64,1640.0,2026-07-05T09:29:46
2026-07-03,20,revenue_volume_breakout,29,6264,31.27,34.47,6.11,2026-07-05T09:29:46
2026-07-03,20,revenue_volume_breakout,30,2101,65.17,58.69,33.4,2026-07-05T09:29:46
2026-07-03,20,revenue_volume_breakout,31,6274,68.6,44.73,1790.0,2026-07-05T09:29:46
2026-07-03,20,revenue_volume_breakout,32,5314,37.62,24.52,71.5,2026-07-05T09:29:46
2026-07-03,20,revenue_volume_breakout,33,5439,13.31,-1.25,351.0,2026-07-05T09:29:46
2026-07-03,20,revenue_volume_breakout,34,3594,58.15,29.61,58.7,2026-07-05T09:29:46
2026-07-03,20,revenue_volume_breakout,35,3017,71.3,41.97,2760.0,2026-07-05T09:29:46
2026-07-03,20,revenue_volume_breakout,36,2363,39.83,25.68,70.6,2026-07-05T09:29:46
2026-07-03,20,revenue_volume_breakout,37,6139,48.92,30.72,948.0,2026-07-05T09:29:46
2026-07-03,20,revenue_volume_breakout,38,6909,43.12,29.31,59.7,2026-07-05T09:29:46
2026-07-03,20,revenue_volume_breakout,39,4161,54.77,44.87,23.3,2026-07-05T09:29:46
2026-07-03,20,revenue_volume_breakout,40,8927,66.47,63.86,21.75,2026-07-05T09:29:46
2026-07-03,20,revenue_volume_breakout,41,1444,54.2,20.4,9.95,2026-07-05T09:29:46
2026-07-03,20,revenue_volume_breakout,42,8091,58.5,20.07,293.5,2026-07-05T09:29:46
2026-07-03,20,revenue_volume_breakout,43,6515,49.03,18.87,9900.0,2026-07-05T09:29:46
2026-07-03,20,revenue_volume_breakout,44,2547,79.52,51.63,11.55,2026-07-05T09:29:46
2026-07-03,20,revenue_volume_breakout,45,8422,4.91,9.08,28.35,2026-07-05T09:29:46
2026-07-03,20,revenue_volume_breakout,46,8093,38.08,13.88,20.5,2026-07-05T09:29:46
2026-07-03,20,revenue_volume_breakout,47,4916,14.39,-5.14,115.0,2026-07-05T09:29:46
2026-07-03,20,revenue_volume_breakout,48,6935,21.06,18.2,29.5,2026-07-05T09:29:46
2026-07-03,20,revenue_volume_breakout,49,6650,29.74,17.74,29.0,2026-07-05T09:29:46
2026-07-03,20,revenue_volume_breakout,50,2515,73.73,51.01,14.3,2026-07-05T09:29:46
2026-07-03,20,selection_score,1,6023,103.43,76.71,101.5,2026-07-05T09:29:46
2026-07-03,20,selection_score,2,2890,93.16,74.5,39.7,2026-07-05T09:29:46
2026-07-03,20,selection_score,3,2832,93.09,68.76,56.9,2026-07-05T09:29:46
2026-07-03,20,selection_score,4,2897,84.82,66.98,10.55,2026-07-05T09:29:46
2026-07-03,20,selection_score,5,3546,64.09,66.14,82.8,2026-07-05T09:29:46
2026-07-03,20,selection_score,6,2801,82.62,65.95,23.3,2026-07-05T09:29:46
2026-07-03,20,selection_score,7,8927,66.47,63.86,21.75,2026-07-05T09:29:46
2026-07-03,20,selection_score,8,5263,55.77,63.65,99.4,2026-07-05T09:29:46
2026-07-03,20,selection_score,9,3596,79.06,63.45,197.5,2026-07-05T09:29:46
2026-07-03,20,selection_score,10,4934,68.95,63.38,18.25,2026-07-05T09:29:46
2026-07-03,20,selection_score,11,3227,92.11,63.25,235.0,2026-07-05T09:29:46
2026-07-03,20,selection_score,12,6691,73.0,62.39,762.0,2026-07-05T09:29:46
2026-07-03,20,selection_score,13,6446,84.72,62.38,1395.0,2026-07-05T09:29:46
2026-07-03,20,selection_score,14,2887,93.99,61.46,34.15,2026-07-05T09:29:46
2026-07-03,20,selection_score,15,4766,76.74,59.94,370.5,2026-07-05T09:29:46
2026-07-03,20,selection_score,16,2845,72.06,59.82,13.15,2026-07-05T09:29:46
2026-07-03,20,selection_score,17,6161,63.12,59.55,53.7,2026-07-05T09:29:46
2026-07-03,20,selection_score,18,3115,53.14,59.45,8.58,2026-07-05T09:29:46
2026-07-03,20,selection_score,19,6994,58.05,59.45,41.9,2026-07-05T09:29:46
2026-07-03,20,selection_score,20,2892,83.21,59.42,32.4,2026-07-05T09:29:46
2026-07-03,20,selection_score,21,9935,95.52,59.35,20.5,2026-07-05T09:29:46
2026-07-03,20,selection_score,22,2101,65.17,58.69,33.4,2026-07-05T09:29:46
2026-07-03,20,selection_score,23,6703,85.23,58.46,118.0,2026-07-05T09:29:46
2026-07-03,20,selection_score,24,3489,75.61,58.0,24.25,2026-07-05T09:29:46
2026-07-03,20,selection_score,25,5410,72.47,57.35,46.0,2026-07-05T09:29:46
2026-07-03,20,selection_score,26,5534,62.97,56.72,80.5,2026-07-05T09:29:46
2026-07-03,20,selection_score,27,4572,73.34,56.59,151.0,2026-07-05T09:29:46
2026-07-03,20,selection_score,28,6277,53.37,56.56,70.7,2026-07-05T09:29:46
2026-07-03,20,selection_score,29,4588,53.61,56.36,59.6,2026-07-05T09:29:46
2026-07-03,20,selection_score,30,5288,68.69,56.02,185.0,2026-07-05T09:29:46
2026-07-03,20,selection_score,31,2820,64.06,55.92,16.85,2026-07-05T09:29:46
2026-07-03,20,selection_score,32,2062,57.58,55.91,19.25,2026-07-05T09:29:46
2026-07-03,20,selection_score,33,7803,68.59,55.83,23.8,2026-07-05T09:29:46
2026-07-03,20,selection_score,34,8341,53.51,55.1,77.1,2026-07-05T09:29:46
2026-07-03,20,selection_score,35,6526,70.0,54.75,706.0,2026-07-05T09:29:46
2026-07-03,20,selection_score,36,6996,64.13,54.33,201.0,2026-07-05T09:29:46
2026-07-03,20,selection_score,37,3029,52.16,53.57,102.5,2026-07-05T09:29:46
2026-07-03,20,selection_score,38,5278,45.65,53.55,24.7,2026-07-05T09:29:46
2026-07-03,20,selection_score,39,3004,97.56,53.11,150.0,2026-07-05T09:29:46
2026-07-03,20,selection_score,40,6625,61.21,53.09,79.0,2026-07-05T09:29:46
2026-07-03,20,selection_score,41,6944,60.7,52.77,992.0,2026-07-05T09:29:46
2026-07-03,20,selection_score,42,1529,57.6,52.47,23.1,2026-07-05T09:29:46
2026-07-03,20,selection_score,43,2506,63.59,52.24,8.92,2026-07-05T09:29:46
2026-07-03,20,selection_score,44,9905,68.03,52.12,21.35,2026-07-05T09:29:46
2026-07-03,20,selection_score,45,6576,74.21,51.94,83.2,2026-07-05T09:29:46
2026-07-03,20,selection_score,46,8045,29.46,51.82,61.0,2026-07-05T09:29:46
2026-07-03,20,selection_score,47,2812,65.16,51.77,20.4,2026-07-05T09:29:46
2026-07-03,20,selection_score,48,2547,79.52,51.63,11.55,2026-07-05T09:29:46
2026-07-03,20,selection_score,49,2397,44.93,51.41,61.1,2026-07-05T09:29:46
2026-07-03,20,selection_score,50,1723,56.98,51.34,84.5,2026-07-05T09:29:46
2026-07-03,20,total_score,1,6023,103.43,76.71,101.5,2026-07-05T09:29:46
2026-07-03,20,total_score,2,2890,93.16,74.5,39.7,2026-07-05T09:29:46
2026-07-03,20,total_score,3,2832,93.09,68.76,56.9,2026-07-05T09:29:46
2026-07-03,20,total_score,4,2897,84.82,66.98,10.55,2026-07-05T09:29:46
2026-07-03,20,total_score,5,3546,64.09,66.14,82.8,2026-07-05T09:29:46
2026-07-03,20,total_score,6,2801,82.62,65.95,23.3,2026-07-05T09:29:46
2026-07-03,20,total_score,7,8927,66.47,63.86,21.75,2026-07-05T09:29:46
2026-07-03,20,total_score,8,5263,55.77,63.65,99.4,2026-07-05T09:29:46
2026-07-03,20,total_score,9,3596,79.06,63.45,197.5,2026-07-05T09:29:46
2026-07-03,20,total_score,10,4934,68.95,63.38,18.25,2026-07-05T09:29:46
2026-07-03,20,total_score,11,3227,92.11,63.25,235.0,2026-07-05T09:29:46
2026-07-03,20,total_score,12,6691,73.0,62.39,762.0,2026-07-05T09:29:46
2026-07-03,20,total_score,13,6446,84.72,62.38,1395.0,2026-07-05T09:29:46
2026-07-03,20,total_score,14,2887,93.99,61.46,34.15,2026-07-05T09:29:46
2026-07-03,20,total_score,15,4766,76.74,59.94,370.5,2026-07-05T09:29:46
2026-07-03,20,total_score,16,2845,72.06,59.82,13.15,2026-07-05T09:29:46
2026-07-03,20,total_score,17,6161,63.12,59.55,53.7,2026-07-05T09:29:46
2026-07-03,20,total_score,18,3115,53.14,59.45,8.58,2026-07-05T09:29:46
2026-07-03,20,total_score,19,6994,58.05,59.45,41.9,2026-07-05T09:29:46
2026-07-03,20,total_score,20,2892,83.21,59.42,32.4,2026-07-05T09:29:46
2026-07-03,20,total_score,21,9935,95.52,59.35,20.5,2026-07-05T09:29:46
2026-07-03,20,total_score,22,2101,65.17,58.69,33.4,2026-07-05T09:29:46
2026-07-03,20,total_score,23,6703,85.23,58.46,118.0,2026-07-05T09:29:46
2026-07-03,20,total_score,24,3489,75.61,58.0,24.25,2026-07-05T09:29:46
2026-07-03,20,total_score,25,5410,72.47,57.35,46.0,2026-07-05T09:29:46
2026-07-03,20,total_score,26,5534,62.97,56.72,80.5,2026-07-05T09:29:46
2026-07-03,20,total_score,27,4572,73.34,56.59,151.0,2026-07-05T09:29:46
2026-07-03,20,total_score,28,6277,53.37,56.56,70.7,2026-07-05T09:29:46
2026-07-03,20,total_score,29,4588,53.61,56.36,59.6,2026-07-05T09:29:46
2026-07-03,20,total_score,30,5288,68.69,56.02,185.0,2026-07-05T09:29:46
2026-07-03,20,total_score,31,2820,64.06,55.92,16.85,2026-07-05T09:29:46
2026-07-03,20,total_score,32,2062,57.58,55.91,19.25,2026-07-05T09:29:46
2026-07-03,20,total_score,33,7803,68.59,55.83,23.8,2026-07-05T09:29:46
2026-07-03,20,total_score,34,8341,53.51,55.1,77.1,2026-07-05T09:29:46
2026-07-03,20,total_score,35,6526,70.0,54.75,706.0,2026-07-05T09:29:46
2026-07-03,20,total_score,36,6996,64.13,54.33,201.0,2026-07-05T09:29:46
2026-07-03,20,total_score,37,3029,52.16,53.57,102.5,2026-07-05T09:29:46
2026-07-03,20,total_score,38,5278,45.65,53.55,24.7,2026-07-05T09:29:46
2026-07-03,20,total_score,39,3004,97.56,53.11,150.0,2026-07-05T09:29:46
2026-07-03,20,total_score,40,6625,61.21,53.09,79.0,2026-07-05T09:29:46
2026-07-03,20,total_score,41,6944,60.7,52.77,992.0,2026-07-05T09:29:46
2026-07-03,20,total_score,42,1529,57.6,52.47,23.1,2026-07-05T09:29:46
2026-07-03,20,total_score,43,2506,63.59,52.24,8.92,2026-07-05T09:29:46
2026-07-03,20,total_score,44,9905,68.03,52.12,21.35,2026-07-05T09:29:46
2026-07-03,20,total_score,45,6576,74.21,51.94,83.2,2026-07-05T09:29:46
2026-07-03,20,total_score,46,8045,29.46,51.82,61.0,2026-07-05T09:29:46
2026-07-03,20,total_score,47,2812,65.16,51.77,20.4,2026-07-05T09:29:46
2026-07-03,20,total_score,48,2547,79.52,51.63,11.55,2026-07-05T09:29:46
2026-07-03,20,total_score,49,2397,44.93,51.41,61.1,2026-07-05T09:29:46
2026-07-03,20,total_score,50,1723,56.98,51.34,84.5,2026-07-05T09:29:46
2026-07-03,20,trust_buy,1,2883,30.24,15.05,28.45,2026-07-05T09:29:46
2026-07-03,20,trust_buy,2,2886,40.93,23.82,45.5,2026-07-05T09:29:46
2026-07-03,20,trust_buy,3,2892,83.21,59.42,32.4,2026-07-05T09:29:46
2026-07-03,20,trust_buy,4,2890,93.16,74.5,39.7,2026-07-05T09:29:46
2026-07-03,20,trust_buy,5,1402,39.11,27.74,29.1,2026-07-05T09:29:46
2026-07-03,20,trust_buy,6,2887,93.99,61.46,34.15,2026-07-05T09:29:46
2026-07-03,20,trust_buy,7,2801,82.62,65.95,23.3,2026-07-05T09:29:46
2026-07-03,20,trust_buy,8,4904,19.21,9.68,105.0,2026-07-05T09:29:46
2026-07-03,20,trust_buy,9,2884,43.81,38.55,33.7,2026-07-05T09:29:46
2026-07-03,20,trust_buy,10,2382,47.22,49.85,377.0,2026-07-05T09:29:46
2026-07-03,20,trust_buy,11,2344,17.35,4.85,184.5,2026-07-05T09:29:46
2026-07-03,20,trust_buy,12,1303,78.79,48.23,197.0,2026-07-05T09:29:46
2026-07-03,20,trust_buy,13,2880,46.95,34.58,37.65,2026-07-05T09:29:46
2026-07-03,20,trust_buy,14,2845,72.06,59.82,13.15,2026-07-05T09:29:46
2026-07-03,20,trust_buy,15,2633,37.2,29.16,26.8,2026-07-05T09:29:46
2026-07-03,20,trust_buy,16,2105,30.02,28.6,32.15,2026-07-05T09:29:46
2026-07-03,20,trust_buy,17,5876,23.69,18.12,42.0,2026-07-05T09:29:46
2026-07-03,20,trust_buy,18,2408,42.93,24.05,409.5,2026-07-05T09:29:46
2026-07-03,20,trust_buy,19,2610,71.04,49.43,22.55,2026-07-05T09:29:46
2026-07-03,20,trust_buy,20,2542,49.29,50.82,43.65,2026-07-05T09:29:46
2026-07-03,20,trust_buy,21,2881,21.6,11.73,121.0,2026-07-05T09:29:46
2026-07-03,20,trust_buy,22,3231,-5.3,3.5,159.0,2026-07-05T09:29:46
2026-07-03,20,trust_buy,23,1216,51.7,40.27,76.3,2026-07-05T09:29:46
2026-07-03,20,trust_buy,24,2855,46.49,28.88,51.9,2026-07-05T09:29:46
2026-07-03,20,trust_buy,25,2347,50.8,26.83,94.8,2026-07-05T09:29:46
2026-07-03,20,trust_buy,26,3481,8.96,-15.14,66.0,2026-07-05T09:29:46
2026-07-03,20,trust_buy,27,5871,10.28,-3.36,116.5,2026-07-05T09:29:46
2026-07-03,20,trust_buy,28,2377,48.82,29.87,143.0,2026-07-05T09:29:46
2026-07-03,20,trust_buy,29,4938,-0.46,9.18,83.6,2026-07-05T09:29:46
2026-07-03,20,trust_buy,30,2352,51.18,27.87,32.2,2026-07-05T09:29:46
2026-07-03,20,trust_buy,31,3706,32.05,16.2,91.0,2026-07-05T09:29:46
2026-07-03,20,trust_buy,32,2327,21.49,-3.44,1045.0,2026-07-05T09:29:46
2026-07-03,20,trust_buy,33,1210,48.84,25.6,58.0,2026-07-05T09:29:46
2026-07-03,20,trust_buy,34,3045,59.72,45.63,116.5,2026-07-05T09:29:46
2026-07-03,20,trust_buy,35,6182,53.91,10.77,163.0,2026-07-05T09:29:46
2026-07-03,20,trust_buy,36,2412,4.92,-6.67,141.0,2026-07-05T09:29:46
2026-07-03,20,trust_buy,37,4958,16.22,-2.43,613.0,2026-07-05T09:29:46
2026-07-03,20,trust_buy,38,2356,21.95,18.87,67.6,2026-07-05T09:29:46
2026-07-03,20,trust_buy,39,1513,40.97,36.35,176.5,2026-07-05T09:29:46
2026-07-03,20,trust_buy,40,2504,2.91,6.36,32.7,2026-07-05T09:29:46
2026-07-03,20,trust_buy,41,2379,28.82,12.56,783.0,2026-07-05T09:29:46
2026-07-03,20,trust_buy,42,9910,-17.34,9.94,68.6,2026-07-05T09:29:46
2026-07-03,20,trust_buy,43,3090,45.39,18.39,318.5,2026-07-05T09:29:46
2026-07-03,20,trust_buy,44,9941,10.34,8.86,82.4,2026-07-05T09:29:46
2026-07-03,20,trust_buy,45,8112,29.22,27.89,92.9,2026-07-05T09:29:46
2026-07-03,20,trust_buy,46,6191,52.6,38.29,108.0,2026-07-05T09:29:46
2026-07-03,20,trust_buy,47,8150,42.96,19.11,105.0,2026-07-05T09:29:46
2026-07-03,20,trust_buy,48,4915,-8.14,-0.96,66.4,2026-07-05T09:29:46
2026-07-03,20,trust_buy,49,2903,19.33,21.43,22.05,2026-07-05T09:29:46
2026-07-03,20,trust_buy,50,3037,36.09,16.92,969.0,2026-07-05T09:29:46
2026-07-03,20,value_dividend,1,2504,2.91,6.36,32.7,2026-07-05T09:29:46
2026-07-03,20,value_dividend,2,6994,58.05,59.45,41.9,2026-07-05T09:29:46
2026-07-03,20,value_dividend,3,2211,34.41,19.15,96.5,2026-07-05T09:29:46
2026-07-03,20,value_dividend,4,2204,51.15,35.93,57.1,2026-07-05T09:29:46
2026-07-03,20,value_dividend,5,2851,52.33,38.55,38.45,2026-07-05T09:29:46
2026-07-03,20,value_dividend,6,4123,70.79,32.15,39.65,2026-07-05T09:29:46
2026-07-03,20,value_dividend,7,6024,49.18,25.04,61.9,2026-07-05T09:29:46
2026-07-03,20,value_dividend,8,2820,64.06,55.92,16.85,2026-07-05T09:29:46
2026-07-03,20,value_dividend,9,3703,25.61,24.21,20.85,2026-07-05T09:29:46
2026-07-03,20,value_dividend,10,9802,-0.13,12.39,74.4,2026-07-05T09:29:46
2026-07-03,20,value_dividend,11,5534,62.97,56.72,80.5,2026-07-05T09:29:46
2026-07-03,20,value_dividend,12,9938,26.36,8.71,45.9,2026-07-05T09:29:46
2026-07-03,20,value_dividend,13,1307,30.99,9.83,35.8,2026-07-05T09:29:46
2026-07-03,20,value_dividend,14,2903,19.33,21.43,22.05,2026-07-05T09:29:46
2026-07-03,20,value_dividend,15,2834,70.98,46.96,17.95,2026-07-05T09:29:46
2026-07-03,20,value_dividend,16,9941,10.34,8.86,82.4,2026-07-05T09:29:46
2026-07-03,20,value_dividend,17,2812,65.16,51.77,20.4,2026-07-05T09:29:46
2026-07-03,20,value_dividend,18,4532,63.75,24.15,29.1,2026-07-05T09:29:46
2026-07-03,20,value_dividend,19,2501,35.36,37.89,24.25,2026-07-05T09:29:46
2026-07-03,20,value_dividend,20,2637,16.37,19.68,74.3,2026-07-05T09:29:46
2026-07-03,20,value_dividend,21,2606,43.5,48.66,61.8,2026-07-05T09:29:46
2026-07-03,20,value_dividend,22,1618,52.84,50.75,41.7,2026-07-05T09:29:46
2026-07-03,20,value_dividend,23,2915,30.13,23.39,51.8,2026-07-05T09:29:46
2026-07-03,20,value_dividend,24,2527,43.37,12.28,41.2,2026-07-05T09:29:46
2026-07-03,20,value_dividend,25,2615,44.79,29.2,82.8,2026-07-05T09:29:46
2026-07-03,20,value_dividend,26,2610,71.04,49.43,22.55,2026-07-05T09:29:46
2026-07-03,20,value_dividend,27,6186,5.29,3.0,43.2,2026-07-05T09:29:46
2026-07-03,20,value_dividend,28,2548,31.6,38.23,103.5,2026-07-05T09:29:46
2026-07-03,20,value_dividend,29,2006,18.21,12.6,69.4,2026-07-05T09:29:46
2026-07-03,20,value_dividend,30,3356,51.98,30.84,61.8,2026-07-05T09:29:46
2026-07-03,20,value_dividend,31,6023,103.43,76.71,101.5,2026-07-05T09:29:46
2026-07-03,20,value_dividend,32,2535,56.16,36.1,89.3,2026-07-05T09:29:46
2026-07-03,20,value_dividend,33,2850,31.13,28.1,143.5,2026-07-05T09:29:46
2026-07-03,20,value_dividend,34,2105,30.02,28.6,32.15,2026-07-05T09:29:46
2026-07-03,20,value_dividend,35,4746,53.12,38.33,54.4,2026-07-05T09:29:46
2026-07-03,20,value_dividend,36,2897,84.82,66.98,10.55,2026-07-05T09:29:46
2026-07-03,20,value_dividend,37,2845,72.06,59.82,13.15,2026-07-05T09:29:46
2026-07-03,20,value_dividend,38,2520,31.72,31.87,34.85,2026-07-05T09:29:46
2026-07-03,20,value_dividend,39,2838,61.23,35.86,22.9,2026-07-05T09:29:46
2026-07-03,20,value_dividend,40,1229,49.19,29.28,43.75,2026-07-05T09:29:46
2026-07-03,20,value_dividend,41,2801,82.62,65.95,23.3,2026-07-05T09:29:46
2026-07-03,20,value_dividend,42,5876,23.69,18.12,42.0,2026-07-05T09:29:46
2026-07-03,20,value_dividend,43,5880,65.44,48.64,24.7,2026-07-05T09:29:46
2026-07-03,20,value_dividend,44,1709,77.82,29.09,23.7,2026-07-05T09:29:46
2026-07-03,20,value_dividend,45,8473,16.79,18.62,49.15,2026-07-05T09:29:46
2026-07-03,20,value_dividend,46,2836,55.74,32.59,12.45,2026-07-05T09:29:46
2026-07-03,20,value_dividend,47,5009,20.05,19.88,33.95,2026-07-05T09:29:46
2026-07-03,20,value_dividend,48,2883,30.24,15.05,28.45,2026-07-05T09:29:46
2026-07-03,20,value_dividend,49,2887,93.99,61.46,34.15,2026-07-05T09:29:46
2026-07-03,20,value_dividend,50,2542,49.29,50.82,43.65,2026-07-05T09:29:46
2026-07-03,20,volume_expansion,1,2705,33.91,10.05,16.65,2026-07-05T09:29:46
2026-07-03,20,volume_expansion,2,5460,52.34,34.41,19.3,2026-07-05T09:29:46
2026-07-03,20,volume_expansion,3,8443,10.92,-5.52,11.5,2026-07-05T09:29:46
2026-07-03,20,volume_expansion,4,8928,20.58,0.91,23.3,2026-07-05T09:29:46
2026-07-03,20,volume_expansion,5,2427,39.21,-0.02,26.65,2026-07-05T09:29:46
2026-07-03,20,volume_expansion,6,1460,29.81,-9.16,8.58,2026-07-05T09:29:46
2026-07-03,20,volume_expansion,7,6133,26.41,-5.42,25.8,2026-07-05T09:29:46
2026-07-03,20,volume_expansion,8,1434,73.24,27.5,18.9,2026-07-05T09:29:46
2026-07-03,20,volume_expansion,9,4440,33.57,6.03,17.55,2026-07-05T09:29:46
2026-07-03,20,volume_expansion,10,6994,58.05,59.45,41.9,2026-07-05T09:29:46
2026-07-03,20,volume_expansion,11,2250,27.45,5.39,71.5,2026-07-05T09:29:46
2026-07-03,20,volume_expansion,12,1474,39.43,14.12,11.35,2026-07-05T09:29:46
2026-07-03,20,volume_expansion,13,6158,-4.75,-10.73,19.45,2026-07-05T09:29:46
2026-07-03,20,volume_expansion,14,1337,24.03,-9.2,5.61,2026-07-05T09:29:46
2026-07-03,20,volume_expansion,15,4572,73.34,56.59,151.0,2026-07-05T09:29:46
2026-07-03,20,volume_expansion,16,6491,86.56,44.73,372.5,2026-07-05T09:29:46
2026-07-03,20,volume_expansion,17,5488,45.83,8.59,15.45,2026-07-05T09:29:46
2026-07-03,20,volume_expansion,18,4426,-24.42,-37.94,9.0,2026-07-05T09:29:46
2026-07-03,20,volume_expansion,19,1447,35.19,-9.32,9.99,2026-07-05T09:29:46
2026-07-03,20,volume_expansion,20,1314,55.92,25.28,9.88,2026-07-05T09:29:46
2026-07-03,20,volume_expansion,21,4564,21.58,1.42,18.25,2026-07-05T09:29:46
2026-07-03,20,volume_expansion,22,2231,17.41,-5.18,118.5,2026-07-05T09:29:46
2026-07-03,20,volume_expansion,23,1305,30.01,-1.71,14.85,2026-07-05T09:29:46
2026-07-03,20,volume_expansion,24,6143,36.15,20.97,106.5,2026-07-05T09:29:46
2026-07-03,20,volume_expansion,25,4590,63.67,39.31,96.0,2026-07-05T09:29:46
2026-07-03,20,volume_expansion,26,3055,54.62,14.12,152.5,2026-07-05T09:29:46
2026-07-03,20,volume_expansion,27,2373,-5.62,-27.98,57.3,2026-07-05T09:29:46
2026-07-03,20,volume_expansion,28,1466,30.61,2.0,18.4,2026-07-05T09:29:46
2026-07-03,20,volume_expansion,29,3379,-14.39,-14.06,36.0,2026-07-05T09:29:46
2026-07-03,20,volume_expansion,30,1308,60.22,30.01,15.85,2026-07-05T09:29:46
2026-07-03,20,volume_expansion,31,6732,44.04,13.94,190.0,2026-07-05T09:29:46
2026-07-03,20,volume_expansion,32,5314,37.62,24.52,71.5,2026-07-05T09:29:46
2026-07-03,20,volume_expansion,33,5490,47.03,17.24,30.45,2026-07-05T09:29:46
2026-07-03,20,volume_expansion,34,4989,78.59,28.51,110.5,2026-07-05T09:29:46
2026-07-03,20,volume_expansion,35,1806,45.83,33.09,8.51,2026-07-05T09:29:46
2026-07-03,20,volume_expansion,36,2630,9.1,-14.33,55.8,2026-07-05T09:29:46
2026-07-03,20,volume_expansion,37,1312,44.7,18.68,15.1,2026-07-05T09:29:46
2026-07-03,20,volume_expansion,38,4771,78.84,46.98,215.0,2026-07-05T09:29:46
2026-07-03,20,volume_expansion,39,8222,16.51,-9.43,44.75,2026-07-05T09:29:46
2026-07-03,20,volume_expansion,40,3141,77.37,28.79,82.7,2026-07-05T09:29:46
2026-07-03,20,volume_expansion,41,6477,38.11,13.9,36.9,2026-07-05T09:29:46
2026-07-03,20,volume_expansion,42,2071,14.5,-2.5,25.6,2026-07-05T09:29:46
2026-07-03,20,volume_expansion,43,6928,19.12,6.07,57.6,2026-07-05T09:29:46
2026-07-03,20,volume_expansion,44,7402,22.42,0.4,138.5,2026-07-05T09:29:46
2026-07-03,20,volume_expansion,45,4743,46.19,32.15,57.3,2026-07-05T09:29:46
2026-07-03,20,volume_expansion,46,2506,63.59,52.24,8.92,2026-07-05T09:29:46
2026-07-03,20,volume_expansion,47,1517,37.07,12.47,11.2,2026-07-05T09:29:46
2026-07-03,20,volume_expansion,48,1445,0.79,-20.34,12.6,2026-07-05T09:29:46
2026-07-03,20,volume_expansion,49,1413,30.94,16.91,9.56,2026-07-05T09:29:46
2026-07-03,20,volume_expansion,50,1313,67.83,32.56,14.3,2026-07-05T09:29:46
