latest_date,stock_id,name,market,close,1d_avg_price,close_vs_avg_pct,1d_volume_lot,1d_foreign_net_lot,1d_trust_net_lot,1d_inst_net_lot,foreign_net_volume_pct,trust_net_volume_pct,foreign_buy_streak,foreign_sell_streak,trust_buy_streak,trust_sell_streak,latest_foreign_net_lot,latest_trust_net_lot,chip_score
2026-04-17,2467,志聖,TWSE,550.0,545.6261,0.8,1069.14,133.78,492.0,625.78,12.51,46.02,1,0,1,0,133.78,492.0,67.5
2026-04-17,2303,聯電,TWSE,73.0,72.6592,0.47,497159.39,57658.15,41005.19,98663.34,11.6,8.25,1,0,1,0,57658.15,41005.19,63.12
2026-04-17,2454,聯發科,TWSE,1925.0,1924.519,0.02,16759.98,5340.3,1283.63,6623.92,31.86,7.66,1,0,1,0,5340.3,1283.63,61.65
2026-04-17,2377,微星,TWSE,91.9,91.5489,0.38,4776.85,790.61,363.58,1154.18,16.55,7.61,1,0,1,0,790.61,363.58,61.53
2026-04-17,6669,緯穎,TWSE,3805.0,3845.6233,-1.06,2838.82,430.63,188.44,619.07,15.17,6.64,1,0,1,0,430.63,188.44,59.09
2026-04-17,7751,竑騰,TPEX,1895.0,1869.5852,1.36,549.85,48.25,30.0,78.25,8.78,5.46,1,0,1,0,48.25,30.0,53.08
2026-04-17,3163,波若威,TPEX,1225.0,1220.3934,0.38,519.72,45.99,25.71,71.7,8.85,4.95,1,0,1,0,45.99,25.71,51.6
2026-04-17,6515,穎崴,TWSE,10305.0,10380.9569,-0.73,512.89,8.02,90.2,98.23,1.56,17.59,1,0,1,0,8.02,90.2,50.63
2026-04-17,6271,同欣電,TWSE,185.5,184.8422,0.36,8570.48,971.81,279.0,1250.81,11.34,3.26,1,0,1,0,971.81,279.0,50.31
2026-04-17,6531,愛普*,TWSE,644.0,630.7067,2.11,8284.09,888.02,275.0,1163.02,10.72,3.32,1,0,1,0,888.02,275.0,50.03
2026-04-17,6693,廣閎科,TPEX,143.5,142.356,0.8,1212.76,112.0,50.0,162.0,9.24,4.12,1,0,1,0,112.0,50.0,49.96
2026-04-17,4979,華星光,TPEX,644.0,636.5085,1.18,4446.79,1978.76,118.8,2097.55,44.5,2.67,1,0,1,0,1978.76,118.8,49.18
2026-04-17,6510,精測,TPEX,3740.0,3766.3341,-0.7,946.85,11.67,116.1,127.77,1.23,12.26,1,0,1,0,11.67,116.1,48.76
2026-04-17,3661,世芯-KY,TWSE,3515.0,3565.5487,-1.42,3107.47,219.53,159.98,379.51,7.06,5.15,1,0,1,0,219.53,159.98,47.27
2026-04-17,2820,華票,TWSE,17.2,17.2199,-0.12,1213.76,130.68,28.0,158.68,10.77,2.31,1,0,1,0,130.68,28.0,46.73
2026-04-17,3105,穩懋,TPEX,539.0,531.0545,1.5,29993.42,3834.4,444.7,4279.1,12.78,1.48,1,0,1,0,3834.4,444.7,45.62
2026-04-17,3264,欣銓,TPEX,172.0,173.002,-0.58,9874.09,2589.07,80.33,2669.39,26.22,0.81,1,0,1,0,2589.07,80.33,44.53
2026-04-17,3090,日電貿,TWSE,108.5,110.7776,-2.06,11660.86,1112.07,254.04,1366.11,9.54,2.18,1,0,1,0,1112.07,254.04,44.39
2026-04-17,7769,鴻勁,TWSE,4500.0,4445.2191,1.23,1896.44,562.32,13.99,576.31,29.65,0.74,1,0,1,0,562.32,13.99,44.34
2026-04-17,1227,佳格,TWSE,30.75,30.7723,-0.07,2399.71,394.27,15.0,409.27,16.43,0.63,1,0,1,0,394.27,15.0,44.06
2026-04-17,6679,鈺太,TPEX,276.0,272.0831,1.44,623.84,69.86,7.0,76.86,11.2,1.12,1,0,1,0,69.86,7.0,43.16
2026-04-17,4991,環宇-KY,TPEX,660.0,640.5855,3.03,999.84,226.03,25.0,251.03,22.61,2.5,1,0,1,0,226.03,25.0,42.75
2026-04-17,8070,長華*,TWSE,48.3,48.311,-0.02,6822.48,2100.55,5.93,2106.48,30.79,0.09,1,0,1,0,2100.55,5.93,42.72
2026-04-17,2376,技嘉,TWSE,281.5,281.5893,-0.03,10874.65,3092.05,5.73,3097.78,28.43,0.05,1,0,1,0,3092.05,5.73,42.63
2026-04-17,2059,川湖,TWSE,3640.0,3560.0807,2.24,1005.65,-7.92,176.04,168.12,-0.79,17.51,0,1,1,0,-7.92,176.04,41.93
2026-04-17,8996,高力,TWSE,1220.0,1172.9306,4.01,1479.47,309.25,28.0,337.25,20.9,1.89,1,0,1,0,309.25,28.0,41.23
2026-04-17,5439,高技,TPEX,401.5,400.711,0.2,8854.85,479.3,405.93,885.23,5.41,4.58,1,0,1,0,479.3,405.93,40.78
2026-04-17,3551,世禾,TPEX,198.0,196.3729,0.83,1285.48,144.15,4.0,148.15,11.21,0.31,1,0,1,0,144.15,4.0,40.5
2026-04-17,2345,智邦,TWSE,2070.0,2076.8267,-0.33,3419.13,124.99,204.43,329.42,3.66,5.98,1,0,1,0,124.99,204.43,40.47
2026-04-17,2486,一詮,TWSE,185.0,184.1807,0.44,1640.97,192.1,1.0,193.1,11.71,0.06,1,0,1,0,192.1,1.0,40.07
2026-04-17,1103,嘉泥,TWSE,14.0,13.9139,0.62,266.57,79.96,0.0,79.96,30.0,0.0,1,0,0,0,79.96,0.0,40.0
2026-04-17,1108,幸福,TWSE,14.9,14.8674,0.22,134.58,24.01,0.0,24.01,17.84,0.0,1,0,0,0,24.01,0.0,40.0
2026-04-17,1203,味王,TWSE,43.4,43.314,0.2,94.39,28.19,0.0,28.19,29.87,0.0,1,0,0,0,28.19,0.0,40.0
2026-04-17,1217,愛之味,TWSE,10.4,10.371,0.28,783.53,331.23,0.0,331.23,42.27,0.0,1,0,0,0,331.23,0.0,40.0
2026-04-17,1218,泰山,TWSE,19.05,19.0831,-0.17,1010.72,172.48,0.0,172.48,17.06,0.0,1,0,0,0,172.48,0.0,40.0
2026-04-17,1219,福壽,TWSE,14.3,14.1688,0.93,419.04,174.7,0.0,174.7,41.69,0.0,1,0,0,0,174.7,0.0,40.0
2026-04-17,1220,台榮,TWSE,12.8,12.7792,0.16,133.84,32.88,0.0,32.88,24.57,0.0,1,0,0,0,32.88,0.0,40.0
2026-04-17,1232,大統益,TWSE,150.0,149.8459,0.1,53.2,14.4,0.0,14.4,27.06,0.0,1,0,0,0,14.4,0.0,40.0
2026-04-17,1235,興泰,TWSE,45.2,45.1322,0.15,28.79,7.47,0.0,7.47,25.94,0.0,1,0,0,0,7.47,0.0,40.0
2026-04-17,1315,達新,TWSE,64.9,64.5897,0.48,25.51,11.25,0.0,11.25,44.09,0.0,1,0,0,0,11.25,0.0,40.0
2026-04-17,1339,昭輝,TWSE,41.0,40.8415,0.39,74.7,16.37,0.0,16.37,21.91,0.0,1,0,0,0,16.37,0.0,40.0
2026-04-17,1341,富林-KY,TWSE,60.3,60.2404,0.1,10.23,3.13,0.0,3.13,30.56,0.0,1,0,0,0,3.13,0.0,40.0
2026-04-17,1413,宏洲,TWSE,9.85,9.8164,0.34,18.46,12.5,0.0,12.5,67.7,0.0,1,0,0,0,12.5,0.0,40.0
2026-04-17,1418,東華,TWSE,18.75,18.7202,0.16,6.57,3.24,0.0,3.24,49.26,0.0,1,0,0,0,3.24,0.0,40.0
2026-04-17,1419,新紡,TWSE,64.0,63.9558,0.07,101.18,29.49,0.0,29.49,29.15,0.0,1,0,0,0,29.49,0.0,40.0
2026-04-17,1435,中福,TWSE,14.1,14.1919,-0.65,1.56,0.45,0.0,0.45,28.6,0.0,1,0,0,0,0.45,0.0,40.0
2026-04-17,1438,三地開發,TWSE,28.45,28.4461,0.01,28.55,15.42,0.0,15.42,53.99,0.0,1,0,0,0,15.42,0.0,40.0
2026-04-17,1439,雋揚,TWSE,27.55,27.5132,0.13,9.23,5.23,0.0,5.23,56.65,0.0,1,0,0,0,5.23,0.0,40.0
2026-04-17,1441,大東,TWSE,9.8,9.8566,-0.57,21.62,3.32,0.0,3.32,15.35,0.0,1,0,0,0,3.32,0.0,40.0
2026-04-17,1443,立益物流,TWSE,24.0,23.8385,0.68,86.74,19.67,0.0,19.67,22.68,0.0,1,0,0,0,19.67,0.0,40.0
2026-04-17,1452,宏益,TWSE,12.0,11.9737,0.22,94.16,16.65,0.0,16.65,17.69,0.0,1,0,0,0,16.65,0.0,40.0
2026-04-17,1463,強盛新,TWSE,18.0,17.9368,0.35,44.91,11.43,0.0,11.43,25.45,0.0,1,0,0,0,11.43,0.0,40.0
2026-04-17,1468,昶和,TWSE,12.1,11.8366,2.23,45.22,12.22,0.0,12.22,27.02,0.0,1,0,0,0,12.22,0.0,40.0
2026-04-17,1470,大統新創,TWSE,23.0,22.8936,0.46,26.31,9.31,0.0,9.31,35.39,0.0,1,0,0,0,9.31,0.0,40.0
2026-04-17,1472,三洋實業,TWSE,95.4,95.1881,0.22,7.08,2.07,0.0,2.07,29.28,0.0,1,0,0,0,2.07,0.0,40.0
2026-04-17,1512,瑞利,TWSE,7.45,7.4539,-0.05,86.42,13.0,0.0,13.0,15.04,0.0,1,0,0,0,13.0,0.0,40.0
2026-04-17,1521,大億,TWSE,25.35,25.3364,0.05,22.17,9.38,0.0,9.38,42.29,0.0,1,0,0,0,9.38,0.0,40.0
2026-04-17,1525,江申,TWSE,60.8,60.7869,0.02,27.32,8.25,0.0,8.25,30.19,0.0,1,0,0,0,8.25,0.0,40.0
2026-04-17,1527,鑽全,TWSE,33.0,32.9279,0.22,119.45,24.68,0.0,24.68,20.66,0.0,1,0,0,0,24.68,0.0,40.0
2026-04-17,1529,樂事綠能,TWSE,24.15,24.0894,0.25,955.56,201.38,0.0,201.38,21.08,0.0,1,0,0,0,201.38,0.0,40.0
2026-04-17,1530,亞崴,TWSE,28.35,28.1374,0.76,49.68,8.48,0.0,8.48,17.07,0.0,1,0,0,0,8.48,0.0,40.0
2026-04-17,1536,和大,TWSE,51.3,51.032,0.53,846.98,171.39,0.0,171.39,20.24,0.0,1,0,0,0,171.39,0.0,40.0
2026-04-17,1537,廣隆,TWSE,125.0,124.8915,0.09,91.37,45.41,0.0,45.41,49.69,0.0,1,0,0,0,45.41,0.0,40.0
2026-04-17,1541,錩泰,TWSE,25.2,25.1889,0.04,19.03,3.39,0.0,3.39,17.83,0.0,1,0,0,0,3.39,0.0,40.0
2026-04-17,1568,倉佑,TWSE,25.35,25.5265,-0.69,212.6,34.51,0.0,34.51,16.23,0.0,1,0,0,0,34.51,0.0,40.0
2026-04-17,1583,程泰,TWSE,48.2,47.9656,0.49,22.67,5.55,0.0,5.55,24.48,0.0,1,0,0,0,5.55,0.0,40.0
2026-04-17,1598,岱宇,TWSE,20.65,20.6393,0.05,539.6,148.88,0.0,148.88,27.59,0.0,1,0,0,0,148.88,0.0,40.0
2026-04-17,1599,宏佳騰,TPEX,25.4,25.4007,-0.0,28.52,7.0,0.0,7.0,24.55,0.0,1,0,0,0,7.0,0.0,40.0
2026-04-17,1614,三洋電,TWSE,32.3,32.327,-0.08,45.41,20.26,0.0,20.26,44.61,0.0,1,0,0,0,20.26,0.0,40.0
2026-04-17,1709,和益,TWSE,18.95,19.0568,-0.56,796.27,197.38,0.0,197.38,24.79,0.0,1,0,0,0,197.38,0.0,40.0
2026-04-17,1711,永光,TWSE,47.95,47.0543,1.9,73476.39,13001.4,0.0,13001.4,17.69,0.0,1,0,0,0,13001.4,0.0,40.0
2026-04-17,1717,長興,TWSE,81.0,79.5021,1.88,84708.4,13217.7,0.0,13217.7,15.6,0.0,1,0,0,0,13217.7,0.0,40.0
2026-04-17,1721,三晃,TWSE,20.5,20.243,1.27,9766.19,1919.0,0.0,1919.0,19.65,0.0,1,0,0,0,1919.0,0.0,40.0
2026-04-17,1725,元禎,TWSE,31.0,31.1589,-0.51,176.3,33.91,0.0,33.91,19.23,0.0,1,0,0,0,33.91,0.0,40.0
2026-04-17,1726,永記,TWSE,76.5,76.4941,0.01,26.05,16.1,0.0,16.1,61.8,0.0,1,0,0,0,16.1,0.0,40.0
2026-04-17,1730,花仙子,TWSE,52.8,52.726,0.14,23.57,4.16,0.0,4.16,17.63,0.0,1,0,0,0,4.16,0.0,40.0
2026-04-17,1731,美吾華,TWSE,21.85,21.838,0.06,87.66,15.33,0.0,15.33,17.49,0.0,1,0,0,0,15.33,0.0,40.0
2026-04-17,1734,杏輝,TWSE,32.15,32.0971,0.16,509.05,78.95,0.0,78.95,15.51,0.0,1,0,0,0,78.95,0.0,40.0
2026-04-17,1736,喬山,TWSE,118.5,118.9361,-0.37,499.41,164.82,0.0,164.82,33.0,0.0,1,0,0,0,164.82,0.0,40.0
2026-04-17,1737,臺鹽,TWSE,32.2,32.0927,0.33,77.95,21.0,0.0,21.0,26.94,0.0,1,0,0,0,21.0,0.0,40.0
2026-04-17,1903,士紙,TWSE,49.3,49.2767,0.05,175.62,36.65,0.0,36.65,20.87,0.0,1,0,0,0,36.65,0.0,40.0
2026-04-17,2008,高興昌,TWSE,27.4,27.3519,0.18,29.8,15.95,0.0,15.95,53.53,0.0,1,0,0,0,15.95,0.0,40.0
2026-04-17,2010,春源,TWSE,24.95,25.0443,-0.38,1968.44,434.21,0.0,434.21,22.06,0.0,1,0,0,0,434.21,0.0,40.0
2026-04-17,2012,春雨,TWSE,16.0,15.8552,0.91,47.26,20.85,0.0,20.85,44.13,0.0,1,0,0,0,20.85,0.0,40.0
2026-04-17,2024,志聯,TWSE,14.95,14.7569,1.31,20.13,9.0,0.0,9.0,44.72,0.0,1,0,0,0,9.0,0.0,40.0
2026-04-17,2034,允強,TWSE,21.0,20.9849,0.07,1605.26,533.2,0.0,533.2,33.22,0.0,1,0,0,0,533.2,0.0,40.0
2026-04-17,2062,橋椿,TWSE,22.0,21.9639,0.16,364.17,105.99,0.0,105.99,29.1,0.0,1,0,0,0,105.99,0.0,40.0
2026-04-17,2108,南帝,TWSE,26.05,26.0474,0.01,521.26,98.44,0.0,98.44,18.89,0.0,1,0,0,0,98.44,0.0,40.0
2026-04-17,2109,華豐,TWSE,14.7,14.6965,0.02,96.65,17.2,0.0,17.2,17.8,0.0,1,0,0,0,17.2,0.0,40.0
2026-04-17,2114,鑫永銓,TWSE,88.9,89.0437,-0.16,18.05,3.39,0.0,3.39,18.76,0.0,1,0,0,0,3.39,0.0,40.0
2026-04-17,2208,台船,TWSE,21.1,20.9895,0.53,3974.64,1418.13,0.0,1418.13,35.68,0.0,1,0,0,0,1418.13,0.0,40.0
2026-04-17,2227,裕日車,TWSE,55.5,54.6491,1.56,53.76,39.48,0.0,39.48,73.43,0.0,1,0,0,0,39.48,0.0,40.0
2026-04-17,2241,艾姆勒,TWSE,28.45,28.5147,-0.23,310.68,66.17,0.0,66.17,21.3,0.0,1,0,0,0,66.17,0.0,40.0
2026-04-17,2243,宏旭-KY,TWSE,23.6,23.5065,0.4,1065.94,236.35,0.0,236.35,22.17,0.0,1,0,0,0,236.35,0.0,40.0
2026-04-17,2254,巨鎧精密-創,TWSE,70.5,69.8876,0.88,20.65,9.32,0.0,9.32,45.13,0.0,1,0,0,0,9.32,0.0,40.0
2026-04-17,2359,所羅門,TWSE,115.0,115.0747,-0.06,789.12,174.45,0.0,174.45,22.11,0.0,1,0,0,0,174.45,0.0,40.0
2026-04-17,2364,倫飛,TWSE,64.9,64.9983,-0.15,228.28,38.26,0.0,38.26,16.76,0.0,1,0,0,0,38.26,0.0,40.0
2026-04-17,2369,菱生,TWSE,30.6,30.7761,-0.57,7800.13,1406.38,0.0,1406.38,18.03,0.0,1,0,0,0,1406.38,0.0,40.0
2026-04-17,2373,震旦行,TWSE,58.1,57.894,0.36,84.84,24.17,0.0,24.17,28.49,0.0,1,0,0,0,24.17,0.0,40.0
2026-04-17,2374,佳能,TWSE,72.3,72.3256,-0.04,2410.08,418.64,0.0,418.64,17.37,0.0,1,0,0,0,418.64,0.0,40.0
2026-04-17,2390,云辰,TWSE,10.1,10.1307,-0.3,642.2,133.96,0.0,133.96,20.86,0.0,1,0,0,0,133.96,0.0,40.0
2026-04-17,2397,友通,TWSE,60.1,59.779,0.54,222.8,45.57,0.0,45.57,20.45,0.0,1,0,0,0,45.57,0.0,40.0
2026-04-17,2401,凌陽,TWSE,23.65,23.7522,-0.43,13879.07,2153.47,0.0,2153.47,15.52,0.0,1,0,0,0,2153.47,0.0,40.0
2026-04-17,2406,國碩,TWSE,33.95,33.2585,2.08,12653.07,4432.85,0.0,4432.85,35.03,0.0,1,0,0,0,4432.85,0.0,40.0
2026-04-17,2415,錩新,TWSE,29.05,28.9507,0.34,155.82,25.45,0.0,25.45,16.33,0.0,1,0,0,0,25.45,0.0,40.0
2026-04-17,2417,圓剛,TWSE,41.4,41.1124,0.7,811.37,339.73,0.0,339.73,41.87,0.0,1,0,0,0,339.73,0.0,40.0
2026-04-17,2426,鼎元,TWSE,54.4,53.8031,1.11,3992.01,1055.85,0.0,1055.85,26.45,0.0,1,0,0,0,1055.85,0.0,40.0
2026-04-17,2430,燦坤,TWSE,21.75,21.6838,0.31,250.39,43.58,0.0,43.58,17.41,0.0,1,0,0,0,43.58,0.0,40.0
2026-04-17,2433,互盛電,TWSE,46.0,45.928,0.16,25.2,10.66,0.0,10.66,42.3,0.0,1,0,0,0,10.66,0.0,40.0
2026-04-17,2438,翔耀,TWSE,22.45,22.3109,0.62,263.54,50.3,0.0,50.3,19.09,0.0,1,0,0,0,50.3,0.0,40.0
2026-04-17,2455,全新,TWSE,310.5,307.7958,0.88,4501.12,1745.15,0.0,1745.15,38.77,0.0,1,0,0,0,1745.15,0.0,40.0
2026-04-17,2459,敦吉,TWSE,66.2,66.0877,0.17,78.38,13.53,0.0,13.53,17.26,0.0,1,0,0,0,13.53,0.0,40.0
2026-04-17,2464,盟立,TWSE,79.0,77.8507,1.48,12574.07,3821.89,0.0,3821.89,30.4,0.0,1,0,0,0,3821.89,0.0,40.0
2026-04-17,2465,麗臺,TWSE,60.4,59.9934,0.68,957.71,380.16,0.0,380.16,39.69,0.0,1,0,0,0,380.16,0.0,40.0
2026-04-17,2476,鉅祥,TWSE,115.0,113.0692,1.71,10760.27,1716.96,0.0,1716.96,15.96,0.0,1,0,0,0,1716.96,0.0,40.0
2026-04-17,2489,瑞軒,TWSE,44.65,44.9778,-0.73,5151.17,1535.02,0.0,1535.02,29.8,0.0,1,0,0,0,1535.02,0.0,40.0
2026-04-17,2506,太設,TWSE,8.98,8.9066,0.82,123.78,47.91,0.0,47.91,38.71,0.0,1,0,0,0,47.91,0.0,40.0
2026-04-17,2509,全坤建,TWSE,14.5,14.5439,-0.3,233.12,54.12,0.0,54.12,23.21,0.0,1,0,0,0,54.12,0.0,40.0
2026-04-17,2524,京城,TWSE,39.75,39.4512,0.76,100.23,26.07,0.0,26.07,26.01,0.0,1,0,0,0,26.07,0.0,40.0
2026-04-17,2535,達欣工,TWSE,70.2,70.2519,-0.07,233.15,47.34,0.0,47.34,20.31,0.0,1,0,0,0,47.34,0.0,40.0
2026-04-17,2546,根基,TWSE,86.3,86.0418,0.3,132.26,29.65,0.0,29.65,22.42,0.0,1,0,0,0,29.65,0.0,40.0
2026-04-17,2548,華固,TWSE,130.0,129.3929,0.47,736.68,226.59,0.0,226.59,30.76,0.0,1,0,0,0,226.59,0.0,40.0
2026-04-17,2612,中航,TWSE,60.0,60.0032,-0.01,904.29,297.49,0.0,297.49,32.9,0.0,1,0,0,0,297.49,0.0,40.0
2026-04-17,2630,亞航,TWSE,49.3,49.6006,-0.61,1452.39,391.22,0.0,391.22,26.94,0.0,1,0,0,0,391.22,0.0,40.0
2026-04-17,2634,漢翔,TWSE,50.4,50.6177,-0.43,7466.56,1381.71,0.0,1381.71,18.51,0.0,1,0,0,0,1381.71,0.0,40.0
2026-04-17,2701,萬企,TWSE,10.95,10.9035,0.43,92.88,43.24,0.0,43.24,46.56,0.0,1,0,0,0,43.24,0.0,40.0
2026-04-17,2704,國賓,TWSE,43.35,43.2689,0.19,85.94,28.82,0.0,28.82,33.54,0.0,1,0,0,0,28.82,0.0,40.0
2026-04-17,2706,第一店,TWSE,12.7,12.7106,-0.08,87.95,29.25,0.0,29.25,33.25,0.0,1,0,0,0,29.25,0.0,40.0
2026-04-17,2712,遠雄來,TWSE,17.4,17.1485,1.47,35.68,11.29,0.0,11.29,31.64,0.0,1,0,0,0,11.29,0.0,40.0
2026-04-17,2849,安泰銀,TWSE,14.1,14.0363,0.45,165.32,106.46,0.0,106.46,64.4,0.0,1,0,0,0,106.46,0.0,40.0
2026-04-17,2867,三商壽,TWSE,7.87,7.8703,-0.0,4921.81,1264.44,0.0,1264.44,25.69,0.0,1,0,0,0,1264.44,0.0,40.0
2026-04-17,2901,欣欣,TWSE,23.55,23.5574,-0.03,36.56,6.37,0.0,6.37,17.42,0.0,1,0,0,0,6.37,0.0,40.0
2026-04-17,2906,高林,TWSE,13.0,12.9699,0.23,97.42,16.52,0.0,16.52,16.95,0.0,1,0,0,0,16.52,0.0,40.0
2026-04-17,2910,統領,TWSE,22.75,22.6974,0.23,26.27,13.87,0.0,13.87,52.81,0.0,1,0,0,0,13.87,0.0,40.0
2026-04-17,2923,鼎固-KY,TWSE,28.0,27.221,2.86,258.88,115.66,0.0,115.66,44.68,0.0,1,0,0,0,115.66,0.0,40.0
2026-04-17,2939,永邑-KY,TWSE,25.25,24.8905,1.44,14.13,6.12,0.0,6.12,43.33,0.0,1,0,0,0,6.12,0.0,40.0
2026-04-17,2945,三商家購,TWSE,42.3,42.2264,0.17,10.26,4.34,0.0,4.34,42.29,0.0,1,0,0,0,4.34,0.0,40.0
2026-04-17,3004,豐達科,TWSE,113.0,114.0563,-0.93,549.78,190.83,0.0,190.83,34.71,0.0,1,0,0,0,190.83,0.0,40.0
2026-04-17,3016,嘉晶,TWSE,63.1,64.1796,-1.68,3123.72,710.67,0.0,710.67,22.75,0.0,1,0,0,0,710.67,0.0,40.0
2026-04-17,3048,益登,TWSE,39.35,39.5348,-0.47,1872.93,643.21,0.0,643.21,34.34,0.0,1,0,0,0,643.21,0.0,40.0
2026-04-17,3130,一零四,TWSE,221.5,221.8124,-0.14,19.05,3.16,0.0,3.16,16.61,0.0,1,0,0,0,3.16,0.0,40.0
2026-04-17,3138,耀登,TWSE,184.0,181.7825,1.22,3723.85,585.12,0.0,585.12,15.71,0.0,1,0,0,0,585.12,0.0,40.0
2026-04-17,3149,正達,TWSE,42.3,42.3286,-0.07,2029.0,331.03,0.0,331.03,16.31,0.0,1,0,0,0,331.03,0.0,40.0
2026-04-17,3169,亞信,TPEX,95.4,96.151,-0.78,210.41,34.0,0.0,34.0,16.16,0.0,1,0,0,0,34.0,0.0,40.0
2026-04-17,3230,錦明,TPEX,43.35,42.8105,1.26,2375.67,473.0,0.0,473.0,19.91,0.0,1,0,0,0,473.0,0.0,40.0
2026-04-17,3266,昇陽,TWSE,14.15,14.0524,0.69,62.36,34.11,0.0,34.11,54.7,0.0,1,0,0,0,34.11,0.0,40.0
2026-04-17,3272,東碩,TPEX,17.5,17.4078,0.53,293.93,57.0,0.0,57.0,19.39,0.0,1,0,0,0,57.0,0.0,40.0
2026-04-17,3276,宇環,TPEX,14.45,14.549,-0.68,168.04,31.0,0.0,31.0,18.45,0.0,1,0,0,0,31.0,0.0,40.0
2026-04-17,3287,廣寰科,TPEX,29.25,29.1879,0.21,91.42,40.0,0.0,40.0,43.75,0.0,1,0,0,0,40.0,0.0,40.0
2026-04-17,3296,勝德,TWSE,21.3,21.2518,0.23,119.8,19.48,0.0,19.48,16.26,0.0,1,0,0,0,19.48,0.0,40.0
2026-04-17,3297,杭特,TPEX,36.9,36.7318,0.46,123.03,41.0,0.0,41.0,33.32,0.0,1,0,0,0,41.0,0.0,40.0
2026-04-17,3305,昇貿,TWSE,120.5,120.6549,-0.13,3698.14,822.67,0.0,822.67,22.25,0.0,1,0,0,0,822.67,0.0,40.0
2026-04-17,3311,閎暉,TWSE,33.1,33.3396,-0.72,236.25,47.41,0.0,47.41,20.07,0.0,1,0,0,0,47.41,0.0,40.0
2026-04-17,3312,弘憶股,TWSE,42.7,42.4264,0.64,1792.48,382.89,0.0,382.89,21.36,0.0,1,0,0,0,382.89,0.0,40.0
2026-04-17,3321,同泰,TWSE,15.85,15.9237,-0.46,259.76,103.39,0.0,103.39,39.8,0.0,1,0,0,0,103.39,0.0,40.0
2026-04-17,3325,旭品,TPEX,13.35,12.9812,2.84,520.47,95.0,0.0,95.0,18.25,0.0,1,0,0,0,95.0,0.0,40.0
2026-04-17,3332,幸康,TPEX,62.1,61.5709,0.86,39.66,12.0,0.0,12.0,30.25,0.0,1,0,0,0,12.0,0.0,40.0
2026-04-17,3338,泰碩,TWSE,65.5,66.0287,-0.8,2010.38,404.64,0.0,404.64,20.13,0.0,1,0,0,0,404.64,0.0,40.0
2026-04-17,3349,寶德,TPEX,28.4,28.182,0.77,298.3,100.0,0.0,100.0,33.52,0.0,1,0,0,0,100.0,0.0,40.0
2026-04-17,3380,明泰,TWSE,41.55,41.3023,0.6,8903.72,1817.07,0.0,1817.07,20.41,0.0,1,0,0,0,1817.07,0.0,40.0
2026-04-17,3402,漢科,TPEX,132.0,129.4188,1.99,1433.59,321.0,0.0,321.0,22.39,0.0,1,0,0,0,321.0,0.0,40.0
2026-04-17,3419,譁裕,TWSE,14.9,14.7412,1.08,494.16,107.59,0.0,107.59,21.77,0.0,1,0,0,0,107.59,0.0,40.0
2026-04-17,3430,奇鈦科,TPEX,85.6,84.682,1.08,2164.43,501.0,0.0,501.0,23.15,0.0,1,0,0,0,501.0,0.0,40.0
2026-04-17,3447,展達,TWSE,39.35,39.4763,-0.32,162.26,27.38,0.0,27.38,16.87,0.0,1,0,0,0,27.38,0.0,40.0
2026-04-17,3466,德晉,TPEX,41.0,41.1141,-0.28,1105.77,279.0,0.0,279.0,25.23,0.0,1,0,0,0,279.0,0.0,40.0
2026-04-17,3479,安勤,TPEX,92.2,91.9345,0.29,325.55,51.0,0.0,51.0,15.67,0.0,1,0,0,0,51.0,0.0,40.0
2026-04-17,3492,長盛,TPEX,23.6,23.6276,-0.12,57.6,14.0,0.0,14.0,24.31,0.0,1,0,0,0,14.0,0.0,40.0
2026-04-17,3528,安馳,TWSE,72.3,72.0964,0.28,502.47,170.3,0.0,170.3,33.89,0.0,1,0,0,0,170.3,0.0,40.0
2026-04-17,3546,宇峻,TPEX,71.4,71.256,0.2,151.88,38.0,0.0,38.0,25.02,0.0,1,0,0,0,38.0,0.0,40.0
2026-04-17,3556,禾瑞亞,TPEX,48.1,47.9831,0.24,237.53,75.0,0.0,75.0,31.57,0.0,1,0,0,0,75.0,0.0,40.0
2026-04-17,3557,嘉威,TWSE,31.7,31.5095,0.6,37.74,7.42,0.0,7.42,19.65,0.0,1,0,0,0,7.42,0.0,40.0
2026-04-17,3564,其陽,TPEX,42.65,42.8355,-0.43,101.54,21.0,0.0,21.0,20.68,0.0,1,0,0,0,21.0,0.0,40.0
2026-04-17,3577,泓格,TPEX,80.2,80.218,-0.02,276.18,70.0,0.0,70.0,25.35,0.0,1,0,0,0,70.0,0.0,40.0
2026-04-17,3588,通嘉,TWSE,54.6,54.7164,-0.21,419.01,77.98,0.0,77.98,18.61,0.0,1,0,0,0,77.98,0.0,40.0
2026-04-17,3594,磐儀,TPEX,47.0,45.7406,2.75,1330.91,328.0,0.0,328.0,24.64,0.0,1,0,0,0,328.0,0.0,40.0
2026-04-17,3623,富晶通,TPEX,22.6,22.4575,0.63,58.38,12.0,0.0,12.0,20.56,0.0,1,0,0,0,12.0,0.0,40.0
2026-04-17,3625,西勝,TPEX,16.9,16.9121,-0.07,227.99,50.0,0.0,50.0,21.93,0.0,1,0,0,0,50.0,0.0,40.0
2026-04-17,3628,盈正,TPEX,71.3,69.3666,2.79,355.55,150.0,0.0,150.0,42.19,0.0,1,0,0,0,150.0,0.0,40.0
2026-04-17,3630,新鉅科,TPEX,29.7,29.3486,1.2,1574.43,243.0,0.0,243.0,15.43,0.0,1,0,0,0,243.0,0.0,40.0
2026-04-17,3631,晟楠,TPEX,29.35,28.9764,1.29,209.75,60.0,0.0,60.0,28.61,0.0,1,0,0,0,60.0,0.0,40.0
2026-04-17,3646,艾恩特,TPEX,23.45,23.339,0.48,16.07,6.0,0.0,6.0,37.34,0.0,1,0,0,0,6.0,0.0,40.0
2026-04-17,3669,圓展,TWSE,39.35,39.7344,-0.97,155.4,72.46,0.0,72.46,46.63,0.0,1,0,0,0,72.46,0.0,40.0
2026-04-17,3679,新至陞,TWSE,122.0,121.4764,0.43,39.99,16.16,0.0,16.16,40.4,0.0,1,0,0,0,16.16,0.0,40.0
2026-04-17,3684,榮昌,TPEX,58.9,58.4781,0.72,103.4,28.0,0.0,28.0,27.08,0.0,1,0,0,0,28.0,0.0,40.0
2026-04-17,3689,湧德,TPEX,132.5,133.9484,-1.08,4515.93,789.0,0.0,789.0,17.47,0.0,1,0,0,0,789.0,0.0,40.0
2026-04-17,3713,新晶投控,TPEX,16.4,16.1204,1.73,209.37,36.0,0.0,36.0,17.19,0.0,1,0,0,0,36.0,0.0,40.0
2026-04-17,3717,聯嘉投控,TWSE,21.9,21.9689,-0.31,1199.68,213.01,0.0,213.01,17.76,0.0,1,0,0,0,213.01,0.0,40.0
2026-04-17,4106,雃博,TWSE,22.5,22.3378,0.73,117.19,36.5,0.0,36.5,31.15,0.0,1,0,0,0,36.5,0.0,40.0
2026-04-17,4108,懷特,TWSE,12.65,12.6891,-0.31,267.96,46.99,0.0,46.99,17.54,0.0,1,0,0,0,46.99,0.0,40.0
2026-04-17,4126,太醫,TPEX,81.0,81.0973,-0.12,42.07,11.0,0.0,11.0,26.15,0.0,1,0,0,0,11.0,0.0,40.0
2026-04-17,4127,天良,TPEX,37.5,37.2523,0.66,183.27,52.0,0.0,52.0,28.37,0.0,1,0,0,0,52.0,0.0,40.0
2026-04-17,4131,浩泰,TPEX,35.5,35.1569,0.98,74.03,16.0,0.0,16.0,21.61,0.0,1,0,0,0,16.0,0.0,40.0
2026-04-17,4160,訊聯基因,TPEX,44.7,44.5799,0.27,62.22,18.0,0.0,18.0,28.93,0.0,1,0,0,0,18.0,0.0,40.0
2026-04-17,4174,浩鼎,TPEX,37.95,38.2411,-0.76,382.09,160.0,0.0,160.0,41.87,0.0,1,0,0,0,160.0,0.0,40.0
2026-04-17,4439,冠星-KY,TWSE,97.4,97.0346,0.38,24.36,4.19,0.0,4.19,17.2,0.0,1,0,0,0,4.19,0.0,40.0
2026-04-17,4503,金雨,TPEX,41.55,41.0194,1.29,207.87,65.0,0.0,65.0,31.27,0.0,1,0,0,0,65.0,0.0,40.0
2026-04-17,4526,東台,TWSE,34.4,34.3392,0.18,1853.34,323.26,0.0,323.26,17.44,0.0,1,0,0,0,323.26,0.0,40.0
2026-04-17,4540,全球傳動,TWSE,57.9,56.9644,1.64,16717.1,2681.33,0.0,2681.33,16.04,0.0,1,0,0,0,2681.33,0.0,40.0
2026-04-17,4541,晟田,TPEX,48.3,48.4158,-0.24,1422.28,389.0,0.0,389.0,27.35,0.0,1,0,0,0,389.0,0.0,40.0
2026-04-17,4545,銘鈺,TWSE,31.4,31.2882,0.36,185.66,28.38,0.0,28.38,15.29,0.0,1,0,0,0,28.38,0.0,40.0
2026-04-17,4550,長佳,TPEX,24.7,24.6998,0.0,7.21,2.0,0.0,2.0,27.74,0.0,1,0,0,0,2.0,0.0,40.0
2026-04-17,4558,寶緯,TPEX,19.9,19.76,0.71,41.14,7.0,0.0,7.0,17.02,0.0,1,0,0,0,7.0,0.0,40.0
2026-04-17,4564,元翎,TWSE,19.85,19.8991,-0.25,1155.63,312.56,0.0,312.56,27.05,0.0,1,0,0,0,312.56,0.0,40.0
2026-04-17,4572,駐龍,TWSE,146.5,145.5562,0.65,52.1,15.2,0.0,15.2,29.17,0.0,1,0,0,0,15.2,0.0,40.0
2026-04-17,4580,捷流閥業,TPEX,80.0,79.8431,0.2,93.67,17.0,0.0,17.0,18.15,0.0,1,0,0,0,17.0,0.0,40.0
2026-04-17,4583,台灣精銳,TWSE,734.0,744.7279,-1.44,389.82,68.91,0.0,68.91,17.68,0.0,1,0,0,0,68.91,0.0,40.0
2026-04-17,4585,達明,TWSE,319.0,317.9138,0.34,304.48,56.07,0.0,56.07,18.41,0.0,1,0,0,0,56.07,0.0,40.0
2026-04-17,4588,玖鼎電力,TWSE,60.2,60.1974,0.0,134.74,42.0,0.0,42.0,31.17,0.0,1,0,0,0,42.0,0.0,40.0
2026-04-17,4590,富田-創,TWSE,77.3,77.3284,-0.04,181.81,36.0,0.0,36.0,19.8,0.0,1,0,0,0,36.0,0.0,40.0
2026-04-17,4707,磐亞,TPEX,15.05,14.8311,1.48,8271.4,1671.0,0.0,1671.0,20.2,0.0,1,0,0,0,1671.0,0.0,40.0
2026-04-17,4716,大立,TPEX,16.2,16.2477,-0.29,1411.92,420.0,0.0,420.0,29.75,0.0,1,0,0,0,420.0,0.0,40.0
2026-04-17,4755,三福化,TWSE,151.5,151.2943,0.14,1403.75,312.25,0.0,312.25,22.24,0.0,1,0,0,0,312.25,0.0,40.0
2026-04-17,4807,日成-KY,TWSE,15.4,15.2303,1.11,85.13,24.0,0.0,24.0,28.19,0.0,1,0,0,0,24.0,0.0,40.0
2026-04-17,4927,泰鼎-KY,TWSE,50.1,49.4301,1.36,18828.88,4381.28,0.0,4381.28,23.27,0.0,1,0,0,0,4381.28,0.0,40.0
2026-04-17,4933,友輝,TPEX,60.4,60.2868,0.19,91.47,31.0,0.0,31.0,33.89,0.0,1,0,0,0,31.0,0.0,40.0
2026-04-17,4934,太極,TWSE,16.8,16.7864,0.08,1199.1,208.56,0.0,208.56,17.39,0.0,1,0,0,0,208.56,0.0,40.0
2026-04-17,4956,光鋐,TWSE,49.75,49.3815,0.75,7117.94,1177.87,0.0,1177.87,16.55,0.0,1,0,0,0,1177.87,0.0,40.0
2026-04-17,4960,誠美材,TWSE,33.85,33.4106,1.32,75611.79,18319.63,0.0,18319.63,24.23,0.0,1,0,0,0,18319.63,0.0,40.0
2026-04-17,4971,IET-KY,TPEX,767.0,759.1585,1.03,612.21,103.99,0.0,103.99,16.99,0.0,1,0,0,0,103.99,0.0,40.0
2026-04-17,4972,湯石照明,TPEX,16.95,16.9678,-0.1,48.33,10.0,0.0,10.0,20.69,0.0,1,0,0,0,10.0,0.0,40.0
2026-04-17,4976,佳凌,TWSE,30.2,30.2184,-0.06,711.92,211.7,0.0,211.7,29.74,0.0,1,0,0,0,211.7,0.0,40.0
2026-04-17,4977,眾達-KY,TWSE,235.5,232.5201,1.28,6034.88,1021.64,0.0,1021.64,16.93,0.0,1,0,0,0,1021.64,0.0,40.0
2026-04-17,4994,傳奇,TWSE,100.5,100.494,0.01,15.18,4.17,0.0,4.17,27.45,0.0,1,0,0,0,4.17,0.0,40.0
2026-04-17,5007,三星,TWSE,57.7,57.657,0.07,33.57,15.47,0.0,15.47,46.07,0.0,1,0,0,0,15.47,0.0,40.0
2026-04-17,5013,強新,TPEX,30.1,30.1261,-0.09,2.08,1.0,0.0,1.0,48.12,0.0,1,0,0,0,1.0,0.0,40.0
2026-04-17,5202,力新,TPEX,14.15,13.9167,1.68,623.48,103.0,0.0,103.0,16.52,0.0,1,0,0,0,103.0,0.0,40.0
2026-04-17,5209,新鼎,TPEX,165.5,165.7625,-0.16,39.38,6.0,0.0,6.0,15.24,0.0,1,0,0,0,6.0,0.0,40.0
2026-04-17,5211,蒙恬,TPEX,23.55,23.6029,-0.22,56.23,8.89,0.0,8.89,15.81,0.0,1,0,0,0,8.89,0.0,40.0
2026-04-17,5222,全訊,TWSE,144.5,142.9609,1.08,4611.7,1052.22,0.0,1052.22,22.82,0.0,1,0,0,0,1052.22,0.0,40.0
2026-04-17,5272,笙科,TPEX,23.45,23.3052,0.62,834.14,126.0,0.0,126.0,15.11,0.0,1,0,0,0,126.0,0.0,40.0
2026-04-17,5278,尚凡*,TPEX,23.65,23.8739,-0.94,331.14,91.0,0.0,91.0,27.48,0.0,1,0,0,0,91.0,0.0,40.0
2026-04-17,5283,禾聯碩,TWSE,55.4,55.3892,0.02,54.85,13.44,0.0,13.44,24.49,0.0,1,0,0,0,13.44,0.0,40.0
2026-04-17,5284,jpp-KY,TWSE,318.5,323.9129,-1.67,1960.08,356.23,0.0,356.23,18.17,0.0,1,0,0,0,356.23,0.0,40.0
2026-04-17,5285,界霖,TWSE,54.2,54.4016,-0.37,671.58,144.25,0.0,144.25,21.48,0.0,1,0,0,0,144.25,0.0,40.0
2026-04-17,5312,寶島科,TPEX,99.0,98.8745,0.13,39.13,11.0,0.0,11.0,28.11,0.0,1,0,0,0,11.0,0.0,40.0
2026-04-17,5403,中菲,TPEX,94.4,94.0811,0.34,91.0,38.0,0.0,38.0,41.76,0.0,1,0,0,0,38.0,0.0,40.0
2026-04-17,5443,均豪,TPEX,114.0,114.1829,-0.16,4404.58,669.99,0.0,669.99,15.21,0.0,1,0,0,0,669.99,0.0,40.0
2026-04-17,5468,凱鈺,TPEX,18.15,18.2416,-0.5,84.59,13.0,0.0,13.0,15.37,0.0,1,0,0,0,13.0,0.0,40.0
2026-04-17,5514,三豐,TPEX,15.9,16.0652,-1.03,10.61,3.0,0.0,3.0,28.28,0.0,1,0,0,0,3.0,0.0,40.0
2026-04-17,5525,順天,TWSE,25.25,25.1185,0.52,63.06,21.58,0.0,21.58,34.21,0.0,1,0,0,0,21.58,0.0,40.0
2026-04-17,5538,東明-KY,TWSE,32.0,31.8683,0.41,67.0,29.0,0.0,29.0,43.28,0.0,1,0,0,0,29.0,0.0,40.0
2026-04-17,5546,永固-KY,TWSE,17.15,17.19,-0.23,30.0,7.0,0.0,7.0,23.33,0.0,1,0,0,0,7.0,0.0,40.0
2026-04-17,5704,老爺知,TPEX,21.95,21.7468,0.93,191.72,36.0,0.0,36.0,18.78,0.0,1,0,0,0,36.0,0.0,40.0
2026-04-17,5906,台南-KY,TWSE,49.3,49.3115,-0.02,3.1,2.09,0.0,2.09,67.4,0.0,1,0,0,0,2.09,0.0,40.0
2026-04-17,6111,光聚晶電,TPEX,48.1,47.4624,1.34,1030.71,303.0,0.0,303.0,29.4,0.0,1,0,0,0,303.0,0.0,40.0
2026-04-17,6112,邁達特,TWSE,48.05,48.1794,-0.27,658.74,250.3,0.0,250.3,38.0,0.0,1,0,0,0,250.3,0.0,40.0
2026-04-17,6117,迎廣,TWSE,81.6,82.4003,-0.97,1027.66,287.44,0.0,287.44,27.97,0.0,1,0,0,0,287.44,0.0,40.0
2026-04-17,6125,廣運,TPEX,56.6,56.8101,-0.37,1110.96,233.0,0.0,233.0,20.97,0.0,1,0,0,0,233.0,0.0,40.0
2026-04-17,6129,普誠,TPEX,16.3,16.3509,-0.31,415.61,64.0,0.0,64.0,15.4,0.0,1,0,0,0,64.0,0.0,40.0
2026-04-17,6130,上亞科技,TPEX,24.05,23.5534,2.11,1555.21,350.0,0.0,350.0,22.51,0.0,1,0,0,0,350.0,0.0,40.0
2026-04-17,6146,耕興,TPEX,221.0,217.5692,1.58,764.13,127.2,0.0,127.2,16.65,0.0,1,0,0,0,127.2,0.0,40.0
2026-04-17,6153,嘉聯益,TWSE,18.75,18.2646,2.66,11773.61,2440.57,0.0,2440.57,20.73,0.0,1,0,0,0,2440.57,0.0,40.0
2026-04-17,6161,捷波,TPEX,42.0,42.2525,-0.6,96.27,22.0,0.0,22.0,22.85,0.0,1,0,0,0,22.0,0.0,40.0
2026-04-17,6164,華興,TWSE,13.0,13.0539,-0.41,917.42,271.4,0.0,271.4,29.58,0.0,1,0,0,0,271.4,0.0,40.0
2026-04-17,6165,浪凡,TWSE,45.2,45.4127,-0.47,498.61,161.12,0.0,161.12,32.31,0.0,1,0,0,0,161.12,0.0,40.0
2026-04-17,6169,昱泉,TPEX,16.95,16.8568,0.55,17.52,5.0,0.0,5.0,28.53,0.0,1,0,0,0,5.0,0.0,40.0
2026-04-17,6183,關貿,TWSE,95.3,95.1394,0.17,26.0,11.56,0.0,11.56,44.44,0.0,1,0,0,0,11.56,0.0,40.0
2026-04-17,6184,大豐電,TWSE,47.55,47.4842,0.14,69.53,16.39,0.0,16.39,23.58,0.0,1,0,0,0,16.39,0.0,40.0
2026-04-17,6195,詩肯,TPEX,24.5,24.4053,0.39,30.16,5.0,0.0,5.0,16.58,0.0,1,0,0,0,5.0,0.0,40.0
2026-04-17,6203,海韻電,TPEX,65.6,65.3374,0.4,139.85,60.0,0.0,60.0,42.9,0.0,1,0,0,0,60.0,0.0,40.0
2026-04-17,6207,雷科,TPEX,57.1,57.1771,-0.13,1933.11,717.5,0.0,717.5,37.12,0.0,1,0,0,0,717.5,0.0,40.0
2026-04-17,6215,和椿,TWSE,106.0,106.9209,-0.86,1432.93,232.21,0.0,232.21,16.21,0.0,1,0,0,0,232.21,0.0,40.0
2026-04-17,6217,中探針,TPEX,244.0,238.6484,2.24,1925.58,357.0,0.0,357.0,18.54,0.0,1,0,0,0,357.0,0.0,40.0
2026-04-17,6233,旺玖,TPEX,25.95,26.0645,-0.44,594.17,114.0,0.0,114.0,19.19,0.0,1,0,0,0,114.0,0.0,40.0
2026-04-17,6237,驊訊,TPEX,38.35,38.6613,-0.81,329.49,76.0,0.0,76.0,23.07,0.0,1,0,0,0,76.0,0.0,40.0
2026-04-17,6261,久元,TPEX,78.3,77.6794,0.8,1676.04,802.0,0.0,802.0,47.85,0.0,1,0,0,0,802.0,0.0,40.0
2026-04-17,6269,台郡,TWSE,64.7,63.9999,1.09,3007.12,1025.6,0.0,1025.6,34.11,0.0,1,0,0,0,1025.6,0.0,40.0
2026-04-17,6272,驊陞,TWSE,32.55,32.2365,0.97,342.77,129.54,0.0,129.54,37.79,0.0,1,0,0,0,129.54,0.0,40.0
2026-04-17,6275,元山,TPEX,50.1,49.8255,0.55,670.36,134.0,0.0,134.0,19.99,0.0,1,0,0,0,134.0,0.0,40.0
2026-04-17,6277,宏正,TWSE,71.1,70.7862,0.44,431.19,79.59,0.0,79.59,18.46,0.0,1,0,0,0,79.59,0.0,40.0
2026-04-17,6283,淳安,TWSE,23.6,22.9519,2.82,671.66,111.34,0.0,111.34,16.58,0.0,1,0,0,0,111.34,0.0,40.0
2026-04-17,6405,悅城,TWSE,36.55,36.482,0.19,700.43,165.16,0.0,165.16,23.58,0.0,1,0,0,0,165.16,0.0,40.0
2026-04-17,6411,晶焱,TPEX,79.0,78.9799,0.03,411.02,117.0,0.0,117.0,28.47,0.0,1,0,0,0,117.0,0.0,40.0
2026-04-17,6416,瑞祺電通,TWSE,81.4,81.6,-0.25,287.25,46.2,0.0,46.2,16.08,0.0,1,0,0,0,46.2,0.0,40.0
2026-04-17,6432,今展科,TPEX,40.7,40.4175,0.7,1538.83,423.0,0.0,423.0,27.49,0.0,1,0,0,0,423.0,0.0,40.0
2026-04-17,6441,廣錠,TPEX,23.0,22.8368,0.71,578.15,194.0,0.0,194.0,33.56,0.0,1,0,0,0,194.0,0.0,40.0
2026-04-17,6464,台數科,TWSE,76.3,76.1461,0.2,45.75,13.65,0.0,13.65,29.84,0.0,1,0,0,0,13.65,0.0,40.0
2026-04-17,6465,威潤,TPEX,49.05,48.4991,1.14,1046.57,198.0,0.0,198.0,18.92,0.0,1,0,0,0,198.0,0.0,40.0
2026-04-17,6491,晶碩,TWSE,293.5,294.5895,-0.37,477.79,217.39,0.0,217.39,45.5,0.0,1,0,0,0,217.39,0.0,40.0
2026-04-17,6492,生華科,TPEX,54.6,54.5191,0.15,437.57,170.0,0.0,170.0,38.85,0.0,1,0,0,0,170.0,0.0,40.0
2026-04-17,6504,南六,TWSE,41.45,41.4243,0.06,28.4,6.36,0.0,6.36,22.39,0.0,1,0,0,0,6.36,0.0,40.0
2026-04-17,6542,隆中,TPEX,51.4,51.04,0.71,5.0,1.0,0.0,1.0,19.98,0.0,1,0,0,0,1.0,0.0,40.0
2026-04-17,6546,正基,TPEX,71.8,71.58,0.31,696.26,222.0,0.0,222.0,31.88,0.0,1,0,0,0,222.0,0.0,40.0
2026-04-17,6552,易華電,TWSE,27.6,27.7198,-0.43,167.52,36.21,0.0,36.21,21.61,0.0,1,0,0,0,36.21,0.0,40.0
2026-04-17,6558,興能高,TWSE,30.0,30.1415,-0.47,565.59,119.22,0.0,119.22,21.08,0.0,1,0,0,0,119.22,0.0,40.0
2026-04-17,6568,宏觀,TPEX,225.0,220.5283,2.03,1162.22,457.0,0.0,457.0,39.32,0.0,1,0,0,0,457.0,0.0,40.0
2026-04-17,6569,醫揚,TPEX,101.5,101.1833,0.31,31.94,6.0,0.0,6.0,18.79,0.0,1,0,0,0,6.0,0.0,40.0
2026-04-17,6577,勁豐,TPEX,78.3,78.4822,-0.23,34.11,10.0,0.0,10.0,29.32,0.0,1,0,0,0,10.0,0.0,40.0
2026-04-17,6581,鋼聯,TWSE,107.5,107.7856,-0.26,18.54,8.28,0.0,8.28,44.64,0.0,1,0,0,0,8.28,0.0,40.0
2026-04-17,6593,台灣銘板,TPEX,37.85,37.539,0.83,92.9,26.0,0.0,26.0,27.99,0.0,1,0,0,0,26.0,0.0,40.0
2026-04-17,6606,建德工業,TWSE,24.6,24.5305,0.28,23.71,9.28,0.0,9.28,39.12,0.0,1,0,0,0,9.28,0.0,40.0
2026-04-17,6612,奈米醫材,TPEX,71.0,70.7609,0.34,23.25,4.0,0.0,4.0,17.21,0.0,1,0,0,0,4.0,0.0,40.0
2026-04-17,6629,泰金-KY,TPEX,116.5,113.8413,2.34,44.18,8.0,0.0,8.0,18.11,0.0,1,0,0,0,8.0,0.0,40.0
2026-04-17,6642,富致,TPEX,58.0,57.7233,0.48,209.39,59.0,0.0,59.0,28.18,0.0,1,0,0,0,59.0,0.0,40.0
2026-04-17,6651,全宇昕,TPEX,93.0,92.9145,0.09,152.04,47.0,0.0,47.0,30.91,0.0,1,0,0,0,47.0,0.0,40.0
2026-04-17,6655,科定,TWSE,136.5,135.8367,0.49,10.62,8.37,0.0,8.37,78.8,0.0,1,0,0,0,8.37,0.0,40.0
2026-04-17,6658,聯策,TWSE,79.8,79.2481,0.7,736.37,112.51,0.0,112.51,15.28,0.0,1,0,0,0,112.51,0.0,40.0
2026-04-17,6666,羅麗芬-KY,TWSE,41.6,41.6242,-0.06,5.47,2.24,0.0,2.24,40.93,0.0,1,0,0,0,2.24,0.0,40.0
2026-04-17,6667,信紘科,TPEX,288.5,283.356,1.82,2244.17,446.0,0.0,446.0,19.87,0.0,1,0,0,0,446.0,0.0,40.0
2026-04-17,6668,中揚光,TWSE,38.6,38.5295,0.18,619.09,133.0,0.0,133.0,21.48,0.0,1,0,0,0,133.0,0.0,40.0
2026-04-17,6672,騰輝電子-KY,TWSE,176.0,173.4158,1.49,3800.6,856.0,0.0,856.0,22.52,0.0,1,0,0,0,856.0,0.0,40.0
2026-04-17,6674,鋐寶科技,TWSE,19.0,19.0347,-0.18,25.11,12.11,0.0,12.11,48.23,0.0,1,0,0,0,12.11,0.0,40.0
2026-04-17,6698,旭暉應材,TWSE,31.2,31.1353,0.21,183.8,117.33,0.0,117.33,63.84,0.0,1,0,0,0,117.33,0.0,40.0
2026-04-17,6703,軒郁,TPEX,115.0,114.5826,0.36,53.98,9.0,0.0,9.0,16.67,0.0,1,0,0,0,9.0,0.0,40.0
2026-04-17,6742,澤米,TWSE,43.5,43.9328,-0.99,332.56,62.0,0.0,62.0,18.64,0.0,1,0,0,0,62.0,0.0,40.0
2026-04-17,6756,威鋒電子,TWSE,76.1,76.2513,-0.2,171.31,46.34,0.0,46.34,27.05,0.0,1,0,0,0,46.34,0.0,40.0
2026-04-17,6767,台微醫,TPEX,28.2,27.7973,1.45,21.19,9.0,0.0,9.0,42.47,0.0,1,0,0,0,9.0,0.0,40.0
2026-04-17,6771,平和環保-創,TWSE,45.3,45.1093,0.42,38.06,7.0,0.0,7.0,18.39,0.0,1,0,0,0,7.0,0.0,40.0
2026-04-17,6776,展碁國際,TWSE,60.2,60.9033,-1.15,358.12,60.44,0.0,60.44,16.88,0.0,1,0,0,0,60.44,0.0,40.0
2026-04-17,6799,來頡,TWSE,80.2,80.2655,-0.08,202.77,76.21,0.0,76.21,37.59,0.0,1,0,0,0,76.21,0.0,40.0
2026-04-17,6823,濾能,TPEX,77.1,75.1573,2.58,663.19,138.0,0.0,138.0,20.81,0.0,1,0,0,0,138.0,0.0,40.0
2026-04-17,6831,邁科,TWSE,475.0,461.8532,2.85,1683.75,650.87,0.0,650.87,38.66,0.0,1,0,0,0,650.87,0.0,40.0
2026-04-17,6840,東研信超,TPEX,69.9,69.8656,0.05,215.15,76.0,0.0,76.0,35.32,0.0,1,0,0,0,76.0,0.0,40.0
2026-04-17,6869,雲豹能源,TWSE,87.2,87.4146,-0.25,490.8,113.47,0.0,113.47,23.12,0.0,1,0,0,0,113.47,0.0,40.0
2026-04-17,6873,泓德能源,TWSE,90.6,90.3072,0.32,922.96,157.6,0.0,157.6,17.08,0.0,1,0,0,0,157.6,0.0,40.0
2026-04-17,6887,寶綠特-KY,TWSE,42.05,42.365,-0.74,40.0,9.0,0.0,9.0,22.5,0.0,1,0,0,0,9.0,0.0,40.0
2026-04-17,6904,伯鑫,TPEX,118.5,118.5974,-0.08,6.06,1.0,0.0,1.0,16.5,0.0,1,0,0,0,1.0,0.0,40.0
2026-04-17,6906,現觀科,TWSE,67.5,67.0489,0.67,44.72,9.0,0.0,9.0,20.12,0.0,1,0,0,0,9.0,0.0,40.0
2026-04-17,6913,鴻呈,TPEX,125.5,126.3212,-0.65,313.68,74.0,0.0,74.0,23.59,0.0,1,0,0,0,74.0,0.0,40.0
2026-04-17,6914,阜爾運通,TWSE,151.5,152.206,-0.46,75.93,18.0,0.0,18.0,23.71,0.0,1,0,0,0,18.0,0.0,40.0
2026-04-17,6916,華凌,TWSE,18.9,18.6304,1.45,19.28,4.0,0.0,4.0,20.75,0.0,1,0,0,0,4.0,0.0,40.0
2026-04-17,6931,青松健康,TWSE,50.3,50.172,0.26,66.38,16.0,0.0,16.0,24.1,0.0,1,0,0,0,16.0,0.0,40.0
2026-04-17,6955,邦睿生技-創,TWSE,165.0,164.8746,0.08,16.0,5.0,0.0,5.0,31.24,0.0,1,0,0,0,5.0,0.0,40.0
2026-04-17,6965,中傑-KY,TWSE,89.7,89.6215,0.09,30.18,12.0,0.0,12.0,39.76,0.0,1,0,0,0,12.0,0.0,40.0
2026-04-17,6982,大井泵浦,TPEX,58.9,58.2892,1.05,24.82,6.0,0.0,6.0,24.18,0.0,1,0,0,0,6.0,0.0,40.0
2026-04-17,6988,威力暘-創,TWSE,14.85,14.8857,-0.24,14.0,3.0,0.0,3.0,21.43,0.0,1,0,0,0,3.0,0.0,40.0
2026-04-17,7584,樂意,TPEX,32.9,32.7509,0.46,7.03,2.0,0.0,2.0,28.44,0.0,1,0,0,0,2.0,0.0,40.0
2026-04-17,7732,金興精密,TWSE,35.0,34.9984,0.0,22.01,6.0,0.0,6.0,27.26,0.0,1,0,0,0,6.0,0.0,40.0
2026-04-17,7744,崴寶,TPEX,495.0,491.68,0.68,128.16,37.0,0.0,37.0,28.87,0.0,1,0,0,0,37.0,0.0,40.0
2026-04-17,7788,松川精密,TWSE,163.0,160.4861,1.57,980.33,250.0,0.0,250.0,25.5,0.0,1,0,0,0,250.0,0.0,40.0
2026-04-17,7791,皇家可口,TWSE,66.2,65.9407,0.39,69.88,49.0,0.0,49.0,70.12,0.0,1,0,0,0,49.0,0.0,40.0
2026-04-17,7792,安葆,TPEX,369.0,364.6708,1.19,566.51,127.0,0.0,127.0,22.42,0.0,1,0,0,0,127.0,0.0,40.0
2026-04-17,7795,長廣,TWSE,399.5,398.3767,0.28,680.48,146.0,0.0,146.0,21.46,0.0,1,0,0,0,146.0,0.0,40.0
2026-04-17,8032,光菱,TPEX,36.95,37.0509,-0.27,46.64,11.0,0.0,11.0,23.59,0.0,1,0,0,0,11.0,0.0,40.0
2026-04-17,8038,長園科,TPEX,42.05,41.7451,0.73,418.45,93.0,0.0,93.0,22.23,0.0,1,0,0,0,93.0,0.0,40.0
2026-04-17,8048,德勝,TPEX,64.6,64.452,0.23,938.64,386.0,0.0,386.0,41.12,0.0,1,0,0,0,386.0,0.0,40.0
2026-04-17,8059,凱碩,TPEX,20.0,20.0033,-0.02,1047.67,219.0,0.0,219.0,20.9,0.0,1,0,0,0,219.0,0.0,40.0
2026-04-17,8066,來思達,TPEX,18.4,18.3546,0.25,167.27,32.0,0.0,32.0,19.13,0.0,1,0,0,0,32.0,0.0,40.0
2026-04-17,8071,能率網通,TPEX,16.65,16.6118,0.23,155.12,68.0,0.0,68.0,43.84,0.0,1,0,0,0,68.0,0.0,40.0
2026-04-17,8092,建暐,TPEX,14.2,14.1395,0.43,461.51,261.0,0.0,261.0,56.55,0.0,1,0,0,0,261.0,0.0,40.0
2026-04-17,8109,博大,TPEX,107.0,106.7585,0.23,78.47,18.0,0.0,18.0,22.94,0.0,1,0,0,0,18.0,0.0,40.0
2026-04-17,8162,微矽電子-創,TWSE,43.15,43.1742,-0.06,469.48,98.0,0.0,98.0,20.87,0.0,1,0,0,0,98.0,0.0,40.0
2026-04-17,8201,無敵,TWSE,13.3,13.3037,-0.03,90.32,17.31,0.0,17.31,19.17,0.0,1,0,0,0,17.31,0.0,40.0
2026-04-17,8213,志超,TWSE,36.6,36.8763,-0.75,1495.78,590.67,0.0,590.67,39.49,0.0,1,0,0,0,590.67,0.0,40.0
2026-04-17,8222,寶一,TWSE,37.85,37.9656,-0.3,527.01,166.34,0.0,166.34,31.56,0.0,1,0,0,0,166.34,0.0,40.0
2026-04-17,8234,新漢,TPEX,61.0,61.5432,-0.88,388.72,96.0,0.0,96.0,24.7,0.0,1,0,0,0,96.0,0.0,40.0
2026-04-17,8255,朋程,TPEX,131.5,130.4989,0.77,828.63,131.0,0.0,131.0,15.81,0.0,1,0,0,0,131.0,0.0,40.0
2026-04-17,8342,益張,TPEX,92.8,93.497,-0.75,4.21,1.0,0.0,1.0,23.77,0.0,1,0,0,0,1.0,0.0,40.0
2026-04-17,8367,建新國際,TWSE,43.7,43.7954,-0.22,15.78,3.44,0.0,3.44,21.78,0.0,1,0,0,0,3.44,0.0,40.0
2026-04-17,8383,千附,TPEX,62.4,61.0436,2.22,8866.82,2026.4,0.0,2026.4,22.85,0.0,1,0,0,0,2026.4,0.0,40.0
2026-04-17,8411,福貞-KY,TWSE,12.35,12.2962,0.44,110.7,28.08,0.0,28.08,25.37,0.0,1,0,0,0,28.08,0.0,40.0
2026-04-17,8442,威宏-KY,TWSE,52.2,52.7197,-0.99,69.8,21.11,0.0,21.11,30.25,0.0,1,0,0,0,21.11,0.0,40.0
2026-04-17,8466,美吉吉-KY,TWSE,17.75,17.8474,-0.55,39.0,6.0,0.0,6.0,15.39,0.0,1,0,0,0,6.0,0.0,40.0
2026-04-17,8478,東哥遊艇,TWSE,171.5,170.1719,0.78,108.84,31.47,0.0,31.47,28.91,0.0,1,0,0,0,31.47,0.0,40.0
2026-04-17,8481,政伸,TWSE,42.1,42.0117,0.21,27.86,5.17,0.0,5.17,18.54,0.0,1,0,0,0,5.17,0.0,40.0
2026-04-17,8482,商億-KY,TWSE,49.8,49.9046,-0.21,10.22,10.22,0.0,10.22,99.99,0.0,1,0,0,0,10.22,0.0,40.0
2026-04-17,8488,吉源-KY,TWSE,10.5,10.4812,0.18,8.22,5.22,0.0,5.22,63.49,0.0,1,0,0,0,5.22,0.0,40.0
2026-04-17,8916,光隆,TPEX,47.55,47.6533,-0.22,50.66,11.0,0.0,11.0,21.72,0.0,1,0,0,0,11.0,0.0,40.0
2026-04-17,8917,欣泰,TPEX,52.8,52.9917,-0.36,12.01,2.0,0.0,2.0,16.65,0.0,1,0,0,0,2.0,0.0,40.0
2026-04-17,8924,大田,TPEX,68.4,68.341,0.09,95.47,20.0,0.0,20.0,20.95,0.0,1,0,0,0,20.0,0.0,40.0
2026-04-17,8932,智通*,TPEX,89.9,89.5337,0.41,1661.93,272.99,0.0,272.99,16.43,0.0,1,0,0,0,272.99,0.0,40.0
2026-04-17,9136,巨騰-DR,TWSE,10.15,10.0888,0.61,3516.05,749.0,0.0,749.0,21.3,0.0,1,0,0,0,749.0,0.0,40.0
2026-04-17,9908,大台北,TWSE,29.85,29.8266,0.08,302.29,46.56,0.0,46.56,15.4,0.0,1,0,0,0,46.56,0.0,40.0
2026-04-17,9926,新海,TWSE,50.0,49.9685,0.06,25.79,7.89,0.0,7.89,30.6,0.0,1,0,0,0,7.89,0.0,40.0
2026-04-17,9930,中聯資源,TWSE,71.1,70.9316,0.24,101.7,40.07,0.0,40.07,39.4,0.0,1,0,0,0,40.07,0.0,40.0
2026-04-17,9934,成霖,TWSE,9.63,9.6081,0.23,387.75,67.02,0.0,67.02,17.28,0.0,1,0,0,0,67.02,0.0,40.0
2026-04-17,9937,全國,TWSE,57.5,57.5164,-0.03,36.9,23.34,0.0,23.34,63.25,0.0,1,0,0,0,23.34,0.0,40.0
2026-04-17,9942,茂順,TWSE,117.5,117.5803,-0.07,48.45,13.41,0.0,13.41,27.69,0.0,1,0,0,0,13.41,0.0,40.0
2026-04-17,9944,新麗,TWSE,16.7,16.5682,0.8,51.47,17.27,0.0,17.27,33.55,0.0,1,0,0,0,17.27,0.0,40.0
2026-04-17,6936,永鴻生技,TWSE,35.7,35.6141,0.24,53.58,8.0,0.0,8.0,14.93,0.0,1,0,0,0,8.0,0.0,39.94
2026-04-17,5302,太欣,TPEX,10.95,11.0438,-0.85,576.62,86.0,0.0,86.0,14.91,0.0,1,0,0,0,86.0,0.0,39.93
2026-04-17,8111,立碁,TPEX,79.2,77.6289,2.02,16317.48,2433.97,0.0,2433.97,14.92,0.0,1,0,0,0,2433.97,0.0,39.93
2026-04-17,3071,協禧,TPEX,30.15,30.2982,-0.49,948.36,141.0,0.0,141.0,14.87,0.0,1,0,0,0,141.0,0.0,39.89
2026-04-17,4116,明基醫,TPEX,41.0,40.9078,0.23,20.23,3.0,0.0,3.0,14.83,0.0,1,0,0,0,3.0,0.0,39.86
2026-04-17,3317,尼克森,TPEX,54.6,53.9971,1.12,5029.24,744.98,0.0,744.98,14.81,0.0,1,0,0,0,744.98,0.0,39.85
2026-04-17,6230,尼得科超眾,TWSE,161.0,161.6197,-0.38,221.99,32.21,0.0,32.21,14.51,0.0,1,0,0,0,32.21,0.0,39.61
2026-04-17,3021,鴻名,TWSE,16.4,16.3759,0.15,56.83,8.24,0.0,8.24,14.49,0.0,1,0,0,0,8.24,0.0,39.59
2026-04-17,6689,伊雲谷,TWSE,71.1,72.1939,-1.52,380.62,54.34,0.0,54.34,14.28,0.0,1,0,0,0,54.34,0.0,39.42
2026-04-17,6204,艾華,TPEX,68.5,67.1699,1.98,378.56,54.0,0.0,54.0,14.26,0.0,1,0,0,0,54.0,0.0,39.41
2026-04-17,3501,維熹,TWSE,47.95,48.0952,-0.3,167.02,23.59,0.0,23.59,14.12,0.0,1,0,0,0,23.59,0.0,39.3
2026-04-17,4129,聯合,TPEX,105.5,105.5216,-0.02,256.26,36.0,0.0,36.0,14.05,0.0,1,0,0,0,36.0,0.0,39.24
2026-04-17,4534,慶騰,TPEX,26.3,26.6787,-1.42,897.39,125.98,0.0,125.98,14.04,0.0,1,0,0,0,125.98,0.0,39.23
2026-04-17,3591,艾笛森,TWSE,24.75,24.4163,1.37,5701.66,799.72,0.0,799.72,14.03,0.0,1,0,0,0,799.72,0.0,39.22
2026-04-17,6438,迅得,TWSE,179.0,178.5649,0.24,1884.19,263.39,0.0,263.39,13.98,0.0,1,0,0,0,263.39,0.0,39.18
2026-04-17,1104,環泥,TWSE,29.35,29.1913,0.54,1357.88,189.41,0.0,189.41,13.95,0.0,1,0,0,0,189.41,0.0,39.16
2026-04-17,6284,佳邦,TPEX,88.9,89.9276,-1.14,4221.58,589.0,0.0,589.0,13.95,0.0,1,0,0,0,589.0,0.0,39.16
2026-04-17,2049,上銀,TWSE,291.0,289.6041,0.48,12709.86,1741.94,0.0,1741.94,13.71,0.0,1,0,0,0,1741.94,0.0,38.96
2026-04-17,6227,茂綸,TPEX,95.0,95.3562,-0.37,1261.16,172.8,0.0,172.8,13.7,0.0,1,0,0,0,172.8,0.0,38.96
2026-04-17,3073,天方能源,TPEX,27.0,26.5945,1.52,175.52,24.0,0.0,24.0,13.67,0.0,1,0,0,0,24.0,0.0,38.94
2026-04-17,6166,凌華,TWSE,73.8,73.1934,0.83,1951.51,265.08,0.0,265.08,13.58,0.0,1,0,0,0,265.08,0.0,38.87
2026-04-17,8080,泰霖,TPEX,28.8,28.9163,-0.4,22.08,3.0,0.0,3.0,13.59,0.0,1,0,0,0,3.0,0.0,38.87
2026-04-17,8908,欣雄,TPEX,41.75,41.6081,0.34,199.32,27.0,0.0,27.0,13.55,0.0,1,0,0,0,27.0,0.0,38.84
2026-04-17,1777,生泰,TPEX,72.1,71.3403,1.06,29.62,4.0,0.0,4.0,13.5,0.0,1,0,0,0,4.0,0.0,38.8
2026-04-17,1233,天仁,TWSE,29.5,29.3868,0.39,23.13,3.11,0.0,3.11,13.44,0.0,1,0,0,0,3.11,0.0,38.75
2026-04-17,4205,中華食,TPEX,77.4,77.3303,0.09,14.94,2.0,0.0,2.0,13.39,0.0,1,0,0,0,2.0,0.0,38.71
2026-04-17,2732,六角,TPEX,68.3,66.7345,2.35,149.65,19.98,0.0,19.98,13.35,0.0,1,0,0,0,19.98,0.0,38.68
2026-04-17,6151,晉倫,TPEX,35.55,35.2578,0.83,331.64,44.0,0.0,44.0,13.27,0.0,1,0,0,0,44.0,0.0,38.61
2026-04-17,8467,波力-KY,TWSE,155.0,156.317,-0.84,24.57,3.25,0.0,3.25,13.24,0.0,1,0,0,0,3.25,0.0,38.59
2026-04-17,6461,益得,TPEX,18.1,18.0654,0.19,128.53,17.0,0.0,17.0,13.23,0.0,1,0,0,0,17.0,0.0,38.58
2026-04-17,6834,天二科技,TWSE,37.3,37.5928,-0.78,850.68,112.43,0.0,112.43,13.22,0.0,1,0,0,0,112.43,0.0,38.57
2026-04-17,4566,時碩工業,TWSE,70.1,70.2943,-0.28,1453.35,191.45,0.0,191.45,13.17,0.0,1,0,0,0,191.45,0.0,38.54
2026-04-17,5324,士開,TPEX,12.0,11.9272,0.61,280.75,37.0,0.0,37.0,13.18,0.0,1,0,0,0,37.0,0.0,38.54
2026-04-17,2038,海光,TWSE,15.2,15.3007,-0.66,634.95,81.97,0.0,81.97,12.91,0.0,1,0,0,0,81.97,0.0,38.33
2026-04-17,2387,精元,TWSE,40.35,40.5833,-0.57,713.03,91.97,0.0,91.97,12.9,0.0,1,0,0,0,91.97,0.0,38.32
2026-04-17,6641,基士德-KY,TWSE,18.45,18.3732,0.42,31.71,4.09,0.0,4.09,12.9,0.0,1,0,0,0,4.09,0.0,38.32
2026-04-17,6198,瑞築,TPEX,21.7,21.6785,0.1,31.06,4.0,0.0,4.0,12.88,0.0,1,0,0,0,4.0,0.0,38.3
2026-04-17,9918,欣天然,TWSE,43.6,43.4404,0.37,92.65,11.89,0.0,11.89,12.84,0.0,1,0,0,0,11.89,0.0,38.27
2026-04-17,1434,福懋,TWSE,16.8,16.8517,-0.31,2202.86,185.37,28.0,213.37,8.41,1.27,1,0,1,0,185.37,28.0,38.26
2026-04-17,6431,光麗-KY,TWSE,21.3,21.0916,0.99,119.49,15.26,0.0,15.26,12.77,0.0,1,0,0,0,15.26,0.0,38.21
2026-04-17,4721,美琪瑪,TPEX,91.2,90.6907,0.56,4469.54,570.0,0.0,570.0,12.75,0.0,1,0,0,0,570.0,0.0,38.2
2026-04-17,2061,風青,TPEX,16.1,16.1588,-0.36,94.19,12.0,0.0,12.0,12.74,0.0,1,0,0,0,12.0,0.0,38.19
2026-04-17,2107,厚生,TWSE,26.05,26.0272,0.09,396.44,50.51,0.0,50.51,12.74,0.0,1,0,0,0,50.51,0.0,38.19
2026-04-17,6158,禾昌,TPEX,18.3,18.1414,0.87,79.13,10.0,0.0,10.0,12.64,0.0,1,0,0,0,10.0,0.0,38.11
2026-04-17,9931,欣高,TWSE,36.0,36.0982,-0.27,99.81,12.6,0.0,12.6,12.62,0.0,1,0,0,0,12.6,0.0,38.1
2026-04-17,6541,泰福-KY,TWSE,41.0,40.7407,0.64,281.08,35.22,0.0,35.22,12.53,0.0,1,0,0,0,35.22,0.0,38.02
2026-04-17,8433,弘帆,TPEX,58.3,58.0878,0.37,566.98,71.0,0.0,71.0,12.52,0.0,1,0,0,0,71.0,0.0,38.02
2026-04-17,1445,大宇,TWSE,13.1,13.1011,-0.01,50.6,6.32,0.0,6.32,12.49,0.0,1,0,0,0,6.32,0.0,37.99
2026-04-17,1713,國化,TWSE,48.25,48.3393,-0.18,174.26,21.75,0.0,21.75,12.48,0.0,1,0,0,0,21.75,0.0,37.99
2026-04-17,6426,統新,TWSE,227.0,223.765,1.45,2594.29,322.2,0.0,322.2,12.42,0.0,1,0,0,0,322.2,0.0,37.94
2026-04-17,1324,地球,TWSE,11.25,11.3035,-0.47,91.9,11.37,0.0,11.37,12.37,0.0,1,0,0,0,11.37,0.0,37.9
2026-04-17,7728,光焱科技,TPEX,815.0,833.2656,-2.19,380.48,47.08,0.0,47.08,12.37,0.0,1,0,0,0,47.08,0.0,37.9
2026-04-17,8103,瀚荃,TWSE,93.1,93.0987,0.0,2236.21,276.49,0.0,276.49,12.36,0.0,1,0,0,0,276.49,0.0,37.89
2026-04-17,6830,汎銓,TWSE,885.0,869.9841,1.73,315.24,38.64,0.0,38.64,12.26,0.0,1,0,0,0,38.64,0.0,37.8
2026-04-17,8089,康全電訊,TPEX,21.55,21.7727,-1.02,213.46,26.0,0.0,26.0,12.18,0.0,1,0,0,0,26.0,0.0,37.74
2026-04-17,5410,國眾,TPEX,32.4,32.5438,-0.44,337.19,41.0,0.0,41.0,12.16,0.0,1,0,0,0,41.0,0.0,37.73
2026-04-17,6761,穩得,TPEX,195.5,195.0397,0.24,784.05,95.1,0.0,95.1,12.13,0.0,1,0,0,0,95.1,0.0,37.7
2026-04-17,6697,東捷資訊,TPEX,41.1,40.9236,0.43,33.16,4.0,0.0,4.0,12.06,0.0,1,0,0,0,4.0,0.0,37.65
2026-04-17,1752,南光,TWSE,35.55,35.5782,-0.08,94.76,11.41,0.0,11.41,12.04,0.0,1,0,0,0,11.41,0.0,37.63
2026-04-17,3581,博磊,TPEX,119.0,116.1532,2.45,3444.89,413.0,0.0,413.0,11.99,0.0,1,0,0,0,413.0,0.0,37.59
2026-04-17,6423,億而得,TPEX,97.9,95.723,2.27,628.34,75.0,0.0,75.0,11.94,0.0,1,0,0,0,75.0,0.0,37.55
2026-04-17,6743,安普新,TWSE,22.9,22.9425,-0.19,282.33,33.69,0.0,33.69,11.93,0.0,1,0,0,0,33.69,0.0,37.55
2026-04-17,4549,桓達,TPEX,99.5,99.5585,-0.06,75.6,9.0,0.0,9.0,11.91,0.0,1,0,0,0,9.0,0.0,37.52
2026-04-17,6290,良維,TPEX,235.0,232.1138,1.24,8391.48,1640.82,-0.32,1640.5,19.55,-0.0,1,0,0,1,1640.82,-0.32,37.49
2026-04-17,6548,長科*,TPEX,54.7,53.9122,1.46,22639.49,7124.0,-2.0,7122.0,31.47,-0.01,1,0,0,1,7124.0,-2.0,37.48
2026-04-17,5425,台半,TPEX,65.7,64.2267,2.29,16174.13,3298.25,-2.45,3295.8,20.39,-0.02,1,0,0,1,3298.25,-2.45,37.46
2026-04-17,6579,研揚,TWSE,118.0,119.6866,-1.41,312.02,36.84,0.0,36.84,11.81,0.0,1,0,0,0,36.84,0.0,37.44
2026-04-17,3605,宏致,TWSE,65.6,66.1089,-0.77,2833.76,562.35,-1.0,561.35,19.84,-0.04,1,0,0,1,562.35,-1.0,37.41
2026-04-17,5543,桓鼎-KY,TPEX,26.7,26.4235,1.05,17.0,2.0,0.0,2.0,11.76,0.0,1,0,0,0,2.0,0.0,37.41
2026-04-17,4772,台特化,TPEX,308.5,308.1343,0.12,1523.69,285.0,-0.7,284.3,18.7,-0.05,1,0,0,1,285.0,-0.7,37.39
2026-04-17,7738,東聯互動,TPEX,180.0,179.7377,0.15,76.73,9.0,0.0,9.0,11.73,0.0,1,0,0,0,9.0,0.0,37.38
2026-04-17,1535,中宇,TWSE,52.2,52.0547,0.28,65.01,7.61,0.0,7.61,11.71,0.0,1,0,0,0,7.61,0.0,37.37
2026-04-17,8926,台汽電,TWSE,45.2,45.1407,0.13,1683.18,562.01,-1.0,561.01,33.39,-0.06,1,0,0,1,562.01,-1.0,37.35
2026-04-17,3516,亞帝歐,TPEX,19.95,19.8846,0.33,34.26,4.0,0.0,4.0,11.67,0.0,1,0,0,0,4.0,0.0,37.34
2026-04-17,6245,立端,TPEX,82.8,81.6607,1.4,3045.85,922.0,-1.98,920.02,30.27,-0.06,1,0,0,1,922.0,-1.98,37.34
2026-04-17,2402,毅嘉,TWSE,77.7,76.2236,1.94,39487.47,6274.0,-27.0,6247.0,15.89,-0.07,1,0,0,1,6274.0,-27.0,37.33
2026-04-17,3704,合勤控,TWSE,37.45,37.6754,-0.6,4447.51,1542.01,-3.0,1539.01,34.67,-0.07,1,0,0,1,1542.01,-3.0,37.33
2026-04-17,6192,巨路,TWSE,122.5,122.212,0.24,330.64,38.48,0.0,38.48,11.64,0.0,1,0,0,0,38.48,0.0,37.31
2026-04-17,3701,大眾控,TWSE,65.9,66.7097,-1.21,13430.25,3352.74,-11.0,3341.74,24.96,-0.08,1,0,0,1,3352.74,-11.0,37.3
2026-04-17,4952,凌通,TWSE,42.5,42.7372,-0.56,383.65,44.54,0.0,44.54,11.61,0.0,1,0,0,0,44.54,0.0,37.29
2026-04-17,2428,興勤,TWSE,182.5,183.8012,-0.71,1150.27,278.6,-1.0,277.6,24.22,-0.09,1,0,0,1,278.6,-1.0,37.28
2026-04-17,6525,捷敏-KY,TWSE,90.5,91.0634,-0.62,1108.34,173.82,-1.0,172.82,15.68,-0.09,1,0,0,1,173.82,-1.0,37.27
2026-04-17,6919,康霈*,TWSE,108.0,107.2139,0.73,4014.84,591.75,-0.24,591.51,14.74,-0.01,1,0,0,1,591.75,-0.24,37.27
2026-04-17,3694,海華,TWSE,61.3,61.7293,-0.7,1052.82,213.67,-1.0,212.67,20.3,-0.09,1,0,0,1,213.67,-1.0,37.26
2026-04-17,5609,中菲行,TPEX,80.2,79.9058,0.37,173.37,20.0,0.0,20.0,11.54,0.0,1,0,0,0,20.0,0.0,37.23
2026-04-17,6179,亞通,TPEX,24.4,24.4312,-0.13,1251.25,144.0,0.0,144.0,11.51,0.0,1,0,0,0,144.0,0.0,37.21
2026-04-17,1796,金穎生技,TPEX,39.55,39.6773,-0.32,8.71,1.0,0.0,1.0,11.48,0.0,1,0,0,0,1.0,0.0,37.19
2026-04-17,8091,翔名,TPEX,181.5,181.5925,-0.05,950.52,282.0,-1.21,280.79,29.67,-0.13,1,0,0,1,282.0,-1.21,37.18
2026-04-17,6517,保勝光學,TPEX,59.8,60.0919,-0.49,209.29,24.0,0.0,24.0,11.47,0.0,1,0,0,0,24.0,0.0,37.17
2026-04-17,4916,事欣科,TWSE,67.8,67.6739,0.19,21622.5,3186.23,-11.0,3175.23,14.74,-0.05,1,0,0,1,3186.23,-11.0,37.12
2026-04-17,6120,達運,TWSE,14.8,14.9148,-0.77,3994.0,454.97,0.0,454.97,11.39,0.0,1,0,0,0,454.97,0.0,37.11
2026-04-17,2527,宏璟,TWSE,36.7,37.7524,-2.79,2241.51,738.34,-3.59,734.75,32.94,-0.16,1,0,0,1,738.34,-3.59,37.1
2026-04-17,3162,精確,TPEX,64.5,62.7573,2.78,3018.26,343.0,0.0,343.0,11.36,0.0,1,0,0,0,343.0,0.0,37.09
2026-04-17,2645,長榮航太,TWSE,160.5,159.6718,0.52,1795.64,493.39,-3.0,490.39,27.48,-0.17,1,0,0,1,493.39,-3.0,37.08
2026-04-17,4999,鑫禾,TWSE,21.1,20.9574,0.68,126.7,14.37,0.0,14.37,11.34,0.0,1,0,0,0,14.37,0.0,37.07
2026-04-17,5392,能率,TPEX,39.0,39.329,-0.84,1349.34,153.0,0.0,153.0,11.34,0.0,1,0,0,0,153.0,0.0,37.07
2026-04-17,3708,上緯投控,TWSE,123.5,123.1778,0.26,2275.3,641.49,-4.0,637.49,28.19,-0.18,1,0,0,1,641.49,-4.0,37.06
2026-04-17,1294,漢田生技,TPEX,82.7,82.3192,0.46,53.06,6.0,0.0,6.0,11.31,0.0,1,0,0,0,6.0,0.0,37.05
2026-04-17,3081,聯亞,TPEX,2600.0,2576.4014,0.92,1295.63,360.84,-2.34,358.5,27.85,-0.18,1,0,0,1,360.84,-2.34,37.05
2026-04-17,3526,凡甲,TPEX,273.5,271.1414,0.87,549.86,247.5,-1.0,246.5,45.01,-0.18,1,0,0,1,247.5,-1.0,37.05
2026-04-17,3596,智易,TWSE,177.0,178.4422,-0.81,1271.55,119.41,1.0,120.41,9.39,0.08,1,0,1,0,119.41,1.0,37.05
2026-04-17,1773,勝一,TWSE,157.5,156.731,0.49,1096.38,558.29,-2.0,556.29,50.92,-0.18,1,0,0,1,558.29,-2.0,37.04
2026-04-17,6550,北極星藥業-KY,TWSE,18.8,18.4071,2.13,1673.95,189.11,0.0,189.11,11.3,0.0,1,0,0,0,189.11,0.0,37.04
2026-04-17,2349,錸德,TWSE,13.75,14.0298,-1.99,6403.16,720.46,0.0,720.46,11.25,0.0,1,0,0,0,720.46,0.0,37.0
2026-04-17,1760,寶齡富錦,TWSE,64.5,64.0028,0.78,342.09,38.43,0.0,38.43,11.23,0.0,1,0,0,0,38.43,0.0,36.99
2026-04-17,2413,環科,TWSE,52.0,52.2296,-0.44,3370.24,830.32,-7.0,823.32,24.64,-0.21,1,0,0,1,830.32,-7.0,36.98
2026-04-17,3131,弘塑,TPEX,3255.0,3236.4995,0.57,699.83,63.9,1.92,65.82,9.13,0.27,1,0,1,0,63.9,1.92,36.97
2026-04-17,3706,神達,TWSE,84.1,84.2042,-0.12,18822.33,6700.37,-39.96,6660.41,35.6,-0.21,1,0,0,1,6700.37,-39.96,36.97
2026-04-17,3611,鼎翰,TPEX,187.0,187.1896,-0.1,53.58,6.0,0.0,6.0,11.2,0.0,1,0,0,0,6.0,0.0,36.96
2026-04-17,2637,慧洋-KY,TWSE,75.7,75.6355,0.09,6269.98,2226.69,-14.65,2212.04,35.51,-0.23,1,0,0,1,2226.69,-14.65,36.92
2026-04-17,6592,和潤企業,TWSE,64.5,64.2941,0.32,470.78,52.41,0.0,52.41,11.13,0.0,1,0,0,0,52.41,0.0,36.91
2026-04-17,1416,廣豐,TWSE,11.7,11.6387,0.53,89.7,9.93,0.0,9.93,11.07,0.0,1,0,0,0,9.93,0.0,36.86
2026-04-17,1336,台翰,TPEX,14.15,14.2311,-0.57,63.33,7.0,0.0,7.0,11.05,0.0,1,0,0,0,7.0,0.0,36.84
2026-04-17,6205,詮欣,TWSE,75.0,73.4872,2.06,6738.28,981.0,-7.0,974.0,14.56,-0.1,1,0,0,1,981.0,-7.0,36.8
2026-04-17,6214,精誠,TWSE,126.0,125.1963,0.64,3728.16,535.35,-2.16,533.2,14.36,-0.06,1,0,0,1,535.35,-2.16,36.8
2026-04-17,3438,類比科,TPEX,46.55,47.2328,-1.45,63.68,7.0,0.0,7.0,10.99,0.0,1,0,0,0,7.0,0.0,36.79
2026-04-17,9933,中鼎,TWSE,38.5,38.5118,-0.03,9069.31,1822.52,-27.0,1795.52,20.1,-0.3,1,0,0,1,1822.52,-27.0,36.76
2026-04-17,3213,茂訊,TPEX,107.5,106.6097,0.84,461.29,99.0,-1.44,97.56,21.46,-0.31,1,0,0,1,99.0,-1.44,36.72
2026-04-17,3707,漢磊,TPEX,56.2,56.5467,-0.61,7787.62,848.0,0.0,848.0,10.89,0.0,1,0,0,0,848.0,0.0,36.71
2026-04-17,6196,帆宣,TWSE,359.0,349.4025,2.75,4011.93,721.34,-13.11,708.23,17.98,-0.33,1,0,0,1,721.34,-13.11,36.68
2026-04-17,8114,振樺電,TWSE,174.0,173.7303,0.16,304.87,61.38,-1.0,60.38,20.13,-0.33,1,0,0,1,61.38,-1.0,36.68
2026-04-17,6224,聚鼎,TWSE,61.1,59.9877,1.85,1614.53,174.38,0.0,174.38,10.8,0.0,1,0,0,0,174.38,0.0,36.64
2026-04-17,7805,威聯通,TPEX,671.0,667.6538,0.5,102.04,11.0,0.0,11.0,10.78,0.0,1,0,0,0,11.0,0.0,36.62
2026-04-17,3164,景岳,TWSE,17.95,17.9512,-0.01,32.07,3.43,0.0,3.43,10.71,0.0,1,0,0,0,3.43,0.0,36.57
2026-04-17,4109,加捷生醫,TPEX,12.6,12.4709,1.03,289.34,31.0,0.0,31.0,10.71,0.0,1,0,0,0,31.0,0.0,36.57
2026-04-17,4111,濟生,TPEX,29.3,29.2888,0.04,74.9,8.0,0.0,8.0,10.68,0.0,1,0,0,0,8.0,0.0,36.54
2026-04-17,4720,德淵,TWSE,22.1,22.0309,0.31,7200.53,1010.52,-4.01,1006.51,14.03,-0.06,1,0,0,1,1010.52,-4.01,36.54
2026-04-17,4402,郡都開發,TPEX,16.05,16.0335,0.1,84.4,9.0,0.0,9.0,10.66,0.0,1,0,0,0,9.0,0.0,36.53
2026-04-17,6922,宸曜,TPEX,166.5,166.5362,-0.02,47.03,5.0,0.0,5.0,10.63,0.0,1,0,0,0,5.0,0.0,36.5
2026-04-17,2070,精湛,TPEX,45.65,45.2682,0.84,624.17,66.0,0.0,66.0,10.57,0.0,1,0,0,0,66.0,0.0,36.46
2026-04-17,7709,榮田,TPEX,72.8,73.9418,-1.54,360.01,38.0,0.0,38.0,10.56,0.0,1,0,0,0,38.0,0.0,36.44
2026-04-17,3033,威健,TWSE,34.65,34.9456,-0.85,5413.92,1870.18,-23.51,1846.67,34.54,-0.43,1,0,0,1,1870.18,-23.51,36.41
2026-04-17,1591,駿吉-KY,TPEX,57.7,58.1034,-0.69,641.42,67.2,0.0,67.2,10.48,0.0,1,0,0,0,67.2,0.0,36.38
2026-04-17,6206,飛捷,TWSE,108.0,108.1862,-0.17,1379.34,283.71,-6.43,277.28,20.57,-0.47,1,0,0,1,283.71,-6.43,36.34
2026-04-17,6122,擎邦,TPEX,50.8,50.6899,0.22,355.36,37.0,0.0,37.0,10.41,0.0,1,0,0,0,37.0,0.0,36.33
2026-04-17,6417,韋僑,TPEX,122.5,120.4364,1.71,355.47,37.0,0.0,37.0,10.41,0.0,1,0,0,0,37.0,0.0,36.33
2026-04-17,8489,三貝德,TPEX,26.8,26.5036,1.12,67.27,7.0,0.0,7.0,10.41,0.0,1,0,0,0,7.0,0.0,36.33
2026-04-17,1708,東鹼,TWSE,39.35,39.5652,-0.54,2952.21,407.47,-2.0,405.47,13.8,-0.07,1,0,0,1,407.47,-2.0,36.32
2026-04-17,6937,天虹,TWSE,306.0,307.393,-0.45,932.82,141.96,-4.0,137.96,15.22,-0.43,1,0,0,1,141.96,-4.0,36.26
2026-04-17,1817,凱撒衛,TWSE,38.7,38.6507,0.13,32.52,3.35,0.0,3.35,10.31,0.0,1,0,0,0,3.35,0.0,36.25
2026-04-17,2834,臺企銀,TWSE,16.3,16.2444,0.34,36452.39,5235.85,-85.0,5150.85,14.36,-0.23,1,0,0,1,5235.85,-85.0,36.22
2026-04-17,1584,精剛,TPEX,21.15,21.2172,-0.32,535.62,55.0,0.0,55.0,10.27,0.0,1,0,0,0,55.0,0.0,36.21
2026-04-17,8074,鉅橡,TPEX,71.2,70.9858,0.3,8941.24,910.0,0.0,910.0,10.18,0.0,1,0,0,0,910.0,0.0,36.14
2026-04-17,8042,金山電,TPEX,66.2,66.4388,-0.36,4976.58,505.0,0.0,505.0,10.15,0.0,1,0,0,0,505.0,0.0,36.12
2026-04-17,8045,達運光電,TWSE,73.5,73.6024,-0.14,266.21,27.0,0.0,27.0,10.14,0.0,1,0,0,0,27.0,0.0,36.11
2026-04-17,8210,勤誠,TWSE,1020.0,1027.1202,-0.69,2517.77,466.02,-14.0,452.02,18.51,-0.56,1,0,0,1,466.02,-14.0,36.11
2026-04-17,3038,全台,TWSE,23.4,23.488,-0.37,749.47,114.78,-3.83,110.95,15.32,-0.51,1,0,0,1,114.78,-3.83,36.07
2026-04-17,1813,寶利徠,TPEX,13.4,13.4318,-0.24,9.93,1.0,0.0,1.0,10.07,0.0,1,0,0,0,1.0,0.0,36.06
2026-04-17,3437,榮創,TWSE,27.2,26.4358,2.89,14367.91,1443.2,0.0,1443.2,10.04,0.0,1,0,0,0,1443.2,0.0,36.04
2026-04-17,6890,來億-KY,TWSE,175.5,178.1369,-1.48,1473.39,147.88,0.0,147.88,10.04,0.0,1,0,0,0,147.88,0.0,36.03
2026-04-17,8099,大世科,TPEX,69.7,69.8053,-0.15,199.58,20.0,0.0,20.0,10.02,0.0,1,0,0,0,20.0,0.0,36.02
2026-04-17,2352,佳世達,TWSE,25.65,25.5361,0.45,6422.33,2832.91,-39.0,2793.91,44.11,-0.61,1,0,0,1,2832.91,-39.0,35.98
2026-04-17,3209,全科,TWSE,47.45,47.583,-0.28,2619.54,600.08,-16.07,584.01,22.91,-0.61,1,0,0,1,600.08,-16.07,35.97
2026-04-17,3025,星通,TWSE,64.5,64.8599,-0.55,963.52,187.14,-6.0,181.14,19.42,-0.62,1,0,0,1,187.14,-6.0,35.94
2026-04-17,4533,協易機,TPEX,31.65,31.7783,-0.4,1829.33,182.0,0.0,182.0,9.95,0.0,1,0,0,0,182.0,0.0,35.86
2026-04-17,6167,久正,TPEX,14.2,14.3068,-0.75,1166.94,116.0,0.0,116.0,9.94,0.0,1,0,0,0,116.0,0.0,35.83
2026-04-17,4722,國精化,TWSE,180.0,180.5096,-0.28,1343.01,296.25,-9.0,287.25,22.06,-0.67,1,0,0,1,296.25,-9.0,35.82
2026-04-17,4571,鈞興-KY,TWSE,160.0,160.0338,-0.02,140.28,32.13,-1.0,31.13,22.91,-0.71,1,0,0,1,32.13,-1.0,35.72
2026-04-17,6134,萬旭,TPEX,31.35,31.6221,-0.86,676.83,67.0,0.0,67.0,9.9,0.0,1,0,0,0,67.0,0.0,35.72
2026-04-17,2228,劍麟,TWSE,90.5,91.2873,-0.86,140.04,30.39,-1.0,29.39,21.7,-0.71,1,0,0,1,30.39,-1.0,35.71
2026-04-17,6532,瑞耘,TPEX,83.5,81.3488,2.64,1599.59,158.2,0.0,158.2,9.89,0.0,1,0,0,0,158.2,0.0,35.69
2026-04-17,3022,威強電,TWSE,69.0,68.8473,0.22,706.03,256.88,-5.14,251.73,36.38,-0.73,1,0,0,1,256.88,-5.14,35.68
2026-04-17,3617,碩天,TWSE,192.0,192.0028,-0.0,373.14,125.22,-2.72,122.5,33.56,-0.73,1,0,0,1,125.22,-2.72,35.68
2026-04-17,5234,達興材料,TWSE,443.0,439.0459,0.9,1248.44,169.46,-3.0,166.46,13.57,-0.24,1,0,0,1,169.46,-3.0,35.57
2026-04-17,2002,中鋼,TWSE,20.1,20.0365,0.32,26198.19,8304.59,-210.74,8093.85,31.7,-0.8,1,0,0,1,8304.59,-210.74,35.49
2026-04-17,1609,大亞,TWSE,34.55,34.541,0.03,2508.19,516.01,-21.0,495.01,20.57,-0.84,1,0,0,1,516.01,-21.0,35.41
2026-04-17,1466,聚隆,TWSE,16.8,16.6999,0.6,128.61,12.54,0.0,12.54,9.75,0.0,1,0,0,0,12.54,0.0,35.31
2026-04-17,6282,康舒,TWSE,50.9,50.7003,0.39,27909.98,3785.03,-97.0,3688.03,13.56,-0.35,1,0,0,1,3785.03,-97.0,35.2
2026-04-17,8927,北基,TPEX,23.15,23.3019,-0.65,350.13,34.0,0.0,34.0,9.71,0.0,1,0,0,0,34.0,0.0,35.19
2026-04-17,5457,宣德,TPEX,38.15,38.3255,-0.46,1057.39,283.0,-10.0,273.0,26.76,-0.95,1,0,0,1,283.0,-10.0,35.14
2026-04-17,8437,大地-KY,TPEX,12.5,12.307,1.57,51.61,5.0,0.0,5.0,9.69,0.0,1,0,0,0,5.0,0.0,35.12
2026-04-17,2643,捷迅,TPEX,68.4,68.4975,-0.14,10.35,1.0,0.0,1.0,9.66,0.0,1,0,0,0,1.0,0.0,35.06
2026-04-17,8271,宇瞻,TWSE,179.5,179.3526,0.08,6360.73,805.0,-11.0,794.0,12.66,-0.17,1,0,0,1,805.0,-11.0,35.05
2026-04-17,2069,運錩,TWSE,18.5,18.5421,-0.23,285.07,27.53,0.0,27.53,9.66,0.0,1,0,0,0,27.53,0.0,35.04
2026-04-17,6115,鎰勝,TWSE,47.8,47.6419,0.33,123.61,11.93,0.0,11.93,9.65,0.0,1,0,0,0,11.93,0.0,35.03
2026-04-17,3357,臺慶科,TPEX,181.0,183.5433,-1.39,7162.93,843.67,-0.12,843.55,11.78,-0.0,1,0,0,1,843.67,-0.12,34.92
2026-04-17,6908,宏碁遊戲-創,TWSE,41.55,41.6136,-0.15,83.28,8.0,0.0,8.0,9.61,0.0,1,0,0,0,8.0,0.0,34.9
2026-04-17,6895,宏碩系統,TPEX,168.0,166.1866,1.09,188.29,18.0,0.0,18.0,9.56,0.0,1,0,0,0,18.0,0.0,34.77
2026-04-17,6199,天品,TPEX,113.0,114.1148,-0.98,335.81,32.0,0.0,32.0,9.53,0.0,1,0,0,0,32.0,0.0,34.68
2026-04-17,8341,日友,TWSE,76.3,76.3173,-0.02,164.32,15.65,0.0,15.65,9.52,0.0,1,0,0,0,15.65,0.0,34.66
2026-04-17,3217,優群,TPEX,163.0,162.361,0.39,862.56,262.0,-9.86,252.14,30.37,-1.14,1,0,0,1,262.0,-9.86,34.64
2026-04-17,6910,德鴻,TPEX,29.4,29.4875,-0.3,42.16,4.0,0.0,4.0,9.49,0.0,1,0,0,0,4.0,0.0,34.56
2026-04-17,2719,燦星旅,TPEX,29.75,29.5996,0.51,21.12,2.0,0.0,2.0,9.47,0.0,1,0,0,0,2.0,0.0,34.52
2026-04-17,6477,安集,TWSE,34.45,34.5827,-0.38,450.37,42.61,0.0,42.61,9.46,0.0,1,0,0,0,42.61,0.0,34.49
2026-04-17,3390,旭軟,TPEX,24.25,24.3031,-0.22,201.74,19.0,0.0,19.0,9.42,0.0,1,0,0,0,19.0,0.0,34.37
2026-04-17,9941,裕融,TWSE,78.3,78.2015,0.13,1871.19,803.43,-24.0,779.43,42.94,-1.28,1,0,0,1,803.43,-24.0,34.29
2026-04-17,1503,士電,TWSE,197.5,196.5823,0.47,2019.13,226.96,-2.0,224.96,11.24,-0.1,1,0,0,1,226.96,-2.0,34.17
2026-04-17,3356,奇偶,TWSE,52.4,52.8007,-0.76,667.73,62.4,0.0,62.4,9.34,0.0,1,0,0,0,62.4,0.0,34.16
2026-04-17,4912,聯德控股-KY,TWSE,89.8,90.0761,-0.31,365.07,87.32,-5.0,82.32,23.92,-1.37,1,0,0,1,87.32,-5.0,34.08
2026-04-17,3607,谷崧,TWSE,15.5,15.0309,3.12,714.21,111.31,0.0,111.31,15.59,0.0,1,0,0,0,111.31,0.0,34.0
2026-04-17,6762,達亞,TPEX,170.5,163.6615,4.18,12.16,5.0,0.0,5.0,41.13,0.0,1,0,0,0,5.0,0.0,34.0
2026-04-17,6788,華景電,TPEX,431.0,417.0046,3.36,4712.74,1030.1,0.0,1030.1,21.86,0.0,1,0,0,0,1030.1,0.0,34.0
2026-04-17,2353,宏碁,TWSE,28.7,28.6188,0.28,42007.69,9284.25,-589.78,8694.47,22.1,-1.4,1,0,0,1,9284.25,-589.78,33.99
2026-04-17,6123,上奇,TPEX,42.3,41.9458,0.84,205.07,19.0,0.0,19.0,9.27,0.0,1,0,0,0,19.0,0.0,33.94
2026-04-17,6138,茂達,TPEX,229.0,227.8204,0.52,420.82,77.0,-6.0,71.0,18.3,-1.43,1,0,0,1,77.0,-6.0,33.94
2026-04-17,6197,佳必琪,TWSE,185.5,187.751,-1.2,6926.36,639.5,0.0,639.5,9.23,0.0,1,0,0,0,639.5,0.0,33.85
2026-04-17,4764,雙鍵,TWSE,212.5,208.3202,2.01,1483.1,165.21,-3.0,162.21,11.14,-0.2,1,0,0,1,165.21,-3.0,33.74
2026-04-17,1809,中釉,TWSE,27.2,27.3124,-0.41,3716.44,340.83,0.0,340.83,9.17,0.0,1,0,0,0,340.83,0.0,33.68
2026-04-17,6962,奕力-KY,TWSE,35.0,35.0815,-0.23,3765.4,459.0,-18.0,441.0,12.19,-0.48,1,0,0,1,459.0,-18.0,33.67
2026-04-17,4735,豪展,TPEX,30.6,30.5954,0.01,10.95,1.0,0.0,1.0,9.13,0.0,1,0,0,0,1.0,0.0,33.57
2026-04-17,8438,昶昕,TWSE,88.3,87.765,0.61,1501.46,171.85,-5.0,166.85,11.45,-0.33,1,0,0,1,171.85,-5.0,33.56
2026-04-17,8081,致新,TWSE,241.0,239.6594,0.56,543.87,145.43,-8.69,136.73,26.74,-1.6,1,0,0,1,145.43,-8.69,33.5
2026-04-17,3592,瑞鼎,TWSE,239.5,235.7161,1.61,773.12,113.88,-8.89,104.98,14.73,-1.15,1,0,0,1,113.88,-8.89,33.49
2026-04-17,1437,勤益控,TWSE,30.5,30.4559,0.14,66.35,6.01,0.0,6.01,9.06,0.0,1,0,0,0,6.01,0.0,33.37
2026-04-17,2642,宅配通,TWSE,23.0,22.9221,0.34,91.0,8.24,0.0,8.24,9.05,0.0,1,0,0,0,8.24,0.0,33.35
2026-04-17,3504,揚明光,TWSE,67.4,65.9516,2.2,2374.58,215.0,0.0,215.0,9.05,0.0,1,0,0,0,215.0,0.0,33.35
2026-04-17,3530,晶相光,TWSE,62.5,62.6617,-0.26,364.8,56.32,-5.0,51.32,15.44,-1.37,1,0,0,1,56.32,-5.0,33.33
2026-04-17,2329,華泰,TWSE,61.5,61.758,-0.42,32544.47,3343.79,-47.0,3296.79,10.27,-0.14,1,0,0,1,3343.79,-47.0,33.24
2026-04-17,6451,訊芯-KY,TWSE,505.0,514.8613,-1.92,968.71,87.12,0.0,87.12,8.99,0.0,1,0,0,0,87.12,0.0,33.18
2026-04-17,6189,豐藝,TWSE,47.2,47.2594,-0.13,750.02,143.27,-13.12,130.15,19.1,-1.75,1,0,0,1,143.27,-13.12,33.13
2026-04-17,3615,安可,TPEX,34.9,35.0735,-0.49,8980.97,804.95,0.0,804.95,8.96,0.0,1,0,0,0,804.95,0.0,33.1
2026-04-17,3555,博士旺,TPEX,260.0,257.5421,0.95,873.9,78.0,0.0,78.0,8.93,0.0,1,0,0,0,78.0,0.0,32.99
2026-04-17,2342,茂矽,TWSE,30.5,30.8444,-1.12,1716.31,151.39,0.0,151.39,8.82,0.0,1,0,0,0,151.39,0.0,32.7
2026-04-17,6265,方土昶,TPEX,38.9,38.6075,0.76,3377.91,297.0,0.0,297.0,8.79,0.0,1,0,0,0,297.0,0.0,32.62
2026-04-17,4426,利勤,TWSE,8.92,8.7795,1.6,232.76,20.43,0.0,20.43,8.78,0.0,1,0,0,0,20.43,0.0,32.58
2026-04-17,2395,研華,TWSE,366.0,365.7881,0.06,5334.99,1918.87,-107.11,1811.76,35.97,-2.01,1,0,0,1,1918.87,-107.11,32.48
2026-04-17,3715,定穎投控,TWSE,198.0,194.9561,1.56,63631.71,5549.74,0.0,5549.74,8.72,0.0,1,0,0,0,5549.74,0.0,32.42
2026-04-17,3285,微端,TPEX,28.2,28.1872,0.05,11.5,1.0,0.0,1.0,8.69,0.0,1,0,0,0,1.0,0.0,32.34
2026-04-17,1109,信大,TWSE,15.5,15.4432,0.37,185.02,15.85,0.0,15.85,8.57,0.0,1,0,0,0,15.85,0.0,31.99
2026-04-17,2606,裕民,TWSE,65.0,64.9616,0.06,7333.42,2896.19,-161.56,2734.64,39.49,-2.2,1,0,0,1,2896.19,-161.56,31.99
2026-04-17,2480,敦陽科,TWSE,140.5,140.8186,-0.23,220.06,40.53,-4.95,35.58,18.42,-2.25,1,0,0,1,40.53,-4.95,31.88
2026-04-17,1323,永裕,TWSE,21.0,21.0327,-0.16,170.49,14.46,0.0,14.46,8.48,0.0,1,0,0,0,14.46,0.0,31.74
2026-04-17,4506,崇友,TPEX,120.5,120.6796,-0.15,23.73,2.0,0.0,2.0,8.43,0.0,1,0,0,0,2.0,0.0,31.6
2026-04-17,6235,華孚,TWSE,45.7,45.748,-0.1,558.47,47.01,0.0,47.01,8.42,0.0,1,0,0,0,47.01,0.0,31.57
2026-04-17,5315,光聯,TPEX,23.2,23.2379,-0.16,539.24,45.0,0.0,45.0,8.35,0.0,1,0,0,0,45.0,0.0,31.37
2026-04-17,3444,利機,TPEX,83.0,80.9837,2.49,1454.81,121.0,0.0,121.0,8.32,0.0,1,0,0,0,121.0,0.0,31.29
2026-04-17,4909,新復興,TPEX,63.9,64.078,-0.28,2336.52,194.0,0.0,194.0,8.3,0.0,1,0,0,0,194.0,0.0,31.25
2026-04-17,2492,華新科,TWSE,147.0,149.7033,-1.81,17416.19,1283.23,6.0,1289.23,7.37,0.03,1,0,1,0,1283.23,6.0,31.24
2026-04-17,1533,車王電,TWSE,31.25,31.1095,0.45,114.37,9.49,0.0,9.49,8.3,0.0,1,0,0,0,9.49,0.0,31.23
2026-04-17,3691,碩禾,TPEX,125.0,123.0142,1.61,1256.12,104.2,0.0,104.2,8.3,0.0,1,0,0,0,104.2,0.0,31.23
2026-04-17,6201,亞弘電,TWSE,51.0,50.8672,0.26,65.65,5.44,0.0,5.44,8.29,0.0,1,0,0,0,5.44,0.0,31.2
2026-04-17,6854,錼創科技-KY創,TWSE,167.5,163.1986,2.64,2008.83,166.29,0.0,166.29,8.28,0.0,1,0,0,0,166.29,0.0,31.18
2026-04-17,2063,世鎧,TPEX,27.2,27.4663,-0.97,36.41,3.0,0.0,3.0,8.24,0.0,1,0,0,0,3.0,0.0,31.07
2026-04-17,7749,意騰-KY,TWSE,411.5,411.876,-0.09,183.26,15.0,0.0,15.0,8.19,0.0,1,0,0,0,15.0,0.0,30.92
2026-04-17,2478,大毅,TWSE,77.2,77.43,-0.3,12321.69,1113.26,-1.0,1112.26,9.03,-0.01,1,0,0,1,1113.26,-1.0,30.77
2026-04-17,2482,連宇,TWSE,17.7,17.7196,-0.11,567.5,46.09,0.0,46.09,8.12,0.0,1,0,0,0,46.09,0.0,30.74
2026-04-17,3284,太普高,TPEX,18.8,18.7849,0.08,185.82,15.0,0.0,15.0,8.07,0.0,1,0,0,0,15.0,0.0,30.6
2026-04-17,2845,遠東銀,TWSE,12.65,12.6283,0.17,5326.02,513.84,-34.0,479.84,9.65,-0.64,1,0,0,1,513.84,-34.0,30.41
2026-04-17,6829,千附精密,TPEX,197.0,192.5358,2.32,4232.69,338.77,0.0,338.77,8.0,0.0,1,0,0,0,338.77,0.0,30.41
2026-04-17,4532,瑞智,TWSE,24.6,24.5264,0.3,1085.51,136.25,-16.9,119.35,12.55,-1.56,1,0,0,1,136.25,-16.9,30.4
2026-04-17,4938,和碩,TWSE,83.0,82.9066,0.11,26603.95,10849.18,-761.79,10087.4,40.78,-2.86,1,0,0,1,10849.18,-761.79,30.34
2026-04-17,3055,蔚華科,TWSE,68.2,67.2462,1.42,1071.68,85.26,0.0,85.26,7.96,0.0,1,0,0,0,85.26,0.0,30.28
2026-04-17,5432,新門,TPEX,130.0,131.7175,-1.3,87.96,7.0,0.0,7.0,7.96,0.0,1,0,0,0,7.0,0.0,30.28
2026-04-17,3122,笙泉,TPEX,25.9,25.6462,0.99,165.82,12.99,0.0,12.99,7.83,0.0,1,0,0,0,12.99,0.0,29.93
2026-04-17,6526,達發,TWSE,506.0,503.4073,0.52,447.47,49.35,-6.0,43.35,11.03,-1.34,1,0,0,1,49.35,-6.0,29.9
2026-04-17,2497,怡利電,TWSE,56.1,56.5386,-0.78,912.2,91.3,-10.0,81.3,10.01,-1.1,1,0,0,1,91.3,-10.0,29.89
2026-04-17,6139,亞翔,TWSE,723.0,696.9101,3.74,9661.48,2099.61,-65.15,2034.46,21.73,-0.67,1,0,0,1,2099.61,-65.15,29.81
2026-04-17,5481,新華,TPEX,22.6,22.7929,-0.85,577.91,45.0,0.0,45.0,7.79,0.0,1,0,0,0,45.0,0.0,29.8
2026-04-17,3231,緯創,TWSE,136.5,135.6406,0.63,36847.54,11007.02,-1164.52,9842.49,29.87,-3.16,1,0,0,1,11007.02,-1164.52,29.6
2026-04-17,2405,輔信,TWSE,15.75,15.8183,-0.43,1608.08,123.71,0.0,123.71,7.69,0.0,1,0,0,0,123.71,0.0,29.54
2026-04-17,4175,杏一,TPEX,55.4,55.1898,0.38,26.08,2.0,0.0,2.0,7.67,0.0,1,0,0,0,2.0,0.0,29.47
2026-04-17,6754,匯僑設計,TWSE,47.0,46.9811,0.04,17.11,10.33,-0.56,9.77,60.34,-3.24,1,0,0,1,10.33,-0.56,29.39
2026-04-17,1802,台玻,TWSE,74.2,72.9739,1.68,346753.09,26413.02,0.0,26413.02,7.62,0.0,1,0,0,0,26413.02,0.0,29.33
2026-04-17,2801,彰銀,TWSE,21.6,21.4155,0.86,19141.76,6123.93,-627.0,5496.93,31.99,-3.28,1,0,0,1,6123.93,-627.0,29.31
2026-04-17,8064,東捷,TPEX,78.0,78.2582,-0.33,17945.56,1363.5,0.0,1363.5,7.6,0.0,1,0,0,0,1363.5,0.0,29.27
2026-04-17,1101,台泥,TWSE,25.1,25.0063,0.37,18202.33,1666.0,-109.0,1557.0,9.15,-0.6,1,0,0,1,1666.0,-109.0,29.15
2026-04-17,3167,大量,TWSE,685.0,700.0116,-2.14,603.53,60.45,-8.0,52.45,10.02,-1.33,1,0,0,1,60.45,-8.0,29.14
2026-04-17,3687,歐買尬,TPEX,69.1,69.0577,0.06,66.29,5.0,0.0,5.0,7.54,0.0,1,0,0,0,5.0,0.0,29.12
2026-04-17,3035,智原,TWSE,159.0,160.0535,-0.66,5268.7,446.52,-2.0,444.52,8.47,-0.04,1,0,0,1,446.52,-2.0,29.1
2026-04-17,7740,熙特爾-創,TWSE,178.0,179.1832,-0.66,106.38,8.0,0.0,8.0,7.52,0.0,1,0,0,0,8.0,0.0,29.06
2026-04-17,8040,九暘,TPEX,62.4,62.5771,-0.28,1759.93,132.0,0.0,132.0,7.5,0.0,1,0,0,0,132.0,0.0,29.0
2026-04-17,4190,佐登-KY,TWSE,27.0,26.9907,0.03,44.08,3.3,0.0,3.3,7.49,0.0,1,0,0,0,3.3,0.0,28.98
2026-04-17,4924,欣厚-KY,TPEX,10.1,10.038,0.62,107.07,8.0,0.0,8.0,7.47,0.0,1,0,0,0,8.0,0.0,28.92
2026-04-17,4958,臻鼎-KY,TWSE,282.0,274.1853,2.85,42796.31,4216.79,-545.0,3671.79,9.85,-1.27,1,0,0,1,4216.79,-545.0,28.89
2026-04-17,1605,華新,TWSE,32.3,31.997,0.95,15798.13,3189.13,-547.48,2641.65,20.19,-3.47,1,0,0,1,3189.13,-547.48,28.84
2026-04-17,8403,盛弘,TPEX,22.2,22.3373,-0.61,228.46,17.0,0.0,17.0,7.44,0.0,1,0,0,0,17.0,0.0,28.83
2026-04-17,1815,富喬,TPEX,127.0,123.1088,3.16,128213.67,14685.28,-0.96,14684.32,11.45,-0.0,1,0,0,1,14685.28,-0.96,28.66
2026-04-17,5903,全家,TPEX,191.0,190.24,0.4,27.11,2.0,0.0,2.0,7.38,0.0,1,0,0,0,2.0,0.0,28.66
2026-04-17,8436,大江,TPEX,125.0,125.3265,-0.26,907.15,113.0,-18.96,94.04,12.46,-2.09,1,0,0,1,113.0,-18.96,28.57
2026-04-17,5904,寶雅,TPEX,510.0,507.6338,0.47,743.88,42.08,5.0,47.08,5.66,0.67,1,0,1,0,42.08,5.0,28.56
2026-04-17,2752,豆府,TPEX,191.5,191.2403,0.14,27.34,2.0,0.0,2.0,7.32,0.0,1,0,0,0,2.0,0.0,28.48
2026-04-17,6126,信音,TPEX,33.25,33.5499,-0.89,1464.82,107.0,0.0,107.0,7.3,0.0,1,0,0,0,107.0,0.0,28.45
2026-04-17,2736,富野,TPEX,13.75,13.8626,-0.81,110.35,8.0,0.0,8.0,7.25,0.0,1,0,0,0,8.0,0.0,28.3
2026-04-17,6118,建達,TPEX,17.1,17.096,0.02,151.9,11.0,0.0,11.0,7.24,0.0,1,0,0,0,11.0,0.0,28.28
2026-04-17,1449,佳和,TWSE,14.4,14.4977,-0.67,1846.62,133.59,0.0,133.59,7.23,0.0,1,0,0,0,133.59,0.0,28.26
2026-04-17,6226,光鼎,TWSE,14.6,14.0641,3.81,7266.48,680.59,0.0,680.59,9.37,0.0,1,0,0,0,680.59,0.0,28.23
2026-04-17,5516,雙喜,TPEX,12.15,12.1015,0.4,69.49,5.0,0.0,5.0,7.2,0.0,1,0,0,0,5.0,0.0,28.15
2026-04-17,1558,伸興,TWSE,93.7,93.7956,-0.1,40.93,17.33,-1.53,15.8,42.34,-3.75,1,0,0,1,17.33,-1.53,28.14
2026-04-17,7717,萊德光電-KY,TPEX,875.0,876.5418,-0.18,791.58,26.06,20.0,46.06,3.29,2.53,1,0,1,0,26.06,20.0,28.06
2026-04-17,2468,華經,TWSE,34.9,35.0411,-0.4,243.31,17.34,0.0,17.34,7.13,0.0,1,0,0,0,17.34,0.0,27.96
2026-04-17,5245,智晶,TPEX,25.4,25.6582,-1.01,170.59,12.0,0.0,12.0,7.03,0.0,1,0,0,0,12.0,0.0,27.7
2026-04-17,8421,旭源,TPEX,13.5,13.4713,0.21,28.42,2.0,0.0,2.0,7.04,0.0,1,0,0,0,2.0,0.0,27.7
2026-04-17,4166,友霖,TPEX,25.8,25.5633,0.93,256.34,18.0,0.0,18.0,7.02,0.0,1,0,0,0,18.0,0.0,27.66
2026-04-17,3432,台端,TWSE,16.25,16.4059,-0.95,48.19,3.34,0.0,3.34,6.93,0.0,1,0,0,0,3.34,0.0,27.39
2026-04-17,3652,精聯,TWSE,28.0,27.9263,0.26,48.88,3.38,0.0,3.38,6.91,0.0,1,0,0,0,3.38,0.0,27.35
2026-04-17,6708,天擎,TPEX,39.3,38.5622,1.91,29.01,2.0,0.0,2.0,6.89,0.0,1,0,0,0,2.0,0.0,27.3
2026-04-17,5511,德昌,TPEX,70.5,70.7856,-0.4,348.48,24.0,0.0,24.0,6.89,0.0,1,0,0,0,24.0,0.0,27.28
2026-04-17,6494,九齊,TPEX,54.3,54.2203,0.15,276.31,19.0,0.0,19.0,6.88,0.0,1,0,0,0,19.0,0.0,27.25
2026-04-17,4188,安克,TPEX,12.05,12.0443,0.05,29.35,2.0,0.0,2.0,6.81,0.0,1,0,0,0,2.0,0.0,27.08
2026-04-17,4416,三圓,TPEX,15.1,14.8449,1.72,1222.1,83.0,0.0,83.0,6.79,0.0,1,0,0,0,83.0,0.0,27.02
2026-04-17,3529,力旺,TPEX,4075.0,3973.8418,2.55,1342.66,-50.35,125.86,75.51,-3.75,9.37,0,1,1,0,-50.35,125.86,26.93
2026-04-17,6292,迅德,TPEX,47.9,47.9832,-0.17,177.83,12.0,0.0,12.0,6.75,0.0,1,0,0,0,12.0,0.0,26.89
2026-04-17,6435,大中,TPEX,178.5,174.9904,2.01,2111.83,142.0,0.0,142.0,6.72,0.0,1,0,0,0,142.0,0.0,26.83
2026-04-17,2450,神腦,TWSE,30.25,30.1974,0.17,181.75,12.18,0.0,12.18,6.7,0.0,1,0,0,0,12.18,0.0,26.76
2026-04-17,6142,友勁,TWSE,9.23,9.2813,-0.55,654.96,43.58,0.0,43.58,6.65,0.0,1,0,0,0,43.58,0.0,26.63
2026-04-17,2458,義隆,TWSE,138.0,138.2777,-0.2,2832.93,1068.51,-123.92,944.59,37.72,-4.37,1,0,0,1,1068.51,-123.92,26.56
2026-04-17,5292,華懋,TWSE,230.5,230.0272,0.21,316.69,27.21,-3.0,24.21,8.59,-0.95,1,0,0,1,27.21,-3.0,26.43
2026-04-17,3535,晶彩科,TWSE,120.5,122.6699,-1.77,4788.96,314.84,0.0,314.84,6.57,0.0,1,0,0,0,314.84,0.0,26.41
2026-04-17,2483,百容,TWSE,22.95,22.599,1.55,237.09,15.54,0.0,15.54,6.55,0.0,1,0,0,0,15.54,0.0,26.35
2026-04-17,2328,廣宇,TWSE,45.6,45.6008,-0.0,2760.47,180.57,0.0,180.57,6.54,0.0,1,0,0,0,180.57,0.0,26.32
2026-04-17,5522,遠雄,TWSE,69.7,69.7991,-0.14,823.12,90.94,-20.0,70.94,11.05,-2.43,1,0,0,1,90.94,-20.0,26.32
2026-04-17,7703,銳澤,TPEX,230.5,232.1344,-0.7,367.83,24.0,0.0,24.0,6.52,0.0,1,0,0,0,24.0,0.0,26.27
2026-04-17,2457,飛宏,TWSE,24.75,24.7631,-0.05,2193.57,141.14,0.0,141.14,6.43,0.0,1,0,0,0,141.14,0.0,26.02
2026-04-17,2420,新巨,TWSE,55.1,55.0608,0.07,240.51,20.76,-2.77,17.99,8.63,-1.15,1,0,0,1,20.76,-2.77,25.87
2026-04-17,3363,上詮,TPEX,899.0,890.0077,1.01,6431.87,332.39,16.57,348.96,5.17,0.26,1,0,1,0,332.39,16.57,25.82
2026-04-17,6861,睿生光電,TWSE,161.5,160.6921,0.5,6252.02,397.1,0.0,397.1,6.35,0.0,1,0,0,0,397.1,0.0,25.78
2026-04-17,5493,三聯,TPEX,83.2,83.7815,-0.69,268.84,17.0,0.0,17.0,6.32,0.0,1,0,0,0,17.0,0.0,25.71
2026-04-17,2904,匯僑,TWSE,16.7,16.5664,0.81,69.41,4.38,0.0,4.38,6.31,0.0,1,0,0,0,4.38,0.0,25.68
2026-04-17,3416,融程電,TWSE,160.0,159.4478,0.35,331.02,20.89,0.0,20.89,6.31,0.0,1,0,0,0,20.89,0.0,25.67
2026-04-17,5227,立凱-KY,TPEX,22.2,22.2655,-0.29,142.76,9.0,0.0,9.0,6.3,0.0,1,0,0,0,9.0,0.0,25.65
2026-04-17,6732,昇佳電子,TPEX,158.0,157.6019,0.25,401.66,30.0,-1.0,29.0,7.47,-0.25,1,0,0,1,30.0,-1.0,25.59
2026-04-17,8021,尖點,TWSE,390.5,381.2025,2.44,4277.55,323.11,-15.0,308.11,7.55,-0.35,1,0,0,1,323.11,-15.0,25.49
2026-04-17,3663,鑫科,TPEX,70.3,71.4635,-1.63,2067.2,129.02,0.0,129.02,6.24,0.0,1,0,0,0,129.02,0.0,25.48
2026-04-17,2033,佳大,TWSE,16.65,16.6177,0.19,134.56,8.4,0.0,8.4,6.24,0.0,1,0,0,0,8.4,0.0,25.47
2026-04-17,2404,漢唐,TWSE,1025.0,987.2038,3.83,11342.32,3290.93,-274.0,3016.93,29.01,-2.42,1,0,0,1,3290.93,-274.0,25.46
2026-04-17,4560,強信-KY,TWSE,33.55,33.5363,0.04,193.67,12.08,0.0,12.08,6.24,0.0,1,0,0,0,12.08,0.0,25.46
2026-04-17,5536,聖暉*,TPEX,825.0,817.6328,0.9,3488.67,1834.35,-169.35,1665.0,52.58,-4.85,1,0,0,1,1834.35,-169.35,25.36
2026-04-17,6414,樺漢,TWSE,304.0,303.9234,0.03,1624.08,869.62,-79.0,790.62,53.55,-4.86,1,0,0,1,869.62,-79.0,25.34
2026-04-17,4137,麗豐-KY,TWSE,110.5,110.1086,0.36,85.93,5.29,0.0,5.29,6.15,0.0,1,0,0,0,5.29,0.0,25.22
2026-04-17,4441,振大環球,TWSE,194.5,193.9768,0.27,49.41,3.0,0.0,3.0,6.07,0.0,1,0,0,0,3.0,0.0,25.0
2026-04-17,6109,亞元,TPEX,11.95,11.9468,0.03,363.81,22.0,0.0,22.0,6.05,0.0,1,0,0,0,22.0,0.0,24.93
2026-04-17,3467,台灣精材,TPEX,59.3,57.9051,2.41,1190.41,71.0,0.0,71.0,5.96,0.0,1,0,0,0,71.0,0.0,24.7
2026-04-17,6933,AMAX-KY,TWSE,196.0,190.0026,3.16,1522.44,123.45,0.0,123.45,8.11,0.0,1,0,0,0,123.45,0.0,24.7
2026-04-17,2425,承啟,TWSE,30.2,30.7106,-1.66,427.58,25.48,0.0,25.48,5.96,0.0,1,0,0,0,25.48,0.0,24.68
2026-04-17,5215,科嘉-KY,TWSE,38.35,38.3206,0.08,36.35,2.16,0.0,2.16,5.94,0.0,1,0,0,0,2.16,0.0,24.65
2026-04-17,2501,國建,TWSE,24.45,24.3626,0.36,2267.46,90.76,20.0,110.76,4.0,0.88,1,0,1,0,90.76,20.0,24.62
2026-04-17,2357,華碩,TWSE,599.0,598.7043,0.05,5743.4,1472.42,-298.28,1174.15,25.64,-5.19,1,0,0,1,1472.42,-298.28,24.52
2026-04-17,4741,泓瀚,TPEX,58.3,58.7422,-0.75,253.78,14.94,0.0,14.94,5.89,0.0,1,0,0,0,14.94,0.0,24.48
2026-04-17,3045,台灣大,TWSE,112.5,111.2438,1.13,19150.99,9525.0,-1006.02,8518.98,49.74,-5.25,1,0,0,1,9525.0,-1006.02,24.37
2026-04-17,1506,正道,TWSE,11.15,11.1126,0.34,138.74,8.0,0.0,8.0,5.77,0.0,1,0,0,0,8.0,0.0,24.14
2026-04-17,8105,凌巨,TWSE,13.95,14.0,-0.36,2418.48,139.18,0.0,139.18,5.75,0.0,1,0,0,0,139.18,0.0,24.11
2026-04-17,7711,永擎,TWSE,301.0,300.9283,0.02,558.27,32.0,0.0,32.0,5.73,0.0,1,0,0,0,32.0,0.0,24.05
2026-04-17,8034,榮群,TPEX,25.4,25.5691,-0.66,576.52,33.0,0.0,33.0,5.72,0.0,1,0,0,0,33.0,0.0,24.03
2026-04-17,6425,易發,TPEX,85.9,83.9025,2.38,8051.0,460.0,0.0,460.0,5.71,0.0,1,0,0,0,460.0,0.0,24.0
2026-04-17,4702,中美實,TPEX,10.0,10.0611,-0.61,246.88,14.0,0.0,14.0,5.67,0.0,1,0,0,0,14.0,0.0,23.88
2026-04-17,5603,陸海,TPEX,16.8,16.7451,0.33,88.41,5.0,0.0,5.0,5.66,0.0,1,0,0,0,5.0,0.0,23.84
2026-04-17,6278,台表科,TWSE,157.0,154.6306,1.53,27549.29,5713.13,-1521.26,4191.86,20.74,-5.52,1,0,0,1,5713.13,-1521.26,23.7
2026-04-17,6185,幃翔,TPEX,14.05,14.0854,-0.25,71.55,4.0,0.0,4.0,5.59,0.0,1,0,0,0,4.0,0.0,23.65
2026-04-17,2027,大成鋼,TWSE,37.6,37.4831,0.31,11212.04,1269.64,-380.0,889.64,11.32,-3.39,1,0,0,1,1269.64,-380.0,23.37
2026-04-17,6609,瀧澤科,TPEX,38.8,38.816,-0.04,220.81,12.0,0.0,12.0,5.43,0.0,1,0,0,0,12.0,0.0,23.22
2026-04-17,8358,金居,TPEX,367.5,357.0499,2.93,40256.28,1322.36,427.63,1749.99,3.28,1.06,1,0,1,0,1322.36,427.63,23.2
2026-04-17,2412,中華電,TWSE,137.5,137.0463,0.33,9367.32,5320.08,-543.24,4776.84,56.79,-5.8,1,0,0,1,5320.08,-543.24,23.0
2026-04-17,3228,金麗科,TPEX,138.5,138.0636,0.32,597.75,32.0,0.0,32.0,5.35,0.0,1,0,0,0,32.0,0.0,22.99
2026-04-17,5478,智冠,TPEX,99.7,99.9185,-0.22,132.03,7.0,0.0,7.0,5.3,0.0,1,0,0,0,7.0,0.0,22.85
2026-04-17,6516,勤崴國際,TPEX,61.2,61.0051,0.32,37.8,2.0,0.0,2.0,5.29,0.0,1,0,0,0,2.0,0.0,22.81
2026-04-17,6168,宏齊,TWSE,28.8,29.0493,-0.86,23015.4,1208.51,0.0,1208.51,5.25,0.0,1,0,0,0,1208.51,0.0,22.7
2026-04-17,1436,華友聯,TWSE,52.8,52.8974,-0.18,264.08,13.69,0.0,13.69,5.18,0.0,1,0,0,0,13.69,0.0,22.52
2026-04-17,2301,光寶科,TWSE,162.0,161.9481,0.03,18876.84,5259.65,-1137.62,4122.03,27.86,-6.03,1,0,0,1,5259.65,-1137.62,22.43
2026-04-17,6279,胡連,TPEX,109.0,108.5499,0.41,688.65,80.39,-26.0,54.39,11.67,-3.78,1,0,0,1,80.39,-26.0,22.38
2026-04-17,3027,盛達,TWSE,19.4,19.4752,-0.39,381.15,19.5,0.0,19.5,5.12,0.0,1,0,0,0,19.5,0.0,22.32
2026-04-17,6643,M31,TPEX,506.0,505.654,0.07,2571.79,130.74,0.0,130.74,5.08,0.0,1,0,0,0,130.74,0.0,22.23
2026-04-17,2596,綠意,TPEX,32.3,31.9931,0.96,98.51,5.0,0.0,5.0,5.08,0.0,1,0,0,0,5.0,0.0,22.21
2026-04-17,2365,昆盈,TWSE,34.9,34.9872,-0.25,10831.84,541.1,0.0,541.1,5.0,0.0,1,0,0,0,541.1,0.0,21.99
2026-04-17,3693,營邦,TPEX,662.0,645.1023,2.62,3405.28,199.6,-0.05,199.55,5.86,-0.0,1,0,0,1,199.6,-0.05,21.91
2026-04-17,3211,順達,TPEX,359.0,354.1965,1.36,6407.14,458.05,-70.18,387.87,7.15,-1.1,1,0,0,1,458.05,-70.18,21.9
2026-04-17,6210,慶生,TPEX,20.7,20.7257,-0.12,61.16,3.0,0.0,3.0,4.91,0.0,1,0,0,0,3.0,0.0,21.73
2026-04-17,4930,燦星網,TWSE,19.2,19.1557,0.23,65.65,3.2,0.0,3.2,4.87,0.0,1,0,0,0,3.2,0.0,21.65
2026-04-17,3709,鑫聯大投控,TPEX,71.3,70.8878,0.58,2518.47,121.0,0.0,121.0,4.8,0.0,1,0,0,0,121.0,0.0,21.45
2026-04-17,3362,先進光,TPEX,113.0,112.073,0.83,815.76,39.0,0.0,39.0,4.78,0.0,1,0,0,0,39.0,0.0,21.39
2026-04-17,3532,台勝科,TWSE,188.5,190.0661,-0.82,821.54,39.17,0.0,39.17,4.77,0.0,1,0,0,0,39.17,0.0,21.35
2026-04-17,4107,邦特,TPEX,119.5,119.8837,-0.32,42.65,2.0,0.0,2.0,4.69,0.0,1,0,0,0,2.0,0.0,21.13
2026-04-17,1514,亞力,TWSE,114.0,112.9068,0.97,4660.47,217.37,0.0,217.37,4.66,0.0,1,0,0,0,217.37,0.0,21.06
2026-04-17,8261,富鼎,TWSE,127.5,124.003,2.82,10714.81,593.81,-1.0,592.81,5.54,-0.01,1,0,0,1,593.81,-1.0,20.99
2026-04-17,5434,崇越,TWSE,417.0,415.8286,0.28,695.75,188.52,-46.0,142.52,27.1,-6.61,1,0,0,1,188.52,-46.0,20.97
2026-04-17,2393,億光,TWSE,73.3,73.3737,-0.1,2270.34,236.1,-89.22,146.88,10.4,-3.93,1,0,0,1,236.1,-89.22,20.85
2026-04-17,6016,康和證,TPEX,17.2,17.0783,0.71,3979.96,182.0,0.0,182.0,4.57,0.0,1,0,0,0,182.0,0.0,20.8
2026-04-17,3522,御嵿,TPEX,13.15,13.0632,0.66,131.73,6.0,0.0,6.0,4.55,0.0,1,0,0,0,6.0,0.0,20.75
2026-04-17,5014,建錩,TPEX,10.2,10.1386,0.61,175.65,8.0,0.0,8.0,4.55,0.0,1,0,0,0,8.0,0.0,20.75
2026-04-17,6505,台塑化,TWSE,54.9,55.026,-0.23,9742.36,548.18,-15.05,533.13,5.63,-0.15,1,0,0,1,548.18,-15.05,20.75
2026-04-17,1475,業旺,TWSE,28.35,28.2138,0.48,29.66,1.33,0.0,1.33,4.48,0.0,1,0,0,0,1.33,0.0,20.53
2026-04-17,8349,恒耀,TPEX,45.15,44.8621,0.64,333.2,14.89,0.0,14.89,4.47,0.0,1,0,0,0,14.89,0.0,20.51
2026-04-17,8354,冠好,TPEX,16.05,16.0467,0.02,179.44,8.0,0.0,8.0,4.46,0.0,1,0,0,0,8.0,0.0,20.48
2026-04-17,6821,聯寶,TPEX,67.5,64.4947,4.66,2728.92,180.0,0.0,180.0,6.6,0.0,1,0,0,0,180.0,0.0,20.47
2026-04-17,3379,彬台,TPEX,37.3,37.3266,-0.07,113.11,5.0,0.0,5.0,4.42,0.0,1,0,0,0,5.0,0.0,20.38
2026-04-17,4576,大銀微系統,TWSE,196.0,196.1849,-0.09,1955.18,86.3,0.0,86.3,4.41,0.0,1,0,0,0,86.3,0.0,20.36
2026-04-17,5236,凌陽創新,TPEX,153.5,153.2557,0.16,859.83,37.93,0.0,37.93,4.41,0.0,1,0,0,0,37.93,0.0,20.35
2026-04-17,4967,十銓,TWSE,219.5,219.2245,0.13,7204.0,392.15,-9.0,383.15,5.44,-0.12,1,0,0,1,392.15,-9.0,20.33
2026-04-17,4528,江興鍛,TPEX,17.15,17.0586,0.54,22.77,1.0,0.0,1.0,4.39,0.0,1,0,0,0,1.0,0.0,20.3
2026-04-17,1301,台塑,TWSE,53.4,54.0714,-1.24,34349.73,662.56,450.97,1113.53,1.93,1.31,1,0,1,0,662.56,450.97,20.23
2026-04-17,6023,元大期,TPEX,99.5,99.2994,0.2,76.07,-1.0,4.0,3.0,-1.31,5.26,0,1,1,0,-1.0,4.0,20.17
2026-04-17,3062,建漢,TWSE,30.05,30.1735,-0.41,9575.5,411.34,0.0,411.34,4.3,0.0,1,0,0,0,411.34,0.0,20.03
2026-04-17,6449,鈺邦,TWSE,174.5,175.3767,-0.5,877.23,45.54,-0.09,45.45,5.19,-0.01,1,0,0,1,45.54,-0.09,20.0
2026-04-17,3259,鑫創,TPEX,17.1,17.1798,-0.46,23.36,1.0,0.0,1.0,4.28,0.0,1,0,0,0,1.0,0.0,19.99
2026-04-17,3323,加百裕,TPEX,33.15,33.0702,0.24,491.51,21.0,0.0,21.0,4.27,0.0,1,0,0,0,21.0,0.0,19.96
2026-04-17,4163,鐿鈦,TPEX,108.0,108.0668,-0.06,47.01,2.0,0.0,2.0,4.25,0.0,1,0,0,0,2.0,0.0,19.91
2026-04-17,2014,中鴻,TWSE,18.65,18.8377,-1.0,8400.55,355.56,0.0,355.56,4.23,0.0,1,0,0,0,355.56,0.0,19.85
2026-04-17,6863,永道-KY,TWSE,99.0,100.3737,-1.37,103.43,4.37,0.0,4.37,4.22,0.0,1,0,0,0,4.37,0.0,19.82
2026-04-17,8462,柏文,TWSE,142.0,141.8539,0.1,43.59,3.39,-1.0,2.39,7.79,-2.29,1,0,0,1,3.39,-1.0,19.73
2026-04-17,3494,誠研,TWSE,8.35,8.1981,1.85,143.72,6.0,0.0,6.0,4.17,0.0,1,0,0,0,6.0,0.0,19.69
2026-04-17,2006,東和鋼鐵,TWSE,71.8,71.6967,0.14,2306.83,876.87,-165.42,711.45,38.01,-7.17,1,0,0,1,876.87,-165.42,19.57
2026-04-17,2355,敬鵬,TWSE,52.1,52.0872,0.02,10998.01,595.54,-37.05,558.49,5.41,-0.34,1,0,0,1,595.54,-37.05,19.55
2026-04-17,1806,冠軍,TWSE,8.36,8.3852,-0.3,218.87,8.97,0.0,8.97,4.1,0.0,1,0,0,0,8.97,0.0,19.47
2026-04-17,5484,慧友,TWSE,38.8,38.9505,-0.39,330.42,22.33,-5.0,17.33,6.76,-1.51,1,0,0,1,22.33,-5.0,19.43
2026-04-17,1586,和勤,TPEX,22.75,22.6791,0.31,1034.12,42.0,0.0,42.0,4.06,0.0,1,0,0,0,42.0,0.0,19.37
2026-04-17,3558,神準,TPEX,112.0,113.2761,-1.13,173.63,7.0,0.0,7.0,4.03,0.0,1,0,0,0,7.0,0.0,19.29
2026-04-17,6263,普萊德,TPEX,131.5,131.1978,0.23,49.81,2.0,0.0,2.0,4.01,0.0,1,0,0,0,2.0,0.0,19.21
2026-04-17,4169,泰宗,TWSE,166.5,169.9695,-2.04,630.67,25.0,0.0,25.0,3.96,0.0,1,0,0,0,25.0,0.0,19.1
2026-04-17,4749,新應材,TPEX,895.0,892.5314,0.28,980.99,165.09,-59.09,106.0,16.83,-6.02,1,0,0,1,165.09,-59.09,19.09
2026-04-17,3548,兆利,TPEX,105.0,104.9574,0.04,1779.0,69.0,0.0,69.0,3.88,0.0,1,0,0,0,69.0,0.0,18.86
2026-04-17,6921,嘉雨思-創,TWSE,86.2,83.6762,3.02,122.2,7.3,0.0,7.3,5.97,0.0,1,0,0,0,7.3,0.0,18.73
2026-04-17,6591,動力-KY,TWSE,58.9,58.5792,0.55,318.83,12.19,0.0,12.19,3.82,0.0,1,0,0,0,12.19,0.0,18.7
2026-04-17,6208,日揚,TPEX,75.0,75.7251,-0.96,2834.47,108.02,0.0,108.02,3.81,0.0,1,0,0,0,108.02,0.0,18.67
2026-04-17,2382,廣達,TWSE,323.0,323.9186,-0.28,20083.51,9627.25,-1518.17,8109.08,47.94,-7.56,1,0,0,1,9627.25,-1518.17,18.6
2026-04-17,3092,鴻碩,TWSE,35.3,34.8788,1.21,2469.83,93.53,0.0,93.53,3.79,0.0,1,0,0,0,93.53,0.0,18.6
2026-04-17,1723,中碳,TWSE,81.2,80.9072,0.36,665.88,25.18,0.0,25.18,3.78,0.0,1,0,0,0,25.18,0.0,18.59
2026-04-17,3019,亞光,TWSE,129.0,129.0115,-0.01,2013.33,94.4,-0.25,94.15,4.69,-0.01,1,0,0,1,94.4,-0.25,18.59
2026-04-17,3221,台嘉碩,TPEX,44.4,44.469,-0.16,24644.6,932.0,0.0,932.0,3.78,0.0,1,0,0,0,932.0,0.0,18.59
2026-04-17,7780,大研生醫*,TWSE,20.35,20.3655,-0.08,2989.69,112.5,0.0,112.5,3.76,0.0,1,0,0,0,112.5,0.0,18.54
2026-04-17,6535,順藥,TPEX,131.0,132.335,-1.01,239.44,9.0,0.0,9.0,3.76,0.0,1,0,0,0,9.0,0.0,18.52
2026-04-17,8033,雷虎,TWSE,148.0,147.9872,0.01,5119.4,191.37,0.0,191.37,3.74,0.0,1,0,0,0,191.37,0.0,18.47
2026-04-17,6108,競國,TWSE,17.9,18.1685,-1.48,1404.33,52.39,0.0,52.39,3.73,0.0,1,0,0,0,52.39,0.0,18.45
2026-04-17,1570,力肯,TPEX,32.8,33.0799,-0.85,462.74,17.0,0.0,17.0,3.67,0.0,1,0,0,0,17.0,0.0,18.29
2026-04-17,2115,六暉-KY,TWSE,21.7,21.6034,0.45,96.34,3.52,0.0,3.52,3.66,0.0,1,0,0,0,3.52,0.0,18.24
2026-04-17,4950,金耘國際,TPEX,16.8,16.7789,0.13,27.49,1.0,0.0,1.0,3.64,0.0,1,0,0,0,1.0,0.0,18.18
2026-04-17,1590,亞德客-KY,TWSE,1255.0,1224.8963,2.46,1486.38,137.95,-61.0,76.95,9.28,-4.1,1,0,0,1,137.95,-61.0,17.94
2026-04-17,4527,方土霖,TPEX,43.2,43.2162,-0.04,28.24,1.0,0.0,1.0,3.54,0.0,1,0,0,0,1.0,0.0,17.92
2026-04-17,6624,萬年清,TPEX,56.8,56.9972,-0.35,28.22,1.0,0.0,1.0,3.54,0.0,1,0,0,0,1.0,0.0,17.92
2026-04-17,2347,聯強,TWSE,83.9,83.6325,0.32,5798.6,2274.36,-455.35,1819.01,39.22,-7.85,1,0,0,1,2274.36,-455.35,17.87
2026-04-17,5251,天鉞電,TPEX,30.45,30.4229,0.09,142.2,5.0,0.0,5.0,3.52,0.0,1,0,0,0,5.0,0.0,17.85
2026-04-17,2388,威盛,TWSE,65.3,64.0448,1.96,14663.04,512.16,0.0,512.16,3.49,0.0,1,0,0,0,512.16,0.0,17.78
2026-04-17,2538,基泰,TWSE,10.1,10.0816,0.18,322.14,11.21,0.0,11.21,3.48,0.0,1,0,0,0,11.21,0.0,17.75
2026-04-17,3484,崧騰,TPEX,46.0,45.9405,0.13,258.48,9.0,0.0,9.0,3.48,0.0,1,0,0,0,9.0,0.0,17.75
2026-04-17,3306,鼎天,TPEX,47.45,47.622,-0.36,145.34,5.0,0.0,5.0,3.44,0.0,1,0,0,0,5.0,0.0,17.63
2026-04-17,6753,龍德造船,TWSE,138.5,141.9268,-2.41,1561.9,53.56,0.0,53.56,3.43,0.0,1,0,0,0,53.56,0.0,17.6
2026-04-17,2495,普安,TWSE,42.85,43.1444,-0.68,13572.33,615.46,-27.0,588.46,4.53,-0.2,1,0,0,1,615.46,-27.0,17.54
2026-04-17,3060,銘異,TWSE,30.25,30.7286,-1.56,1684.82,56.69,0.0,56.69,3.36,0.0,1,0,0,0,56.69,0.0,17.42
2026-04-17,3512,皇龍,TPEX,22.0,21.6494,1.62,148.91,5.0,0.0,5.0,3.36,0.0,1,0,0,0,5.0,0.0,17.4
2026-04-17,3141,晶宏,TPEX,44.2,44.2945,-0.21,423.18,14.0,0.0,14.0,3.31,0.0,1,0,0,0,14.0,0.0,17.26
2026-04-17,5902,德記,TPEX,38.5,38.6683,-0.44,30.29,1.0,0.0,1.0,3.3,0.0,1,0,0,0,1.0,0.0,17.24
2026-04-17,1528,恩德,TWSE,29.2,29.9395,-2.47,22978.78,978.99,-15.0,963.99,4.26,-0.07,1,0,0,1,978.99,-15.0,17.21
2026-04-17,7736,虎山,TWSE,80.1,80.2526,-0.19,31.2,1.0,0.0,1.0,3.21,0.0,1,0,0,0,1.0,0.0,16.98
2026-04-17,1201,味全,TWSE,13.4,13.3422,0.43,323.05,10.26,0.0,10.26,3.18,0.0,1,0,0,0,10.26,0.0,16.89
2026-04-17,8215,明基材,TWSE,29.25,28.8984,1.22,6467.59,290.08,-23.0,267.08,4.49,-0.36,1,0,0,1,290.08,-23.0,16.89
2026-04-17,3030,德律,TWSE,338.5,325.8935,3.87,7021.7,461.61,-22.0,439.61,6.57,-0.31,1,0,0,1,461.61,-22.0,16.87
2026-04-17,5871,中租-KY,TWSE,118.0,117.4467,0.47,6782.66,4331.56,-560.07,3771.48,63.86,-8.26,1,0,0,1,4331.56,-560.07,16.86
2026-04-17,4763,材料*-KY,TWSE,47.15,47.1885,-0.08,10689.76,1756.22,-706.68,1049.54,16.43,-6.61,1,0,0,1,1756.22,-706.68,16.83
2026-04-17,3441,聯一光,TPEX,32.4,32.8326,-1.32,190.43,6.0,0.0,6.0,3.15,0.0,1,0,0,0,6.0,0.0,16.82
2026-04-17,3010,華立,TWSE,132.5,131.9226,0.44,950.4,443.17,-78.7,364.47,46.63,-8.28,1,0,0,1,443.17,-78.7,16.8
2026-04-17,4171,瑞基,TPEX,19.7,19.7945,-0.48,222.8,7.0,0.0,7.0,3.14,0.0,1,0,0,0,7.0,0.0,16.8
2026-04-17,3236,千如,TPEX,35.25,35.6495,-1.12,6404.49,199.0,0.0,199.0,3.11,0.0,1,0,0,0,199.0,0.0,16.7
2026-04-17,6415,矽力*-KY,TWSE,332.5,321.9061,3.29,16101.9,1064.99,-67.0,997.99,6.61,-0.42,1,0,0,1,1064.99,-67.0,16.65
2026-04-17,8086,宏捷科,TPEX,148.5,150.7965,-1.52,26317.28,1042.52,-0.24,1042.28,3.96,-0.0,1,0,0,1,1042.52,-0.24,16.59
2026-04-17,6725,矽科宏晟,TPEX,390.5,388.3934,0.54,2334.52,69.0,0.0,69.0,2.96,0.0,1,0,0,0,69.0,0.0,16.28
2026-04-17,3653,健策,TWSE,4565.0,4582.4882,-0.38,1407.45,-168.25,251.98,83.74,-11.95,17.9,0,1,1,0,-168.25,251.98,16.26
2026-04-17,4931,新盛力,TPEX,145.0,143.3513,1.15,4672.42,136.0,0.0,136.0,2.91,0.0,1,0,0,0,136.0,0.0,16.15
2026-04-17,1410,南染,TWSE,30.8,30.913,-0.37,252.44,7.32,0.0,7.32,2.9,0.0,1,0,0,0,7.32,0.0,16.11
2026-04-17,2248,華勝-KY,TWSE,54.3,54.9667,-1.21,107.55,3.0,0.0,3.0,2.79,0.0,1,0,0,0,3.0,0.0,15.81
2026-04-17,3443,創意,TWSE,3255.0,3308.1,-1.61,1284.33,-74.13,98.95,24.82,-5.77,7.7,0,1,1,0,-74.13,98.95,15.76
2026-04-17,5351,鈺創,TPEX,67.5,66.4008,1.66,10958.18,302.0,0.0,302.0,2.76,0.0,1,0,0,0,302.0,0.0,15.72
2026-04-17,2221,大甲,TPEX,32.15,32.2713,-0.38,73.31,2.0,0.0,2.0,2.73,0.0,1,0,0,0,2.0,0.0,15.64
2026-04-17,5244,弘凱,TWSE,46.2,46.136,0.14,4216.35,115.0,0.0,115.0,2.73,0.0,1,0,0,0,115.0,0.0,15.64
2026-04-17,6903,巨漢,TPEX,394.0,387.2336,1.75,736.29,20.0,0.0,20.0,2.72,0.0,1,0,0,0,20.0,0.0,15.61
2026-04-17,7747,昕奇雲端,TPEX,133.0,132.6067,0.3,36.96,1.0,0.0,1.0,2.71,0.0,1,0,0,0,1.0,0.0,15.58
2026-04-17,6645,金萬林-創,TWSE,13.25,13.2283,0.16,37.1,1.0,0.0,1.0,2.7,0.0,1,0,0,0,1.0,0.0,15.55
2026-04-17,3540,曜越,TPEX,27.1,27.2334,-0.49,223.54,6.0,0.0,6.0,2.68,0.0,1,0,0,0,6.0,0.0,15.52
2026-04-17,3339,泰谷,TPEX,69.3,67.4239,2.78,14120.96,376.0,0.0,376.0,2.66,0.0,1,0,0,0,376.0,0.0,15.46
2026-04-17,6506,雙邦,TPEX,16.95,16.9753,-0.15,192.67,5.0,0.0,5.0,2.6,0.0,1,0,0,0,5.0,0.0,15.27
2026-04-17,3354,律勝,TPEX,28.15,28.3199,-0.6,621.75,16.0,0.0,16.0,2.57,0.0,1,0,0,0,16.0,0.0,15.21
2026-04-17,6951,青新-創,TWSE,82.1,82.0686,0.04,40.24,1.0,0.0,1.0,2.48,0.0,1,0,0,0,1.0,0.0,14.96
2026-04-17,6221,晉泰,TPEX,27.6,26.9495,2.41,1230.56,30.0,0.0,30.0,2.44,0.0,1,0,0,0,30.0,0.0,14.83
2026-04-17,6180,橘子,TPEX,41.9,41.9828,-0.2,329.26,19.0,-6.93,12.07,5.77,-2.11,1,0,0,1,19.0,-6.93,14.71
2026-04-17,3372,典範,TPEX,20.05,20.0903,-0.2,755.04,18.0,0.0,18.0,2.38,0.0,1,0,0,0,18.0,0.0,14.68
2026-04-17,2702,華園,TWSE,17.8,17.121,3.97,969.2,43.78,0.0,43.78,4.52,0.0,1,0,0,0,43.78,0.0,14.65
2026-04-17,4974,亞泰,TPEX,71.1,70.8174,0.4,210.87,5.0,0.0,5.0,2.37,0.0,1,0,0,0,5.0,0.0,14.64
2026-04-17,4133,亞諾法,TWSE,22.5,22.5409,-0.18,98.53,2.3,0.0,2.3,2.33,0.0,1,0,0,0,2.3,0.0,14.54
2026-04-17,5356,協益,TPEX,25.9,25.9127,-0.05,42.88,1.0,0.0,1.0,2.33,0.0,1,0,0,0,1.0,0.0,14.53
2026-04-17,1231,聯華食,TWSE,90.2,90.2418,-0.05,192.39,4.48,0.0,4.48,2.33,0.0,1,0,0,0,4.48,0.0,14.52
2026-04-17,7610,聯友金屬-創,TWSE,638.0,631.3327,1.06,783.09,18.01,0.0,18.01,2.3,0.0,1,0,0,0,18.01,0.0,14.44
2026-04-17,6924,榮惠-KY創,TWSE,89.0,87.1433,2.13,87.65,2.0,0.0,2.0,2.28,0.0,1,0,0,0,2.0,0.0,14.39
2026-04-17,5523,豐謙,TPEX,30.5,30.3778,0.4,44.46,1.0,0.0,1.0,2.25,0.0,1,0,0,0,1.0,0.0,14.3
2026-04-17,6160,欣技,TPEX,15.75,15.7887,-0.25,134.78,3.0,0.0,3.0,2.23,0.0,1,0,0,0,3.0,0.0,14.23
2026-04-17,8935,邦泰,TPEX,18.9,18.9915,-0.48,371.65,8.0,0.0,8.0,2.15,0.0,1,0,0,0,8.0,0.0,14.03
2026-04-17,5212,凌網,TPEX,48.2,47.9155,0.59,46.72,1.0,0.0,1.0,2.14,0.0,1,0,0,0,1.0,0.0,13.99
2026-04-17,4513,福裕,TPEX,16.6,16.6639,-0.38,234.42,5.0,0.0,5.0,2.13,0.0,1,0,0,0,5.0,0.0,13.97
2026-04-17,7704,明遠精密,TPEX,63.9,61.8669,3.29,210.54,9.0,0.0,9.0,4.27,0.0,1,0,0,0,9.0,0.0,13.97
2026-04-17,8088,品安,TPEX,50.6,51.047,-0.88,1879.79,40.0,0.0,40.0,2.13,0.0,1,0,0,0,40.0,0.0,13.96
2026-04-17,5465,富驊,TPEX,26.0,26.1131,-0.43,146.68,3.0,0.0,3.0,2.05,0.0,1,0,0,0,3.0,0.0,13.73
2026-04-17,8374,羅昇,TWSE,81.6,82.7245,-1.36,722.16,14.44,0.0,14.44,2.0,0.0,1,0,0,0,14.44,0.0,13.6
2026-04-17,2250,IKKA-KY,TWSE,64.0,64.1654,-0.26,55.68,1.08,0.0,1.08,1.94,0.0,1,0,0,0,1.08,0.0,13.43
2026-04-17,2498,宏達電,TWSE,41.3,41.3951,-0.23,4535.0,140.13,-10.0,130.13,3.09,-0.22,1,0,0,1,140.13,-10.0,13.42
2026-04-17,3434,哲固,TPEX,30.9,31.0556,-0.5,52.54,1.0,0.0,1.0,1.9,0.0,1,0,0,0,1.0,0.0,13.33
2026-04-17,8147,正淩,TPEX,162.0,157.951,2.56,1527.0,29.0,0.0,29.0,1.9,0.0,1,0,0,0,29.0,0.0,13.32
2026-04-17,3178,公準,TPEX,72.5,72.5587,-0.08,690.88,13.0,0.0,13.0,1.88,0.0,1,0,0,0,13.0,0.0,13.27
2026-04-17,5009,榮剛,TPEX,31.3,31.4236,-0.39,1353.59,129.0,-78.0,51.0,9.53,-5.76,1,0,0,1,129.0,-78.0,13.17
2026-04-17,5548,安倉,TPEX,24.3,24.25,0.21,166.26,3.0,0.0,3.0,1.8,0.0,1,0,0,0,3.0,0.0,13.05
2026-04-17,3042,晶技,TWSE,151.5,146.7316,3.25,10196.67,588.79,-83.0,505.79,5.77,-0.81,1,0,0,1,588.79,-83.0,12.98
2026-04-17,8107,大億金茂,TPEX,13.25,13.1024,1.13,175.59,3.0,0.0,3.0,1.71,0.0,1,0,0,0,3.0,0.0,12.78
2026-04-17,8289,泰藝,TPEX,49.65,50.2938,-1.28,21638.83,351.3,0.0,351.3,1.62,0.0,1,0,0,0,351.3,0.0,12.55
2026-04-17,1216,統一,TWSE,73.5,73.3581,0.19,9429.74,5103.29,-2958.22,2145.08,54.12,-31.37,1,0,0,1,5103.29,-2958.22,12.5
2026-04-17,2324,仁寶,TWSE,30.35,30.5961,-0.8,99623.64,38011.51,-17887.35,20124.16,38.16,-17.95,1,0,0,1,38011.51,-17887.35,12.5
2026-04-17,2356,英業達,TWSE,45.75,45.6994,0.11,34823.29,14769.11,-5784.69,8984.43,42.41,-16.61,1,0,0,1,14769.11,-5784.69,12.5
2026-04-17,2461,光群雷,TWSE,17.55,17.4999,0.29,923.27,14.84,0.0,14.84,1.61,0.0,1,0,0,0,14.84,0.0,12.5
2026-04-17,2850,新產,TWSE,125.5,124.4996,0.8,247.61,102.94,-50.0,52.95,41.58,-20.19,1,0,0,1,102.94,-50.0,12.5
2026-04-17,2912,統一超,TWSE,237.5,236.1727,0.56,3731.08,1126.77,-380.3,746.47,30.2,-10.19,1,0,0,1,1126.77,-380.3,12.5
2026-04-17,3293,鈊象,TPEX,775.0,770.5218,0.58,1963.57,841.35,-363.0,478.35,42.85,-18.49,1,0,0,1,841.35,-363.0,12.5
2026-04-17,4904,遠傳,TWSE,97.4,96.8124,0.61,7918.87,4094.87,-1355.91,2738.96,51.71,-17.12,1,0,0,1,4094.87,-1355.91,12.5
2026-04-17,1236,宏亞,TWSE,26.9,26.8822,0.07,27.05,0.43,0.0,0.43,1.58,0.0,1,0,0,0,0.43,0.0,12.43
2026-04-17,1308,亞聚,TWSE,15.25,15.4992,-1.61,7981.25,123.95,0.0,123.95,1.55,0.0,1,0,0,0,123.95,0.0,12.35
2026-04-17,2477,美隆電,TWSE,24.05,24.0036,0.19,183.31,2.79,0.0,2.79,1.52,0.0,1,0,0,0,2.79,0.0,12.26
2026-04-17,5469,瀚宇博,TWSE,94.4,95.1584,-0.8,10907.91,957.21,-592.0,365.21,8.78,-5.43,1,0,0,1,957.21,-592.0,12.16
2026-04-17,2537,聯上發,TWSE,10.35,10.3489,0.01,488.25,7.12,0.0,7.12,1.46,0.0,1,0,0,0,7.12,0.0,12.08
2026-04-17,3310,佳穎,TPEX,72.3,71.3162,1.38,138.28,2.0,0.0,2.0,1.45,0.0,1,0,0,0,2.0,0.0,12.05
2026-04-17,2375,凱美,TWSE,88.0,89.2419,-1.39,6105.28,141.54,-0.18,141.36,2.32,-0.0,1,0,0,1,141.54,-0.18,11.98
2026-04-17,5483,中美晶,TPEX,124.5,125.7273,-0.98,7933.12,426.4,-206.86,219.54,5.37,-2.61,1,0,0,1,426.4,-206.86,11.94
2026-04-17,3527,聚積,TPEX,59.9,58.9991,1.53,942.43,13.0,0.0,13.0,1.38,0.0,1,0,0,0,13.0,0.0,11.86
2026-04-17,2916,滿心,TPEX,46.3,46.4437,-0.31,73.43,1.0,0.0,1.0,1.36,0.0,1,0,0,0,1.0,0.0,11.81
2026-04-17,6620,漢達,TPEX,80.7,80.2034,0.62,588.39,8.0,0.0,8.0,1.36,0.0,1,0,0,0,8.0,0.0,11.81
2026-04-17,9912,偉聯,TWSE,12.55,12.4848,0.52,93.52,1.27,0.0,1.27,1.36,0.0,1,0,0,0,1.27,0.0,11.8
2026-04-17,6996,力領科技,TPEX,185.0,184.2512,0.41,147.88,2.0,0.0,2.0,1.35,0.0,1,0,0,0,2.0,0.0,11.79
2026-04-17,2379,瑞昱,TWSE,531.0,532.1764,-0.22,3344.69,1076.56,-611.73,464.83,32.19,-18.29,1,0,0,1,1076.56,-611.73,11.62
2026-04-17,3685,元創精密,TPEX,34.45,34.0864,1.07,1199.68,15.0,0.0,15.0,1.25,0.0,1,0,0,0,15.0,0.0,11.5
2026-04-17,3034,聯詠,TWSE,415.0,412.7407,0.55,3081.18,791.45,-369.58,421.87,25.69,-11.99,1,0,0,1,791.45,-369.58,11.45
2026-04-17,1264,德麥,TPEX,278.0,276.5521,0.52,83.67,1.0,0.0,1.0,1.2,0.0,1,0,0,0,1.0,0.0,11.35
2026-04-17,6918,愛派司,TWSE,74.0,73.7437,0.35,83.46,1.0,0.0,1.0,1.2,0.0,1,0,0,0,1.0,0.0,11.35
2026-04-17,6789,采鈺,TWSE,430.0,428.8642,0.26,11751.5,-21.04,185.0,163.96,-0.18,1.57,0,1,1,0,-21.04,185.0,11.19
2026-04-17,1727,中華化,TWSE,56.3,55.2774,1.85,5290.41,117.58,-11.0,106.58,2.22,-0.21,1,0,0,1,117.58,-11.0,11.04
2026-04-17,3563,牧德,TWSE,957.0,963.6521,-0.69,2830.64,30.13,0.0,30.13,1.06,0.0,1,0,0,0,30.13,0.0,10.98
2026-04-17,3313,斐成,TPEX,12.95,13.0039,-0.41,99.64,1.0,0.0,1.0,1.0,0.0,1,0,0,0,1.0,0.0,10.81
2026-04-17,3450,聯鈞,TWSE,366.0,364.563,0.39,24421.63,240.5,0.0,240.5,0.98,0.0,1,0,0,0,240.5,0.0,10.76
2026-04-17,2722,夏都,TWSE,24.6,24.9064,-1.23,72.01,0.68,0.0,0.68,0.95,0.0,1,0,0,0,0.68,0.0,10.66
2026-04-17,2338,光罩,TWSE,50.9,49.3058,3.23,9336.42,287.0,0.0,287.0,3.07,0.0,1,0,0,0,287.0,0.0,10.61
2026-04-17,6259,百徽,TPEX,23.4,23.5331,-0.57,1454.32,13.0,0.0,13.0,0.89,0.0,1,0,0,0,13.0,0.0,10.5
2026-04-17,8277,商丞,TPEX,7.66,7.7036,-0.57,115.28,1.0,0.0,1.0,0.87,0.0,1,0,0,0,1.0,0.0,10.43
2026-04-17,7721,微程式,TWSE,87.5,88.3339,-0.94,1057.51,7.85,0.0,7.85,0.74,0.0,1,0,0,0,7.85,0.0,10.08
2026-04-17,2258,鴻華先進-創,TWSE,28.3,28.3418,-0.15,769.67,5.64,0.0,5.64,0.73,0.0,1,0,0,0,5.64,0.0,10.05
2026-04-17,1229,聯華,TWSE,44.4,44.4263,-0.06,2804.3,19.61,0.0,19.61,0.7,0.0,1,0,0,0,19.61,0.0,9.96
2026-04-17,8068,全達,TPEX,24.25,23.9924,1.07,1002.14,7.0,0.0,7.0,0.7,0.0,1,0,0,0,7.0,0.0,9.96
2026-04-17,2911,麗嬰房,TWSE,4.91,4.9086,0.03,74.36,0.5,0.0,0.5,0.68,0.0,1,0,0,0,0.5,0.0,9.89
2026-04-17,6419,京晨科,TPEX,128.0,131.9239,-2.97,1659.09,11.0,0.0,11.0,0.66,0.0,1,0,0,0,11.0,0.0,9.86
2026-04-17,2441,超豐,TWSE,88.4,89.3526,-1.07,4512.52,252.83,-155.0,97.83,5.6,-3.43,1,0,0,1,252.83,-155.0,9.85
2026-04-17,1225,福懋油,TWSE,33.3,33.6925,-1.17,337.85,2.2,0.0,2.2,0.65,0.0,1,0,0,0,2.2,0.0,9.82
2026-04-17,9960,邁達康,TPEX,27.5,27.1483,1.3,173.19,1.0,0.0,1.0,0.58,0.0,1,0,0,0,1.0,0.0,9.62
2026-04-17,8016,矽創,TWSE,215.0,214.8277,0.08,1565.34,338.7,-160.76,177.94,21.64,-10.27,1,0,0,1,338.7,-160.76,9.59
2026-04-17,3018,隆銘綠能,TWSE,10.9,10.7861,1.06,180.59,1.0,0.0,1.0,0.55,0.0,1,0,0,0,1.0,0.0,9.55
2026-04-17,3550,聯穎,TWSE,21.1,20.6251,2.3,5517.3,30.26,0.0,30.26,0.55,0.0,1,0,0,0,30.26,0.0,9.54
2026-04-17,6994,富威電力,TWSE,73.4,72.644,1.04,919.64,5.0,0.0,5.0,0.54,0.0,1,0,0,0,5.0,0.0,9.52
2026-04-17,6443,元晶,TWSE,39.0,39.2761,-0.7,18156.26,87.42,0.0,87.42,0.48,0.0,1,0,0,0,87.42,0.0,9.35
2026-04-17,8940,新天地,TWSE,18.0,17.9834,0.09,34.31,0.17,0.0,0.17,0.48,0.0,1,0,0,0,0.17,0.0,9.35
2026-04-17,4714,永捷,TPEX,15.2,15.3421,-0.93,1700.03,8.0,0.0,8.0,0.47,0.0,1,0,0,0,8.0,0.0,9.32
2026-04-17,6190,萬泰科,TPEX,62.7,63.0966,-0.63,6300.96,28.0,0.0,28.0,0.44,0.0,1,0,0,0,28.0,0.0,9.24
2026-04-17,5230,雷笛克光學,TPEX,18.25,18.4458,-1.06,746.37,3.0,0.0,3.0,0.4,0.0,1,0,0,0,3.0,0.0,9.13
2026-04-17,6683,雍智科技,TPEX,1870.0,1945.5592,-3.88,271.26,4.0,0.0,4.0,1.47,0.0,1,0,0,0,4.0,0.0,9.13
2026-04-17,2748,雲品,TWSE,41.5,41.5826,-0.2,130.59,0.52,0.0,0.52,0.4,0.0,1,0,0,0,0.52,0.0,9.12
2026-04-17,3308,聯德,TWSE,20.7,20.8646,-0.79,82.06,0.3,0.0,0.3,0.37,0.0,1,0,0,0,0.3,0.0,9.02
2026-04-17,6244,茂迪,TPEX,28.8,28.6447,0.54,18454.79,66.15,0.0,66.15,0.36,0.0,1,0,0,0,66.15,0.0,9.0
2026-04-17,1539,巨庭,TWSE,16.45,16.4153,0.21,49.81,0.17,0.0,0.17,0.35,0.0,1,0,0,0,0.17,0.0,8.97
2026-04-17,4771,望隼,TWSE,196.0,196.9772,-0.5,368.99,1.0,0.0,1.0,0.27,0.0,1,0,0,0,1.0,0.0,8.76
2026-04-17,2432,倚天酷碁-創,TWSE,28.35,28.397,-0.17,117.07,0.31,0.0,0.31,0.26,0.0,1,0,0,0,0.31,0.0,8.74
2026-04-17,3322,建舜電,TPEX,13.7,13.4975,1.5,753.76,2.0,0.0,2.0,0.27,0.0,1,0,0,0,2.0,0.0,8.74
2026-04-17,6499,益安,TPEX,83.6,84.3386,-0.88,378.63,1.0,0.0,1.0,0.26,0.0,1,0,0,0,1.0,0.0,8.74
2026-04-17,4581,光隆精密-KY,TWSE,51.0,50.5999,0.79,32.09,0.08,0.0,0.08,0.26,0.0,1,0,0,0,0.08,0.0,8.72
2026-04-17,1707,葡萄王,TWSE,118.5,118.3721,0.11,136.62,0.34,0.0,0.34,0.25,0.0,1,0,0,0,0.34,0.0,8.69
2026-04-17,6218,豪勉,TPEX,37.6,37.3636,0.63,1042.93,2.19,0.0,2.19,0.21,0.0,1,0,0,0,2.19,0.0,8.59
2026-04-17,3260,威剛,TPEX,368.5,371.2042,-0.73,25017.83,2262.26,-1691.56,570.7,9.04,-6.76,1,0,0,1,2262.26,-1691.56,8.51
2026-04-17,3710,連展投控,TPEX,6.84,6.5968,3.69,829.09,19.0,0.0,19.0,2.29,0.0,1,0,0,0,19.0,0.0,8.42
2026-04-17,2484,希華,TWSE,42.4,42.2935,0.25,45765.34,62.4,0.0,62.4,0.14,0.0,1,0,0,0,62.4,0.0,8.38
2026-04-17,4569,六方科-KY,TWSE,194.5,193.6965,0.41,122.63,0.15,0.0,0.15,0.12,0.0,1,0,0,0,0.15,0.0,8.35
2026-04-17,6782,視陽,TWSE,235.0,234.9414,0.02,1107.6,1.31,0.0,1.31,0.12,0.0,1,0,0,0,1.31,0.0,8.33
2026-04-17,4577,達航科技,TPEX,145.5,139.7999,4.08,872.37,19.0,0.0,19.0,2.18,0.0,1,0,0,0,19.0,0.0,8.1
2026-04-17,4739,康普,TWSE,90.4,89.4379,1.08,2829.76,32.51,-8.0,24.51,1.15,-0.28,1,0,0,1,32.51,-8.0,7.78
2026-04-17,4906,正文,TWSE,37.75,38.4262,-1.76,27103.29,190.24,-18.08,172.16,0.7,-0.07,1,0,0,1,190.24,-18.08,7.25
2026-04-17,8464,億豐,TWSE,368.5,369.9862,-0.4,544.72,102.92,-57.36,45.55,18.89,-10.53,1,0,0,1,102.92,-57.36,7.19
2026-04-17,2493,揚博,TWSE,141.0,143.808,-1.95,5693.55,42.22,-11.0,31.22,0.74,-0.19,1,0,0,1,42.22,-11.0,6.94
2026-04-17,3545,敦泰,TWSE,51.9,52.0486,-0.29,3682.76,18.54,-1.0,17.54,0.5,-0.03,1,0,0,1,18.54,-1.0,6.82
2026-04-17,6944,兆聯實業,TWSE,917.0,906.107,1.2,770.74,1.9,-0.83,1.07,0.25,-0.11,1,0,0,1,1.9,-0.83,5.84
2026-04-17,8028,昇陽半導體,TWSE,187.0,187.3401,-0.18,7987.96,29.78,-17.0,12.78,0.37,-0.21,1,0,0,1,29.78,-17.0,5.84
2026-04-17,3008,大立光,TWSE,2605.0,2601.4281,0.14,4296.69,185.51,-156.28,29.23,4.32,-3.64,1,0,0,1,185.51,-156.28,5.59
2026-04-17,2707,晶華,TWSE,180.5,180.3203,0.1,229.15,2.37,-2.0,0.37,1.03,-0.87,1,0,0,1,2.37,-2.0,5.51
2026-04-17,5475,德宏,TPEX,368.5,354.7569,3.87,4119.28,48.16,0.0,48.16,1.17,0.0,1,0,0,0,48.16,0.0,5.27
2026-04-17,3014,聯陽,TWSE,124.0,123.8044,0.16,1033.93,22.4,-21.88,0.52,2.17,-2.12,1,0,0,1,22.4,-21.88,4.58
2026-04-17,9917,中保科,TWSE,116.5,115.9669,0.46,387.29,82.12,-63.0,19.12,21.2,-16.27,1,0,0,1,82.12,-63.0,4.45
2026-04-17,3665,貿聯-KY,TWSE,2365.0,2393.9352,-1.21,2330.54,92.46,-85.95,6.51,3.97,-3.69,1,0,0,1,92.46,-85.95,4.44
2026-04-17,2880,華南金,TWSE,36.15,35.9827,0.47,18651.8,4007.99,-3145.28,862.71,21.49,-16.86,1,0,0,1,4007.99,-3145.28,4.2
2026-04-17,6187,萬潤,TPEX,1215.0,1185.9385,2.45,5909.3,-847.75,705.0,-142.75,-14.35,11.93,0,1,1,0,-847.75,705.0,3.57
2026-04-17,3023,信邦,TWSE,282.0,280.5496,0.52,1437.49,430.31,-378.0,52.31,29.93,-26.3,1,0,0,1,430.31,-378.0,3.41
2026-04-17,3552,同致,TPEX,59.5,57.036,4.32,951.65,3.0,0.0,3.0,0.32,0.0,1,0,0,0,3.0,0.0,2.88
2026-04-17,6223,旺矽,TPEX,5195.0,5216.2546,-0.41,1510.21,-137.17,126.86,-10.31,-9.08,8.4,0,1,1,0,-137.17,126.86,2.79
2026-04-17,6173,信昌電,TPEX,92.2,87.006,5.97,40774.36,66.8,0.0,66.8,0.16,0.0,1,0,0,0,66.8,0.0,2.46
2026-04-17,7734,印能科技,TPEX,2505.0,2150.1013,16.51,1626.37,75.0,-33.03,41.97,4.61,-2.03,1,0,0,1,75.0,-33.03,1.71
2026-04-17,2885,元大金,TWSE,50.2,50.0314,0.34,25292.36,2625.65,-2488.65,137.0,10.38,-9.84,1,0,0,1,2625.65,-2488.65,1.33
2026-04-17,5347,世界,TPEX,132.0,132.4097,-0.31,29439.25,2741.69,-2702.22,39.47,9.31,-9.18,1,0,0,1,2741.69,-2702.22,1.29
2026-04-17,9939,宏全,TWSE,114.5,114.0621,0.38,568.08,69.46,-64.0,5.46,12.23,-11.27,1,0,0,1,69.46,-64.0,1.27
2026-04-17,3533,嘉澤,TWSE,2490.0,2495.6603,-0.23,709.69,-123.75,85.0,-38.75,-17.44,11.98,0,1,1,0,-123.75,85.0,1.13
2026-04-17,6121,新普,TPEX,348.5,349.976,-0.42,477.22,102.0,-101.51,0.49,21.37,-21.27,1,0,0,1,102.0,-101.51,0.58
2026-04-17,1213,大飲,TWSE,9.33,9.2025,1.39,16.0,0.0,0.0,0.0,0.0,0.0,0,0,0,0,0.0,0.0,0.0
2026-04-17,1240,茂生農經,TPEX,59.7,59.5597,0.24,24.69,0.0,0.0,0.0,0.0,0.0,0,0,0,0,0.0,0.0,0.0
2026-04-17,1260,富味鄉,ESB,26.05,25.59,1.8,62.16,0.0,0.0,0.0,0.0,0.0,0,0,0,0,0.0,0.0,0.0
2026-04-17,1269,乾杯,ESB,79.4,78.89,0.65,9.71,0.0,0.0,0.0,0.0,0.0,0,0,0,0,0.0,0.0,0.0
2026-04-17,1271,晨暉生技,ESB,59.7,59.89,-0.32,43.53,0.0,0.0,0.0,0.0,0.0,0,0,0,0,0.0,0.0,0.0
2026-04-17,1293,利統,ESB,28.05,27.6,1.63,13.32,0.0,0.0,0.0,0.0,0.0,0,0,0,0,0.0,0.0,0.0
2026-04-17,1343,旭東環保,ESB,22.6,21.37,5.76,79.87,0.0,0.0,0.0,0.0,0.0,0,0,0,0,0.0,0.0,0.0
2026-04-17,1480,東盟開發,ESB,9.6,9.62,-0.21,20.0,0.0,0.0,0.0,0.0,0.0,0,0,0,0,0.0,0.0,0.0
2026-04-17,1538,正峰,TWSE,12.8,12.5858,1.7,57.06,0.0,0.0,0.0,0.0,0.0,0,0,0,0,0.0,0.0,0.0
2026-04-17,1593,祺驊,TPEX,33.4,33.4111,-0.03,6.76,0.0,0.0,0.0,0.0,0.0,0,0,0,0,0.0,0.0,0.0
2026-04-17,1594,日高,ESB,10.25,9.57,7.11,474.53,0.0,0.0,0.0,0.0,0.0,0,0,0,0,0.0,0.0,0.0
2026-04-17,1780,立弘,ESB,28.8,28.23,2.02,539.45,0.0,0.0,0.0,0.0,0.0,0,0,0,0,0.0,0.0,0.0
2026-04-17,1781,合世,TPEX,11.5,11.6607,-1.38,51.02,0.0,0.0,0.0,0.0,0.0,0,0,0,0,0.0,0.0,0.0
2026-04-17,1788,杏昌,TPEX,136.0,136.0369,-0.03,34.98,0.0,0.0,0.0,0.0,0.0,0,0,0,0,0.0,0.0,0.0
2026-04-17,2035,唐榮,TPEX,28.3,28.4682,-0.59,5.05,0.0,0.0,0.0,0.0,0.0,0,0,0,0,0.0,0.0,0.0
2026-04-17,2064,晉椿,TPEX,11.75,11.7416,0.07,12.03,0.0,0.0,0.0,0.0,0.0,0,0,0,0,0.0,0.0,0.0
2026-04-17,2067,嘉鋼,TPEX,7.21,7.113,1.36,19.24,0.0,0.0,0.0,0.0,0.0,0,0,0,0,0.0,0.0,0.0
2026-04-17,2071,震南鐵,ESB,23.1,23.02,0.35,82.83,0.0,0.0,0.0,0.0,0.0,0,0,0,0,0.0,0.0,0.0
2026-04-17,2073,雄順,TPEX,26.9,26.9,0.0,2.0,0.0,0.0,0.0,0.0,0.0,0,0,0,0,0.0,0.0,0.0
2026-04-17,2235,謚源,TPEX,32.55,32.5928,-0.13,1.1,0.0,0.0,0.0,0.0,0.0,0,0,0,0,0.0,0.0,0.0
2026-04-17,2237,華德動能,ESB,30.9,30.79,0.36,27.42,0.0,0.0,0.0,0.0,0.0,0,0,0,0,0.0,0.0,0.0
2026-04-17,2245,詠勝昌*,ESB,28.5,28.53,-0.11,16.5,0.0,0.0,0.0,0.0,0.0,0,0,0,0,0.0,0.0,0.0
2026-04-17,2249,湧盛,ESB,116.0,114.84,1.01,93.26,0.0,0.0,0.0,0.0,0.0,0,0,0,0,0.0,0.0,0.0
2026-04-17,2252,為昇科,ESB,19.25,20.1,-4.23,582.32,0.0,0.0,0.0,0.0,0.0,0,0,0,0,0.0,0.0,0.0
2026-04-17,2255,凱銳光電,ESB,22.4,22.52,-0.53,399.81,0.0,0.0,0.0,0.0,0.0,0,0,0,0,0.0,0.0,0.0
2026-04-17,2256,歐特明,ESB,68.5,68.4,0.15,488.67,0.0,0.0,0.0,0.0,0.0,0,0,0,0,0.0,0.0,0.0
2026-04-17,2321,東訊,TWSE,13.3,13.583,-2.08,98.05,0.0,0.0,0.0,0.0,0.0,0,0,0,0,0.0,0.0,0.0
2026-04-17,2380,虹光,TWSE,5.3,5.3117,-0.22,432.09,0.0,0.0,0.0,0.0,0.0,0,0,0,0,0.0,0.0,0.0
2026-04-17,2644,中信造船,ESB,85.0,84.45,0.65,26.01,0.0,0.0,0.0,0.0,0.0,0,0,0,0,0.0,0.0,0.0
2026-04-17,2724,藝舍-KY,TPEX,17.45,16.4145,6.31,31.0,0.0,0.0,0.0,0.0,0.0,0,0,0,0,0.0,0.0,0.0
2026-04-17,2733,維格餅家,ESB,12.7,12.0999,4.96,1.4,0.0,0.0,0.0,0.0,0.0,0,0,0,0,0.0,0.0,0.0
2026-04-17,2740,華軒,TPEX,38.5,37.5345,2.57,48.65,0.0,0.0,0.0,0.0,0.0,0,0,0,0,0.0,0.0,0.0
2026-04-17,2741,老四川,ESB,26.0,25.59,1.6,32.71,0.0,0.0,0.0,0.0,0.0,0,0,0,0,0.0,0.0,0.0
2026-04-17,2758,路易莎咖啡,ESB,88.2,85.68,2.94,6.17,0.0,0.0,0.0,0.0,0.0,0,0,0,0,0.0,0.0,0.0
2026-04-17,2760,巨宇翔,ESB,22.55,21.92,2.87,8.15,0.0,0.0,0.0,0.0,0.0,0,0,0,0,0.0,0.0,0.0
2026-04-17,2761,橘焱胡同,ESB,15.6,15.65,-0.32,2.08,0.0,0.0,0.0,0.0,0.0,0,0,0,0,0.0,0.0,0.0
2026-04-17,2924,宏太-KY,TPEX,20.75,20.7485,0.01,3.01,0.0,0.0,0.0,0.0,0.0,0,0,0,0,0.0,0.0,0.0
2026-04-17,2937,集雅社,TPEX,45.1,44.2347,1.96,8.25,0.0,0.0,0.0,0.0,0.0,0,0,0,0,0.0,0.0,0.0
2026-04-17,2938,床的世界,ESB,22.8,22.91,-0.48,9.12,0.0,0.0,0.0,0.0,0.0,0,0,0,0,0.0,0.0,0.0
2026-04-17,2940,歐都納,ESB,0.0,,,0.0,0.0,0.0,0.0,,,0,0,0,0,0.0,0.0,0.0
2026-04-17,2941,米斯特,TPEX,35.1,35.1491,-0.14,11.12,0.0,0.0,0.0,0.0,0.0,0,0,0,0,0.0,0.0,0.0
2026-04-17,2942,京站,ESB,38.7,38.6,0.26,29.07,0.0,0.0,0.0,0.0,0.0,0,0,0,0,0.0,0.0,0.0
2026-04-17,2947,振宇五金,TPEX,78.0,78.4329,-0.55,3.27,0.0,0.0,0.0,0.0,0.0,0,0,0,0,0.0,0.0,0.0
2026-04-17,2948,寶陞,TPEX,39.1,39.072,0.07,4.03,0.0,0.0,0.0,0.0,0.0,0,0,0,0,0.0,0.0,0.0
2026-04-17,2949,欣新網,TPEX,57.5,57.6274,-0.22,3.79,0.0,0.0,0.0,0.0,0.0,0,0,0,0,0.0,0.0,0.0
2026-04-17,3064,泰偉,TPEX,20.6,20.6035,-0.02,1.02,0.0,0.0,0.0,0.0,0.0,0,0,0,0,0.0,0.0,0.0
2026-04-17,3067,全域,TPEX,18.6,18.4149,1.01,4.1,0.0,0.0,0.0,0.0,0.0,0,0,0,0,0.0,0.0,0.0
2026-04-17,3085,新零售,TPEX,12.75,12.1199,5.2,2.36,0.0,0.0,0.0,0.0,0.0,0,0,0,0,0.0,0.0,0.0
2026-04-17,3097,拍檔,ESB,26.25,26.16,0.34,63.61,0.0,0.0,0.0,0.0,0.0,0,0,0,0,0.0,0.0,0.0
2026-04-17,3117,年程,ESB,25.65,21.36,20.08,2991.15,0.0,0.0,0.0,0.0,0.0,0,0,0,0,0.0,0.0,0.0
2026-04-17,3158,嘉實,TPEX,89.1,89.7131,-0.68,18.69,0.0,0.0,0.0,0.0,0.0,0,0,0,0,0.0,0.0,0.0
2026-04-17,3184,微邦,ESB,20.2,19.74,2.33,662.43,0.0,0.0,0.0,0.0,0.0,0,0,0,0,0.0,0.0,0.0
2026-04-17,3191,雲嘉南,TPEX,13.65,13.6473,0.02,10.51,0.0,0.0,0.0,0.0,0.0,0,0,0,0,0.0,0.0,0.0
2026-04-17,3226,龍鋒,TPEX,39.85,40.3561,-1.25,10.38,0.0,0.0,0.0,0.0,0.0,0,0,0,0,0.0,0.0,0.0
2026-04-17,3229,晟鈦,TWSE,30.7,30.7,0.0,553.25,0.0,0.0,0.0,0.0,0.0,0,0,0,0,0.0,0.0,0.0
2026-04-17,3288,點晶,TPEX,15.75,15.9512,-1.26,33.56,0.0,0.0,0.0,0.0,0.0,0,0,0,0,0.0,0.0,0.0
2026-04-17,3426,台興,TPEX,47.65,47.6555,-0.01,27.0,0.0,0.0,0.0,0.0,0.0,0,0,0,0,0.0,0.0,0.0
2026-04-17,3473,智通聯網,ESB,93.5,93.09,0.44,21.12,0.0,0.0,0.0,0.0,0.0,0,0,0,0,0.0,0.0,0.0
2026-04-17,3485,敘豐,ESB,307.5,287.78,6.85,365.48,0.0,0.0,0.0,0.0,0.0,0,0,0,0,0.0,0.0,0.0
2026-04-17,3520,華盈,TPEX,13.9,13.8755,0.18,196.58,0.0,0.0,0.0,0.0,0.0,0,0,0,0,0.0,0.0,0.0
2026-04-17,3531,先益,TPEX,,22.8,,0.06,0.0,0.0,0.0,0.0,0.0,0,0,0,0,0.0,0.0,0.0
2026-04-17,3541,西柏,TPEX,24.0,23.8266,0.73,24.6,0.0,0.0,0.0,0.0,0.0,0,0,0,0,0.0,0.0,0.0
2026-04-17,3570,大塚,TPEX,163.5,163.5167,-0.01,16.39,0.0,0.0,0.0,0.0,0.0,0,0,0,0,0.0,0.0,0.0
2026-04-17,3585,聯致,ESB,82.0,68.68,19.39,10140.11,0.0,0.0,0.0,0.0,0.0,0,0,0,0,0.0,0.0,0.0
2026-04-17,3595,山太士,ESB,2205.0,2140.19,3.03,1382.15,0.0,0.0,0.0,0.0,0.0,0,0,0,0,0.0,0.0,0.0
2026-04-17,3597,映興,TPEX,24.7,24.5916,0.44,13.07,0.0,0.0,0.0,0.0,0.0,0,0,0,0,0.0,0.0,0.0
2026-04-17,3603,建祥國際,ESB,9.85,10.02,-1.7,135.06,0.0,0.0,0.0,0.0,0.0,0,0,0,0,0.0,0.0,0.0
2026-04-17,3629,地心引力,TPEX,17.45,17.4597,-0.06,8.14,0.0,0.0,0.0,0.0,0.0,0,0,0,0,0.0,0.0,0.0
2026-04-17,3632,研勤,TPEX,9.0,8.9947,0.06,38.48,0.0,0.0,0.0,0.0,0.0,0,0,0,0,0.0,0.0,0.0
2026-04-17,3633,云光,ESB,115.0,113.93,0.94,174.94,0.0,0.0,0.0,0.0,0.0,0,0,0,0,0.0,0.0,0.0
2026-04-17,3659,百辰,ESB,28.0,27.65,1.27,22.28,0.0,0.0,0.0,0.0,0.0,0,0,0,0,0.0,0.0,0.0
2026-04-17,3664,安瑞-KY,TPEX,7.34,7.3438,-0.05,117.15,0.0,0.0,0.0,0.0,0.0,0,0,0,0,0.0,0.0,0.0
2026-04-17,3678,聯享,ESB,74.8,72.28,3.49,500.52,0.0,0.0,0.0,0.0,0.0,0,0,0,0,0.0,0.0,0.0
2026-04-17,4115,善德生技,ESB,10.45,10.71,-2.43,826.64,0.0,0.0,0.0,0.0,0.0,0,0,0,0,0.0,0.0,0.0
2026-04-17,4117,普生,ESB,,,,0.0,0.0,0.0,0.0,,,0,0,0,0,0.0,0.0,0.0
2026-04-17,4150,優你康,ESB,6.96,6.96,-0.0,2264.71,0.0,0.0,0.0,0.0,0.0,0,0,0,0,0.0,0.0,0.0
2026-04-17,4154,樂威科-KY,TPEX,13.9,13.9164,-0.12,44.21,0.0,0.0,0.0,0.0,0.0,0,0,0,0,0.0,0.0,0.0
2026-04-17,4170,鑫品生醫,ESB,14.7,14.63,0.48,41.56,0.0,0.0,0.0,0.0,0.0,0,0,0,0,0.0,0.0,0.0
2026-04-17,4172,因華,ESB,14.55,14.91,-2.41,453.45,0.0,0.0,0.0,0.0,0.0,0,0,0,0,0.0,0.0,0.0
2026-04-17,4178,永笙-KY,ESB,25.8,25.92,-0.46,432.32,0.0,0.0,0.0,0.0,0.0,0,0,0,0,0.0,0.0,0.0
2026-04-17,4183,福永生技,TPEX,15.2,15.2,0.0,2.0,0.0,0.0,0.0,0.0,0.0,0,0,0,0,0.0,0.0,0.0
2026-04-17,4186,尖端醫,ESB,12.5,11.48,8.89,1358.02,0.0,0.0,0.0,0.0,0.0,0,0,0,0,0.0,0.0,0.0
2026-04-17,4192,杏國,TPEX,19.8,19.8753,-0.38,18.01,0.0,0.0,0.0,0.0,0.0,0,0,0,0,0.0,0.0,0.0
2026-04-17,4194,禾生技,ESB,8.47,8.35,1.44,550.14,0.0,0.0,0.0,0.0,0.0,0,0,0,0,0.0,0.0,0.0
2026-04-17,4195,基米,ESB,35.75,35.27,1.36,2474.01,0.0,0.0,0.0,0.0,0.0,0,0,0,0,0.0,0.0,0.0
2026-04-17,4197,暐世,ESB,14.7,12.91,13.87,1592.43,0.0,0.0,0.0,0.0,0.0,0,0,0,0,0.0,0.0,0.0
2026-04-17,4198,欣大健康,TPEX,40.0,39.5875,1.04,8.0,0.0,0.0,0.0,0.0,0.0,0,0,0,0,0.0,0.0,0.0
2026-04-17,4207,環泰,TPEX,17.65,17.738,-0.5,232.83,0.0,0.0,0.0,0.0,0.0,0,0,0,0,0.0,0.0,0.0
2026-04-17,4304,勝昱,TPEX,28.4,28.3544,0.16,12.13,0.0,0.0,0.0,0.0,0.0,0,0,0,0,0.0,0.0,0.0
2026-04-17,4305,世坤,TPEX,,46.0,,0.1,0.0,0.0,0.0,0.0,0.0,0,0,0,0,0.0,0.0,0.0
2026-04-17,4406,新昕纖,TPEX,10.0,9.9995,0.0,2.01,0.0,0.0,0.0,0.0,0.0,0,0,0,0,0.0,0.0,0.0
2026-04-17,4413,飛寶企業,TPEX,18.2,18.2,0.0,2.0,0.0,0.0,0.0,0.0,0.0,0,0,0,0,0.0,0.0,0.0
2026-04-17,4419,皇家美食,TPEX,46.4,46.35,0.11,1.02,0.0,0.0,0.0,0.0,0.0,0,0,0,0,0.0,0.0,0.0
2026-04-17,4430,耀億,TPEX,17.45,17.4862,-0.21,89.37,0.0,0.0,0.0,0.0,0.0,0,0,0,0,0.0,0.0,0.0
2026-04-17,4431,敏成健康,ESB,17.1,17.24,-0.81,16.34,0.0,0.0,0.0,0.0,0.0,0,0,0,0,0.0,0.0,0.0
2026-04-17,4433,興采,TPEX,20.7,20.7385,-0.19,16.99,0.0,0.0,0.0,0.0,0.0,0,0,0,0,0.0,0.0,0.0
2026-04-17,4529,淳紳,TPEX,3.1,3.0678,1.05,76.11,0.0,0.0,0.0,0.0,0.0,0,0,0,0,0.0,0.0,0.0
2026-04-17,4530,宏易,TPEX,28.0,28.1372,-0.49,15.65,0.0,0.0,0.0,0.0,0.0,0,0,0,0,0.0,0.0,0.0
2026-04-17,4535,至興,TPEX,28.25,28.3045,-0.19,1.11,0.0,0.0,0.0,0.0,0.0,0,0,0,0,0.0,0.0,0.0
2026-04-17,4537,旭東,ESB,169.0,161.92,4.37,365.45,0.0,0.0,0.0,0.0,0.0,0,0,0,0,0.0,0.0,0.0
2026-04-17,4538,大詠城,TPEX,18.9,18.7789,0.65,19.01,0.0,0.0,0.0,0.0,0.0,0,0,0,0,0.0,0.0,0.0
2026-04-17,4544,春日,ESB,16.25,17.0601,-4.75,4.01,0.0,0.0,0.0,0.0,0.0,0,0,0,0,0.0,0.0,0.0
2026-04-17,4546,長亨,ESB,139.5,139.68,-0.13,127.57,0.0,0.0,0.0,0.0,0.0,0,0,0,0,0.0,0.0,0.0
2026-04-17,4553,盛復,ESB,27.3,27.24,0.22,132.04,0.0,0.0,0.0,0.0,0.0,0,0,0,0,0.0,0.0,0.0
2026-04-17,4559,久裕興,ESB,8.8,8.44,4.27,214.73,0.0,0.0,0.0,0.0,0.0,0,0,0,0,0.0,0.0,0.0
2026-04-17,4565,宏偉,ESB,102.5,103.57,-1.03,41.34,0.0,0.0,0.0,0.0,0.0,0,0,0,0,0.0,0.0,0.0
2026-04-17,4568,科際精密,TPEX,41.5,41.4272,0.18,11.0,0.0,0.0,0.0,0.0,0.0,0,0,0,0,0.0,0.0,0.0
2026-04-17,4570,傑生,ESB,66.5,66.4999,0.0,4.0,0.0,0.0,0.0,0.0,0.0,0,0,0,0,0.0,0.0,0.0
2026-04-17,4573,高明鐵,ESB,490.0,492.33,-0.47,1484.4,0.0,0.0,0.0,0.0,0.0,0,0,0,0,0.0,0.0,0.0
2026-04-17,4575,銓寶,ESB,23.95,24.14,-0.79,186.96,0.0,0.0,0.0,0.0,0.0,0,0,0,0,0.0,0.0,0.0
2026-04-17,4582,聚恆,ESB,30.1,29.85,0.84,87.41,0.0,0.0,0.0,0.0,0.0,0,0,0,0,0.0,0.0,0.0
2026-04-17,4584,君帆,TPEX,41.8,40.8518,2.32,10.05,0.0,0.0,0.0,0.0,0.0,0,0,0,0,0.0,0.0,0.0
2026-04-17,4587,寶元數控,ESB,51.3,50.31,1.97,611.34,0.0,0.0,0.0,0.0,0.0,0,0,0,0,0.0,0.0,0.0
2026-04-17,4589,碩陽電機,ESB,36.6,36.2799,0.88,6.48,0.0,0.0,0.0,0.0,0.0,0,0,0,0,0.0,0.0,0.0
2026-04-17,4609,唐鋒,TPEX,3.76,3.7165,1.17,122.14,0.0,0.0,0.0,0.0,0.0,0,0,0,0,0.0,0.0,0.0
2026-04-17,4706,大恭,TPEX,32.45,32.4785,-0.09,36.16,0.0,0.0,0.0,0.0,0.0,0,0,0,0,0.0,0.0,0.0
2026-04-17,4724,宣捷幹細胞,ESB,13.15,12.6,4.37,250.9,0.0,0.0,0.0,0.0,0.0,0,0,0,0,0.0,0.0,0.0
2026-04-17,4728,雙美,TPEX,397.5,397.372,0.03,15.18,0.0,0.0,0.0,0.0,0.0,0,0,0,0,0.0,0.0,0.0
2026-04-17,4732,彥臣,ESB,19.15,19.12,0.16,48.34,0.0,0.0,0.0,0.0,0.0,0,0,0,0,0.0,0.0,0.0
2026-04-17,4738,大同精化,ESB,7.92,7.3,8.49,1950.73,0.0,0.0,0.0,0.0,0.0,0,0,0,0,0.0,0.0,0.0
2026-04-17,4754,國碳科,TPEX,37.35,37.4207,-0.19,19.51,0.0,0.0,0.0,0.0,0.0,0,0,0,0,0.0,0.0,0.0
2026-04-17,4765,磐采,ESB,24.9,25.11,-0.84,134.49,0.0,0.0,0.0,0.0,0.0,0,0,0,0,0.0,0.0,0.0
2026-04-17,4806,桂田文創,TPEX,10.15,10.1433,0.07,13.13,0.0,0.0,0.0,0.0,0.0,0,0,0,0,0.0,0.0,0.0
2026-04-17,4925,智微,ESB,102.0,101.2,0.79,326.95,0.0,0.0,0.0,0.0,0.0,0,0,0,0,0.0,0.0,0.0
2026-04-17,4943,康控-KY,TWSE,10.95,10.8602,0.83,57.48,0.0,0.0,0.0,0.0,0.0,0,0,0,0,0.0,0.0,0.0
2026-04-17,4951,精拓科,TPEX,72.3,72.0289,0.38,154.96,0.0,0.0,0.0,0.0,0.0,0,0,0,0,0.0,0.0,0.0
2026-04-17,4980,佐臻,ESB,31.75,31.23,1.67,252.24,0.0,0.0,0.0,0.0,0.0,0,0,0,0,0.0,0.0,0.0
2026-04-17,5205,中茂,TPEX,25.85,25.4245,1.67,4.67,0.0,0.0,0.0,0.0,0.0,0,0,0,0,0.0,0.0,0.0
2026-04-17,5220,萬達光電,TPEX,20.25,20.1713,0.39,26.04,0.0,0.0,0.0,0.0,0.0,0,0,0,0,0.0,0.0,0.0
2026-04-17,5240,建騰,ESB,31.55,29.5,6.95,204.96,0.0,0.0,0.0,0.0,0.0,0,0,0,0,0.0,0.0,0.0
2026-04-17,5246,勵威,ESB,325.0,310.03,4.83,2583.03,0.0,0.0,0.0,0.0,0.0,0,0,0,0,0.0,0.0,0.0
2026-04-17,5248,景傳,ESB,41.95,39.64,5.83,2409.45,0.0,0.0,0.0,0.0,0.0,0,0,0,0,0.0,0.0,0.0
2026-04-17,5254,欣訊科技,ESB,34.8,33.79,2.99,22.7,0.0,0.0,0.0,0.0,0.0,0,0,0,0,0.0,0.0,0.0
2026-04-17,5262,立達,ESB,53.2,52.26,1.8,207.34,0.0,0.0,0.0,0.0,0.0,0,0,0,0,0.0,0.0,0.0
2026-04-17,5267,龍翩,ESB,52.1,44.59,16.84,1127.06,0.0,0.0,0.0,0.0,0.0,0,0,0,0,0.0,0.0,0.0
2026-04-17,5271,紘通,ESB,27.95,27.18,2.83,3735.1,0.0,0.0,0.0,0.0,0.0,0,0,0,0,0.0,0.0,0.0
2026-04-17,5297,廣化,ESB,144.0,139.91,2.92,2765.03,0.0,0.0,0.0,0.0,0.0,0,0,0,0,0.0,0.0,0.0
2026-04-17,5301,寶得利,TPEX,9.44,9.1268,3.43,6.51,0.0,0.0,0.0,0.0,0.0,0,0,0,0,0.0,0.0,0.0
2026-04-17,5310,天剛,TPEX,25.2,25.1989,0.0,1.12,0.0,0.0,0.0,0.0,0.0,0,0,0,0,0.0,0.0,0.0
2026-04-17,5348,正能量智能,TPEX,17.0,16.9679,0.19,14.45,0.0,0.0,0.0,0.0,0.0,0,0,0,0,0.0,0.0,0.0
2026-04-17,5355,佳總,TPEX,6.41,6.4051,0.08,41.01,0.0,0.0,0.0,0.0,0.0,0,0,0,0,0.0,0.0,0.0
2026-04-17,5520,力泰,TPEX,79.0,79.9942,-1.24,17.51,0.0,0.0,0.0,0.0,0.0,0,0,0,0,0.0,0.0,0.0
2026-04-17,5859,遠壽,ESB,15.75,15.74,0.06,117.46,0.0,0.0,0.0,0.0,0.0,0,0,0,0,0.0,0.0,0.0
2026-04-17,5863,瑞興銀,ESB,11.05,10.92,1.19,38.83,0.0,0.0,0.0,0.0,0.0,0,0,0,0,0.0,0.0,0.0
2026-04-17,5878,台名,TPEX,41.05,41.0541,-0.01,9.49,0.0,0.0,0.0,0.0,0.0,0,0,0,0,0.0,0.0,0.0
2026-04-17,6020,大展證,TPEX,19.15,19.1358,0.07,7.37,0.0,0.0,0.0,0.0,0.0,0,0,0,0,0.0,0.0,0.0
2026-04-17,6027,德信,ESB,11.2,11.36,-1.41,150.51,0.0,0.0,0.0,0.0,0.0,0,0,0,0,0.0,0.0,0.0
2026-04-17,6028,公勝保經,TPEX,80.4,80.6397,-0.3,62.33,0.0,0.0,0.0,0.0,0.0,0,0,0,0,0.0,0.0,0.0
2026-04-17,6035,悠遊卡,ESB,53.5,51.9,3.08,22.58,0.0,0.0,0.0,0.0,0.0,0,0,0,0,0.0,0.0,0.0
2026-04-17,6103,合邦,TPEX,,40.1,,0.01,0.0,0.0,0.0,0.0,0.0,0,0,0,0,0.0,0.0,0.0
2026-04-17,6114,久威,TPEX,29.8,29.6809,0.4,15.17,0.0,0.0,0.0,0.0,0.0,0,0,0,0,0.0,0.0,0.0
2026-04-17,6144,得利影,TPEX,16.25,16.0206,1.43,17.0,0.0,0.0,0.0,0.0,0.0,0,0,0,0,0.0,0.0,0.0
2026-04-17,6154,順發,TPEX,13.25,13.2767,-0.2,13.88,0.0,0.0,0.0,0.0,0.0,0,0,0,0,0.0,0.0,0.0
2026-04-17,6222,立軒,TPEX,20.75,20.8214,-0.34,22.35,0.0,0.0,0.0,0.0,0.0,0,0,0,0,0.0,0.0,0.0
2026-04-17,6225,天瀚,TWSE,19.05,19.6547,-3.08,11.2,0.0,0.0,0.0,0.0,0.0,0,0,0,0,0.0,0.0,0.0
2026-04-17,6228,全譜,TPEX,,,,0.0,0.0,0.0,0.0,,,0,0,0,0,0.0,0.0,0.0
2026-04-17,6236,中湛,TPEX,,19.0,,0.0,0.0,0.0,0.0,0.0,0.0,0,0,0,0,0.0,0.0,0.0
2026-04-17,6240,松崗,TPEX,18.75,18.5682,0.98,11.0,0.0,0.0,0.0,0.0,0.0,0,0,0,0,0.0,0.0,0.0
2026-04-17,6242,立康,TPEX,38.0,38.0079,-0.02,6.36,0.0,0.0,0.0,0.0,0.0,0,0,0,0,0.0,0.0,0.0
2026-04-17,6407,相互,ESB,43.0,40.83,5.31,4593.47,0.0,0.0,0.0,0.0,0.0,0,0,0,0,0.0,0.0,0.0
2026-04-17,6428,淘米,ESB,13.5,13.23,2.04,9.1,0.0,0.0,0.0,0.0,0.0,0,0,0,0,0.0,0.0,0.0
2026-04-17,6434,達輝光電,ESB,20.55,16.27,26.31,23779.84,0.0,0.0,0.0,0.0,0.0,0,0,0,0,0.0,0.0,0.0
2026-04-17,6467,泰合,ESB,119.0,118.1,0.76,225.0,0.0,0.0,0.0,0.0,0.0,0,0,0,0,0.0,0.0,0.0
2026-04-17,6473,美賣*,ESB,8.6,8.89,-3.26,514.66,0.0,0.0,0.0,0.0,0.0,0,0,0,0,0.0,0.0,0.0
2026-04-17,6474,華豫寧,TPEX,36.85,36.5156,0.92,30.38,0.0,0.0,0.0,0.0,0.0,0,0,0,0,0.0,0.0,0.0
2026-04-17,6483,原創生醫,ESB,16.0,16.04,-0.25,346.4,0.0,0.0,0.0,0.0,0.0,0,0,0,0,0.0,0.0,0.0
2026-04-17,6493,雷虎生,ESB,24.3,24.13,0.7,192.73,0.0,0.0,0.0,0.0,0.0,0,0,0,0,0.0,0.0,0.0
2026-04-17,6512,啟發電,TPEX,19.9,19.9158,-0.08,6.64,0.0,0.0,0.0,0.0,0.0,0,0,0,0,0.0,0.0,0.0
2026-04-17,6518,康科特,ESB,52.1,34.26,52.07,122.97,0.0,0.0,0.0,0.0,0.0,0,0,0,0,0.0,0.0,0.0
2026-04-17,6527,明達醫,TPEX,70.5,70.6785,-0.25,36.06,0.0,0.0,0.0,0.0,0.0,0,0,0,0,0.0,0.0,0.0
2026-04-17,6536,碩豐,ESB,33.75,31.64,6.67,499.4,0.0,0.0,0.0,0.0,0.0,0,0,0,0,0.0,0.0,0.0
2026-04-17,6539,麗彤,ESB,50.9,50.69,0.41,7.01,0.0,0.0,0.0,0.0,0.0,0,0,0,0,0.0,0.0,0.0
2026-04-17,6543,普惠醫工,ESB,23.3,22.95,1.53,54.44,0.0,0.0,0.0,0.0,0.0,0,0,0,0,0.0,0.0,0.0
2026-04-17,6549,景凱,ESB,8.71,8.65,0.69,1383.99,0.0,0.0,0.0,0.0,0.0,0,0,0,0,0.0,0.0,0.0
2026-04-17,6555,榮炭,ESB,27.1,26.7,1.5,554.5,0.0,0.0,0.0,0.0,0.0,0,0,0,0,0.0,0.0,0.0
2026-04-17,6556,勝品,TPEX,68.2,68.5936,-0.57,2.03,0.0,0.0,0.0,0.0,0.0,0,0,0,0,0.0,0.0,0.0
2026-04-17,6559,研晶,ESB,38.0,36.05,5.41,2954.9,0.0,0.0,0.0,0.0,0.0,0,0,0,0,0.0,0.0,0.0
2026-04-17,6563,映智,ESB,29.9,29.6,1.01,1049.61,0.0,0.0,0.0,0.0,0.0,0,0,0,0,0.0,0.0,0.0
2026-04-17,6564,安特羅,ESB,18.6,18.61,-0.05,88.29,0.0,0.0,0.0,0.0,0.0,0,0,0,0,0.0,0.0,0.0
2026-04-17,6565,物聯,ESB,21.9,21.97,-0.32,322.3,0.0,0.0,0.0,0.0,0.0,0,0,0,0,0.0,0.0,0.0
2026-04-17,6572,博錸,ESB,13.0,12.66,2.69,6468.48,0.0,0.0,0.0,0.0,0.0,0,0,0,0,0.0,0.0,0.0
2026-04-17,6580,台睿,ESB,17.95,15.82,13.46,732.55,0.0,0.0,0.0,0.0,0.0,0,0,0,0,0.0,0.0,0.0
2026-04-17,6583,友松,ESB,14.55,13.96,4.23,114.03,0.0,0.0,0.0,0.0,0.0,0,0,0,0,0.0,0.0,0.0
2026-04-17,6586,醣基,ESB,54.0,55.0,-1.82,1754.2,0.0,0.0,0.0,0.0,0.0,0,0,0,0,0.0,0.0,0.0
2026-04-17,6590,普鴻,TPEX,69.9,69.7255,0.25,12.49,0.0,0.0,0.0,0.0,0.0,0,0,0,0,0.0,0.0,0.0
2026-04-17,6595,光禹國際,ESB,31.55,31.12,1.38,77.03,0.0,0.0,0.0,0.0,0.0,0,0,0,0,0.0,0.0,0.0
2026-04-17,6597,立誠,TPEX,58.1,56.9935,1.94,32.38,0.0,0.0,0.0,0.0,0.0,0,0,0,0,0.0,0.0,0.0
2026-04-17,6599,普達系統,ESB,56.5,56.5,0.0,0.13,0.0,0.0,0.0,0.0,0.0,0,0,0,0,0.0,0.0,0.0
2026-04-17,6604,儒億,ESB,26.5,27.03,-1.96,14.16,0.0,0.0,0.0,0.0,0.0,0,0,0,0,0.0,0.0,0.0
2026-04-17,6610,安成生技,ESB,25.1,24.85,1.01,1430.23,0.0,0.0,0.0,0.0,0.0,0,0,0,0,0.0,0.0,0.0
2026-04-17,6615,慧智,TPEX,33.5,33.6387,-0.41,35.84,0.0,0.0,0.0,0.0,0.0,0,0,0,0,0.0,0.0,0.0
2026-04-17,6618,永虹先進,ESB,18.9,18.9,-0.0,1296.38,0.0,0.0,0.0,0.0,0.0,0,0,0,0,0.0,0.0,0.0
2026-04-17,6621,華宇藥,ESB,12.75,12.77,-0.16,80.59,0.0,0.0,0.0,0.0,0.0,0,0,0,0,0.0,0.0,0.0
2026-04-17,6622,百聿數碼,ESB,9.16,9.25,-0.97,398.32,0.0,0.0,0.0,0.0,0.0,0,0,0,0,0.0,0.0,0.0
2026-04-17,6634,欣耀,ESB,37.4,36.2,3.31,364.28,0.0,0.0,0.0,0.0,0.0,0,0,0,0,0.0,0.0,0.0
2026-04-17,6638,沅聖,ESB,42.0,40.61,3.42,87.71,0.0,0.0,0.0,0.0,0.0,0,0,0,0,0.0,0.0,0.0
2026-04-17,6639,源大環能,ESB,8.0,7.84,2.04,140.97,0.0,0.0,0.0,0.0,0.0,0,0,0,0,0.0,0.0,0.0
2026-04-17,6648,斯其大,ESB,18.6,18.66,-0.32,93.86,0.0,0.0,0.0,0.0,0.0,0,0,0,0,0.0,0.0,0.0
2026-04-17,6650,帝圖,ESB,30.0,29.54,1.56,7.0,0.0,0.0,0.0,0.0,0.0,0,0,0,0,0.0,0.0,0.0
2026-04-17,6659,天明製藥,ESB,25.5,23.45,8.74,1499.47,0.0,0.0,0.0,0.0,0.0,0,0,0,0,0.0,0.0,0.0
2026-04-17,6661,威健生技,TPEX,18.65,18.431,1.19,8.0,0.0,0.0,0.0,0.0,0.0,0,0,0,0,0.0,0.0,0.0
2026-04-17,6662,樂斯科,TPEX,30.4,29.857,1.82,21.13,0.0,0.0,0.0,0.0,0.0,0,0,0,0,0.0,0.0,0.0
2026-04-17,6665,康聯生醫,ESB,23.35,23.27,0.34,181.37,0.0,0.0,0.0,0.0,0.0,0,0,0,0,0.0,0.0,0.0
2026-04-17,6673,和詮,ESB,27.15,26.41,2.8,3840.78,0.0,0.0,0.0,0.0,0.0,0,0,0,0,0.0,0.0,0.0
2026-04-17,6676,祥翊,ESB,14.3,14.0,2.14,239.83,0.0,0.0,0.0,0.0,0.0,0,0,0,0,0.0,0.0,0.0
2026-04-17,6677,瑩碩生技,ESB,20.9,21.39,-2.29,157.69,0.0,0.0,0.0,0.0,0.0,0,0,0,0,0.0,0.0,0.0
2026-04-17,6680,鑫創電子,TPEX,55.2,55.2305,-0.06,10.08,0.0,0.0,0.0,0.0,0.0,0,0,0,0,0.0,0.0,0.0
2026-04-17,6682,華旭先進,ESB,41.65,40.73,2.26,2403.41,0.0,0.0,0.0,0.0,0.0,0,0,0,0,0.0,0.0,0.0
2026-04-17,6696,仁新,ESB,433.0,415.72,4.16,1413.23,0.0,0.0,0.0,0.0,0.0,0,0,0,0,0.0,0.0,0.0
2026-04-17,6704,國璽幹細胞,ESB,22.55,21.76,3.63,170.59,0.0,0.0,0.0,0.0,0.0,0,0,0,0,0.0,0.0,0.0
2026-04-17,6705,振躍精密,ESB,72.8,72.88,-0.11,93.8,0.0,0.0,0.0,0.0,0.0,0,0,0,0,0.0,0.0,0.0
2026-04-17,6707,富基電通,ESB,27.0,26.99,0.04,757.45,0.0,0.0,0.0,0.0,0.0,0,0,0,0,0.0,0.0,0.0
2026-04-17,6709,昱厚生技,ESB,25.85,25.89,-0.15,70.3,0.0,0.0,0.0,0.0,0.0,0,0,0,0,0.0,0.0,0.0
2026-04-17,6721,信實,TPEX,,58.784,,0.25,0.0,0.0,0.0,0.0,0.0,0,0,0,0,0.0,0.0,0.0
2026-04-17,6723,傑智環境,ESB,35.8,34.93,2.49,292.99,0.0,0.0,0.0,0.0,0.0,0,0,0,0,0.0,0.0,0.0
2026-04-17,6729,機光科技,ESB,58.0,57.23,1.35,200.86,0.0,0.0,0.0,0.0,0.0,0,0,0,0,0.0,0.0,0.0
2026-04-17,6734,安盛生,ESB,7.5,7.36,1.9,538.61,0.0,0.0,0.0,0.0,0.0,0,0,0,0,0.0,0.0,0.0
2026-04-17,6737,秀育,ESB,34.4,33.78,1.84,62.62,0.0,0.0,0.0,0.0,0.0,0,0,0,0,0.0,0.0,0.0
2026-04-17,6738,鼎恒,ESB,73.0,72.29,0.98,28.0,0.0,0.0,0.0,0.0,0.0,0,0,0,0,0.0,0.0,0.0
2026-04-17,6744,豐技生技,ESB,16.0,15.68,2.04,48.36,0.0,0.0,0.0,0.0,0.0,0,0,0,0,0.0,0.0,0.0
2026-04-17,6748,亞果生醫,ESB,66.8,66.42,0.57,293.29,0.0,0.0,0.0,0.0,0.0,0,0,0,0,0.0,0.0,0.0
2026-04-17,6750,泰創工程,ESB,62.7,62.13,0.92,226.13,0.0,0.0,0.0,0.0,0.0,0,0,0,0,0.0,0.0,0.0
2026-04-17,6752,叡揚,TPEX,105.5,105.1165,0.36,53.63,0.0,0.0,0.0,0.0,0.0,0,0,0,0,0.0,0.0,0.0
2026-04-17,6755,連鋐科技,ESB,21.6,21.47,0.61,296.97,0.0,0.0,0.0,0.0,0.0,0,0,0,0,0.0,0.0,0.0
2026-04-17,6758,冠亞,ESB,0.0,,,0.0,0.0,0.0,0.0,,,0,0,0,0,0.0,0.0,0.0
2026-04-17,6775,穎台科技,ESB,29.6,29.79,-0.64,504.48,0.0,0.0,0.0,0.0,0.0,0,0,0,0,0.0,0.0,0.0
2026-04-17,6780,學習王,ESB,29.7,28.9062,2.75,0.06,0.0,0.0,0.0,0.0,0.0,0,0,0,0,0.0,0.0,0.0
2026-04-17,6784,天凱科技,ESB,31.6,31.2,1.28,399.85,0.0,0.0,0.0,0.0,0.0,0,0,0,0,0.0,0.0,0.0
2026-04-17,6786,芯測,ESB,96.0,95.62,0.4,738.56,0.0,0.0,0.0,0.0,0.0,0,0,0,0,0.0,0.0,0.0
2026-04-17,6787,晶瑞光,ESB,34.05,34.36,-0.9,2181.47,0.0,0.0,0.0,0.0,0.0,0,0,0,0,0.0,0.0,0.0
2026-04-17,6793,天力離岸,ESB,6.19,5.93,4.38,177.27,0.0,0.0,0.0,0.0,0.0,0,0,0,0,0.0,0.0,0.0
2026-04-17,6794,向榮生技,TWSE,81.2,80.5826,0.77,23.0,0.0,0.0,0.0,0.0,0.0,0,0,0,0,0.0,0.0,0.0
2026-04-17,6797,圓點奈米,ESB,15.3,15.42,-0.78,77.22,0.0,0.0,0.0,0.0,0.0,0,0,0,0,0.0,0.0,0.0
2026-04-17,6798,展逸,ESB,49.5,49.6899,-0.38,7.12,0.0,0.0,0.0,0.0,0.0,0,0,0,0,0.0,0.0,0.0
2026-04-17,6804,明係,TPEX,16.6,16.6051,-0.03,22.68,0.0,0.0,0.0,0.0,0.0,0,0,0,0,0.0,0.0,0.0
2026-04-17,6808,三鼎生技,ESB,31.9,31.84,0.19,126.82,0.0,0.0,0.0,0.0,0.0,0,0,0,0,0.0,0.0,0.0
2026-04-17,6810,新穎生醫,ESB,17.55,17.33,1.27,40.37,0.0,0.0,0.0,0.0,0.0,0,0,0,0,0.0,0.0,0.0
2026-04-17,6812,梭特,ESB,79.9,76.31,4.7,713.52,0.0,0.0,0.0,0.0,0.0,0,0,0,0,0.0,0.0,0.0
2026-04-17,6814,路迦生醫,ESB,24.2,23.54,2.8,70.42,0.0,0.0,0.0,0.0,0.0,0,0,0,0,0.0,0.0,0.0
2026-04-17,6815,晶鑽生醫,ESB,39.15,37.93,3.22,186.02,0.0,0.0,0.0,0.0,0.0,0,0,0,0,0.0,0.0,0.0
2026-04-17,6816,捷智商訊,ESB,38.0,36.0999,5.26,1.0,0.0,0.0,0.0,0.0,0.0,0,0,0,0,0.0,0.0,0.0
2026-04-17,6817,溫士頓,ESB,68.2,67.95,0.37,27.02,0.0,0.0,0.0,0.0,0.0,0,0,0,0,0.0,0.0,0.0
2026-04-17,6818,連騰,ESB,92.3,87.85,5.07,1504.42,0.0,0.0,0.0,0.0,0.0,0,0,0,0,0.0,0.0,0.0
2026-04-17,6819,眾智,ESB,27.5,27.1,1.48,43.33,0.0,0.0,0.0,0.0,0.0,0,0,0,0,0.0,0.0,0.0
2026-04-17,6820,連訊,ESB,355.0,337.68,5.13,496.98,0.0,0.0,0.0,0.0,0.0,0,0,0,0,0.0,0.0,0.0
2026-04-17,6825,和暢科技,ESB,42.15,41.08,2.6,46.07,0.0,0.0,0.0,0.0,0.0,0,0,0,0,0.0,0.0,0.0
2026-04-17,6826,和淞,ESB,579.0,554.29,4.46,952.64,0.0,0.0,0.0,0.0,0.0,0,0,0,0,0.0,0.0,0.0
2026-04-17,6827,巨生醫,ESB,12.4,12.18,1.81,801.46,0.0,0.0,0.0,0.0,0.0,0,0,0,0,0.0,0.0,0.0
2026-04-17,6832,金鼎科,ESB,64.0,64.13,-0.2,136.72,0.0,0.0,0.0,0.0,0.0,0,0,0,0,0.0,0.0,0.0
2026-04-17,6833,太康精密,ESB,28.1,27.63,1.7,123.98,0.0,0.0,0.0,0.0,0.0,0,0,0,0,0.0,0.0,0.0
2026-04-17,6839,開陽能源,ESB,13.5,13.64,-1.03,717.32,0.0,0.0,0.0,0.0,0.0,0,0,0,0,0.0,0.0,0.0
2026-04-17,6842,瑞宇,ESB,110.5,104.29,5.95,1712.22,0.0,0.0,0.0,0.0,0.0,0,0,0,0,0.0,0.0,0.0
2026-04-17,6844,諾貝兒,TPEX,62.9,62.7447,0.25,20.77,0.0,0.0,0.0,0.0,0.0,0,0,0,0,0.0,0.0,0.0
2026-04-17,6847,普瑞博,ESB,50.1,48.36,3.6,61.95,0.0,0.0,0.0,0.0,0.0,0,0,0,0,0.0,0.0,0.0
2026-04-17,6848,拉法醫,ESB,19.4,18.98,2.21,216.31,0.0,0.0,0.0,0.0,0.0,0,0,0,0,0.0,0.0,0.0
2026-04-17,6849,奇鼎科技,ESB,153.5,152.51,0.65,518.37,0.0,0.0,0.0,0.0,0.0,0,0,0,0,0.0,0.0,0.0
2026-04-17,6850,光鼎生技,ESB,38.0,37.42,1.55,54.32,0.0,0.0,0.0,0.0,0.0,0,0,0,0,0.0,0.0,0.0
2026-04-17,6856,鑫傳,TPEX,,52.2222,,0.01,0.0,0.0,0.0,0.0,0.0,0,0,0,0,0.0,0.0,0.0
2026-04-17,6857,宏碁智醫,ESB,97.0,97.1518,-0.16,0.11,0.0,0.0,0.0,0.0,0.0,0,0,0,0,0.0,0.0,0.0
2026-04-17,6858,愛比科技,ESB,26.0,26.73,-2.73,21.79,0.0,0.0,0.0,0.0,0.0,0,0,0,0,0.0,0.0,0.0
2026-04-17,6864,元樟生技,ESB,55.8,55.62,0.32,40.73,0.0,0.0,0.0,0.0,0.0,0,0,0,0,0.0,0.0,0.0
2026-04-17,6867,坦德科技,ESB,24.75,24.49,1.06,135.13,0.0,0.0,0.0,0.0,0.0,0,0,0,0,0.0,0.0,0.0
2026-04-17,6868,采威國際,ESB,39.2,39.44,-0.61,24.02,0.0,0.0,0.0,0.0,0.0,0,0,0,0,0.0,0.0,0.0
2026-04-17,6875,國邑*,TPEX,36.85,37.0398,-0.51,163.44,0.0,0.0,0.0,0.0,0.0,0,0,0,0,0.0,0.0,0.0
2026-04-17,6876,朗齊生醫*,ESB,21.8,21.34,2.16,510.94,0.0,0.0,0.0,0.0,0.0,0,0,0,0,0.0,0.0,0.0
2026-04-17,6878,歐付寶,ESB,11.55,11.85,-2.53,184.7,0.0,0.0,0.0,0.0,0.0,0,0,0,0,0.0,0.0,0.0
2026-04-17,6879,大江基因,ESB,36.55,36.32,0.63,12.2,0.0,0.0,0.0,0.0,0.0,0,0,0,0,0.0,0.0,0.0
2026-04-17,6881,潤德,TPEX,252.0,251.6385,0.14,9.12,0.0,0.0,0.0,0.0,0.0,0,0,0,0,0.0,0.0,0.0
2026-04-17,6882,甲尚,ESB,20.0,20.48,-2.34,1102.9,0.0,0.0,0.0,0.0,0.0,0,0,0,0,0.0,0.0,0.0
2026-04-17,6883,微電能源,ESB,16.05,17.11,-6.2,211.92,0.0,0.0,0.0,0.0,0.0,0,0,0,0,0.0,0.0,0.0
2026-04-17,6884,海柏特,TPEX,35.0,35.0341,-0.1,9.1,0.0,0.0,0.0,0.0,0.0,0,0,0,0,0.0,0.0,0.0
2026-04-17,6886,遠東生技,ESB,48.55,47.73,1.72,10.32,0.0,0.0,0.0,0.0,0.0,0,0,0,0,0.0,0.0,0.0
2026-04-17,6891,樂迦再生,ESB,51.1,50.45,1.29,3749.06,0.0,0.0,0.0,0.0,0.0,0,0,0,0,0.0,0.0,0.0
2026-04-17,6892,台寶生醫,ESB,26.35,26.29,0.23,132.84,0.0,0.0,0.0,0.0,0.0,0,0,0,0,0.0,0.0,0.0
2026-04-17,6898,程曦資訊,ESB,118.0,116.5,1.29,43.41,0.0,0.0,0.0,0.0,0.0,0,0,0,0,0.0,0.0,0.0
2026-04-17,6911,群運,ESB,32.4,32.18,0.68,125.02,0.0,0.0,0.0,0.0,0.0,0,0,0,0,0.0,0.0,0.0
2026-04-17,6912,益鈞環科*,ESB,18.55,18.48,0.38,343.95,0.0,0.0,0.0,0.0,0.0,0,0,0,0,0.0,0.0,0.0
2026-04-17,6915,美強光,ESB,42.65,42.74,-0.21,687.27,0.0,0.0,0.0,0.0,0.0,0,0,0,0,0.0,0.0,0.0
2026-04-17,6917,竟天,ESB,33.85,33.58,0.8,2050.6,0.0,0.0,0.0,0.0,0.0,0,0,0,0,0.0,0.0,0.0
2026-04-17,6920,恆勁科技,ESB,80.1,78.94,1.47,5673.45,0.0,0.0,0.0,0.0,0.0,0,0,0,0,0.0,0.0,0.0
2026-04-17,6926,聖安生醫,ESB,66.0,66.02,-0.03,23.18,0.0,0.0,0.0,0.0,0.0,0,0,0,0,0.0,0.0,0.0
2026-04-17,6927,聯合聚晶,ESB,51.1,50.34,1.51,160.91,0.0,0.0,0.0,0.0,0.0,0,0,0,0,0.0,0.0,0.0
2026-04-17,6932,水星生醫*,ESB,8.19,8.08,1.36,1040.35,0.0,0.0,0.0,0.0,0.0,0,0,0,0,0.0,0.0,0.0
2026-04-17,6935,王子製藥,ESB,30.6,30.47,0.43,40.33,0.0,0.0,0.0,0.0,0.0,0,0,0,0,0.0,0.0,0.0
2026-04-17,6938,藍新資訊,ESB,85.0,82.24,3.36,19.5,0.0,0.0,0.0,0.0,0.0,0,0,0,0,0.0,0.0,0.0
2026-04-17,6939,啟弘生技,ESB,20.25,20.1,0.75,41.38,0.0,0.0,0.0,0.0,0.0,0,0,0,0,0.0,0.0,0.0
2026-04-17,6940,格斯科技*,ESB,22.35,21.75,2.76,1098.6,0.0,0.0,0.0,0.0,0.0,0,0,0,0,0.0,0.0,0.0
2026-04-17,6945,圓祥生技,ESB,195.0,193.64,0.7,788.29,0.0,0.0,0.0,0.0,0.0,0,0,0,0,0.0,0.0,0.0
2026-04-17,6946,三地能源,ESB,13.65,13.27,2.86,245.21,0.0,0.0,0.0,0.0,0.0,0,0,0,0,0.0,0.0,0.0
2026-04-17,6947,台鎔科技,ESB,80.8,80.65,0.19,118.74,0.0,0.0,0.0,0.0,0.0,0,0,0,0,0.0,0.0,0.0
2026-04-17,6959,兆捷科技,ESB,163.0,146.48,11.28,4431.52,0.0,0.0,0.0,0.0,0.0,0,0,0,0,0.0,0.0,0.0
2026-04-17,6961,旅天下,TPEX,57.4,57.2722,0.22,34.34,0.0,0.0,0.0,0.0,0.0,0,0,0,0,0.0,0.0,0.0
2026-04-17,6963,品元,ESB,26.5,26.58,-0.3,6.05,0.0,0.0,0.0,0.0,0.0,0,0,0,0,0.0,0.0,0.0
2026-04-17,6969,成信實業*-創,TWSE,29.8,29.4513,1.18,68.76,0.0,0.0,0.0,0.0,0.0,0,0,0,0,0.0,0.0,0.0
2026-04-17,6971,惠民實業,TPEX,29.5,29.4453,0.19,36.22,0.0,0.0,0.0,0.0,0.0,0,0,0,0,0.0,0.0,0.0
2026-04-17,6972,博瑞達應材,ESB,25.75,25.06,2.75,164.68,0.0,0.0,0.0,0.0,0.0,0,0,0,0,0.0,0.0,0.0
2026-04-17,6973,永立榮,ESB,38.25,38.15,0.26,15.1,0.0,0.0,0.0,0.0,0.0,0,0,0,0,0.0,0.0,0.0
2026-04-17,6976,育世博-KY,ESB,12.45,12.26,1.55,685.51,0.0,0.0,0.0,0.0,0.0,0,0,0,0,0.0,0.0,0.0
2026-04-17,6977,聯純,ESB,316.0,308.1,2.56,267.57,0.0,0.0,0.0,0.0,0.0,0,0,0,0,0.0,0.0,0.0
2026-04-17,6979,勝釩,ESB,206.5,207.46,-0.46,115.78,0.0,0.0,0.0,0.0,0.0,0,0,0,0,0.0,0.0,0.0
2026-04-17,6980,鐳洋科技,ESB,185.0,188.16,-1.68,654.91,0.0,0.0,0.0,0.0,0.0,0,0,0,0,0.0,0.0,0.0
2026-04-17,6983,華洋精機,ESB,410.0,432.45,-5.19,140.32,0.0,0.0,0.0,0.0,0.0,0,0,0,0,0.0,0.0,0.0
2026-04-17,6984,ACpay,ESB,23.9,23.9,0.0,0.2,0.0,0.0,0.0,0.0,0.0,0,0,0,0,0.0,0.0,0.0
2026-04-17,6986,和迅,ESB,60.8,60.41,0.65,36.9,0.0,0.0,0.0,0.0,0.0,0,0,0,0,0.0,0.0,0.0
2026-04-17,6987,寶晶能源*,ESB,19.7,19.63,0.36,108.5,0.0,0.0,0.0,0.0,0.0,0,0,0,0,0.0,0.0,0.0
2026-04-17,6990,華鉬,ESB,116.0,109.42,6.01,866.18,0.0,0.0,0.0,0.0,0.0,0,0,0,0,0.0,0.0,0.0
2026-04-17,6995,野獸國,ESB,52.9,52.67,0.44,29.28,0.0,0.0,0.0,0.0,0.0,0,0,0,0,0.0,0.0,0.0
2026-04-17,6997,博弘,TPEX,82.1,82.2379,-0.17,8.02,0.0,0.0,0.0,0.0,0.0,0,0,0,0,0.0,0.0,0.0
2026-04-17,6999,瀚醫生技,ESB,30.35,30.18,0.56,6.0,0.0,0.0,0.0,0.0,0.0,0,0,0,0,0.0,0.0,0.0
2026-04-17,7419,達勝,ESB,215.0,207.56,3.58,494.57,0.0,0.0,0.0,0.0,0.0,0,0,0,0,0.0,0.0,0.0
2026-04-17,7427,華上生醫,ESB,30.85,30.7,0.49,103.81,0.0,0.0,0.0,0.0,0.0,0,0,0,0,0.0,0.0,0.0
2026-04-17,7443,凡事康,ESB,10.1,10.09,0.1,32.16,0.0,0.0,0.0,0.0,0.0,0,0,0,0,0.0,0.0,0.0
2026-04-17,7455,樺緯物聯,ESB,0.0,,,0.0,0.0,0.0,0.0,,,0,0,0,0,0.0,0.0,0.0
2026-04-17,7507,環拓科技,ESB,25.9,26.07,-0.65,84.04,0.0,0.0,0.0,0.0,0.0,0,0,0,0,0.0,0.0,0.0
2026-04-17,7516,清淨海,ESB,9.5,9.4,1.06,147.97,0.0,0.0,0.0,0.0,0.0,0,0,0,0,0.0,0.0,0.0
2026-04-17,7530,鋒魁科技,ESB,40.3,38.6,4.4,2408.91,0.0,0.0,0.0,0.0,0.0,0,0,0,0,0.0,0.0,0.0
2026-04-17,7551,知識科技,ESB,13.5,13.18,2.43,110.3,0.0,0.0,0.0,0.0,0.0,0,0,0,0,0.0,0.0,0.0
2026-04-17,7556,意德士,TPEX,265.5,263.224,0.86,391.04,0.0,0.0,0.0,0.0,0.0,0,0,0,0,0.0,0.0,0.0
2026-04-17,7558,群利科技,ESB,26.05,23.06,12.97,903.48,0.0,0.0,0.0,0.0,0.0,0,0,0,0,0.0,0.0,0.0
2026-04-17,7561,光晟生技,ESB,22.2,21.96,1.09,13.01,0.0,0.0,0.0,0.0,0.0,0,0,0,0,0.0,0.0,0.0
2026-04-17,7562,博來科技,ESB,49.0,49.0,0.0,2.18,0.0,0.0,0.0,0.0,0.0,0,0,0,0,0.0,0.0,0.0
2026-04-17,7566,亞果遊艇,ESB,13.8,13.8,-0.0,188.05,0.0,0.0,0.0,0.0,0.0,0,0,0,0,0.0,0.0,0.0
2026-04-17,7575,安美得,ESB,22.5,21.0,7.14,92.17,0.0,0.0,0.0,0.0,0.0,0,0,0,0,0.0,0.0,0.0
2026-04-17,7578,利百景,ESB,32.75,32.63,0.37,81.44,0.0,0.0,0.0,0.0,0.0,0,0,0,0,0.0,0.0,0.0
2026-04-17,7583,國際海洋,ESB,69.6,68.7301,1.27,3.17,0.0,0.0,0.0,0.0,0.0,0,0,0,0,0.0,0.0,0.0
2026-04-17,7590,怡和國際,ESB,24.95,23.67,5.41,3982.75,0.0,0.0,0.0,0.0,0.0,0,0,0,0,0.0,0.0,0.0
2026-04-17,7595,世基生醫,ESB,10.2,10.11,0.89,45.04,0.0,0.0,0.0,0.0,0.0,0,0,0,0,0.0,0.0,0.0
2026-04-17,7607,通用幹細胞*,ESB,15.35,15.35,-0.0,36.04,0.0,0.0,0.0,0.0,0.0,0,0,0,0,0.0,0.0,0.0
2026-04-17,7669,碩正科技,ESB,904.0,876.25,3.17,120.98,0.0,0.0,0.0,0.0,0.0,0,0,0,0,0.0,0.0,0.0
2026-04-17,7689,大鵬科CLMX,ESB,252.0,235.2,7.14,249.48,0.0,0.0,0.0,0.0,0.0,0,0,0,0,0.0,0.0,0.0
2026-04-17,7702,前端風電,ESB,22.0,20.7,6.28,133.3,0.0,0.0,0.0,0.0,0.0,0,0,0,0,0.0,0.0,0.0
2026-04-17,7706,宏碁創達,ESB,41.4,41.4,0.0,0.17,0.0,0.0,0.0,0.0,0.0,0,0,0,0,0.0,0.0,0.0
2026-04-17,7707,益芯科,ESB,134.0,134.53,-0.39,220.09,0.0,0.0,0.0,0.0,0.0,0,0,0,0,0.0,0.0,0.0
2026-04-17,7710,東擎科技,ESB,248.0,249.3199,-0.53,5.12,0.0,0.0,0.0,0.0,0.0,0,0,0,0,0.0,0.0,0.0
2026-04-17,7715,裕山,TPEX,29.0,29.0881,-0.3,11.57,0.0,0.0,0.0,0.0,0.0,0,0,0,0,0.0,0.0,0.0
2026-04-17,7716,昱臺國際,TPEX,,25.1667,,0.01,0.0,0.0,0.0,0.0,0.0,0,0,0,0,0.0,0.0,0.0
2026-04-17,7719,碳基,ESB,40.65,39.49,2.94,1156.97,0.0,0.0,0.0,0.0,0.0,0,0,0,0,0.0,0.0,0.0
2026-04-17,7724,諾亞克,ESB,23.65,23.6,0.21,6.0,0.0,0.0,0.0,0.0,0.0,0,0,0,0,0.0,0.0,0.0
2026-04-17,7725,列特博,ESB,0.0,,,0.0,0.0,0.0,0.0,,,0,0,0,0,0.0,0.0,0.0
2026-04-17,7726,暄達,ESB,35.7,34.0198,4.94,2.02,0.0,0.0,0.0,0.0,0.0,0,0,0,0,0.0,0.0,0.0
2026-04-17,7729,仲恩生醫,ESB,85.4,83.81,1.9,303.71,0.0,0.0,0.0,0.0,0.0,0,0,0,0,0.0,0.0,0.0
2026-04-17,7731,火星生技*,ESB,6.14,6.0,2.33,12656.05,0.0,0.0,0.0,0.0,0.0,0,0,0,0,0.0,0.0,0.0
2026-04-17,7737,凱鈿,ESB,43.7,43.0,1.63,9.24,0.0,0.0,0.0,0.0,0.0,0,0,0,0,0.0,0.0,0.0
2026-04-17,7742,天弘化,ESB,249.5,238.69,4.53,2379.36,0.0,0.0,0.0,0.0,0.0,0,0,0,0,0.0,0.0,0.0
2026-04-17,7743,金利食安,TPEX,20.25,20.2145,0.18,12.51,0.0,0.0,0.0,0.0,0.0,0,0,0,0,0.0,0.0,0.0
2026-04-17,7745,紅陽,ESB,23.15,20.78,11.41,149.33,0.0,0.0,0.0,0.0,0.0,0,0,0,0,0.0,0.0,0.0
2026-04-17,7748,鑫囍創業,ESB,27.0,26.95,0.19,18.5,0.0,0.0,0.0,0.0,0.0,0,0,0,0,0.0,0.0,0.0
2026-04-17,7752,世紀樺欣,ESB,46.3,45.51,1.74,127.71,0.0,0.0,0.0,0.0,0.0,0,0,0,0,0.0,0.0,0.0
2026-04-17,7753,星亞,TPEX,39.55,39.5052,0.11,29.01,0.0,0.0,0.0,0.0,0.0,0,0,0,0,0.0,0.0,0.0
2026-04-17,7754,安基生技,ESB,61.1,60.55,0.91,184.61,0.0,0.0,0.0,0.0,0.0,0,0,0,0,0.0,0.0,0.0
2026-04-17,7756,多那之,ESB,43.0,42.8779,0.28,0.21,0.0,0.0,0.0,0.0,0.0,0,0,0,0,0.0,0.0,0.0
2026-04-17,7758,睿騰能源,ESB,47.2,47.1599,0.09,4.01,0.0,0.0,0.0,0.0,0.0,0,0,0,0,0.0,0.0,0.0
2026-04-17,7759,視航生醫,ESB,37.85,36.99,2.32,62.08,0.0,0.0,0.0,0.0,0.0,0,0,0,0,0.0,0.0,0.0
2026-04-17,7760,享溫馨,ESB,35.45,36.02,-1.58,263.85,0.0,0.0,0.0,0.0,0.0,0,0,0,0,0.0,0.0,0.0
2026-04-17,7761,三大未來,ESB,38.15,38.06,0.24,588.42,0.0,0.0,0.0,0.0,0.0,0,0,0,0,0.0,0.0,0.0
2026-04-17,7762,吉晟生,ESB,49.25,48.84,0.84,38.45,0.0,0.0,0.0,0.0,0.0,0,0,0,0,0.0,0.0,0.0
2026-04-17,7763,崇舜,ESB,241.0,236.02,2.11,849.69,0.0,0.0,0.0,0.0,0.0,0,0,0,0,0.0,0.0,0.0
2026-04-17,7764,聖州,ESB,14.9,14.96,-0.4,227.09,0.0,0.0,0.0,0.0,0.0,0,0,0,0,0.0,0.0,0.0
2026-04-17,7767,仁大資訊,TPEX,44.65,44.4756,0.39,10.01,0.0,0.0,0.0,0.0,0.0,0,0,0,0,0.0,0.0,0.0
2026-04-17,7768,頌勝科技,ESB,442.5,444.52,-0.45,197.96,0.0,0.0,0.0,0.0,0.0,0,0,0,0,0.0,0.0,0.0
2026-04-17,7771,綠基,ESB,62.1,62.94,-1.33,157.42,0.0,0.0,0.0,0.0,0.0,0,0,0,0,0.0,0.0,0.0
2026-04-17,7772,耀穎,ESB,161.5,154.25,4.7,1380.55,0.0,0.0,0.0,0.0,0.0,0,0,0,0,0.0,0.0,0.0
2026-04-17,7773,富禾生醫,ESB,27.6,23.11,19.43,119.2,0.0,0.0,0.0,0.0,0.0,0,0,0,0,0.0,0.0,0.0
2026-04-17,7776,奧孟亞,ESB,26.7,27.08,-1.4,66.97,0.0,0.0,0.0,0.0,0.0,0,0,0,0,0.0,0.0,0.0
2026-04-17,7779,鍇睿國際,ESB,15.25,15.6,-2.24,19.03,0.0,0.0,0.0,0.0,0.0,0,0,0,0,0.0,0.0,0.0
2026-04-17,7781,昕力資*,ESB,30.3,30.56,-0.85,8062.94,0.0,0.0,0.0,0.0,0.0,0,0,0,0,0.0,0.0,0.0
2026-04-17,7783,佳運,ESB,111.0,111.91,-0.81,181.92,0.0,0.0,0.0,0.0,0.0,0,0,0,0,0.0,0.0,0.0
2026-04-17,7785,北祥科服,ESB,39.95,39.71,0.6,4.0,0.0,0.0,0.0,0.0,0.0,0,0,0,0,0.0,0.0,0.0
2026-04-17,7789,開展,ESB,34.6,33.04,4.72,24.55,0.0,0.0,0.0,0.0,0.0,0,0,0,0,0.0,0.0,0.0
2026-04-17,7790,思必瑞特,ESB,53.7,52.81,1.69,11.92,0.0,0.0,0.0,0.0,0.0,0,0,0,0,0.0,0.0,0.0
2026-04-17,7794,宏碁智新,ESB,47.5,47.71,-0.44,18.43,0.0,0.0,0.0,0.0,0.0,0,0,0,0,0.0,0.0,0.0
2026-04-17,7796,擷發科,ESB,107.0,106.31,0.65,79.11,0.0,0.0,0.0,0.0,0.0,0,0,0,0,0.0,0.0,0.0
2026-04-17,7797,Q Burger,ESB,56.0,56.08,-0.14,22.49,0.0,0.0,0.0,0.0,0.0,0,0,0,0,0.0,0.0,0.0
2026-04-17,7798,將捷,ESB,15.6,15.49,0.71,26.0,0.0,0.0,0.0,0.0,0.0,0,0,0,0,0.0,0.0,0.0
2026-04-17,7801,華芸科技,ESB,126.5,123.38,2.53,273.18,0.0,0.0,0.0,0.0,0.0,0,0,0,0,0.0,0.0,0.0
2026-04-17,7803,雲象科技,ESB,30.45,30.03,1.4,136.34,0.0,0.0,0.0,0.0,0.0,0,0,0,0,0.0,0.0,0.0
2026-04-17,7806,精華生醫,ESB,78.0,75.5399,3.26,9.03,0.0,0.0,0.0,0.0,0.0,0,0,0,0,0.0,0.0,0.0
2026-04-17,7808,訊聯智藥,ESB,47.25,46.35,1.94,6.48,0.0,0.0,0.0,0.0,0.0,0,0,0,0,0.0,0.0,0.0
2026-04-17,7812,稜研科技*,ESB,82.3,82.93,-0.76,478.44,0.0,0.0,0.0,0.0,0.0,0,0,0,0,0.0,0.0,0.0
2026-04-17,7813,宇辰系統,ESB,156.5,154.88,1.05,322.72,0.0,0.0,0.0,0.0,0.0,0,0,0,0,0.0,0.0,0.0
2026-04-17,7814,海昌生技,ESB,39.6,40.28,-1.69,68.03,0.0,0.0,0.0,0.0,0.0,0,0,0,0,0.0,0.0,0.0
2026-04-17,7815,新特,ESB,521.0,518.46,0.49,548.76,0.0,0.0,0.0,0.0,0.0,0,0,0,0,0.0,0.0,0.0
2026-04-17,7816,來穎,ESB,76.1,75.02,1.44,675.96,0.0,0.0,0.0,0.0,0.0,0,0,0,0,0.0,0.0,0.0
2026-04-17,7818,溢泰實業,ESB,123.5,121.34,1.78,270.54,0.0,0.0,0.0,0.0,0.0,0,0,0,0,0.0,0.0,0.0
2026-04-17,7819,精誠金融,ESB,68.7,68.89,-0.28,12.39,0.0,0.0,0.0,0.0,0.0,0,0,0,0,0.0,0.0,0.0
2026-04-17,7820,立盈,ESB,182.5,181.88,0.34,122.9,0.0,0.0,0.0,0.0,0.0,0,0,0,0,0.0,0.0,0.0
2026-04-17,7821,神數,ESB,65.1,65.86,-1.15,109.57,0.0,0.0,0.0,0.0,0.0,0,0,0,0,0.0,0.0,0.0
2026-04-17,7823,奧義賽博-KY創,TWSE,79.6,79.7177,-0.15,12.46,0.0,0.0,0.0,0.0,0.0,0,0,0,0,0.0,0.0,0.0
2026-04-17,7824,智寶,ESB,44.8,44.67,0.29,13.7,0.0,0.0,0.0,0.0,0.0,0,0,0,0,0.0,0.0,0.0
2026-04-17,7825,和亞智慧,ESB,172.5,170.55,1.14,486.47,0.0,0.0,0.0,0.0,0.0,0,0,0,0,0.0,0.0,0.0
2026-04-17,7826,極風雲創,ESB,41.0,39.22,4.54,20.5,0.0,0.0,0.0,0.0,0.0,0,0,0,0,0.0,0.0,0.0
2026-04-17,7827,漢康-KY,ESB,143.0,141.51,1.05,978.29,0.0,0.0,0.0,0.0,0.0,0,0,0,0,0.0,0.0,0.0
2026-04-17,7828,創新服務,ESB,1430.0,1406.61,1.66,686.7,0.0,0.0,0.0,0.0,0.0,0,0,0,0,0.0,0.0,0.0
2026-04-17,7829,思捷優達-KY,ESB,46.0,45.49,1.12,155.9,0.0,0.0,0.0,0.0,0.0,0,0,0,0,0.0,0.0,0.0
2026-04-17,7831,捷博,ESB,0.0,,,0.0,0.0,0.0,0.0,,,0,0,0,0,0.0,0.0,0.0
2026-04-17,7832,智新生技*,ESB,13.3,13.28,0.15,223.0,0.0,0.0,0.0,0.0,0.0,0,0,0,0,0.0,0.0,0.0
2026-04-17,7833,綠岩能源,ESB,29.95,29.14,2.78,39.51,0.0,0.0,0.0,0.0,0.0,0,0,0,0,0.0,0.0,0.0
2026-04-17,7834,來毅數位,ESB,22.6,22.2,1.8,70.41,0.0,0.0,0.0,0.0,0.0,0,0,0,0,0.0,0.0,0.0
2026-04-17,7836,智生活,ESB,59.7,59.56,0.24,111.18,0.0,0.0,0.0,0.0,0.0,0,0,0,0,0.0,0.0,0.0
2026-04-17,7837,啟新生,ESB,0.0,,,0.0,0.0,0.0,0.0,,,0,0,0,0,0.0,0.0,0.0
2026-04-17,7839,達人網,ESB,62.0,62.0,0.0,0.12,0.0,0.0,0.0,0.0,0.0,0,0,0,0,0.0,0.0,0.0
2026-04-17,7840,祥圃,ESB,36.0,36.4997,-1.37,1.5,0.0,0.0,0.0,0.0,0.0,0,0,0,0,0.0,0.0,0.0
2026-04-17,7841,經貿聯網,ESB,31.9,32.34,-1.36,46.91,0.0,0.0,0.0,0.0,0.0,0,0,0,0,0.0,0.0,0.0
2026-04-17,7842,天能綠電,ESB,152.5,152.72,-0.14,94.85,0.0,0.0,0.0,0.0,0.0,0,0,0,0,0.0,0.0,0.0
2026-04-17,7843,英柏得,ESB,107.5,107.8,-0.28,461.97,0.0,0.0,0.0,0.0,0.0,0,0,0,0,0.0,0.0,0.0
2026-04-17,7846,德揚,ESB,90.7,89.47,1.37,91.96,0.0,0.0,0.0,0.0,0.0,0,0,0,0,0.0,0.0,0.0
2026-04-17,7847,豊漁,ESB,25.1,24.52,2.37,19.13,0.0,0.0,0.0,0.0,0.0,0,0,0,0,0.0,0.0,0.0
2026-04-17,7848,騏億鑫,ESB,450.0,444.24,1.3,33.0,0.0,0.0,0.0,0.0,0.0,0,0,0,0,0.0,0.0,0.0
2026-04-17,7849,旭誼,ESB,147.0,144.21,1.93,15.84,0.0,0.0,0.0,0.0,0.0,0,0,0,0,0.0,0.0,0.0
2026-04-17,7850,寶泰生醫,ESB,26.7,24.4,9.43,287.9,0.0,0.0,0.0,0.0,0.0,0,0,0,0,0.0,0.0,0.0
2026-04-17,7851,慧康生技*-KY,ESB,36.3,36.6,-0.82,466.0,0.0,0.0,0.0,0.0,0.0,0,0,0,0,0.0,0.0,0.0
2026-04-17,7853,政美應用,ESB,456.5,429.07,6.39,2668.95,0.0,0.0,0.0,0.0,0.0,0,0,0,0,0.0,0.0,0.0
2026-04-17,7854,佐茂,ESB,69.8,69.02,1.13,99.4,0.0,0.0,0.0,0.0,0.0,0,0,0,0,0.0,0.0,0.0
2026-04-17,7855,和運租車,ESB,107.0,106.53,0.44,29.62,0.0,0.0,0.0,0.0,0.0,0,0,0,0,0.0,0.0,0.0
2026-04-17,7856,漢測,ESB,3420.0,3312.16,3.26,278.69,0.0,0.0,0.0,0.0,0.0,0,0,0,0,0.0,0.0,0.0
2026-04-17,7857,合水先進,ESB,48.0,48.19,-0.39,7.21,0.0,0.0,0.0,0.0,0.0,0,0,0,0,0.0,0.0,0.0
2026-04-17,7858,芝普,ESB,328.0,309.51,5.97,800.76,0.0,0.0,0.0,0.0,0.0,0,0,0,0,0.0,0.0,0.0
2026-04-17,7860,得生製藥,ESB,64.9,64.9333,-0.05,0.01,0.0,0.0,0.0,0.0,0.0,0,0,0,0,0.0,0.0,0.0
2026-04-17,7861,貝爾威勒,ESB,905.0,893.77,1.26,179.91,0.0,0.0,0.0,0.0,0.0,0,0,0,0,0.0,0.0,0.0
2026-04-17,7862,聚泰,ESB,42.15,42.1471,0.01,0.1,0.0,0.0,0.0,0.0,0.0,0,0,0,0,0.0,0.0,0.0
2026-04-17,7863,中科物流,ESB,47.6,48.0,-0.83,0.0,0.0,0.0,0.0,0.0,0.0,0,0,0,0,0.0,0.0,0.0
2026-04-17,7865,金聯成,ESB,48.75,48.33,0.87,16.0,0.0,0.0,0.0,0.0,0.0,0,0,0,0,0.0,0.0,0.0
2026-04-17,7866,丹立,ESB,188.0,189.51,-0.8,771.96,0.0,0.0,0.0,0.0,0.0,0,0,0,0,0.0,0.0,0.0
2026-04-17,7867,特力屋,ESB,53.0,52.2,1.53,15.0,0.0,0.0,0.0,0.0,0.0,0,0,0,0,0.0,0.0,0.0
2026-04-17,7868,聖育,ESB,93.8,96.65,-2.95,562.86,0.0,0.0,0.0,0.0,0.0,0,0,0,0,0.0,0.0,0.0
2026-04-17,7869,宏于電機,ESB,435.5,436.28,-0.18,28.89,0.0,0.0,0.0,0.0,0.0,0,0,0,0,0.0,0.0,0.0
2026-04-17,7870,聯剛科技,ESB,181.0,182.39,-0.76,10.76,0.0,0.0,0.0,0.0,0.0,0,0,0,0,0.0,0.0,0.0
2026-04-17,7871,安立璽榮-KY,ESB,71.6,71.07,0.75,765.31,0.0,0.0,0.0,0.0,0.0,0,0,0,0,0.0,0.0,0.0
2026-04-17,7872,登豐,ESB,86.2,83.5,3.23,186.41,0.0,0.0,0.0,0.0,0.0,0,0,0,0,0.0,0.0,0.0
2026-04-17,7875,安圖斯,ESB,148.0,150.0,-1.33,29.84,0.0,0.0,0.0,0.0,0.0,0,0,0,0,0.0,0.0,0.0
2026-04-17,7876,鼎晉生技,ESB,38.25,38.0,0.66,106.07,0.0,0.0,0.0,0.0,0.0,0,0,0,0,0.0,0.0,0.0
2026-04-17,7877,海利普,ESB,43.0,41.79,2.9,78.8,0.0,0.0,0.0,0.0,0.0,0,0,0,0,0.0,0.0,0.0
2026-04-17,7878,藥祇,ESB,297.5,298.61,-0.37,251.21,0.0,0.0,0.0,0.0,0.0,0,0,0,0,0.0,0.0,0.0
2026-04-17,7879,益材科技,ESB,119.5,112.87,5.87,506.71,0.0,0.0,0.0,0.0,0.0,0,0,0,0,0.0,0.0,0.0
2026-04-17,7880,聖凰,ESB,209.0,207.33,0.81,219.18,0.0,0.0,0.0,0.0,0.0,0,0,0,0,0.0,0.0,0.0
2026-04-17,7881,科明,ESB,99.0,98.67,0.33,10.23,0.0,0.0,0.0,0.0,0.0,0,0,0,0,0.0,0.0,0.0
2026-04-17,7882,倍利創投,ESB,23.05,22.48,2.54,262.22,0.0,0.0,0.0,0.0,0.0,0,0,0,0,0.0,0.0,0.0
2026-04-17,7883,饗賓,ESB,276.0,264.4,4.39,87.53,0.0,0.0,0.0,0.0,0.0,0,0,0,0,0.0,0.0,0.0
2026-04-17,7885,宏羚,ESB,25.1,23.98,4.67,29.68,0.0,0.0,0.0,0.0,0.0,0,0,0,0,0.0,0.0,0.0
2026-04-17,7886,科建,ESB,247.5,232.0,6.68,854.39,0.0,0.0,0.0,0.0,0.0,0,0,0,0,0.0,0.0,0.0
2026-04-17,7887,宇川精材,ESB,303.0,284.18,6.62,6850.43,0.0,0.0,0.0,0.0,0.0,0,0,0,0,0.0,0.0,0.0
2026-04-17,7888,麗寶新藥,ESB,43.15,43.0,0.35,30.9,0.0,0.0,0.0,0.0,0.0,0,0,0,0,0.0,0.0,0.0
2026-04-17,7889,騰勢,ESB,95.4,95.72,-0.33,11.55,0.0,0.0,0.0,0.0,0.0,0,0,0,0,0.0,0.0,0.0
2026-04-17,7890,明曜科技,ESB,119.5,121.49,-1.64,162.25,0.0,0.0,0.0,0.0,0.0,0,0,0,0,0.0,0.0,0.0
2026-04-17,7891,博研醫藥,ESB,27.05,27.59,-1.96,18.05,0.0,0.0,0.0,0.0,0.0,0,0,0,0,0.0,0.0,0.0
2026-04-17,7892,元鈦科,ESB,1205.0,1184.45,1.73,689.64,0.0,0.0,0.0,0.0,0.0,0,0,0,0,0.0,0.0,0.0
2026-04-17,7893,睿信,ESB,228.5,223.87,2.07,172.39,0.0,0.0,0.0,0.0,0.0,0,0,0,0,0.0,0.0,0.0
2026-04-17,7895,元進莊,ESB,71.5,70.98,0.73,18.36,0.0,0.0,0.0,0.0,0.0,0,0,0,0,0.0,0.0,0.0
2026-04-17,7896,喬越,ESB,373.5,361.53,3.31,75.3,0.0,0.0,0.0,0.0,0.0,0,0,0,0,0.0,0.0,0.0
2026-04-17,7897,禾迅綠電,ESB,43.0,42.48,1.22,24.4,0.0,0.0,0.0,0.0,0.0,0,0,0,0,0.0,0.0,0.0
2026-04-17,7899,景美,ESB,620.0,617.66,0.38,821.6,0.0,0.0,0.0,0.0,0.0,0,0,0,0,0.0,0.0,0.0
2026-04-17,7901,大大寬頻,ESB,78.3,78.3001,-0.0,1.14,0.0,0.0,0.0,0.0,0.0,0,0,0,0,0.0,0.0,0.0
2026-04-17,7902,宇越生醫*,ESB,45.15,45.42,-0.59,480.3,0.0,0.0,0.0,0.0,0.0,0,0,0,0,0.0,0.0,0.0
2026-04-17,7904,任開數位,ESB,25.85,25.8496,0.0,0.55,0.0,0.0,0.0,0.0,0.0,0,0,0,0,0.0,0.0,0.0
2026-04-17,7909,鈺祥,ESB,945.0,928.7,1.76,491.39,0.0,0.0,0.0,0.0,0.0,0,0,0,0,0.0,0.0,0.0
2026-04-17,8058,耐特,ESB,141.5,140.11,0.99,1890.74,0.0,0.0,0.0,0.0,0.0,0,0,0,0,0.0,0.0,0.0
2026-04-17,8067,志旭,TPEX,13.0,12.9763,0.18,4.01,0.0,0.0,0.0,0.0,0.0,0,0,0,0,0.0,0.0,0.0
2026-04-17,8077,洛碁,TPEX,41.6,41.5994,0.0,1.0,0.0,0.0,0.0,0.0,0.0,0,0,0,0,0.0,0.0,0.0
2026-04-17,8093,保銳,TPEX,20.0,19.6894,1.58,45.02,0.0,0.0,0.0,0.0,0.0,0,0,0,0,0.0,0.0,0.0
2026-04-17,8098,慶康科技,ESB,447.0,435.87,2.55,216.5,0.0,0.0,0.0,0.0,0.0,0,0,0,0,0.0,0.0,0.0
2026-04-17,8101,華冠,TWSE,14.25,13.7411,3.7,2.85,0.0,0.0,0.0,0.0,0.0,0,0,0,0,0.0,0.0,0.0
2026-04-17,8119,公信,ESB,12.9,12.6,2.38,2047.25,0.0,0.0,0.0,0.0,0.0,0,0,0,0,0.0,0.0,0.0
2026-04-17,8291,尚茂,TPEX,,,,0.0,0.0,0.0,0.0,,,0,0,0,0,0.0,0.0,0.0
2026-04-17,8298,威睿,ESB,57.0,58.99,-3.37,339.64,0.0,0.0,0.0,0.0,0.0,0,0,0,0,0.0,0.0,0.0
2026-04-17,8329,台視,ESB,10.6,10.45,1.44,194.0,0.0,0.0,0.0,0.0,0.0,0,0,0,0,0.0,0.0,0.0
2026-04-17,8345,超秦,ESB,0.0,,,0.0,0.0,0.0,0.0,,,0,0,0,0,0.0,0.0,0.0
2026-04-17,8359,錢櫃,ESB,70.1,69.52,0.83,32.76,0.0,0.0,0.0,0.0,0.0,0,0,0,0,0.0,0.0,0.0
2026-04-17,8401,白紗科,TPEX,24.85,24.8494,0.0,16.14,0.0,0.0,0.0,0.0,0.0,0,0,0,0,0.0,0.0,0.0
2026-04-17,8409,商之器,TPEX,20.8,20.6173,0.89,38.65,0.0,0.0,0.0,0.0,0.0,0,0,0,0,0.0,0.0,0.0
2026-04-17,8410,森田,TPEX,37.1,37.0109,0.24,28.27,0.0,0.0,0.0,0.0,0.0,0,0,0,0,0.0,0.0,0.0
2026-04-17,8416,實威,TPEX,169.5,169.4706,0.02,8.0,0.0,0.0,0.0,0.0,0.0,0,0,0,0,0.0,0.0,0.0
2026-04-17,8423,保綠-KY,TPEX,18.3,18.3038,-0.02,19.75,0.0,0.0,0.0,0.0,0.0,0,0,0,0,0.0,0.0,0.0
2026-04-17,8424,惠普,TPEX,74.7,74.5572,0.19,7.0,0.0,0.0,0.0,0.0,0.0,0,0,0,0,0.0,0.0,0.0
2026-04-17,8432,東生華,TPEX,50.8,50.9388,-0.27,51.85,0.0,0.0,0.0,0.0,0.0,0,0,0,0,0.0,0.0,0.0
2026-04-17,8450,霹靂,TPEX,17.45,17.372,0.45,24.46,0.0,0.0,0.0,0.0,0.0,0,0,0,0,0.0,0.0,0.0
2026-04-17,8455,大拓-KY,TPEX,20.7,20.9022,-0.97,5.12,0.0,0.0,0.0,0.0,0.0,0,0,0,0,0.0,0.0,0.0
2026-04-17,8458,影一,ESB,15.55,14.59,6.58,75.92,0.0,0.0,0.0,0.0,0.0,0,0,0,0,0.0,0.0,0.0
2026-04-17,8477,創業家,TPEX,13.25,13.3237,-0.55,44.12,0.0,0.0,0.0,0.0,0.0,0,0,0,0,0.0,0.0,0.0
2026-04-17,8906,花王,TPEX,28.55,28.5753,-0.09,32.79,0.0,0.0,0.0,0.0,0.0,0,0,0,0,0.0,0.0,0.0
2026-04-17,8921,沈氏,TPEX,17.0,17.4708,-2.69,8.06,0.0,0.0,0.0,0.0,0.0,0,0,0,0,0.0,0.0,0.0
2026-04-17,8923,時報,TPEX,19.85,19.85,0.0,1.0,0.0,0.0,0.0,0.0,0.0,0,0,0,0,0.0,0.0,0.0
2026-04-17,8929,富堡,TPEX,15.55,15.5079,0.27,42.78,0.0,0.0,0.0,0.0,0.0,0,0,0,0,0.0,0.0,0.0
2026-04-17,8941,關中,TPEX,45.05,45.3369,-0.63,16.1,0.0,0.0,0.0,0.0,0.0,0,0,0,0,0.0,0.0,0.0
2026-04-17,8999,台灣積層,ESB,39.05,38.41,1.67,12.2,0.0,0.0,0.0,0.0,0.0,0,0,0,0,0.0,0.0,0.0
2026-04-17,9110,越南控-DR,TWSE,3.1,3.0342,2.17,19.0,0.0,0.0,0.0,0.0,0.0,0,0,0,0,0.0,0.0,0.0
2026-04-17,9928,中視,TWSE,17.7,17.7727,-0.41,57.25,0.0,0.0,0.0,0.0,0.0,0,0,0,0,0.0,0.0,0.0
2026-04-17,9957,燁聯,ESB,6.01,6.0,0.17,998.88,0.0,0.0,0.0,0.0,0.0,0,0,0,0,0.0,0.0,0.0
2026-04-17,6442,光聖,TWSE,2155.0,2170.6955,-0.72,4883.69,-25.52,7.0,-18.52,-0.52,0.14,0,1,1,0,-25.52,7.0,-0.49
2026-04-17,5880,合庫金,TWSE,23.9,23.7533,0.62,14469.61,124.34,-141.56,-17.22,0.86,-0.98,1,0,0,1,124.34,-141.56,-1.32
2026-04-17,5701,劍湖山,TPEX,3.48,3.5077,-0.79,113.98,-0.0,0.0,-0.0,-0.0,0.0,0,1,0,0,-0.0,0.0,-2.0
2026-04-17,2231,為升,TWSE,126.5,127.0016,-0.39,2921.18,-1.94,0.0,-1.94,-0.07,0.0,0,1,0,0,-1.94,0.0,-2.19
2026-04-17,6901,鑽石投資,TWSE,14.5,14.5221,-0.15,823.57,-0.78,0.0,-0.78,-0.1,0.0,0,1,0,0,-0.78,0.0,-2.27
2026-04-17,6909,創控,TWSE,64.9,61.498,5.53,7113.39,-6.99,0.0,-6.99,-0.1,0.0,0,1,0,0,-6.99,0.0,-2.28
2026-04-17,6141,柏承,TWSE,31.2,31.2,0.0,6708.82,-8.0,0.0,-8.0,-0.12,0.0,0,1,0,0,-8.0,0.0,-2.33
2026-04-17,3373,熱映,TPEX,17.05,17.066,-0.09,76.73,-0.09,0.0,-0.09,-0.12,0.0,0,1,0,0,-0.09,0.0,-2.34
2026-04-17,2444,兆勁,TWSE,13.9,13.7839,0.84,2552.45,-3.75,0.0,-3.75,-0.15,0.0,0,1,0,0,-3.75,0.0,-2.41
2026-04-17,8043,蜜望實,TPEX,96.6,97.9842,-1.41,29299.25,-54.0,0.0,-54.0,-0.18,0.0,0,1,0,0,-54.0,0.0,-2.52
2026-04-17,3518,柏騰,TWSE,27.05,26.7873,0.98,4220.7,-8.78,0.0,-8.78,-0.21,0.0,0,1,0,0,-8.78,0.0,-2.58
2026-04-17,4105,東洋,TPEX,74.6,74.4372,0.22,406.73,-1.0,0.0,-1.0,-0.25,0.0,0,1,0,0,-1.0,0.0,-2.69
2026-04-17,7402,邑錡,TPEX,125.5,126.8028,-1.03,1129.13,-3.0,0.0,-3.0,-0.27,0.0,0,1,0,0,-3.0,0.0,-2.74
2026-04-17,2363,矽統,TWSE,54.4,54.2609,0.26,39441.0,-109.58,0.0,-109.58,-0.28,0.0,0,1,0,0,-109.58,0.0,-2.78
2026-04-17,4173,久裕,TPEX,19.65,19.6546,-0.02,358.56,-1.0,0.0,-1.0,-0.28,0.0,0,1,0,0,-1.0,0.0,-2.78
2026-04-17,1460,宏遠,TWSE,6.91,6.9073,0.04,965.43,-3.57,0.0,-3.57,-0.37,0.0,0,1,0,0,-3.57,0.0,-3.04
2026-04-17,2072,世紀風電,TWSE,181.0,181.8268,-0.45,522.53,-99.0,50.0,-49.0,-18.95,9.57,0,1,1,0,-99.0,50.0,-3.08
2026-04-17,5533,皇鼎,TWSE,14.65,14.557,0.64,326.35,-1.29,0.0,-1.29,-0.4,0.0,0,1,0,0,-1.29,0.0,-3.11
2026-04-17,8249,菱光,TWSE,50.2,50.3103,-0.22,357.05,-1.43,0.0,-1.43,-0.4,0.0,0,1,0,0,-1.43,0.0,-3.12
2026-04-17,3498,陽程,TPEX,84.6,83.9426,0.78,4966.65,-22.0,0.0,-22.0,-0.44,0.0,0,1,0,0,-22.0,0.0,-3.24
2026-04-17,5228,鈺鎧,TPEX,37.1,36.1869,2.52,3323.41,-15.0,0.0,-15.0,-0.45,0.0,0,1,0,0,-15.0,0.0,-3.26
2026-04-17,3066,李洲,TPEX,22.05,22.2496,-0.9,1691.89,-8.0,0.0,-8.0,-0.47,0.0,0,1,0,0,-8.0,0.0,-3.32
2026-04-17,2414,精技,TWSE,45.3,45.3224,-0.05,218.1,-1.2,0.0,-1.2,-0.55,0.0,0,1,0,0,-1.2,0.0,-3.54
2026-04-17,3508,位速,TPEX,25.2,25.6988,-1.94,533.52,-3.0,0.0,-3.0,-0.56,0.0,0,1,0,0,-3.0,0.0,-3.57
2026-04-17,2314,台揚,TWSE,15.45,15.0727,2.5,471.3,-2.74,0.0,-2.74,-0.58,0.0,0,1,0,0,-2.74,0.0,-3.63
2026-04-17,2031,新光鋼,TWSE,41.0,41.0725,-0.18,568.2,-3.4,0.0,-3.4,-0.6,0.0,0,1,0,0,-3.4,0.0,-3.68
2026-04-17,8444,綠河-KY,TPEX,5.16,5.2362,-1.45,22.5,-0.14,0.0,-0.14,-0.63,0.0,0,1,0,0,-0.14,0.0,-3.75
2026-04-17,5381,光譜,TPEX,25.3,25.2278,0.29,664.69,-5.0,0.0,-5.0,-0.75,0.0,0,1,0,0,-5.0,0.0,-4.11
2026-04-17,6274,台燿,TPEX,946.0,947.8304,-0.19,4040.08,-536.44,315.43,-221.01,-13.28,7.81,0,1,1,0,-536.44,315.43,-4.36
2026-04-17,3252,海灣,TPEX,20.1,20.0978,0.01,113.07,-1.0,0.0,-1.0,-0.88,0.0,0,1,0,0,-1.0,0.0,-4.48
2026-04-17,3114,好德,TPEX,26.45,26.4914,-0.16,109.64,-1.0,0.0,-1.0,-0.91,0.0,0,1,0,0,-1.0,0.0,-4.55
2026-04-17,8049,晶采,TPEX,25.7,25.65,0.19,109.83,-1.0,0.0,-1.0,-0.91,0.0,0,1,0,0,-1.0,0.0,-4.55
2026-04-17,8182,加高,TPEX,39.05,37.8869,3.07,5311.45,-54.0,0.0,-54.0,-1.02,0.0,0,1,0,0,-54.0,0.0,-4.85
2026-04-17,1563,巧新,TWSE,42.8,43.2933,-1.14,748.05,-8.0,0.0,-8.0,-1.07,0.0,0,1,0,0,-8.0,0.0,-4.99
2026-04-17,5471,松翰,TWSE,41.2,41.8425,-1.54,653.07,-7.16,0.0,-7.16,-1.1,0.0,0,1,0,0,-7.16,0.0,-5.07
2026-04-17,9949,琉園,TPEX,35.5,35.4451,0.15,272.64,-3.0,0.0,-3.0,-1.1,0.0,0,1,0,0,-3.0,0.0,-5.08
2026-04-17,6934,心誠鎂,TWSE,89.2,91.3307,-2.33,448.49,-5.0,0.0,-5.0,-1.11,0.0,0,1,0,0,-5.0,0.0,-5.12
2026-04-17,3049,精金,TWSE,13.8,13.3999,2.99,32500.12,-423.57,0.0,-423.57,-1.3,0.0,0,1,0,0,-423.57,0.0,-5.65
2026-04-17,1742,台蠟,TPEX,15.85,15.8724,-0.14,76.1,-1.0,0.0,-1.0,-1.31,0.0,0,1,0,0,-1.0,0.0,-5.68
2026-04-17,9950,萬國通,TPEX,12.1,12.1639,-0.53,1123.13,-15.0,0.0,-15.0,-1.34,0.0,0,1,0,0,-15.0,0.0,-5.74
2026-04-17,3587,閎康,TPEX,367.0,356.7328,2.88,7123.35,-95.48,0.0,-95.48,-1.34,0.0,0,1,0,0,-95.48,0.0,-5.75
2026-04-17,2206,三陽工業,TWSE,58.6,58.8302,-0.39,773.37,133.78,-136.59,-2.82,17.3,-17.66,1,0,0,1,133.78,-136.59,-5.79
2026-04-17,2481,強茂,TWSE,118.0,114.2801,3.26,48725.67,-1589.86,419.65,-1170.21,-3.26,0.86,0,1,1,0,-1589.86,419.65,-5.79
2026-04-17,3593,力銘,TWSE,19.35,19.3937,-0.23,127.04,-1.81,0.0,-1.81,-1.42,0.0,0,1,0,0,-1.81,0.0,-5.98
2026-04-17,6874,倍力,TPEX,88.7,90.4693,-1.96,206.19,-3.0,0.0,-3.0,-1.45,0.0,0,1,0,0,-3.0,0.0,-6.07
2026-04-17,3041,揚智,TWSE,22.6,22.6391,-0.17,738.4,-11.43,0.0,-11.43,-1.55,0.0,0,1,0,0,-11.43,0.0,-6.33
2026-04-17,4510,高鋒,TPEX,47.05,47.5074,-0.96,1966.21,-31.0,0.0,-31.0,-1.58,0.0,0,1,0,0,-31.0,0.0,-6.41
2026-04-17,2474,可成,TWSE,217.0,215.7353,0.59,9603.53,948.44,-1040.9,-92.46,9.88,-10.84,1,0,0,1,948.44,-1040.9,-6.52
2026-04-17,6716,應廣,TPEX,77.8,79.2378,-1.81,733.36,-12.0,0.0,-12.0,-1.64,0.0,0,1,0,0,-12.0,0.0,-6.58
2026-04-17,4554,橙的,TPEX,29.9,30.0761,-0.59,60.99,-1.0,0.0,-1.0,-1.64,0.0,0,1,0,0,-1.0,0.0,-6.59
2026-04-17,3609,三一東林,TPEX,25.95,25.9007,0.19,58.64,-1.0,0.0,-1.0,-1.71,0.0,0,1,0,0,-1.0,0.0,-6.77
2026-04-17,5243,乙盛-KY,TWSE,124.0,122.0526,1.6,1701.75,173.67,-201.0,-27.33,10.21,-11.81,1,0,0,1,173.67,-201.0,-6.78
2026-04-17,3095,及成,TPEX,34.3,34.2144,0.25,58.46,-1.0,0.0,-1.0,-1.71,0.0,0,1,0,0,-1.0,0.0,-6.79
2026-04-17,3115,富榮綱,TPEX,9.45,9.4003,0.53,116.3,-2.0,0.0,-2.0,-1.72,0.0,0,1,0,0,-2.0,0.0,-6.81
2026-04-17,1338,廣華-KY,TWSE,16.05,16.2143,-1.01,205.81,-3.59,0.0,-3.59,-1.74,0.0,0,1,0,0,-3.59,0.0,-6.88
2026-04-17,2392,正崴,TWSE,36.6,36.9288,-0.89,1689.24,-29.46,0.0,-29.46,-1.74,0.0,0,1,0,0,-29.46,0.0,-6.88
2026-04-17,6692,進能服,TPEX,32.05,32.1746,-0.39,56.56,-1.0,0.0,-1.0,-1.77,0.0,0,1,0,0,-1.0,0.0,-6.95
2026-04-17,8415,大國鋼,TPEX,33.7,33.6876,0.04,445.58,-19.0,6.0,-13.0,-4.26,1.35,0,1,1,0,-19.0,6.0,-7.0
2026-04-17,9962,有益,TPEX,10.05,10.0603,-0.1,54.83,-1.0,0.0,-1.0,-1.82,0.0,0,1,0,0,-1.0,0.0,-7.11
2026-04-17,6570,維田,TPEX,39.85,40.1258,-0.69,53.68,-1.0,0.0,-1.0,-1.86,0.0,0,1,0,0,-1.0,0.0,-7.22
2026-04-17,6485,點序,TPEX,78.5,78.4101,0.11,529.55,-10.0,0.0,-10.0,-1.89,0.0,0,1,0,0,-10.0,0.0,-7.29
2026-04-17,3043,科風,TWSE,20.15,20.0618,0.44,100.01,-1.9,0.0,-1.9,-1.9,0.0,0,1,0,0,-1.9,0.0,-7.32
2026-04-17,5455,昇益,TPEX,25.45,24.6185,3.38,50.27,-1.0,0.0,-1.0,-1.99,0.0,0,1,0,0,-1.0,0.0,-7.57
2026-04-17,2485,兆赫,TWSE,77.7,79.007,-1.65,37839.0,-1103.94,8.0,-1095.94,-2.92,0.02,0,1,1,0,-1103.94,8.0,-7.6
2026-04-17,6241,易通展,TPEX,10.1,10.2521,-1.48,99.39,-2.0,0.0,-2.0,-2.01,0.0,0,1,0,0,-2.0,0.0,-7.63
2026-04-17,2723,美食-KY,TWSE,66.6,67.0782,-0.71,352.92,-7.11,0.0,-7.11,-2.01,0.0,0,1,0,0,-7.11,0.0,-7.64
2026-04-17,6276,安鈦克,TPEX,31.3,31.18,0.38,49.38,-1.0,0.0,-1.0,-2.03,0.0,0,1,0,0,-1.0,0.0,-7.67
2026-04-17,3413,京鼎,TWSE,314.5,315.0697,-0.18,1345.5,31.44,-56.0,-24.56,2.34,-4.16,1,0,0,1,31.44,-56.0,-7.69
2026-04-17,4935,茂林-KY,TWSE,38.35,37.977,0.98,119.96,-2.46,0.0,-2.46,-2.05,0.0,0,1,0,0,-2.46,0.0,-7.74
2026-04-17,1423,利華,TWSE,40.4,40.3368,0.16,72.93,-1.5,0.0,-1.5,-2.06,0.0,0,1,0,0,-1.5,0.0,-7.77
2026-04-17,5314,世紀*,TPEX,80.2,81.1102,-1.12,4843.71,-100.0,0.0,-100.0,-2.06,0.0,0,1,0,0,-100.0,0.0,-7.78
2026-04-17,4949,有成精密,TWSE,90.4,90.817,-0.46,1515.26,-31.9,0.0,-31.9,-2.11,0.0,0,1,0,0,-31.9,0.0,-7.89
2026-04-17,4114,健喬,TPEX,31.95,31.9282,0.07,735.06,-16.0,0.0,-16.0,-2.18,0.0,0,1,0,0,-16.0,0.0,-8.09
2026-04-17,6248,沛波,TPEX,20.0,19.8529,0.74,180.77,-4.0,0.0,-4.0,-2.21,0.0,0,1,0,0,-4.0,0.0,-8.2
2026-04-17,6163,華電網,TPEX,67.4,68.7978,-2.03,24785.18,-558.8,0.0,-558.8,-2.25,0.0,0,1,0,0,-558.8,0.0,-8.31
2026-04-17,7642,昶瑞機電,TPEX,73.2,72.3049,1.24,43.76,-1.0,0.0,-1.0,-2.29,0.0,0,1,0,0,-1.0,0.0,-8.4
2026-04-17,6136,富爾特,TWSE,24.45,24.2669,0.75,158.67,-3.71,0.0,-3.71,-2.34,0.0,0,1,0,0,-3.71,0.0,-8.55
2026-04-17,7810,捷創科技,TPEX,243.5,247.0566,-1.44,203.69,-5.0,0.0,-5.0,-2.45,0.0,0,1,0,0,-5.0,0.0,-8.87
2026-04-17,4502,健信,TPEX,15.95,15.9748,-0.16,40.59,-1.0,0.0,-1.0,-2.46,0.0,0,1,0,0,-1.0,0.0,-8.9
2026-04-17,3003,健和興,TWSE,54.8,54.4893,0.57,980.04,-24.23,0.0,-24.23,-2.47,0.0,0,1,0,0,-24.23,0.0,-8.92
2026-04-17,6730,常廣,TPEX,39.0,38.8714,0.33,40.23,-1.0,0.0,-1.0,-2.49,0.0,0,1,0,0,-1.0,0.0,-8.96
2026-04-17,8905,裕國,TPEX,40.55,40.5495,0.0,40.1,-1.0,0.0,-1.0,-2.49,0.0,0,1,0,0,-1.0,0.0,-8.98
2026-04-17,3388,崇越電,TPEX,99.3,97.9748,1.35,5524.34,-140.0,0.0,-140.0,-2.53,0.0,0,1,0,0,-140.0,0.0,-9.1
2026-04-17,5460,同協,TPEX,14.95,14.9419,0.05,39.26,-1.0,0.0,-1.0,-2.55,0.0,0,1,0,0,-1.0,0.0,-9.13
2026-04-17,7811,民盛,TPEX,88.6,88.3767,0.25,39.24,-1.0,0.0,-1.0,-2.55,0.0,0,1,0,0,-1.0,0.0,-9.14
2026-04-17,2514,龍邦,TWSE,13.5,13.4539,0.34,195.34,-5.04,0.0,-5.04,-2.58,0.0,0,1,0,0,-5.04,0.0,-9.23
2026-04-17,4401,東隆興,TPEX,14.8,14.8644,-0.43,38.57,-1.0,0.0,-1.0,-2.59,0.0,0,1,0,0,-1.0,0.0,-9.26
2026-04-17,3702,大聯大,TWSE,98.8,99.083,-0.29,22356.73,4935.66,-6027.16,-1091.5,22.08,-26.96,1,0,0,1,4935.66,-6027.16,-9.41
2026-04-17,2332,友訊,TWSE,15.35,15.3476,0.02,2288.32,-61.01,0.0,-61.01,-2.67,0.0,0,1,0,0,-61.01,0.0,-9.47
2026-04-17,7705,三商餐飲,TWSE,34.8,34.8628,-0.18,37.05,-1.0,0.0,-1.0,-2.7,0.0,0,1,0,0,-1.0,0.0,-9.56
2026-04-17,3189,景碩,TWSE,391.5,396.8535,-1.35,27129.64,-1219.79,202.0,-1017.79,-4.5,0.74,0,1,1,0,-1219.79,202.0,-9.63
2026-04-17,6751,智聯服務,TPEX,51.0,51.2577,-0.5,72.11,-2.0,0.0,-2.0,-2.77,0.0,0,1,0,0,-2.0,0.0,-9.77
2026-04-17,1580,新麥,TPEX,126.0,126.2632,-0.21,143.09,-4.0,0.0,-4.0,-2.8,0.0,0,1,0,0,-4.0,0.0,-9.83
2026-04-17,8240,華宏,TPEX,66.3,66.9281,-0.94,7761.84,-221.0,0.0,-221.0,-2.85,0.0,0,1,0,0,-221.0,0.0,-9.97
2026-04-17,3511,矽瑪,TPEX,21.3,20.6698,3.05,1228.12,-35.0,0.0,-35.0,-2.85,0.0,0,1,0,0,-35.0,0.0,-9.98
2026-04-17,2597,潤弘,TWSE,165.5,160.4133,3.17,1708.72,-24.65,-8.0,-32.65,-1.44,-0.47,0,1,0,1,-24.65,-8.0,-10.08
2026-04-17,6706,惠特,TWSE,151.5,153.4853,-1.29,12121.45,-349.68,0.0,-349.68,-2.88,0.0,0,1,0,0,-349.68,0.0,-10.08
2026-04-17,3622,洋華,TWSE,55.8,56.0717,-0.48,319.81,-5.25,-1.0,-6.25,-1.64,-0.31,0,1,0,1,-5.25,-1.0,-10.13
2026-04-17,3455,由田,TPEX,192.5,190.3916,1.11,1539.46,-30.38,-1.4,-31.78,-1.97,-0.09,0,1,0,1,-30.38,-1.4,-10.33
2026-04-17,5206,坤悅,TPEX,25.15,25.3393,-0.75,201.29,-6.0,0.0,-6.0,-2.98,0.0,0,1,0,0,-6.0,0.0,-10.35
2026-04-17,1474,弘裕,TWSE,10.55,10.5694,-0.18,179.47,-5.36,0.0,-5.36,-2.99,0.0,0,1,0,0,-5.36,0.0,-10.37
2026-04-17,1560,中砂,TWSE,533.0,535.9884,-0.56,2836.59,163.81,-224.0,-60.19,5.77,-7.9,1,0,0,1,163.81,-224.0,-10.39
2026-04-17,5464,霖宏,TPEX,30.0,29.954,0.15,198.76,-6.0,0.0,-6.0,-3.02,0.0,0,1,0,0,-6.0,0.0,-10.45
2026-04-17,8176,智捷,TPEX,10.6,10.7433,-1.33,230.81,-7.0,0.0,-7.0,-3.03,0.0,0,1,0,0,-7.0,0.0,-10.49
2026-04-17,3015,全漢,TWSE,50.7,50.8978,-0.39,350.51,8.93,-18.22,-9.29,2.55,-5.2,1,0,0,1,8.93,-18.22,-10.52
2026-04-17,3537,堡達,TPEX,46.1,46.4319,-0.71,164.29,-5.0,0.0,-5.0,-3.04,0.0,0,1,0,0,-5.0,0.0,-10.52
2026-04-17,6234,高僑,TPEX,32.95,33.1878,-0.72,3006.46,-92.0,0.0,-92.0,-3.06,0.0,0,1,0,0,-92.0,0.0,-10.57
2026-04-17,3645,達邁,TWSE,104.5,103.7576,0.72,42594.9,-1344.42,0.0,-1344.42,-3.16,0.0,0,1,0,0,-1344.42,0.0,-10.84
2026-04-17,3232,昱捷,TPEX,22.6,22.4303,0.76,63.09,-2.0,0.0,-2.0,-3.17,0.0,0,1,0,0,-2.0,0.0,-10.88
2026-04-17,2230,泰茂,TPEX,30.25,30.6419,-1.28,283.28,-9.0,0.0,-9.0,-3.18,0.0,0,1,0,0,-9.0,0.0,-10.9
2026-04-17,2368,金像電,TWSE,1175.0,1178.3928,-0.29,3836.02,-87.73,-0.23,-87.96,-2.29,-0.01,0,1,0,1,-87.73,-0.23,-10.92
2026-04-17,5340,建榮,TPEX,134.0,128.4821,4.29,41978.62,-1347.98,0.0,-1347.98,-3.21,0.0,0,1,0,0,-1347.98,0.0,-10.99
2026-04-17,3624,光頡,TPEX,57.0,57.1533,-0.27,4150.84,-134.7,0.0,-134.7,-3.25,0.0,0,1,0,0,-134.7,0.0,-11.09
2026-04-17,6470,宇智,TPEX,47.7,47.5571,0.3,60.98,-2.0,0.0,-2.0,-3.28,0.0,0,1,0,0,-2.0,0.0,-11.18
2026-04-17,8083,瑞穎,TPEX,173.5,173.2384,0.15,60.96,-2.0,0.0,-2.0,-3.28,0.0,0,1,0,0,-2.0,0.0,-11.19
2026-04-17,2105,正新,TWSE,32.65,32.6114,0.12,7461.61,381.18,-567.54,-186.36,5.11,-7.61,1,0,0,1,381.18,-567.54,-11.3
2026-04-17,2308,台達電,TWSE,1840.0,1852.8686,-0.69,10769.75,-875.36,357.42,-517.94,-8.13,3.32,0,1,1,0,-875.36,357.42,-11.31
2026-04-17,2460,建通,TWSE,36.8,37.0445,-0.66,3250.58,-108.16,0.0,-108.16,-3.33,0.0,0,1,0,0,-108.16,0.0,-11.32
2026-04-17,6862,三集瑞-KY,TWSE,188.5,192.6296,-2.14,1096.56,-36.9,0.0,-36.9,-3.37,0.0,0,1,0,0,-36.9,0.0,-11.42
2026-04-17,5438,東友,TPEX,19.25,19.3147,-0.33,118.53,-4.0,0.0,-4.0,-3.37,0.0,0,1,0,0,-4.0,0.0,-11.45
2026-04-17,4711,永純,TPEX,15.3,15.3265,-0.17,58.91,-2.0,0.0,-2.0,-3.4,0.0,0,1,0,0,-2.0,0.0,-11.51
2026-04-17,3031,佰鴻,TWSE,33.2,32.7921,1.24,9669.33,-329.57,0.0,-329.57,-3.41,0.0,0,1,0,0,-329.57,0.0,-11.54
2026-04-17,8928,鉅明,TPEX,23.0,22.8648,0.59,58.73,-2.0,0.0,-2.0,-3.41,0.0,0,1,0,0,-2.0,0.0,-11.54
2026-04-17,1309,台達化,TWSE,19.6,20.2151,-3.04,15422.42,-531.02,0.0,-531.02,-3.44,0.0,0,1,0,0,-531.02,0.0,-11.64
2026-04-17,3152,璟德,TPEX,168.0,167.9216,0.05,938.99,-32.5,0.0,-32.5,-3.46,0.0,0,1,0,0,-32.5,0.0,-11.69
2026-04-17,8933,愛地雅,TPEX,6.55,6.5225,0.42,317.1,-11.0,0.0,-11.0,-3.47,0.0,0,1,0,0,-11.0,0.0,-11.71
2026-04-17,7757,金色三麥,TPEX,109.5,111.2243,-1.55,28.77,-1.0,0.0,-1.0,-3.48,0.0,0,1,0,0,-1.0,0.0,-11.73
2026-04-17,1732,毛寶,TWSE,26.1,26.1702,-0.27,50.58,-1.79,0.0,-1.79,-3.54,0.0,0,1,0,0,-1.79,0.0,-11.92
2026-04-17,8027,鈦昇,TPEX,148.5,146.7586,1.19,9866.15,-350.6,0.0,-350.6,-3.55,0.0,0,1,0,0,-350.6,0.0,-11.95
2026-04-17,7750,新代,TWSE,1810.0,1754.8799,3.14,554.31,-19.88,0.0,-19.88,-3.59,0.0,0,1,0,0,-19.88,0.0,-12.04
2026-04-17,3059,華晶科,TWSE,37.65,37.582,0.18,2511.29,-67.25,-1.0,-68.25,-2.68,-0.04,0,1,0,1,-67.25,-1.0,-12.13
2026-04-17,6855,數泓科,TPEX,110.5,110.1339,0.33,27.34,-1.0,0.0,-1.0,-3.66,0.0,0,1,0,0,-1.0,0.0,-12.24
2026-04-17,3290,東浦,TPEX,48.65,48.8538,-0.42,457.84,-17.0,0.0,-17.0,-3.71,0.0,0,1,0,0,-17.0,0.0,-12.4
2026-04-17,2727,王品,TWSE,226.0,226.105,-0.05,122.87,-0.58,-2.48,-3.06,-0.47,-2.02,0,1,0,1,-0.58,-2.48,-12.49
2026-04-17,6462,神盾,TPEX,122.5,120.0726,2.02,9036.37,-258.94,-2.0,-260.94,-2.87,-0.02,0,1,0,1,-258.94,-2.0,-12.6
2026-04-17,3147,大綜,TPEX,163.0,164.0499,-0.64,156.86,-6.0,0.0,-6.0,-3.83,0.0,0,1,0,0,-6.0,0.0,-12.71
2026-04-17,4907,富宇,TPEX,39.75,39.8117,-0.15,129.1,-5.0,0.0,-5.0,-3.87,0.0,0,1,0,0,-5.0,0.0,-12.84
2026-04-17,8097,常珵,TPEX,53.5,53.5966,-0.18,154.36,-6.0,0.0,-6.0,-3.89,0.0,0,1,0,0,-6.0,0.0,-12.88
2026-04-17,8150,南茂,TWSE,67.3,70.6803,-4.78,72669.22,-3532.6,20.0,-3512.6,-4.86,0.03,0,1,1,0,-3532.6,20.0,-13.02
2026-04-17,7547,碩網,TPEX,69.6,70.2607,-0.94,99.92,-4.0,0.0,-4.0,-4.0,0.0,0,1,0,0,-4.0,0.0,-13.21
2026-04-17,9951,皇田,TPEX,55.6,55.4517,0.27,74.65,-3.0,0.0,-3.0,-4.02,0.0,0,1,0,0,-3.0,0.0,-13.26
2026-04-17,5905,南仁湖,TPEX,8.73,8.7462,-0.19,587.73,-23.94,0.0,-23.94,-4.07,0.0,0,1,0,0,-23.94,0.0,-13.41
2026-04-17,1471,首利,TWSE,12.0,11.9898,0.09,806.07,-33.28,0.0,-33.28,-4.13,0.0,0,1,0,0,-33.28,0.0,-13.56
2026-04-17,3672,康聯訊,TPEX,11.5,11.2972,1.8,24.2,-1.0,0.0,-1.0,-4.13,0.0,0,1,0,0,-1.0,0.0,-13.57
2026-04-17,2633,台灣高鐵,TWSE,27.0,26.8453,0.58,4406.26,-139.12,-4.0,-143.12,-3.16,-0.09,0,1,0,1,-139.12,-4.0,-13.64
2026-04-17,6574,霈方,TPEX,106.5,107.3902,-0.83,95.93,-4.0,0.0,-4.0,-4.17,0.0,0,1,0,0,-4.0,0.0,-13.68
2026-04-17,1526,日馳,TWSE,16.75,16.8673,-0.7,92.23,-3.85,0.0,-3.85,-4.17,0.0,0,1,0,0,-3.85,0.0,-13.69
2026-04-17,8279,生展,TPEX,106.0,105.494,0.48,23.73,-1.0,0.0,-1.0,-4.21,0.0,0,1,0,0,-1.0,0.0,-13.8
2026-04-17,8431,匯鑽科,TPEX,66.2,66.4433,-0.37,1024.67,-43.2,0.0,-43.2,-4.22,0.0,0,1,0,0,-43.2,0.0,-13.8
2026-04-17,4744,皇將,TPEX,32.0,31.9141,0.27,189.72,-8.0,0.0,-8.0,-4.22,0.0,0,1,0,0,-8.0,0.0,-13.81
2026-04-17,8039,台虹,TWSE,143.5,143.8247,-0.23,34717.02,-1154.6,-7.0,-1161.6,-3.33,-0.02,0,1,0,1,-1154.6,-7.0,-13.88
2026-04-17,6174,安碁,TPEX,27.5,27.8082,-1.11,2927.96,-125.0,0.0,-125.0,-4.27,0.0,0,1,0,0,-125.0,0.0,-13.95
2026-04-17,6588,東典光電,TPEX,155.0,157.375,-1.51,8341.43,-356.0,0.0,-356.0,-4.27,0.0,0,1,0,0,-356.0,0.0,-13.95
2026-04-17,2440,太空梭,TWSE,15.15,15.072,0.52,400.33,-17.32,0.0,-17.32,-4.33,0.0,0,1,0,0,-17.32,0.0,-14.11
2026-04-17,7718,友鋮,TPEX,48.65,48.5331,0.24,23.02,-1.0,0.0,-1.0,-4.34,0.0,0,1,0,0,-1.0,0.0,-14.16
2026-04-17,4908,前鼎,TPEX,170.5,170.4999,0.0,1054.43,-46.05,0.0,-46.05,-4.37,0.0,0,1,0,0,-46.05,0.0,-14.23
2026-04-17,4162,智擎,TPEX,58.9,58.7217,0.3,203.96,-9.0,0.0,-9.0,-4.41,0.0,0,1,0,0,-9.0,0.0,-14.36
2026-04-17,6695,芯鼎,TWSE,40.4,40.3586,0.1,600.13,-26.58,0.0,-26.58,-4.43,0.0,0,1,0,0,-26.58,0.0,-14.4
2026-04-17,5353,台林,TPEX,25.0,24.977,0.09,44.02,-2.0,0.0,-2.0,-4.54,0.0,0,1,0,0,-2.0,0.0,-14.72
2026-04-17,4138,曜亞,TPEX,63.9,63.6094,0.46,65.91,-3.0,0.0,-3.0,-4.55,0.0,0,1,0,0,-3.0,0.0,-14.75
2026-04-17,5011,久陽,TPEX,14.65,14.8777,-1.53,1044.38,-48.0,0.0,-48.0,-4.6,0.0,0,1,0,0,-48.0,0.0,-14.87
2026-04-17,4432,銘旺實,TPEX,15.05,15.1344,-0.56,43.34,-2.0,0.0,-2.0,-4.61,0.0,0,1,0,0,-2.0,0.0,-14.92
2026-04-17,6509,聚和,TPEX,44.25,44.2031,0.11,2617.22,-79.0,-16.0,-95.0,-3.02,-0.61,0,1,0,1,-79.0,-16.0,-14.97
2026-04-17,2897,王道銀行,TWSE,10.2,10.21,-0.1,3082.91,-222.43,44.0,-178.43,-7.21,1.43,0,1,1,0,-222.43,44.0,-14.99
2026-04-17,9955,佳龍,TWSE,31.1,31.4824,-1.21,673.84,-31.48,0.0,-31.48,-4.67,0.0,0,1,0,0,-31.48,0.0,-15.08
2026-04-17,3128,昇銳,TPEX,24.65,24.7873,-0.55,149.32,-7.0,0.0,-7.0,-4.69,0.0,0,1,0,0,-7.0,0.0,-15.13
2026-04-17,6578,達邦蛋白,TPEX,17.75,17.5784,0.98,127.72,-6.0,0.0,-6.0,-4.7,0.0,0,1,0,0,-6.0,0.0,-15.15
2026-04-17,6446,藥華藥,TWSE,653.0,655.3764,-0.36,1794.09,-84.37,0.0,-84.37,-4.7,0.0,0,1,0,0,-84.37,0.0,-15.17
2026-04-17,6589,台康生技,TWSE,50.6,50.4669,0.26,913.1,-43.0,0.0,-43.0,-4.71,0.0,0,1,0,0,-43.0,0.0,-15.19
2026-04-17,7723,築間,TPEX,34.45,34.4849,-0.1,63.5,-3.0,0.0,-3.0,-4.72,0.0,0,1,0,0,-3.0,0.0,-15.23
2026-04-17,8171,天宇,TPEX,24.0,24.0939,-0.39,145.44,-7.0,0.0,-7.0,-4.81,0.0,0,1,0,0,-7.0,0.0,-15.48
2026-04-17,5607,遠雄港,TWSE,48.15,48.4148,-0.55,456.76,-22.16,0.0,-22.16,-4.85,0.0,0,1,0,0,-22.16,0.0,-15.59
2026-04-17,2908,特力,TWSE,20.3,20.2295,0.35,256.67,-12.47,0.0,-12.47,-4.86,0.0,0,1,0,0,-12.47,0.0,-15.6
2026-04-17,1459,聯發,TWSE,11.7,11.6988,0.01,107.01,-5.21,0.0,-5.21,-4.87,0.0,0,1,0,0,-5.21,0.0,-15.63
2026-04-17,2423,固緯,TWSE,51.4,51.1852,0.42,190.1,-9.28,0.0,-9.28,-4.88,0.0,0,1,0,0,-9.28,0.0,-15.67
2026-04-17,5515,建國,TWSE,41.2,41.641,-1.06,905.97,-26.71,-8.0,-34.71,-2.95,-0.88,0,1,0,1,-26.71,-8.0,-15.67
2026-04-17,9905,大華,TWSE,21.8,21.9832,-0.83,810.39,-40.08,0.0,-40.08,-4.95,0.0,0,1,0,0,-40.08,0.0,-15.85
2026-04-17,4168,醣聯,TPEX,23.8,23.8291,-0.12,180.62,-9.0,0.0,-9.0,-4.98,0.0,0,1,0,0,-9.0,0.0,-15.95
2026-04-17,6613,朋億*,TPEX,237.5,235.8703,0.69,558.91,-17.0,-4.99,-21.98,-3.04,-0.89,0,1,0,1,-17.0,-4.99,-15.96
2026-04-17,4939,亞電,TPEX,41.15,41.15,0.0,3728.28,-186.0,0.0,-186.0,-4.99,0.0,0,1,0,0,-186.0,0.0,-15.97
2026-04-17,4102,永日,TPEX,19.05,18.97,0.42,20.02,-1.0,0.0,-1.0,-5.0,0.0,0,1,0,0,-1.0,0.0,-15.99
2026-04-17,1595,川寶,TPEX,52.5,55.9012,-6.08,6472.31,-327.0,0.0,-327.0,-5.05,0.0,0,1,0,0,-327.0,0.0,-16.15
2026-04-17,5547,久舜,TPEX,21.9,21.7307,0.78,138.12,-7.0,0.0,-7.0,-5.07,0.0,0,1,0,0,-7.0,0.0,-16.19
2026-04-17,3224,三顧,TPEX,41.5,41.8879,-0.93,78.74,-4.0,0.0,-4.0,-5.08,0.0,0,1,0,0,-4.0,0.0,-16.22
2026-04-17,3490,單井,TPEX,29.0,29.2189,-0.75,2389.74,-122.0,0.0,-122.0,-5.11,0.0,0,1,0,0,-122.0,0.0,-16.29
2026-04-17,4760,勤凱,TPEX,267.0,264.2326,1.05,724.33,-37.0,0.0,-37.0,-5.11,0.0,0,1,0,0,-37.0,0.0,-16.3
2026-04-17,6741,91APP*-KY,TPEX,63.7,63.0743,0.99,293.18,-15.0,0.0,-15.0,-5.12,0.0,0,1,0,0,-15.0,0.0,-16.33
2026-04-17,2367,燿華,TWSE,68.5,69.4355,-1.35,40540.38,-1639.08,-73.0,-1712.08,-4.04,-0.18,0,1,0,1,-1639.08,-73.0,-16.41
2026-04-17,1785,光洋科,TPEX,156.0,147.9367,5.45,14575.8,-619.79,-0.54,-620.33,-4.25,-0.0,0,1,0,1,-619.79,-0.54,-16.42
2026-04-17,4905,台聯電,TPEX,90.7,91.8013,-1.2,212.18,-11.0,0.0,-11.0,-5.18,0.0,0,1,0,0,-11.0,0.0,-16.52
2026-04-17,3714,富采,TWSE,77.9,77.9443,-0.06,153094.47,-9586.82,208.0,-9378.82,-6.26,0.14,0,1,1,0,-9586.82,208.0,-16.59
2026-04-17,6684,安格,TPEX,47.05,47.4831,-0.91,595.07,-31.0,0.0,-31.0,-5.21,0.0,0,1,0,0,-31.0,0.0,-16.59
2026-04-17,8472,夠麻吉,TPEX,74.3,74.6386,-0.45,19.07,-1.0,0.0,-1.0,-5.24,0.0,0,1,0,0,-1.0,0.0,-16.68
2026-04-17,4542,科嶠,TPEX,169.5,170.4899,-0.58,411.76,-21.6,0.0,-21.6,-5.25,0.0,0,1,0,0,-21.6,0.0,-16.69
2026-04-17,6469,大樹,TPEX,81.2,81.4005,-0.25,455.48,-23.95,0.0,-23.95,-5.26,0.0,0,1,0,0,-23.95,0.0,-16.72
2026-04-17,6291,沛亨,TPEX,421.5,432.4792,-2.54,2087.67,-109.8,0.0,-109.8,-5.26,0.0,0,1,0,0,-109.8,0.0,-16.73
2026-04-17,3521,台鋼建設,TPEX,14.55,14.3838,1.16,189.73,-10.0,0.0,-10.0,-5.27,0.0,0,1,0,0,-10.0,0.0,-16.76
2026-04-17,2344,華邦電,TWSE,87.8,87.8445,-0.05,121007.22,9192.63,-18967.08,-9774.45,7.6,-15.67,1,0,0,1,9192.63,-18967.08,-16.77
2026-04-17,8155,博智,TPEX,377.5,369.9343,2.05,4492.12,-237.09,0.0,-237.09,-5.28,0.0,0,1,0,0,-237.09,0.0,-16.78
2026-04-17,4973,廣穎,TPEX,77.6,78.5699,-1.23,3567.0,-189.0,0.0,-189.0,-5.3,0.0,0,1,0,0,-189.0,0.0,-16.84
2026-04-17,1776,展宇,TWSE,16.15,16.1526,-0.02,34.7,-1.85,0.0,-1.85,-5.33,0.0,0,1,0,0,-1.85,0.0,-16.93
2026-04-17,2424,隴華,TWSE,22.45,22.7548,-1.34,168.57,-9.0,0.0,-9.0,-5.34,0.0,0,1,0,0,-9.0,0.0,-16.95
2026-04-17,2617,台航,TWSE,31.05,31.1173,-0.22,493.73,-26.42,0.0,-26.42,-5.35,0.0,0,1,0,0,-26.42,0.0,-16.99
2026-04-17,9911,櫻花,TWSE,83.8,83.7497,0.06,411.99,-13.9,-4.0,-17.9,-3.37,-0.97,0,1,0,1,-13.9,-4.0,-17.15
2026-04-17,8435,鉅邁,TPEX,57.9,57.8764,0.04,73.2,-4.0,0.0,-4.0,-5.46,0.0,0,1,0,0,-4.0,0.0,-17.3
2026-04-17,1432,大魯閣,TWSE,16.95,17.0403,-0.53,555.37,-30.55,0.0,-30.55,-5.5,0.0,0,1,0,0,-30.55,0.0,-17.4
2026-04-17,5274,信驊,TPEX,13805.0,14201.0571,-2.79,336.67,-120.33,18.92,-101.4,-35.74,5.62,0,1,1,0,-120.33,18.92,-17.45
2026-04-17,3257,虹冠電,TWSE,55.1,55.2015,-0.18,404.42,-11.8,-6.0,-17.8,-2.92,-1.48,0,1,0,1,-11.8,-6.0,-17.57
2026-04-17,4551,智伸科,TWSE,142.0,141.3605,0.45,695.46,-31.43,-1.0,-32.43,-4.52,-0.14,0,1,0,1,-31.43,-1.0,-17.63
2026-04-17,6791,虎門科技,TPEX,135.0,140.1412,-3.67,1199.21,-66.93,0.0,-66.93,-5.58,0.0,0,1,0,0,-66.93,0.0,-17.63
2026-04-17,6806,森崴能源,TWSE,24.65,24.6499,0.0,1068.7,-59.93,0.0,-59.93,-5.61,0.0,0,1,0,0,-59.93,0.0,-17.7
2026-04-17,8102,傑霖科技,TPEX,67.8,66.1035,2.57,283.57,-16.0,0.0,-16.0,-5.64,0.0,0,1,0,0,-16.0,0.0,-17.8
2026-04-17,2211,長榮鋼,TWSE,100.0,100.3514,-0.35,398.69,7.07,-26.98,-19.91,1.77,-6.77,1,0,0,1,7.07,-26.98,-17.87
2026-04-17,3489,森寶,TPEX,23.7,23.8752,-0.73,158.03,-9.0,0.0,-9.0,-5.7,0.0,0,1,0,0,-9.0,0.0,-17.95
2026-04-17,3234,光環,TPEX,115.5,117.4617,-1.67,2428.8,-138.9,0.0,-138.9,-5.72,0.0,0,1,0,0,-138.9,0.0,-18.01
2026-04-17,4995,晶達,TPEX,42.65,42.2443,0.96,86.47,-5.0,0.0,-5.0,-5.78,0.0,0,1,0,0,-5.0,0.0,-18.19
2026-04-17,3054,立萬利,TWSE,75.7,74.2942,1.89,993.55,-57.89,0.0,-57.89,-5.83,0.0,0,1,0,0,-57.89,0.0,-18.32
2026-04-17,2851,中再保,TWSE,29.55,29.2665,0.97,3950.69,-278.03,10.0,-268.03,-7.04,0.25,0,1,1,0,-278.03,10.0,-18.37
2026-04-17,8440,綠電,TPEX,22.65,22.6041,0.2,102.11,-6.0,0.0,-6.0,-5.88,0.0,0,1,0,0,-6.0,0.0,-18.45
2026-04-17,1905,華紙,TWSE,14.1,14.3631,-1.83,3758.57,-222.02,0.0,-222.02,-5.91,0.0,0,1,0,0,-222.02,0.0,-18.54
2026-04-17,6523,達爾膚,TPEX,104.5,104.9069,-0.39,152.05,-9.0,0.0,-9.0,-5.92,0.0,0,1,0,0,-9.0,0.0,-18.57
2026-04-17,6530,創威,TPEX,125.5,123.7883,1.38,5832.55,-345.81,0.0,-345.81,-5.93,0.0,0,1,0,0,-345.81,0.0,-18.6
2026-04-17,5016,松和,TPEX,30.6,30.7293,-0.42,284.7,-17.0,0.0,-17.0,-5.97,0.0,0,1,0,0,-17.0,0.0,-18.72
2026-04-17,3013,晟銘電,TWSE,111.0,111.1688,-0.15,9507.34,-571.45,0.0,-571.45,-6.01,0.0,0,1,0,0,-571.45,0.0,-18.83
2026-04-17,8104,錸寶,TWSE,40.0,40.1767,-0.44,10375.38,-626.3,0.0,-626.3,-6.04,0.0,0,1,0,0,-626.3,0.0,-18.9
2026-04-17,2065,世豐,TPEX,30.75,31.3472,-1.91,81.14,-4.9,0.0,-4.9,-6.04,0.0,0,1,0,0,-4.9,0.0,-18.92
2026-04-17,8938,明安,TPEX,63.0,63.1771,-0.28,131.36,-8.0,0.0,-8.0,-6.09,0.0,0,1,0,0,-8.0,0.0,-19.05
2026-04-17,6264,富裔,TPEX,6.2,6.2184,-0.3,32.78,-2.0,0.0,-2.0,-6.1,0.0,0,1,0,0,-2.0,0.0,-19.08
2026-04-17,6715,嘉基,TWSE,426.0,432.7984,-1.57,2261.14,-244.84,62.0,-182.84,-10.83,2.74,0,1,1,0,-244.84,62.0,-19.11
2026-04-17,2726,雅茗-KY,TPEX,9.9,9.9666,-0.67,32.67,-2.0,0.0,-2.0,-6.12,0.0,0,1,0,0,-2.0,0.0,-19.14
2026-04-17,3037,欣興,TWSE,643.0,640.57,0.38,4620.64,233.57,-459.61,-226.04,5.05,-9.95,1,0,0,1,233.57,-459.61,-19.17
2026-04-17,1259,安心,TPEX,59.5,59.8106,-0.52,32.5,-2.0,0.0,-2.0,-6.15,0.0,0,1,0,0,-2.0,0.0,-19.23
2026-04-17,4987,科誠,TPEX,81.4,81.4598,-0.07,16.24,-1.0,0.0,-1.0,-6.16,0.0,0,1,0,0,-1.0,0.0,-19.24
2026-04-17,6907,雅特力-KY,TPEX,129.0,130.1115,-0.85,4010.76,-250.26,0.0,-250.26,-6.24,0.0,0,1,0,0,-250.26,0.0,-19.47
2026-04-17,2066,世德,TPEX,46.3,46.8127,-1.1,143.64,-9.0,0.0,-9.0,-6.27,0.0,0,1,0,0,-9.0,0.0,-19.54
2026-04-17,2434,統懋,TWSE,29.55,29.4909,0.2,14.55,-0.91,0.0,-0.91,-6.27,0.0,0,1,0,0,-0.91,0.0,-19.55
2026-04-17,2327,國巨*,TWSE,316.5,325.0245,-2.62,50323.78,-3639.89,27.39,-3612.5,-7.23,0.05,0,1,1,0,-3639.89,27.39,-19.57
2026-04-17,6294,智基,TPEX,39.3,39.4729,-0.44,15.78,-1.0,0.0,-1.0,-6.34,0.0,0,1,0,0,-1.0,0.0,-19.75
2026-04-17,2360,致茂,TWSE,2255.0,2196.0259,2.69,5889.79,-1438.39,275.26,-1163.14,-24.42,4.67,0,1,1,0,-1438.39,275.26,-19.82
2026-04-17,2023,燁輝,TWSE,14.0,13.9817,0.13,1265.97,-81.13,0.0,-81.13,-6.41,0.0,0,1,0,0,-81.13,0.0,-19.94
2026-04-17,4911,德英,TPEX,37.35,37.5344,-0.49,61.94,-4.0,0.0,-4.0,-6.46,0.0,0,1,0,0,-4.0,0.0,-20.08
2026-04-17,2015,豐興,TWSE,62.9,62.7897,0.18,394.77,26.44,-66.0,-39.56,6.7,-16.72,1,0,0,1,26.44,-66.0,-20.12
2026-04-17,2540,愛山林,TWSE,54.0,53.6846,0.59,1659.51,-107.47,0.0,-107.47,-6.48,0.0,0,1,0,0,-107.47,0.0,-20.13
2026-04-17,4167,松瑞藥,TPEX,19.9,19.9428,-0.21,555.59,-36.0,0.0,-36.0,-6.48,0.0,0,1,0,0,-36.0,0.0,-20.14
2026-04-17,4442,竣邦-KY,TPEX,58.1,57.8152,0.49,15.41,-1.0,0.0,-1.0,-6.49,0.0,0,1,0,0,-1.0,0.0,-20.16
2026-04-17,3324,雙鴻,TPEX,1035.0,1052.1345,-1.63,5252.3,-392.54,1.94,-390.6,-7.47,0.04,0,1,1,0,-392.54,1.94,-20.3
2026-04-17,5288,豐祥-KY,TWSE,159.0,159.4957,-0.31,351.87,-18.67,-1.0,-19.67,-5.31,-0.28,0,1,0,1,-18.67,-1.0,-20.3
2026-04-17,5364,力麗店,TPEX,11.35,11.3486,0.01,76.03,-5.0,0.0,-5.0,-6.58,0.0,0,1,0,0,-5.0,0.0,-20.41
2026-04-17,5521,工信,TWSE,12.3,12.2283,0.59,2682.08,-176.55,0.0,-176.55,-6.58,0.0,0,1,0,0,-176.55,0.0,-20.43
2026-04-17,6739,竹陞科技,TPEX,1560.0,1569.0163,-0.57,729.94,-62.95,7.0,-55.95,-8.62,0.96,0,1,1,0,-62.95,7.0,-20.48
2026-04-17,4555,氣立,TWSE,41.05,40.7237,0.8,565.95,-37.66,0.0,-37.66,-6.65,0.0,0,1,0,0,-37.66,0.0,-20.63
2026-04-17,6728,上洋,TPEX,119.0,118.4717,0.45,15.02,-1.0,0.0,-1.0,-6.66,0.0,0,1,0,0,-1.0,0.0,-20.65
2026-04-17,6113,亞矽,TPEX,22.9,22.855,0.2,450.04,-30.0,0.0,-30.0,-6.67,0.0,0,1,0,0,-30.0,0.0,-20.66
2026-04-17,1305,華夏,TWSE,14.9,15.4004,-3.25,16235.62,-122.56,-700.0,-822.56,-0.75,-4.31,0,1,0,1,-122.56,-700.0,-20.84
2026-04-17,3303,岱稜,TPEX,46.5,46.5499,-0.11,207.72,-14.0,0.0,-14.0,-6.74,0.0,0,1,0,0,-14.0,0.0,-20.87
2026-04-17,6902,GOGOLOOK,TWSE,99.1,99.3332,-0.23,1655.17,-111.55,0.0,-111.55,-6.74,0.0,0,1,0,0,-111.55,0.0,-20.87
2026-04-17,3673,TPK-KY,TWSE,72.1,71.5046,0.83,41636.18,-2811.03,0.0,-2811.03,-6.75,0.0,0,1,0,0,-2811.03,0.0,-20.9
2026-04-17,6175,立敦,TPEX,64.6,65.0299,-0.66,13588.52,-918.05,0.0,-918.05,-6.76,0.0,0,1,0,0,-918.05,0.0,-20.92
2026-04-17,6877,鏵友益,TPEX,157.5,154.6115,1.87,1680.83,-114.0,0.0,-114.0,-6.78,0.0,0,1,0,0,-114.0,0.0,-20.99
2026-04-17,6691,洋基工程,TWSE,659.0,653.2548,0.88,1428.34,-47.68,-31.0,-78.68,-3.34,-2.17,0,1,0,1,-47.68,-31.0,-21.01
2026-04-17,7782,光速火箭,TPEX,29.45,29.416,0.12,43.67,-3.0,0.0,-3.0,-6.87,0.0,0,1,0,0,-3.0,0.0,-21.24
2026-04-17,5269,祥碩,TWSE,1270.0,1282.8512,-1.0,1747.73,-102.33,-3.0,-105.33,-5.86,-0.17,0,1,0,1,-102.33,-3.0,-21.46
2026-04-17,6637,醫影,TPEX,72.1,72.0207,0.11,14.37,-1.0,0.0,-1.0,-6.96,0.0,0,1,0,0,-1.0,0.0,-21.49
2026-04-17,2007,燁興,TWSE,8.0,7.9743,0.32,306.25,-21.37,0.0,-21.37,-6.98,0.0,0,1,0,0,-21.37,0.0,-21.54
2026-04-17,3483,力致,TPEX,88.0,88.8832,-0.99,695.53,-40.6,-1.53,-42.13,-5.84,-0.22,0,1,0,1,-40.6,-1.53,-21.57
2026-04-17,8046,南電,TWSE,724.0,728.4702,-0.61,25620.53,-3207.34,609.0,-2598.34,-12.52,2.38,0,1,1,0,-3207.34,609.0,-21.67
2026-04-17,4770,上品,TWSE,230.5,230.4003,0.04,406.99,-28.6,0.0,-28.6,-7.03,0.0,0,1,0,0,-28.6,0.0,-21.68
2026-04-17,8163,達方,TWSE,28.15,28.3266,-0.62,1096.88,-54.61,-11.42,-66.03,-4.98,-1.04,0,1,0,1,-54.61,-11.42,-21.88
2026-04-17,5703,亞都,TPEX,14.8,14.7175,0.56,14.08,-1.0,0.0,-1.0,-7.1,0.0,0,1,0,0,-1.0,0.0,-21.89
2026-04-17,1417,嘉裕,TWSE,8.96,8.951,0.1,196.04,-14.06,0.0,-14.06,-7.17,0.0,0,1,0,0,-14.06,0.0,-22.08
2026-04-17,1524,耿鼎,TWSE,29.55,29.565,-0.05,731.75,-52.59,0.0,-52.59,-7.19,0.0,0,1,0,0,-52.59,0.0,-22.12
2026-04-17,3047,訊舟,TWSE,15.7,15.7558,-0.35,796.58,-57.95,0.0,-57.95,-7.28,0.0,0,1,0,0,-57.95,0.0,-22.37
2026-04-17,3711,日月光投控,TWSE,442.0,449.59,-1.69,25602.13,-1307.09,-280.48,-1587.57,-5.11,-1.1,0,1,0,1,-1307.09,-280.48,-22.41
2026-04-17,3028,增你強,TWSE,62.8,63.0401,-0.38,2354.83,-171.86,0.0,-171.86,-7.3,0.0,0,1,0,0,-171.86,0.0,-22.44
2026-04-17,1762,中化生,TWSE,29.35,29.4504,-0.34,62.58,-4.62,0.0,-4.62,-7.38,0.0,0,1,0,0,-4.62,0.0,-22.65
2026-04-17,6603,富強鑫,TPEX,25.45,25.1738,1.1,6489.94,-479.0,0.0,-479.0,-7.38,0.0,0,1,0,0,-479.0,0.0,-22.67
2026-04-17,2408,南亞科,TWSE,210.0,209.5232,0.23,68274.91,-1759.82,-2361.79,-4121.6,-2.58,-3.46,0,1,0,1,-1759.82,-2361.79,-23.13
2026-04-17,3207,耀勝,TPEX,65.4,66.3513,-1.43,530.17,-40.0,0.0,-40.0,-7.54,0.0,0,1,0,0,-40.0,0.0,-23.13
2026-04-17,6811,宏碁資訊,TPEX,195.0,193.8542,0.59,65.84,-5.0,0.0,-5.0,-7.59,0.0,0,1,0,0,-5.0,0.0,-23.26
2026-04-17,8069,元太,TPEX,155.0,155.1657,-0.11,4351.46,-507.5,72.56,-434.94,-11.66,1.67,0,1,1,0,-507.5,72.56,-23.33
2026-04-17,5328,華容,TPEX,26.9,27.3866,-1.78,9111.22,-695.0,0.0,-695.0,-7.63,0.0,0,1,0,0,-695.0,0.0,-23.36
2026-04-17,2030,彰源,TWSE,16.5,16.4386,0.37,656.25,-50.3,0.0,-50.3,-7.67,0.0,0,1,0,0,-50.3,0.0,-23.46
2026-04-17,8084,巨虹,TPEX,46.1,45.5995,1.1,78.16,-6.0,0.0,-6.0,-7.68,0.0,0,1,0,0,-6.0,0.0,-23.49
2026-04-17,3017,奇鋐,TWSE,2400.0,2422.6336,-0.93,3933.55,-1101.24,123.92,-977.32,-28.0,3.15,0,1,1,0,-1101.24,123.92,-23.62
2026-04-17,5345,馥鴻,TPEX,23.2,23.202,-0.01,12.87,-1.0,0.0,-1.0,-7.77,0.0,0,1,0,0,-1.0,0.0,-23.76
2026-04-17,6246,臺龍,TPEX,16.5,16.7972,-1.77,64.07,-5.0,0.0,-5.0,-7.8,0.0,0,1,0,0,-5.0,0.0,-23.85
2026-04-17,7631,聚賢研發-創,TWSE,137.0,142.1511,-3.62,434.65,-34.0,0.0,-34.0,-7.82,0.0,0,1,0,0,-34.0,0.0,-23.9
2026-04-17,2926,誠品生活,TPEX,36.2,36.2038,-0.01,50.39,-4.0,0.0,-4.0,-7.94,0.0,0,1,0,0,-4.0,0.0,-24.23
2026-04-17,2641,正德,TPEX,18.2,18.2821,-0.45,1186.54,-95.0,0.0,-95.0,-8.01,0.0,0,1,0,0,-95.0,0.0,-24.42
2026-04-17,2466,冠西電,TWSE,62.7,64.3178,-2.52,1055.9,-55.15,-17.0,-72.15,-5.22,-1.61,0,1,0,1,-55.15,-17.0,-24.44
2026-04-17,1442,名軒,TWSE,29.0,28.6993,1.05,1703.83,-115.58,-5.0,-120.58,-6.78,-0.29,0,1,0,1,-115.58,-5.0,-24.46
2026-04-17,3040,遠見,TWSE,44.7,45.4657,-1.68,246.63,-19.84,0.0,-19.84,-8.05,0.0,0,1,0,0,-19.84,0.0,-24.53
2026-04-17,1626,艾美特-KY,TWSE,12.0,11.8681,1.11,1868.48,-150.49,0.0,-150.49,-8.05,0.0,0,1,0,0,-150.49,0.0,-24.55
2026-04-17,5474,聰泰,TPEX,147.5,147.4938,0.0,561.15,-46.0,0.0,-46.0,-8.2,0.0,0,1,0,0,-46.0,0.0,-24.95
2026-04-17,7712,博盛半導體,TPEX,120.5,120.6053,-0.09,1474.74,-121.0,0.0,-121.0,-8.2,0.0,0,1,0,0,-121.0,0.0,-24.97
2026-04-17,1467,南緯,TWSE,7.0,6.9858,0.2,578.38,-47.58,0.0,-47.58,-8.23,0.0,0,1,0,0,-47.58,0.0,-25.03
2026-04-17,3219,倚強科,TPEX,69.6,70.1267,-0.75,1033.52,-85.0,0.0,-85.0,-8.22,0.0,0,1,0,0,-85.0,0.0,-25.03
2026-04-17,8487,愛爾達-創,TWSE,79.4,79.1125,0.36,48.62,-4.0,0.0,-4.0,-8.23,0.0,0,1,0,0,-4.0,0.0,-25.04
2026-04-17,5488,松普,TPEX,10.15,10.134,0.16,182.11,-15.0,0.0,-15.0,-8.24,0.0,0,1,0,0,-15.0,0.0,-25.06
2026-04-17,6560,欣普羅,TPEX,38.4,38.4104,-0.03,36.35,-3.0,0.0,-3.0,-8.25,0.0,0,1,0,0,-3.0,0.0,-25.11
2026-04-17,3583,辛耘,TWSE,760.0,740.0905,2.69,2080.69,-268.51,29.0,-239.51,-12.9,1.39,0,1,1,0,-268.51,29.0,-25.22
2026-04-17,1710,東聯,TWSE,13.5,13.6329,-0.98,6784.99,-565.6,0.0,-565.6,-8.34,0.0,0,1,0,0,-565.6,0.0,-25.34
2026-04-17,3171,炎洲流通,TPEX,66.4,68.2719,-2.74,119.71,-10.0,0.0,-10.0,-8.35,0.0,0,1,0,0,-10.0,0.0,-25.39
2026-04-17,3580,友威科,TPEX,84.0,84.0794,-0.09,1395.21,-117.09,0.0,-117.09,-8.39,0.0,0,1,0,0,-117.09,0.0,-25.5
2026-04-17,4153,鈺緯,TPEX,32.0,32.0826,-0.26,23.61,-2.0,0.0,-2.0,-8.47,0.0,0,1,0,0,-2.0,0.0,-25.72
2026-04-17,6616,特昇-KY,TPEX,10.0,9.9092,0.92,47.14,-4.0,0.0,-4.0,-8.49,0.0,0,1,0,0,-4.0,0.0,-25.76
2026-04-17,1805,寶徠,TWSE,11.0,10.9101,0.82,51.51,-4.38,0.0,-4.38,-8.5,0.0,0,1,0,0,-4.38,0.0,-25.81
2026-04-17,5388,中磊,TWSE,82.2,83.3887,-1.43,5254.31,-397.86,-2.71,-400.57,-7.57,-0.05,0,1,0,1,-397.86,-2.71,-25.87
2026-04-17,1735,日勝化,TWSE,29.3,29.3586,-0.2,2411.13,-205.76,0.0,-205.76,-8.53,0.0,0,1,0,0,-205.76,0.0,-25.89
2026-04-17,2313,華通,TWSE,261.5,262.7657,-0.48,46014.47,-3254.0,-226.0,-3480.0,-7.07,-0.49,0,1,0,1,-3254.0,-226.0,-25.92
2026-04-17,6584,南俊國際,TPEX,667.0,679.1368,-1.79,1136.74,-221.0,25.0,-196.0,-19.44,2.2,0,1,1,0,-221.0,25.0,-26.0
2026-04-17,4747,強生,TPEX,52.8,52.2477,1.06,93.1,-8.0,0.0,-8.0,-8.59,0.0,0,1,0,0,-8.0,0.0,-26.06
2026-04-17,6220,岳豐,TPEX,33.4,33.862,-1.36,302.26,-26.0,0.0,-26.0,-8.6,0.0,0,1,0,0,-26.0,0.0,-26.08
2026-04-17,6266,泰詠,TPEX,28.2,28.3363,-0.48,314.01,-27.0,0.0,-27.0,-8.6,0.0,0,1,0,0,-27.0,0.0,-26.08
2026-04-17,6229,研通,TPEX,25.2,25.0486,0.6,360.15,-31.0,0.0,-31.0,-8.61,0.0,0,1,0,0,-31.0,0.0,-26.1
2026-04-17,6576,逸達,TPEX,76.6,76.3143,0.37,243.04,-21.0,0.0,-21.0,-8.64,0.0,0,1,0,0,-21.0,0.0,-26.19
2026-04-17,6664,群翊,TPEX,438.5,441.8998,-0.77,2968.53,-229.0,-1.0,-230.0,-7.71,-0.03,0,1,0,1,-229.0,-1.0,-26.21
2026-04-17,4903,聯光通,TPEX,47.8,49.1719,-2.79,11549.83,-1001.9,0.0,-1001.9,-8.67,0.0,0,1,0,0,-1001.9,0.0,-26.29
2026-04-17,6191,精成科,TWSE,104.5,104.8489,-0.33,6500.44,-1203.55,135.0,-1068.55,-18.51,2.08,0,1,1,0,-1203.55,135.0,-26.31
2026-04-17,3078,僑威,TPEX,57.4,57.3192,0.14,1158.1,-38.56,-44.01,-82.57,-3.33,-3.8,0,1,0,1,-38.56,-44.01,-26.36
2026-04-17,6285,啟碁,TWSE,264.5,266.8499,-0.88,52865.82,-2843.89,-1096.42,-3940.31,-5.38,-2.07,0,1,0,1,-2843.89,-1096.42,-26.41
2026-04-17,5450,南良,TPEX,13.9,13.9622,-0.45,34.26,-3.0,0.0,-3.0,-8.76,0.0,0,1,0,0,-3.0,0.0,-26.52
2026-04-17,4552,力達-KY,TWSE,21.2,21.182,0.08,142.91,-12.71,0.0,-12.71,-8.89,0.0,0,1,0,0,-12.71,0.0,-26.9
2026-04-17,5213,亞昕,TPEX,26.65,26.5455,0.39,607.26,-54.0,0.0,-54.0,-8.89,0.0,0,1,0,0,-54.0,0.0,-26.9
2026-04-17,7822,倍利科,TWSE,1575.0,1588.0403,-0.82,560.29,-49.84,0.0,-49.84,-8.9,0.0,0,1,0,0,-49.84,0.0,-26.91
2026-04-17,6899,創為精密,TPEX,54.8,54.3755,0.78,11.21,-1.0,0.0,-1.0,-8.92,0.0,0,1,0,0,-1.0,0.0,-26.99
2026-04-17,2496,卓越,TWSE,65.9,65.7197,0.27,32.52,-2.91,0.0,-2.91,-8.94,0.0,0,1,0,0,-2.91,0.0,-27.02
2026-04-17,8011,台通,TWSE,20.25,20.443,-0.94,1176.01,-105.16,0.0,-105.16,-8.94,0.0,0,1,0,0,-105.16,0.0,-27.04
2026-04-17,3675,德微,TPEX,206.0,204.2132,0.87,1492.33,-133.75,0.0,-133.75,-8.96,0.0,0,1,0,0,-133.75,0.0,-27.1
2026-04-17,1342,八貫,TWSE,91.1,91.3563,-0.28,218.32,-19.61,0.0,-19.61,-8.98,0.0,0,1,0,0,-19.61,0.0,-27.15
2026-04-17,3289,宜特,TPEX,180.0,180.3371,-0.19,2802.92,-251.99,0.0,-251.99,-8.99,0.0,0,1,0,0,-251.99,0.0,-27.17
2026-04-17,8096,擎亞,TPEX,91.5,93.6827,-2.33,10056.27,-908.12,0.0,-908.12,-9.03,0.0,0,1,0,0,-908.12,0.0,-27.28
2026-04-17,8087,麗升能源,TPEX,35.45,35.4906,-0.11,11.05,-1.0,0.0,-1.0,-9.05,0.0,0,1,0,0,-1.0,0.0,-27.35
2026-04-17,6781,AES-KY,TWSE,1040.0,1028.7688,1.09,1293.87,-139.69,3.0,-136.69,-10.8,0.23,0,1,1,0,-139.69,3.0,-27.37
2026-04-17,1795,美時,TWSE,234.5,234.9129,-0.18,2020.86,-161.79,-2.89,-164.68,-8.01,-0.14,0,1,0,1,-161.79,-2.89,-27.39
2026-04-17,2705,六福,TWSE,17.6,17.4403,0.92,727.61,-66.07,0.0,-66.07,-9.08,0.0,0,1,0,0,-66.07,0.0,-27.42
2026-04-17,1799,易威,TPEX,43.5,43.229,0.63,666.48,-61.0,0.0,-61.0,-9.15,0.0,0,1,0,0,-61.0,0.0,-27.63
2026-04-17,1414,東和,TWSE,16.55,16.4293,0.73,523.73,-48.02,0.0,-48.02,-9.17,0.0,0,1,0,0,-48.02,0.0,-27.67
2026-04-17,4128,中天,TPEX,17.15,17.3874,-1.37,5046.83,-468.0,0.0,-468.0,-9.27,0.0,0,1,0,0,-468.0,0.0,-27.96
2026-04-17,3044,健鼎,TWSE,411.5,410.3118,0.29,3440.75,-216.06,-66.83,-282.89,-6.28,-1.94,0,1,0,1,-216.06,-66.83,-28.49
2026-04-17,4556,旭然,TPEX,32.75,32.5089,0.74,1430.66,-136.0,0.0,-136.0,-9.51,0.0,0,1,0,0,-136.0,0.0,-28.62
2026-04-17,2247,汎德永業,TWSE,234.5,235.9084,-0.6,58.76,-5.6,0.0,-5.6,-9.53,0.0,0,1,0,0,-5.6,0.0,-28.68
2026-04-17,2317,鴻海,TWSE,206.0,206.0977,-0.05,48943.27,-2624.67,-1359.47,-3984.13,-5.36,-2.78,0,1,0,1,-2624.67,-1359.47,-28.68
2026-04-17,2534,宏盛,TWSE,19.9,19.8006,0.5,372.6,-35.82,0.0,-35.82,-9.61,0.0,0,1,0,0,-35.82,0.0,-28.92
2026-04-17,4113,聯上,TPEX,16.0,16.0026,-0.02,186.64,-18.0,0.0,-18.0,-9.64,0.0,0,1,0,0,-18.0,0.0,-29.0
2026-04-17,6143,振曜,TPEX,93.0,93.5467,-0.58,1033.9,-349.7,10.0,-339.7,-33.82,0.97,0,1,1,0,-349.7,10.0,-29.08
2026-04-17,9958,世紀鋼,TWSE,106.0,105.3977,0.57,1542.46,-134.06,-5.0,-139.06,-8.69,-0.32,0,1,0,1,-134.06,-5.0,-29.91
2026-04-17,8446,華研,TPEX,90.5,90.6082,-0.12,150.41,-15.0,0.0,-15.0,-9.97,0.0,0,1,0,0,-15.0,0.0,-29.92
2026-04-17,4523,永彰,TPEX,30.1,30.4652,-1.2,190.19,-19.0,0.0,-19.0,-9.99,0.0,0,1,0,0,-19.0,0.0,-29.97
2026-04-17,6170,統振,TPEX,51.2,51.3556,-0.3,198.63,-20.0,0.0,-20.0,-10.07,0.0,0,1,0,0,-20.0,0.0,-30.05
2026-04-17,7786,東方風能,TWSE,138.0,139.6656,-1.19,167.45,-17.0,0.0,-17.0,-10.15,0.0,0,1,0,0,-17.0,0.0,-30.12
2026-04-17,8024,佑華,TPEX,13.0,13.0179,-0.14,29.27,-3.0,0.0,-3.0,-10.25,0.0,0,1,0,0,-3.0,0.0,-30.2
2026-04-17,3002,歐格,TWSE,19.05,19.2288,-0.93,209.17,-21.49,0.0,-21.49,-10.28,0.0,0,1,0,0,-21.49,0.0,-30.22
2026-04-17,2340,台亞,TWSE,32.3,32.2631,0.11,32717.9,-3376.12,0.0,-3376.12,-10.32,0.0,0,1,0,0,-3376.12,0.0,-30.26
2026-04-17,2543,皇昌,TWSE,57.6,57.7557,-0.27,1048.75,-108.31,0.0,-108.31,-10.33,0.0,0,1,0,0,-108.31,0.0,-30.26
2026-04-17,1256,鮮活果汁-KY,TWSE,157.0,157.1386,-0.09,66.11,-6.88,0.0,-6.88,-10.4,0.0,0,1,0,0,-6.88,0.0,-30.32
2026-04-17,2029,盛餘,TWSE,20.6,20.5673,0.16,286.57,-30.4,0.0,-30.4,-10.61,0.0,0,1,0,0,-30.4,0.0,-30.49
2026-04-17,6958,日盛台駿,TWSE,19.9,19.7021,1.0,226.05,-24.0,0.0,-24.0,-10.62,0.0,0,1,0,0,-24.0,0.0,-30.49
2026-04-17,8429,金麗-KY,TWSE,6.87,6.8654,0.07,244.15,-26.07,0.0,-26.07,-10.68,0.0,0,1,0,0,-26.07,0.0,-30.54
2026-04-17,1337,再生-KY,TWSE,5.52,5.5896,-1.25,553.36,-59.66,0.0,-59.66,-10.78,0.0,0,1,0,0,-59.66,0.0,-30.62
2026-04-17,4417,金洲,TPEX,48.05,47.97,0.17,157.5,-17.0,0.0,-17.0,-10.79,0.0,0,1,0,0,-17.0,0.0,-30.64
2026-04-17,2729,瓦城,TPEX,172.0,172.8069,-0.47,18.49,-2.0,0.0,-2.0,-10.82,0.0,0,1,0,0,-2.0,0.0,-30.65
2026-04-17,2734,易飛網,TPEX,17.3,17.4278,-0.73,166.46,-18.0,0.0,-18.0,-10.81,0.0,0,1,0,0,-18.0,0.0,-30.65
2026-04-17,6456,GIS-KY,TWSE,77.6,78.9892,-1.76,44411.16,-4851.22,0.0,-4851.22,-10.92,0.0,0,1,0,0,-4851.22,0.0,-30.74
2026-04-17,4121,優盛,TPEX,15.5,15.5769,-0.49,91.22,-10.0,0.0,-10.0,-10.96,0.0,0,1,0,0,-10.0,0.0,-30.77
2026-04-17,5386,青雲,TPEX,352.0,351.9053,0.03,2940.97,-322.52,0.0,-322.52,-10.97,0.0,0,1,0,0,-322.52,0.0,-30.77
2026-04-17,4155,訊映,TWSE,13.4,13.3738,0.2,374.62,-41.27,0.0,-41.27,-11.02,0.0,0,1,0,0,-41.27,0.0,-30.81
2026-04-17,6194,育富,TPEX,32.95,32.9782,-0.09,163.54,-18.0,0.0,-18.0,-11.01,0.0,0,1,0,0,-18.0,0.0,-30.81
2026-04-17,3093,港建*,TPEX,73.0,73.725,-0.98,4697.08,-524.0,0.0,-524.0,-11.16,0.0,0,1,0,0,-524.0,0.0,-30.92
2026-04-17,6617,共信-KY,TPEX,66.7,67.1735,-0.7,98.2,-11.0,0.0,-11.0,-11.2,0.0,0,1,0,0,-11.0,0.0,-30.96
2026-04-17,2601,益航,TWSE,5.64,5.6403,-0.01,1192.28,-134.95,0.0,-134.95,-11.32,0.0,0,1,0,0,-134.95,0.0,-31.05
2026-04-17,1454,台富,TWSE,13.3,13.2585,0.31,108.34,-12.36,0.0,-12.36,-11.41,0.0,0,1,0,0,-12.36,0.0,-31.13
2026-04-17,6533,晶心科,TWSE,235.0,232.9011,0.9,4297.8,-491.27,0.0,-491.27,-11.43,0.0,0,1,0,0,-491.27,0.0,-31.14
2026-04-17,3006,晶豪科,TWSE,153.0,154.994,-1.29,10526.43,-969.52,-28.0,-997.52,-9.21,-0.27,0,1,0,1,-969.52,-28.0,-31.17
2026-04-17,5490,同亨,TPEX,26.45,26.3289,0.46,233.77,-27.0,0.0,-27.0,-11.55,0.0,0,1,0,0,-27.0,0.0,-31.24
2026-04-17,4726,永昕,TPEX,29.8,29.872,-0.24,535.55,-62.0,0.0,-62.0,-11.58,0.0,0,1,0,0,-62.0,0.0,-31.26
2026-04-17,4123,晟德,TPEX,40.4,40.8133,-1.01,4395.21,-2182.0,4.0,-2178.0,-49.64,0.09,0,1,1,0,-2182.0,4.0,-31.27
2026-04-17,6640,均華,TPEX,1620.0,1592.8751,1.7,1101.93,-215.99,1.0,-214.99,-19.6,0.09,0,1,1,0,-215.99,1.0,-31.27
2026-04-17,8499,鼎炫-KY,TWSE,270.0,270.7691,-0.28,49.95,-5.79,0.0,-5.79,-11.6,0.0,0,1,0,0,-5.79,0.0,-31.28
2026-04-17,4989,榮科,TWSE,102.5,102.7654,-0.26,6526.9,-758.44,0.0,-758.44,-11.62,0.0,0,1,0,0,-758.44,0.0,-31.3
2026-04-17,8272,全景軟體,TPEX,71.9,70.9718,1.31,25.82,-3.0,0.0,-3.0,-11.62,0.0,0,1,0,0,-3.0,0.0,-31.3
2026-04-17,5489,彩富,TPEX,41.05,41.09,-0.1,42.96,-5.0,0.0,-5.0,-11.64,0.0,0,1,0,0,-5.0,0.0,-31.31
2026-04-17,8942,森鉅,TPEX,44.85,43.8046,2.39,763.54,-89.0,0.0,-89.0,-11.66,0.0,0,1,0,0,-89.0,0.0,-31.32
2026-04-17,1326,台化,TWSE,51.0,51.2882,-0.56,25759.66,-5036.36,17.0,-5019.36,-19.55,0.07,0,1,1,0,-5036.36,17.0,-31.34
2026-04-17,6496,科懋,TPEX,26.4,26.2814,0.45,9.31,-1.09,0.0,-1.09,-11.7,0.0,0,1,0,0,-1.09,0.0,-31.36
2026-04-17,1789,神隆,TWSE,21.9,21.494,1.89,1108.38,-130.03,0.0,-130.03,-11.73,0.0,0,1,0,0,-130.03,0.0,-31.39
2026-04-17,6733,博晟生醫,TPEX,30.75,30.6828,0.22,306.12,-36.0,0.0,-36.0,-11.76,0.0,0,1,0,0,-36.0,0.0,-31.41
2026-04-17,3376,新日興,TWSE,195.0,194.0687,0.48,3011.08,-470.75,1.0,-469.75,-15.63,0.03,0,1,1,0,-470.75,1.0,-31.42
2026-04-17,7799,禾榮科,TWSE,388.5,401.372,-3.21,489.63,-58.0,0.0,-58.0,-11.85,0.0,0,1,0,0,-58.0,0.0,-31.48
2026-04-17,2362,藍天,TWSE,38.35,38.5385,-0.49,671.53,-79.86,0.0,-79.86,-11.89,0.0,0,1,0,0,-79.86,0.0,-31.51
2026-04-17,1451,年興,TWSE,17.3,17.36,-0.35,310.38,-36.92,0.0,-36.92,-11.89,0.0,0,1,0,0,-36.92,0.0,-31.52
2026-04-17,5604,中連,TPEX,34.5,34.2663,0.68,16.48,-2.0,0.0,-2.0,-12.13,0.0,0,1,0,0,-2.0,0.0,-31.71
2026-04-17,2436,偉詮電,TWSE,63.1,63.5324,-0.68,3960.69,-481.11,0.0,-481.11,-12.15,0.0,0,1,0,0,-481.11,0.0,-31.72
2026-04-17,6133,金橋,TWSE,23.1,23.1506,-0.22,1023.59,-124.42,0.0,-124.42,-12.16,0.0,0,1,0,0,-124.42,0.0,-31.72
2026-04-17,6846,綠茵,TPEX,71.1,71.0122,0.12,16.45,-2.0,0.0,-2.0,-12.16,0.0,0,1,0,0,-2.0,0.0,-31.73
2026-04-17,6127,九豪,TPEX,50.3,51.2614,-1.88,26672.99,-3249.99,0.0,-3249.99,-12.18,0.0,0,1,0,0,-3249.99,0.0,-31.75
2026-04-17,5015,華祺,TPEX,24.45,24.5096,-0.24,65.39,-8.0,0.0,-8.0,-12.23,0.0,0,1,0,0,-8.0,0.0,-31.79
2026-04-17,6720,久昌,TPEX,162.5,162.7711,-0.17,40.79,-5.0,0.0,-5.0,-12.26,0.0,0,1,0,0,-5.0,0.0,-31.81
2026-04-17,1597,直得,TWSE,117.5,118.4623,-0.81,6622.71,-817.56,0.0,-817.56,-12.34,0.0,0,1,0,0,-817.56,0.0,-31.88
2026-04-17,4306,炎洲,TWSE,13.7,13.7126,-0.09,731.64,-90.33,0.0,-90.33,-12.35,0.0,0,1,0,0,-90.33,0.0,-31.88
2026-04-17,2615,萬海,TWSE,75.3,75.8785,-0.76,9844.32,-741.81,-187.55,-929.36,-7.54,-1.91,0,1,0,1,-741.81,-187.55,-31.89
2026-04-17,3088,艾訊,TPEX,97.8,97.1925,0.63,3033.7,-378.0,0.0,-378.0,-12.46,0.0,0,1,0,0,-378.0,0.0,-31.97
2026-04-17,1623,大東電,TWSE,209.5,202.7753,3.32,468.96,-59.0,0.0,-59.0,-12.58,0.0,0,1,0,0,-59.0,0.0,-32.06
2026-04-17,2613,中櫃,TWSE,23.0,22.914,0.38,411.6,-52.24,0.0,-52.24,-12.69,0.0,0,1,0,0,-52.24,0.0,-32.15
2026-04-17,2351,順德,TWSE,129.0,127.6391,1.07,9591.92,-1222.2,0.0,-1222.2,-12.74,0.0,0,1,0,0,-1222.2,0.0,-32.19
2026-04-17,6171,大城地產,TPEX,25.95,26.002,-0.2,23.5,-3.0,0.0,-3.0,-12.76,0.0,0,1,0,0,-3.0,0.0,-32.21
2026-04-17,2816,旺旺保,TWSE,30.85,30.7227,0.41,233.61,-29.89,0.0,-29.89,-12.79,0.0,0,1,0,0,-29.89,0.0,-32.24
2026-04-17,3294,英濟,TPEX,33.4,33.6885,-0.86,880.83,-112.8,0.0,-112.8,-12.81,0.0,0,1,0,0,-112.8,0.0,-32.24
2026-04-17,3057,喬鼎,TWSE,18.6,18.5627,0.2,429.15,-55.0,0.0,-55.0,-12.82,0.0,0,1,0,0,-55.0,0.0,-32.25
2026-04-17,9105,泰金寶-DR,TWSE,5.6,5.6977,-1.72,35724.88,-4593.9,0.0,-4593.9,-12.86,0.0,0,1,0,0,-4593.9,0.0,-32.29
2026-04-17,5291,邑昇,TPEX,70.3,71.7504,-2.02,1589.34,-205.0,0.0,-205.0,-12.9,0.0,0,1,0,0,-205.0,0.0,-32.32
2026-04-17,2836,高雄銀,TWSE,12.2,12.2165,-0.14,2628.28,-339.46,0.0,-339.46,-12.92,0.0,0,1,0,0,-339.46,0.0,-32.33
2026-04-17,5498,凱崴,TPEX,68.8,70.3378,-2.19,51945.77,-6705.39,0.0,-6705.39,-12.91,0.0,0,1,0,0,-6705.39,0.0,-32.33
2026-04-17,2302,麗正,TWSE,19.4,19.2492,0.78,3413.51,-441.17,0.0,-441.17,-12.92,0.0,0,1,0,0,-441.17,0.0,-32.34
2026-04-17,8936,國統,TPEX,50.1,50.1616,-0.12,1667.75,-216.0,0.0,-216.0,-12.95,0.0,0,1,0,0,-216.0,0.0,-32.36
2026-04-17,4130,健亞,TPEX,32.5,32.5719,-0.22,460.07,-60.0,0.0,-60.0,-13.04,0.0,0,1,0,0,-60.0,0.0,-32.43
2026-04-17,4915,致伸,TWSE,75.1,75.0312,0.09,2685.92,-110.7,-133.44,-244.14,-4.12,-4.97,0,1,0,1,-110.7,-133.44,-32.44
2026-04-17,6472,保瑞,TWSE,416.0,419.2968,-0.79,699.07,-91.45,0.0,-91.45,-13.08,0.0,0,1,0,0,-91.45,0.0,-32.47
2026-04-17,2614,東森,TWSE,20.4,20.4627,-0.31,635.89,-83.37,0.0,-83.37,-13.11,0.0,0,1,0,0,-83.37,0.0,-32.49
2026-04-17,4942,嘉彰,TWSE,38.45,38.4536,-0.01,108.67,-14.27,0.0,-14.27,-13.13,0.0,0,1,0,0,-14.27,0.0,-32.5
2026-04-17,1569,濱川,TPEX,52.5,52.5143,-0.03,676.14,-89.0,0.0,-89.0,-13.16,0.0,0,1,0,0,-89.0,0.0,-32.53
2026-04-17,6124,業強,TPEX,31.05,31.3877,-1.08,83.34,-11.0,0.0,-11.0,-13.2,0.0,0,1,0,0,-11.0,0.0,-32.56
2026-04-17,2239,英利-KY,TWSE,24.0,23.8141,0.78,73.4,-9.7,0.0,-9.7,-13.22,0.0,0,1,0,0,-9.7,0.0,-32.57
2026-04-17,6690,安碁資訊,TPEX,170.0,170.3901,-0.23,37.73,-5.0,0.0,-5.0,-13.25,0.0,0,1,0,0,-5.0,0.0,-32.6
2026-04-17,5519,隆大,TWSE,33.0,33.0877,-0.27,1179.3,-156.91,0.0,-156.91,-13.31,0.0,0,1,0,0,-156.91,0.0,-32.64
2026-04-17,2453,凌群,TWSE,55.5,55.5007,-0.0,447.06,-59.5,0.0,-59.5,-13.31,0.0,0,1,0,0,-59.5,0.0,-32.65
2026-04-17,5371,中光電,TPEX,78.3,78.9003,-0.76,4674.09,-625.0,0.0,-625.0,-13.37,0.0,0,1,0,0,-625.0,0.0,-32.7
2026-04-17,5512,力麒,TPEX,7.84,7.8446,-0.06,656.73,-88.0,0.0,-88.0,-13.4,0.0,0,1,0,0,-88.0,0.0,-32.72
2026-04-17,1517,利奇,TWSE,11.2,11.136,0.57,274.21,-36.88,0.0,-36.88,-13.45,0.0,0,1,0,0,-36.88,0.0,-32.76
2026-04-17,4148,全宇生技-KY,TWSE,38.0,37.9793,0.05,34.84,-4.68,0.0,-4.68,-13.45,0.0,0,1,0,0,-4.68,0.0,-32.76
2026-04-17,3576,聯合再生,TWSE,18.3,18.1243,0.97,65873.48,-8974.36,0.0,-8974.36,-13.62,0.0,0,1,0,0,-8974.36,0.0,-32.9
2026-04-17,4966,譜瑞-KY,TPEX,546.0,547.219,-0.22,915.57,-80.01,-11.0,-91.01,-8.74,-1.2,0,1,0,1,-80.01,-11.0,-32.93
2026-04-17,1464,得力,TWSE,10.55,10.4868,0.6,392.21,-53.88,0.0,-53.88,-13.74,0.0,0,1,0,0,-53.88,0.0,-32.99
2026-04-17,3686,達能,TWSE,17.7,17.6117,0.5,178.27,-24.63,0.0,-24.63,-13.82,0.0,0,1,0,0,-24.63,0.0,-33.05
2026-04-17,6803,崑鼎,TPEX,289.5,289.8111,-0.11,43.37,-6.0,0.0,-6.0,-13.83,0.0,0,1,0,0,-6.0,0.0,-33.07
2026-04-17,8937,合騏*,TPEX,30.85,31.58,-2.31,475.47,-66.0,0.0,-66.0,-13.88,0.0,0,1,0,0,-66.0,0.0,-33.1
2026-04-17,3515,華擎,TWSE,223.5,223.6022,-0.05,569.16,-19.4,-33.0,-52.4,-3.41,-5.8,0,1,0,1,-19.4,-33.0,-33.18
2026-04-17,2022,聚亨,TWSE,8.83,8.8278,0.02,953.59,-133.34,0.0,-133.34,-13.98,0.0,0,1,0,0,-133.34,0.0,-33.19
2026-04-17,4562,穎漢,TWSE,35.5,35.9038,-1.12,596.56,-83.56,0.0,-83.56,-14.01,0.0,0,1,0,0,-83.56,0.0,-33.21
2026-04-17,2305,全友,TWSE,17.7,17.7313,-0.18,2008.13,-284.98,0.0,-284.98,-14.19,0.0,0,1,0,0,-284.98,0.0,-33.35
2026-04-17,8930,青鋼,TPEX,30.25,30.5411,-0.95,56.41,-8.0,0.0,-8.0,-14.18,0.0,0,1,0,0,-8.0,0.0,-33.35
2026-04-17,7714,創泓科技,TPEX,134.0,134.3968,-0.3,84.53,-12.0,0.0,-12.0,-14.2,0.0,0,1,0,0,-12.0,0.0,-33.36
2026-04-17,2536,宏普,TWSE,22.35,22.3103,0.18,171.24,-24.34,0.0,-24.34,-14.22,0.0,0,1,0,0,-24.34,0.0,-33.37
2026-04-17,6498,久禾光,TPEX,93.2,94.4743,-1.35,56.28,-8.0,0.0,-8.0,-14.22,0.0,0,1,0,0,-8.0,0.0,-33.37
2026-04-17,6654,天正國際,TPEX,87.6,88.3035,-0.8,7.03,-1.0,0.0,-1.0,-14.23,0.0,0,1,0,0,-1.0,0.0,-33.38
2026-04-17,6231,系微,TPEX,262.5,262.9866,-0.19,913.08,-130.04,0.0,-130.04,-14.24,0.0,0,1,0,0,-130.04,0.0,-33.39
2026-04-17,5608,四維航,TWSE,16.3,16.3964,-0.59,751.33,-107.06,0.0,-107.06,-14.25,0.0,0,1,0,0,-107.06,0.0,-33.4
2026-04-17,2751,王座,TPEX,57.0,57.0702,-0.12,14.01,-2.0,0.0,-2.0,-14.28,0.0,0,1,0,0,-2.0,0.0,-33.42
2026-04-17,4968,立積,TWSE,112.0,112.1181,-0.11,1678.99,-183.07,-1.0,-184.07,-10.9,-0.06,0,1,0,1,-183.07,-1.0,-33.42
2026-04-17,8227,巨有科技,TPEX,141.0,139.7892,0.87,1679.52,-240.0,0.0,-240.0,-14.29,0.0,0,1,0,0,-240.0,0.0,-33.43
2026-04-17,4543,萬在,TPEX,37.5,37.1787,0.86,1276.94,-184.0,0.0,-184.0,-14.41,0.0,0,1,0,0,-184.0,0.0,-33.53
2026-04-17,2429,銘旺科,TWSE,39.85,39.9125,-0.16,510.87,-73.77,0.0,-73.77,-14.44,0.0,0,1,0,0,-73.77,0.0,-33.55
2026-04-17,2017,官田鋼,TWSE,9.33,9.352,-0.24,1078.1,-155.78,0.0,-155.78,-14.45,0.0,0,1,0,0,-155.78,0.0,-33.56
2026-04-17,1618,合機,TWSE,39.05,39.0837,-0.09,383.9,-55.52,0.0,-55.52,-14.46,0.0,0,1,0,0,-55.52,0.0,-33.57
2026-04-17,8054,安國,TPEX,105.0,106.6299,-1.53,4974.34,-559.7,-1.0,-560.7,-11.25,-0.02,0,1,0,1,-559.7,-1.0,-33.57
2026-04-17,2472,立隆電,TWSE,184.5,186.9175,-1.29,8298.82,-938.08,-1.18,-939.26,-11.3,-0.01,0,1,0,1,-938.08,-1.18,-33.59
2026-04-17,3268,海德威,TPEX,17.1,17.199,-0.58,138.0,-20.0,0.0,-20.0,-14.49,0.0,0,1,0,0,-20.0,0.0,-33.59
2026-04-17,8110,華東,TWSE,48.3,48.9382,-1.3,6880.95,-672.58,-37.0,-709.58,-9.77,-0.54,0,1,0,1,-672.58,-37.0,-33.64
2026-04-17,5321,美而快,TPEX,24.4,23.9962,1.68,144.02,-21.0,0.0,-21.0,-14.58,0.0,0,1,0,0,-21.0,0.0,-33.67
2026-04-17,1457,宜進,TWSE,15.0,14.8538,0.98,127.14,-18.59,0.0,-18.59,-14.62,0.0,0,1,0,0,-18.59,0.0,-33.7
2026-04-17,1784,訊聯,TPEX,80.2,80.7108,-0.63,170.66,-25.0,0.0,-25.0,-14.65,0.0,0,1,0,0,-25.0,0.0,-33.72
2026-04-17,3666,光耀,TPEX,24.7,24.907,-0.83,54.5,-8.0,0.0,-8.0,-14.68,0.0,0,1,0,0,-8.0,0.0,-33.74
2026-04-17,2025,千興,TWSE,12.25,12.0649,1.53,252.56,-37.14,0.0,-37.14,-14.7,0.0,0,1,0,0,-37.14,0.0,-33.76
2026-04-17,3712,永崴投控,TWSE,19.3,19.2965,0.02,1068.87,-157.78,0.0,-157.78,-14.76,0.0,0,1,0,0,-157.78,0.0,-33.81
2026-04-17,6865,偉康科技,TPEX,36.3,35.909,1.09,13.52,-2.0,0.0,-2.0,-14.79,0.0,0,1,0,0,-2.0,0.0,-33.83
2026-04-17,1234,黑松,TWSE,36.2,36.1233,0.21,100.73,-15.01,0.0,-15.01,-14.9,0.0,0,1,0,0,-15.01,0.0,-33.92
2026-04-17,1110,東泥,TWSE,15.85,15.7497,0.64,175.39,-43.58,0.0,-43.58,-24.85,0.0,0,1,0,0,-43.58,0.0,-34.0
2026-04-17,1268,漢來美食,TPEX,157.5,157.3643,0.09,10.56,-2.0,0.0,-2.0,-18.93,0.0,0,1,0,0,-2.0,0.0,-34.0
2026-04-17,1295,生合,TPEX,59.3,59.5365,-0.4,55.94,-17.0,0.0,-17.0,-30.39,0.0,0,1,0,0,-17.0,0.0,-34.0
2026-04-17,1304,台聚,TWSE,14.55,14.938,-2.6,16669.11,-3126.91,0.0,-3126.91,-18.76,0.0,0,1,0,0,-3126.91,0.0,-34.0
2026-04-17,1310,台苯,TWSE,10.05,10.1823,-1.3,7200.11,-2315.94,0.0,-2315.94,-32.17,0.0,0,1,0,0,-2315.94,0.0,-34.0
2026-04-17,1312,國喬,TWSE,14.1,14.3248,-1.57,14872.09,-3167.51,0.0,-3167.51,-21.3,0.0,0,1,0,0,-3167.51,0.0,-34.0
2026-04-17,1313,聯成,TWSE,12.2,12.2849,-0.69,7790.99,-1954.23,0.0,-1954.23,-25.08,0.0,0,1,0,0,-1954.23,0.0,-34.0
2026-04-17,1314,中石化,TWSE,7.7,7.7625,-0.81,24803.88,-5738.59,0.0,-5738.59,-23.14,0.0,0,1,0,0,-5738.59,0.0,-34.0
2026-04-17,1316,上曜,TWSE,12.0,12.0795,-0.66,2609.64,-1455.38,0.0,-1455.38,-55.77,0.0,0,1,0,0,-1455.38,0.0,-34.0
2026-04-17,1321,大洋,TWSE,32.7,32.7724,-0.22,188.0,-75.87,0.0,-75.87,-40.36,0.0,0,1,0,0,-75.87,0.0,-34.0
2026-04-17,1325,恆大,TWSE,27.05,26.8742,0.65,153.76,-25.58,0.0,-25.58,-16.64,0.0,0,1,0,0,-25.58,0.0,-34.0
2026-04-17,1340,勝悅-KY,TWSE,6.41,6.4108,-0.01,224.69,-117.24,0.0,-117.24,-52.18,0.0,0,1,0,0,-117.24,0.0,-34.0
2026-04-17,1440,南紡,TWSE,13.2,13.4328,-1.73,3412.37,-1431.68,0.0,-1431.68,-41.96,0.0,0,1,0,0,-1431.68,0.0,-34.0
2026-04-17,1444,力麗,TWSE,6.59,6.6249,-0.53,1066.16,-239.05,0.0,-239.05,-22.42,0.0,0,1,0,0,-239.05,0.0,-34.0
2026-04-17,1446,宏和,TWSE,16.55,16.5931,-0.26,163.13,-79.32,0.0,-79.32,-48.62,0.0,0,1,0,0,-79.32,0.0,-34.0
2026-04-17,1447,力鵬,TWSE,5.28,5.32,-0.75,1184.0,-590.48,0.0,-590.48,-49.87,0.0,0,1,0,0,-590.48,0.0,-34.0
2026-04-17,1453,大將,TWSE,12.15,12.1217,0.23,134.56,-40.43,0.0,-40.43,-30.05,0.0,0,1,0,0,-40.43,0.0,-34.0
2026-04-17,1455,集盛,TWSE,9.02,9.0598,-0.44,1392.67,-357.36,0.0,-357.36,-25.66,0.0,0,1,0,0,-357.36,0.0,-34.0
2026-04-17,1456,怡華,TWSE,14.45,14.435,0.1,102.55,-30.54,0.0,-30.54,-29.78,0.0,0,1,0,0,-30.54,0.0,-34.0
2026-04-17,1465,偉全,TWSE,12.7,12.7659,-0.52,147.1,-22.69,0.0,-22.69,-15.43,0.0,0,1,0,0,-22.69,0.0,-34.0
2026-04-17,1473,台南,TWSE,23.2,23.2986,-0.42,121.02,-46.28,0.0,-46.28,-38.24,0.0,0,1,0,0,-46.28,0.0,-34.0
2026-04-17,1515,力山,TWSE,23.15,23.0892,0.26,345.78,-127.1,0.0,-127.1,-36.76,0.0,0,1,0,0,-127.1,0.0,-34.0
2026-04-17,1516,川飛,TWSE,19.7,19.7611,-0.31,44.76,-15.81,0.0,-15.81,-35.31,0.0,0,1,0,0,-15.81,0.0,-34.0
2026-04-17,1531,高林股,TWSE,13.1,13.0219,0.6,187.81,-47.09,0.0,-47.09,-25.07,0.0,0,1,0,0,-47.09,0.0,-34.0
2026-04-17,1540,喬福,TWSE,22.0,22.101,-0.46,304.68,-82.57,0.0,-82.57,-27.1,0.0,0,1,0,0,-82.57,0.0,-34.0
2026-04-17,1565,精華,TPEX,108.5,108.4619,0.04,202.8,-42.35,0.0,-42.35,-20.88,0.0,0,1,0,0,-42.35,0.0,-34.0
2026-04-17,1587,吉茂,TWSE,34.4,34.4723,-0.21,417.24,-125.61,0.0,-125.61,-30.1,0.0,0,1,0,0,-125.61,0.0,-34.0
2026-04-17,1603,華電,TWSE,32.8,32.6432,0.48,301.88,-119.05,0.0,-119.05,-39.44,0.0,0,1,0,0,-119.05,0.0,-34.0
2026-04-17,1604,聲寶,TWSE,23.8,23.6251,0.74,1093.77,-430.09,0.0,-430.09,-39.32,0.0,0,1,0,0,-430.09,0.0,-34.0
2026-04-17,1611,中電,TWSE,12.2,12.2514,-0.42,666.14,-119.31,0.0,-119.31,-17.91,0.0,0,1,0,0,-119.31,0.0,-34.0
2026-04-17,1612,宏泰,TWSE,35.65,35.5636,0.24,712.73,-194.43,0.0,-194.43,-27.28,0.0,0,1,0,0,-194.43,0.0,-34.0
2026-04-17,1615,大山,TWSE,47.55,47.5289,0.04,93.54,-16.03,0.0,-16.03,-17.13,0.0,0,1,0,0,-16.03,0.0,-34.0
2026-04-17,1616,億泰,TWSE,23.65,23.5709,0.34,433.24,-98.04,0.0,-98.04,-22.63,0.0,0,1,0,0,-98.04,0.0,-34.0
2026-04-17,1617,榮星,TWSE,15.75,15.8891,-0.88,139.54,-38.61,0.0,-38.61,-27.67,0.0,0,1,0,0,-38.61,0.0,-34.0
2026-04-17,1712,興農,TWSE,42.65,42.5847,0.15,383.19,-134.91,0.0,-134.91,-35.21,0.0,0,1,0,0,-134.91,0.0,-34.0
2026-04-17,1714,和桐,TWSE,9.63,9.7332,-1.06,4796.02,-1986.95,0.0,-1986.95,-41.43,0.0,0,1,0,0,-1986.95,0.0,-34.0
2026-04-17,1718,中纖,TWSE,6.89,6.9577,-0.97,8026.01,-3373.63,0.0,-3373.63,-42.03,0.0,0,1,0,0,-3373.63,0.0,-34.0
2026-04-17,1722,台肥,TWSE,45.65,45.5319,0.26,3237.94,-1093.14,0.0,-1093.14,-33.76,0.0,0,1,0,0,-1093.14,0.0,-34.0
2026-04-17,1733,五鼎,TWSE,29.6,29.7125,-0.38,166.43,-87.5,0.0,-87.5,-52.58,0.0,0,1,0,0,-87.5,0.0,-34.0
2026-04-17,1783,和康生,TWSE,41.75,41.8144,-0.15,97.49,-17.56,0.0,-17.56,-18.01,0.0,0,1,0,0,-17.56,0.0,-34.0
2026-04-17,1786,科妍,TWSE,63.4,64.4595,-1.64,336.56,-84.61,0.0,-84.61,-25.14,0.0,0,1,0,0,-84.61,0.0,-34.0
2026-04-17,1808,潤隆,TWSE,30.05,30.1408,-0.3,1512.24,-581.97,0.0,-581.97,-38.48,0.0,0,1,0,0,-581.97,0.0,-34.0
2026-04-17,1904,正隆,TWSE,18.6,18.7381,-0.74,1347.86,-441.5,0.0,-441.5,-32.76,0.0,0,1,0,0,-441.5,0.0,-34.0
2026-04-17,1906,寶隆,TWSE,11.9,11.763,1.16,108.0,-24.25,0.0,-24.25,-22.46,0.0,0,1,0,0,-24.25,0.0,-34.0
2026-04-17,1909,榮成,TWSE,9.61,9.6685,-0.6,2554.43,-1018.7,0.0,-1018.7,-39.88,0.0,0,1,0,0,-1018.7,0.0,-34.0
2026-04-17,2013,中鋼構,TWSE,44.05,43.9233,0.29,120.78,-19.01,0.0,-19.01,-15.74,0.0,0,1,0,0,-19.01,0.0,-34.0
2026-04-17,2020,美亞,TWSE,23.15,23.1641,-0.06,775.14,-370.67,0.0,-370.67,-47.82,0.0,0,1,0,0,-370.67,0.0,-34.0
2026-04-17,2028,威致,TWSE,19.15,19.1458,0.02,157.2,-27.39,0.0,-27.39,-17.42,0.0,0,1,0,0,-27.39,0.0,-34.0
2026-04-17,2032,新鋼,TWSE,16.35,16.4259,-0.46,271.65,-56.35,0.0,-56.35,-20.74,0.0,0,1,0,0,-56.35,0.0,-34.0
2026-04-17,2101,南港,TWSE,35.65,35.9657,-0.88,1415.48,-655.35,0.0,-655.35,-46.3,0.0,0,1,0,0,-655.35,0.0,-34.0
2026-04-17,2102,泰豐,TWSE,18.9,18.9916,-0.48,354.16,-150.66,0.0,-150.66,-42.54,0.0,0,1,0,0,-150.66,0.0,-34.0
2026-04-17,2103,台橡,TWSE,19.05,19.118,-0.36,2727.69,-949.5,0.0,-949.5,-34.81,0.0,0,1,0,0,-949.5,0.0,-34.0
2026-04-17,2104,國際中橡,TWSE,11.45,11.5807,-1.13,3389.32,-784.11,0.0,-784.11,-23.13,0.0,0,1,0,0,-784.11,0.0,-34.0
2026-04-17,2106,建大,TWSE,18.6,18.5979,0.01,448.88,-72.26,0.0,-72.26,-16.1,0.0,0,1,0,0,-72.26,0.0,-34.0
2026-04-17,2236,百達-KY,TWSE,126.5,126.4217,0.06,593.72,-352.72,0.0,-352.72,-59.41,0.0,0,1,0,0,-352.72,0.0,-34.0
2026-04-17,2323,中環,TWSE,10.75,10.7848,-0.32,5855.61,-2344.6,0.0,-2344.6,-40.04,0.0,0,1,0,0,-2344.6,0.0,-34.0
2026-04-17,2419,仲琦,TWSE,36.8,37.0634,-0.71,12911.44,-3195.4,0.0,-3195.4,-24.75,0.0,0,1,0,0,-3195.4,0.0,-34.0
2026-04-17,2427,三商電,TWSE,22.25,22.3266,-0.34,574.88,-93.51,0.0,-93.51,-16.27,0.0,0,1,0,0,-93.51,0.0,-34.0
2026-04-17,2431,聯昌,TWSE,11.5,11.5003,-0.0,428.78,-101.72,0.0,-101.72,-23.72,0.0,0,1,0,0,-101.72,0.0,-34.0
2026-04-17,2442,新美齊,TWSE,19.45,19.6265,-0.9,4965.99,-1482.49,0.0,-1482.49,-29.85,0.0,0,1,0,0,-1482.49,0.0,-34.0
2026-04-17,2462,良得電,TWSE,22.75,23.1274,-1.63,1368.07,-245.64,0.0,-245.64,-17.95,0.0,0,1,0,0,-245.64,0.0,-34.0
2026-04-17,2471,資通,TWSE,54.0,54.1111,-0.21,339.69,-97.76,0.0,-97.76,-28.78,0.0,0,1,0,0,-97.76,0.0,-34.0
2026-04-17,2488,漢平,TWSE,50.8,51.7634,-1.86,607.92,-96.61,0.0,-96.61,-15.89,0.0,0,1,0,0,-96.61,0.0,-34.0
2026-04-17,2491,吉祥全,TWSE,17.0,16.463,3.26,575.92,-129.79,0.0,-129.79,-22.54,0.0,0,1,0,0,-129.79,0.0,-34.0
2026-04-17,2505,國揚,TWSE,18.8,18.724,0.41,425.82,-95.06,0.0,-95.06,-22.32,0.0,0,1,0,0,-95.06,0.0,-34.0
2026-04-17,2511,太子,TWSE,8.13,8.1594,-0.36,1246.59,-231.93,0.0,-231.93,-18.61,0.0,0,1,0,0,-231.93,0.0,-34.0
2026-04-17,2515,中工,TWSE,13.85,14.0301,-1.28,19055.15,-5115.84,0.0,-5115.84,-26.85,0.0,0,1,0,0,-5115.84,0.0,-34.0
2026-04-17,2516,新建,TWSE,13.6,13.5131,0.64,215.15,-50.87,0.0,-50.87,-23.64,0.0,0,1,0,0,-50.87,0.0,-34.0
2026-04-17,2520,冠德,TWSE,31.05,30.9698,0.26,1639.88,-348.98,0.0,-348.98,-21.28,0.0,0,1,0,0,-348.98,0.0,-34.0
2026-04-17,2545,皇翔,TWSE,36.5,36.5448,-0.12,264.17,-83.17,0.0,-83.17,-31.48,0.0,0,1,0,0,-83.17,0.0,-34.0
2026-04-17,2547,日勝生,TWSE,10.85,10.8106,0.36,1734.58,-582.06,0.0,-582.06,-33.56,0.0,0,1,0,0,-582.06,0.0,-34.0
2026-04-17,2607,榮運,TWSE,50.3,50.29,0.02,518.66,-239.35,0.0,-239.35,-46.15,0.0,0,1,0,0,-239.35,0.0,-34.0
2026-04-17,2608,嘉里大榮,TWSE,30.85,30.9913,-0.46,311.17,-104.68,0.0,-104.68,-33.64,0.0,0,1,0,0,-104.68,0.0,-34.0
2026-04-17,2611,志信,TWSE,14.7,14.7361,-0.25,425.96,-94.06,0.0,-94.06,-22.08,0.0,0,1,0,0,-94.06,0.0,-34.0
2026-04-17,2616,山隆,TWSE,15.45,15.4836,-0.22,601.92,-150.32,0.0,-150.32,-24.97,0.0,0,1,0,0,-150.32,0.0,-34.0
2026-04-17,2636,台驊控股,TWSE,67.7,68.0381,-0.5,281.43,-80.29,0.0,-80.29,-28.53,0.0,0,1,0,0,-80.29,0.0,-34.0
2026-04-17,2640,大車隊,TPEX,187.0,183.7965,1.74,85.24,-21.0,0.0,-21.0,-24.64,0.0,0,1,0,0,-21.0,0.0,-34.0
2026-04-17,2646,星宇航空,TWSE,20.95,20.9721,-0.11,4948.89,-1883.0,0.0,-1883.0,-38.05,0.0,0,1,0,0,-1883.0,0.0,-34.0
2026-04-17,2718,全心投控,TPEX,47.7,47.7149,-0.03,11.7,-3.0,0.0,-3.0,-25.63,0.0,0,1,0,0,-3.0,0.0,-34.0
2026-04-17,2731,雄獅,TWSE,159.5,160.1007,-0.38,765.35,-465.63,0.0,-465.63,-60.84,0.0,0,1,0,0,-465.63,0.0,-34.0
2026-04-17,2739,寒舍,TWSE,36.75,36.546,0.56,236.8,-40.55,0.0,-40.55,-17.12,0.0,0,1,0,0,-40.55,0.0,-34.0
2026-04-17,2743,山富,TPEX,72.9,73.2028,-0.41,69.8,-12.0,0.0,-12.0,-17.19,0.0,0,1,0,0,-12.0,0.0,-34.0
2026-04-17,2745,五福,TPEX,104.5,105.0397,-0.51,137.13,-65.0,0.0,-65.0,-47.4,0.0,0,1,0,0,-65.0,0.0,-34.0
2026-04-17,2753,八方雲集,TWSE,181.5,182.2302,-0.4,154.54,-27.66,0.0,-27.66,-17.9,0.0,0,1,0,0,-27.66,0.0,-34.0
2026-04-17,2754,亞洲藏壽司,TPEX,69.5,69.7365,-0.34,9.45,-3.0,0.0,-3.0,-31.74,0.0,0,1,0,0,-3.0,0.0,-34.0
2026-04-17,2755,揚秦,TPEX,139.5,139.1577,0.25,74.19,-27.0,0.0,-27.0,-36.39,0.0,0,1,0,0,-27.0,0.0,-34.0
2026-04-17,2756,聯發國際,TPEX,70.0,69.908,0.13,5.09,-1.0,0.0,-1.0,-19.65,0.0,0,1,0,0,-1.0,0.0,-34.0
2026-04-17,2762,世界健身-KY,TWSE,73.8,73.8637,-0.09,74.62,-45.0,0.0,-45.0,-60.3,0.0,0,1,0,0,-45.0,0.0,-34.0
2026-04-17,2832,台產,TWSE,49.0,48.8503,0.31,146.62,-65.74,0.0,-65.74,-44.84,0.0,0,1,0,0,-65.74,0.0,-34.0
2026-04-17,2905,三商,TWSE,14.5,14.4343,0.46,1109.78,-311.43,0.0,-311.43,-28.06,0.0,0,1,0,0,-311.43,0.0,-34.0
2026-04-17,2913,農林,TWSE,12.15,12.1568,-0.06,1723.68,-1084.49,0.0,-1084.49,-62.92,0.0,0,1,0,0,-1084.49,0.0,-34.0
2026-04-17,2929,淘帝-KY,TWSE,6.25,6.1495,1.63,280.37,-78.45,0.0,-78.45,-27.98,0.0,0,1,0,0,-78.45,0.0,-34.0
2026-04-17,3011,今皓,TWSE,13.25,13.0706,1.37,1913.76,-288.44,0.0,-288.44,-15.07,0.0,0,1,0,0,-288.44,0.0,-34.0
2026-04-17,3024,憶聲,TWSE,10.95,10.7068,2.27,3714.95,-587.5,0.0,-587.5,-15.81,0.0,0,1,0,0,-587.5,0.0,-34.0
2026-04-17,3032,偉訓,TWSE,61.8,62.3547,-0.89,354.26,-95.49,0.0,-95.49,-26.95,0.0,0,1,0,0,-95.49,0.0,-34.0
2026-04-17,3046,建碁,TWSE,49.0,48.9611,0.08,133.73,-41.61,0.0,-41.61,-31.11,0.0,0,1,0,0,-41.61,0.0,-34.0
2026-04-17,3050,鈺德,TWSE,13.15,13.3227,-1.3,907.13,-259.27,0.0,-259.27,-28.58,0.0,0,1,0,0,-259.27,0.0,-34.0
2026-04-17,3051,力特,TWSE,20.55,20.6375,-0.42,855.93,-138.16,0.0,-138.16,-16.14,0.0,0,1,0,0,-138.16,0.0,-34.0
2026-04-17,3052,夆典,TWSE,11.05,11.0551,-0.05,615.9,-139.41,0.0,-139.41,-22.64,0.0,0,1,0,0,-139.41,0.0,-34.0
2026-04-17,3058,立德,TWSE,9.22,9.2494,-0.32,873.55,-200.07,0.0,-200.07,-22.9,0.0,0,1,0,0,-200.07,0.0,-34.0
2026-04-17,3083,網龍,TPEX,27.05,27.0264,0.09,109.15,-20.0,0.0,-20.0,-18.32,0.0,0,1,0,0,-20.0,0.0,-34.0
2026-04-17,3094,聯傑,TWSE,24.8,25.3841,-2.3,2532.13,-721.59,0.0,-721.59,-28.5,0.0,0,1,0,0,-721.59,0.0,-34.0
2026-04-17,3118,進階,TPEX,33.45,33.4892,-0.12,9.3,-2.0,0.0,-2.0,-21.51,0.0,0,1,0,0,-2.0,0.0,-34.0
2026-04-17,3135,凌航,TWSE,119.0,120.0328,-0.86,4285.07,-731.97,0.0,-731.97,-17.08,0.0,0,1,0,0,-731.97,0.0,-34.0
2026-04-17,3150,鈺寶-創,TWSE,19.2,19.4074,-1.07,36.19,-9.0,0.0,-9.0,-24.87,0.0,0,1,0,0,-9.0,0.0,-34.0
2026-04-17,3168,眾福科,TWSE,46.0,46.3409,-0.74,78.38,-14.0,0.0,-14.0,-17.86,0.0,0,1,0,0,-14.0,0.0,-34.0
2026-04-17,3176,基亞,TPEX,30.5,30.7436,-0.79,394.0,-153.0,0.0,-153.0,-38.83,0.0,0,1,0,0,-153.0,0.0,-34.0
2026-04-17,3188,鑫龍騰,TPEX,26.65,26.6414,0.03,171.82,-32.0,0.0,-32.0,-18.62,0.0,0,1,0,0,-32.0,0.0,-34.0
2026-04-17,3205,佰研,TPEX,62.1,61.416,1.11,314.11,-62.0,0.0,-62.0,-19.74,0.0,0,1,0,0,-62.0,0.0,-34.0
2026-04-17,3206,志豐,TPEX,37.5,37.6653,-0.44,97.82,-15.0,0.0,-15.0,-15.33,0.0,0,1,0,0,-15.0,0.0,-34.0
2026-04-17,3218,大學光,TPEX,132.0,132.1127,-0.09,176.99,-29.0,0.0,-29.0,-16.39,0.0,0,1,0,0,-29.0,0.0,-34.0
2026-04-17,3346,麗清,TWSE,18.45,18.3826,0.37,275.03,-43.71,0.0,-43.71,-15.89,0.0,0,1,0,0,-43.71,0.0,-34.0
2026-04-17,3360,尚立,TPEX,14.15,14.2604,-0.77,300.05,-137.0,0.0,-137.0,-45.66,0.0,0,1,0,0,-137.0,0.0,-34.0
2026-04-17,3465,進泰電子,TPEX,34.2,33.9652,0.69,9.59,-2.0,0.0,-2.0,-20.86,0.0,0,1,0,0,-2.0,0.0,-34.0
2026-04-17,3499,環天科,TPEX,16.65,16.8029,-0.91,342.68,-69.0,0.0,-69.0,-20.14,0.0,0,1,0,0,-69.0,0.0,-34.0
2026-04-17,3523,迎輝,TPEX,12.55,12.3383,1.72,23.2,-5.0,0.0,-5.0,-21.55,0.0,0,1,0,0,-5.0,0.0,-34.0
2026-04-17,3543,州巧,TWSE,42.45,42.659,-0.49,1498.94,-320.74,0.0,-320.74,-21.4,0.0,0,1,0,0,-320.74,0.0,-34.0
2026-04-17,3567,逸昌,TPEX,26.0,26.178,-0.68,50.23,-9.0,0.0,-9.0,-17.92,0.0,0,1,0,0,-9.0,0.0,-34.0
2026-04-17,3703,欣陸,TWSE,21.85,21.872,-0.1,1611.66,-483.92,0.0,-483.92,-30.03,0.0,0,1,0,0,-483.92,0.0,-34.0
2026-04-17,3716,中化控股,TWSE,32.7,32.7407,-0.12,163.26,-64.26,0.0,-64.26,-39.36,0.0,0,1,0,0,-64.26,0.0,-34.0
2026-04-17,4104,佳醫,TWSE,79.1,79.0963,0.0,288.19,-84.09,0.0,-84.09,-29.18,0.0,0,1,0,0,-84.09,0.0,-34.0
2026-04-17,4119,旭富,TWSE,48.55,49.0086,-0.94,540.08,-118.39,0.0,-118.39,-21.92,0.0,0,1,0,0,-118.39,0.0,-34.0
2026-04-17,4120,友華,TPEX,47.35,47.3982,-0.1,11.12,-2.0,0.0,-2.0,-17.99,0.0,0,1,0,0,-2.0,0.0,-34.0
2026-04-17,4139,馬光-KY,TPEX,24.9,24.8739,0.11,4.0,-1.0,0.0,-1.0,-24.98,0.0,0,1,0,0,-1.0,0.0,-34.0
2026-04-17,4142,國光生,TWSE,18.5,18.5517,-0.28,1604.03,-524.86,0.0,-524.86,-32.72,0.0,0,1,0,0,-524.86,0.0,-34.0
2026-04-17,4147,中裕,TPEX,53.3,52.6267,1.28,984.0,-415.0,0.0,-415.0,-42.17,0.0,0,1,0,0,-415.0,0.0,-34.0
2026-04-17,4157,太景*-KY,TPEX,10.55,10.612,-0.58,1211.84,-302.0,0.0,-302.0,-24.92,0.0,0,1,0,0,-302.0,0.0,-34.0
2026-04-17,4161,聿新科,TPEX,24.2,24.1415,0.24,152.62,-28.0,0.0,-28.0,-18.35,0.0,0,1,0,0,-28.0,0.0,-34.0
2026-04-17,4164,承業醫,TWSE,31.15,31.2466,-0.31,918.45,-335.2,0.0,-335.2,-36.5,0.0,0,1,0,0,-335.2,0.0,-34.0
2026-04-17,4303,信立,TPEX,54.5,54.8677,-0.67,738.95,-173.0,0.0,-173.0,-23.41,0.0,0,1,0,0,-173.0,0.0,-34.0
2026-04-17,4414,如興,TWSE,10.85,10.869,-0.17,338.89,-116.0,0.0,-116.0,-34.23,0.0,0,1,0,0,-116.0,0.0,-34.0
2026-04-17,4420,光明,TPEX,44.2,44.2199,-0.05,46.84,-9.0,0.0,-9.0,-19.21,0.0,0,1,0,0,-9.0,0.0,-34.0
2026-04-17,4438,廣越,TWSE,58.9,58.8609,0.07,56.73,-27.45,0.0,-27.45,-48.38,0.0,0,1,0,0,-27.45,0.0,-34.0
2026-04-17,4440,宜新實業,TWSE,18.15,18.2118,-0.34,107.97,-56.83,0.0,-56.83,-52.63,0.0,0,1,0,0,-56.83,0.0,-34.0
2026-04-17,4557,永新-KY,TWSE,53.6,53.5903,0.02,129.74,-89.77,0.0,-89.77,-69.19,0.0,0,1,0,0,-89.77,0.0,-34.0
2026-04-17,4561,健椿,TPEX,36.65,37.3074,-1.76,359.56,-66.0,0.0,-66.0,-18.36,0.0,0,1,0,0,-66.0,0.0,-34.0
2026-04-17,4563,百德,TPEX,40.7,40.9537,-0.62,101.79,-38.0,0.0,-38.0,-37.33,0.0,0,1,0,0,-38.0,0.0,-34.0
2026-04-17,4729,熒茂,TPEX,20.5,20.6243,-0.6,271.45,-73.0,0.0,-73.0,-26.89,0.0,0,1,0,0,-73.0,0.0,-34.0
2026-04-17,4737,華廣,TWSE,67.0,67.3567,-0.53,158.36,-61.63,0.0,-61.63,-38.92,0.0,0,1,0,0,-61.63,0.0,-34.0
2026-04-17,4743,合一,TPEX,54.4,54.8784,-0.87,1895.67,-774.4,0.0,-774.4,-40.85,0.0,0,1,0,0,-774.4,0.0,-34.0
2026-04-17,4745,合富-KY,TPEX,19.05,19.1249,-0.39,381.43,-131.0,0.0,-131.0,-34.34,0.0,0,1,0,0,-131.0,0.0,-34.0
2026-04-17,4746,台耀,TWSE,52.7,52.9442,-0.46,578.8,-202.7,0.0,-202.7,-35.02,0.0,0,1,0,0,-202.7,0.0,-34.0
2026-04-17,4767,誠泰科技,TPEX,27.6,27.4842,0.42,17.03,-3.0,0.0,-3.0,-17.62,0.0,0,1,0,0,-3.0,0.0,-34.0
2026-04-17,4768,晶呈科技,TPEX,462.5,470.3769,-1.67,1259.74,-250.97,0.0,-250.97,-19.92,0.0,0,1,0,0,-250.97,0.0,-34.0
2026-04-17,4923,力士,TPEX,35.25,35.363,-0.32,84.4,-18.0,0.0,-18.0,-21.33,0.0,0,1,0,0,-18.0,0.0,-34.0
2026-04-17,4946,辣椒,TPEX,113.0,111.4019,1.43,24.01,-11.0,0.0,-11.0,-45.81,0.0,0,1,0,0,-11.0,0.0,-34.0
2026-04-17,4953,緯軟,TPEX,123.5,123.1095,0.32,1012.9,-177.0,0.0,-177.0,-17.47,0.0,0,1,0,0,-177.0,0.0,-34.0
2026-04-17,5201,凱衛,TPEX,39.1,39.2269,-0.32,25.04,-5.0,0.0,-5.0,-19.97,0.0,0,1,0,0,-5.0,0.0,-34.0
2026-04-17,5203,訊連,TWSE,65.3,65.4246,-0.19,206.96,-106.6,0.0,-106.6,-51.51,0.0,0,1,0,0,-106.6,0.0,-34.0
2026-04-17,5210,寶碩,TPEX,22.1,22.0837,0.07,138.63,-34.0,0.0,-34.0,-24.53,0.0,0,1,0,0,-34.0,0.0,-34.0
2026-04-17,5223,安力-KY,TPEX,26.5,26.6583,-0.59,47.17,-10.0,0.0,-10.0,-21.2,0.0,0,1,0,0,-10.0,0.0,-34.0
2026-04-17,5225,東科-KY,TWSE,78.2,78.1135,0.11,276.88,-105.65,0.0,-105.65,-38.16,0.0,0,1,0,0,-105.65,0.0,-34.0
2026-04-17,5258,虹堡,TWSE,52.0,51.4192,1.13,1060.28,-273.45,0.0,-273.45,-25.79,0.0,0,1,0,0,-273.45,0.0,-34.0
2026-04-17,5263,智崴,TPEX,94.0,94.0723,-0.08,140.45,-33.0,0.0,-33.0,-23.5,0.0,0,1,0,0,-33.0,0.0,-34.0
2026-04-17,5276,達輝-KY,TPEX,15.5,15.4364,0.41,11.0,-2.0,0.0,-2.0,-18.18,0.0,0,1,0,0,-2.0,0.0,-34.0
2026-04-17,5287,數字,TPEX,161.0,161.0198,-0.01,91.85,-32.0,0.0,-32.0,-34.84,0.0,0,1,0,0,-32.0,0.0,-34.0
2026-04-17,5299,杰力,TPEX,84.5,83.8128,0.82,718.33,-121.0,0.0,-121.0,-16.84,0.0,0,1,0,0,-121.0,0.0,-34.0
2026-04-17,5306,桂盟,TWSE,84.4,84.7374,-0.4,177.4,-26.69,0.0,-26.69,-15.04,0.0,0,1,0,0,-26.69,0.0,-34.0
2026-04-17,5344,立衛,TPEX,14.6,14.799,-1.34,20.22,-7.0,0.0,-7.0,-34.61,0.0,0,1,0,0,-7.0,0.0,-34.0
2026-04-17,5398,慕康生醫,TPEX,20.7,20.8015,-0.49,99.2,-15.0,0.0,-15.0,-15.12,0.0,0,1,0,0,-15.0,0.0,-34.0
2026-04-17,5426,振發,TPEX,19.25,19.3144,-0.33,428.6,-148.0,0.0,-148.0,-34.53,0.0,0,1,0,0,-148.0,0.0,-34.0
2026-04-17,5452,佶優,TPEX,34.15,34.552,-1.16,2868.16,-482.0,0.0,-482.0,-16.81,0.0,0,1,0,0,-482.0,0.0,-34.0
2026-04-17,5487,通泰,TPEX,29.1,29.0361,0.22,20.21,-4.0,0.0,-4.0,-19.79,0.0,0,1,0,0,-4.0,0.0,-34.0
2026-04-17,5529,鉅陞,TPEX,24.2,24.4201,-0.9,70.87,-18.0,0.0,-18.0,-25.4,0.0,0,1,0,0,-18.0,0.0,-34.0
2026-04-17,5530,龍巖,TPEX,44.95,44.9884,-0.09,260.87,-47.0,0.0,-47.0,-18.02,0.0,0,1,0,0,-47.0,0.0,-34.0
2026-04-17,5531,鄉林,TWSE,8.83,8.8222,0.09,486.11,-166.15,0.0,-166.15,-34.18,0.0,0,1,0,0,-166.15,0.0,-34.0
2026-04-17,5534,長虹,TWSE,79.0,78.9202,0.1,798.64,-388.47,0.0,-388.47,-48.64,0.0,0,1,0,0,-388.47,0.0,-34.0
2026-04-17,5601,台聯櫃,TPEX,36.55,36.55,0.0,1.0,-1.0,0.0,-1.0,-100.0,0.0,0,1,0,0,-1.0,0.0,-34.0
2026-04-17,5706,鳳凰,TWSE,52.7,52.8118,-0.21,297.66,-110.58,0.0,-110.58,-37.15,0.0,0,1,0,0,-110.58,0.0,-34.0
2026-04-17,5864,致和證,TPEX,24.4,24.5282,-0.52,3630.51,-826.0,0.0,-826.0,-22.75,0.0,0,1,0,0,-826.0,0.0,-34.0
2026-04-17,5907,大洋-KY,TWSE,5.73,5.692,0.67,275.28,-98.75,0.0,-98.75,-35.87,0.0,0,1,0,0,-98.75,0.0,-34.0
2026-04-17,6015,宏遠證,TPEX,13.0,13.0142,-0.11,983.67,-244.0,0.0,-244.0,-24.81,0.0,0,1,0,0,-244.0,0.0,-34.0
2026-04-17,6021,美好證,TPEX,28.8,28.6066,0.68,131.63,-35.0,0.0,-35.0,-26.59,0.0,0,1,0,0,-35.0,0.0,-34.0
2026-04-17,6026,福邦證,TPEX,14.8,14.7823,0.12,739.92,-222.0,0.0,-222.0,-30.0,0.0,0,1,0,0,-222.0,0.0,-34.0
2026-04-17,6101,寬魚國際,TPEX,39.7,39.8658,-0.42,21.11,-11.0,0.0,-11.0,-52.12,0.0,0,1,0,0,-11.0,0.0,-34.0
2026-04-17,6116,彩晶,TWSE,8.95,9.1233,-1.9,32864.8,-7314.4,0.0,-7314.4,-22.26,0.0,0,1,0,0,-7314.4,0.0,-34.0
2026-04-17,6128,上福,TWSE,21.05,20.8935,0.75,103.3,-38.36,0.0,-38.36,-37.14,0.0,0,1,0,0,-38.36,0.0,-34.0
2026-04-17,6140,訊達,TPEX,18.75,18.895,-0.77,161.63,-73.0,0.0,-73.0,-45.16,0.0,0,1,0,0,-73.0,0.0,-34.0
2026-04-17,6148,驊宏資,TPEX,33.0,33.3536,-1.06,203.12,-51.0,0.0,-51.0,-25.11,0.0,0,1,0,0,-51.0,0.0,-34.0
2026-04-17,6150,撼訊,TPEX,53.4,53.7123,-0.58,230.27,-55.0,0.0,-55.0,-23.89,0.0,0,1,0,0,-55.0,0.0,-34.0
2026-04-17,6152,百一,TWSE,17.4,17.699,-1.69,5319.56,-1061.16,0.0,-1061.16,-19.95,0.0,0,1,0,0,-1061.16,0.0,-34.0
2026-04-17,6155,鈞寶,TWSE,50.6,52.0585,-2.8,5855.85,-1210.57,0.0,-1210.57,-20.67,0.0,0,1,0,0,-1210.57,0.0,-34.0
2026-04-17,6156,松上,TPEX,20.75,20.7643,-0.07,904.93,-177.0,0.0,-177.0,-19.56,0.0,0,1,0,0,-177.0,0.0,-34.0
2026-04-17,6182,合晶,TPEX,35.8,36.4037,-1.66,7561.15,-1928.36,0.0,-1928.36,-25.5,0.0,0,1,0,0,-1928.36,0.0,-34.0
2026-04-17,6186,新潤,TPEX,40.65,40.86,-0.51,332.31,-55.0,0.0,-55.0,-16.55,0.0,0,1,0,0,-55.0,0.0,-34.0
2026-04-17,6212,理銘,TPEX,28.15,28.1636,-0.05,4.12,-1.0,0.0,-1.0,-24.27,0.0,0,1,0,0,-1.0,0.0,-34.0
2026-04-17,6216,居易,TWSE,25.75,25.6238,0.49,160.6,-42.54,0.0,-42.54,-26.49,0.0,0,1,0,0,-42.54,0.0,-34.0
2026-04-17,6219,富旺,TPEX,14.1,14.2074,-0.76,247.94,-128.0,0.0,-128.0,-51.63,0.0,0,1,0,0,-128.0,0.0,-34.0
2026-04-17,6243,迅杰,TWSE,30.95,30.9394,0.03,166.66,-52.81,0.0,-52.81,-31.69,0.0,0,1,0,0,-52.81,0.0,-34.0
2026-04-17,6270,倍微,TPEX,25.15,25.3884,-0.94,381.59,-63.0,0.0,-63.0,-16.51,0.0,0,1,0,0,-63.0,0.0,-34.0
2026-04-17,6281,全國電,TWSE,53.0,52.667,0.63,79.74,-16.75,0.0,-16.75,-21.01,0.0,0,1,0,0,-16.75,0.0,-34.0
2026-04-17,6418,詠昇,TPEX,28.9,29.0474,-0.51,159.28,-52.0,0.0,-52.0,-32.65,0.0,0,1,0,0,-52.0,0.0,-34.0
2026-04-17,6482,弘煜科,TPEX,31.7,31.5988,0.32,24.71,-5.0,0.0,-5.0,-20.24,0.0,0,1,0,0,-5.0,0.0,-34.0
2026-04-17,6486,互動,TPEX,88.2,87.8494,0.4,139.5,-46.0,0.0,-46.0,-32.97,0.0,0,1,0,0,-46.0,0.0,-34.0
2026-04-17,6508,惠光,TPEX,26.05,26.1888,-0.53,94.57,-19.0,0.0,-19.0,-20.09,0.0,0,1,0,0,-19.0,0.0,-34.0
2026-04-17,6534,正瀚-創,TWSE,99.6,98.6102,1.0,264.48,-60.0,0.0,-60.0,-22.69,0.0,0,1,0,0,-60.0,0.0,-34.0
2026-04-17,6547,高端疫苗,TPEX,48.0,48.8352,-1.71,4772.22,-1170.5,0.0,-1170.5,-24.53,0.0,0,1,0,0,-1170.5,0.0,-34.0
2026-04-17,6561,是方,TPEX,373.0,375.96,-0.79,92.61,-24.0,0.0,-24.0,-25.91,0.0,0,1,0,0,-24.0,0.0,-34.0
2026-04-17,6573,虹揚-KY,TWSE,12.5,12.3296,1.38,177.3,-72.8,0.0,-72.8,-41.06,0.0,0,1,0,0,-72.8,0.0,-34.0
2026-04-17,6582,申豐,TWSE,32.25,32.4677,-0.67,141.06,-57.47,0.0,-57.47,-40.74,0.0,0,1,0,0,-57.47,0.0,-34.0
2026-04-17,6585,鼎基,TWSE,88.8,90.0896,-1.43,188.66,-52.66,0.0,-52.66,-27.91,0.0,0,1,0,0,-52.66,0.0,-34.0
2026-04-17,6596,寬宏藝術,TPEX,100.5,101.2071,-0.7,167.46,-43.0,0.0,-43.0,-25.68,0.0,0,1,0,0,-43.0,0.0,-34.0
2026-04-17,6598,ABC-KY,TWSE,22.8,22.559,1.07,117.39,-63.51,0.0,-63.51,-54.1,0.0,0,1,0,0,-63.51,0.0,-34.0
2026-04-17,6614,資拓宏宇,TWSE,41.0,40.9062,0.23,131.84,-35.0,0.0,-35.0,-26.55,0.0,0,1,0,0,-35.0,0.0,-34.0
2026-04-17,6625,必應,TWSE,76.6,77.0023,-0.52,225.49,-49.72,0.0,-49.72,-22.05,0.0,0,1,0,0,-49.72,0.0,-34.0
2026-04-17,6649,台生材,TPEX,39.65,39.7226,-0.18,86.06,-14.0,0.0,-14.0,-16.27,0.0,0,1,0,0,-14.0,0.0,-34.0
2026-04-17,6657,華安,TWSE,46.2,46.801,-1.28,869.64,-281.58,0.0,-281.58,-32.38,0.0,0,1,0,0,-281.58,0.0,-34.0
2026-04-17,6671,三能-KY,TWSE,32.45,32.4363,0.04,61.38,-17.7,0.0,-17.7,-28.84,0.0,0,1,0,0,-17.7,0.0,-34.0
2026-04-17,6712,長聖,TPEX,140.0,140.4066,-0.29,128.96,-50.0,0.0,-50.0,-38.77,0.0,0,1,0,0,-50.0,0.0,-34.0
2026-04-17,6722,輝創,TWSE,40.0,40.0878,-0.22,78.94,-37.0,0.0,-37.0,-46.87,0.0,0,1,0,0,-37.0,0.0,-34.0
2026-04-17,6727,亞泰金屬,TPEX,399.0,404.1077,-1.26,227.94,-53.0,0.0,-53.0,-23.25,0.0,0,1,0,0,-53.0,0.0,-34.0
2026-04-17,6735,美達科技,TPEX,75.9,75.0538,1.13,398.28,-76.0,0.0,-76.0,-19.08,0.0,0,1,0,0,-76.0,0.0,-34.0
2026-04-17,6757,台灣虎航,TWSE,49.6,49.6267,-0.05,682.26,-375.77,0.0,-375.77,-55.08,0.0,0,1,0,0,-375.77,0.0,-34.0
2026-04-17,6785,昱展新藥,TPEX,168.0,168.8464,-0.5,114.0,-38.0,0.0,-38.0,-33.33,0.0,0,1,0,0,-38.0,0.0,-34.0
2026-04-17,6790,永豐實,TWSE,40.2,40.2129,-0.03,149.08,-59.67,0.0,-59.67,-40.03,0.0,0,1,0,0,-59.67,0.0,-34.0
2026-04-17,6792,詠業,TWSE,61.2,60.846,0.58,88.94,-15.76,0.0,-15.76,-17.72,0.0,0,1,0,0,-15.76,0.0,-34.0
2026-04-17,6796,晉弘,TWSE,75.5,76.5651,-1.39,72.24,-33.8,0.0,-33.8,-46.79,0.0,0,1,0,0,-33.8,0.0,-34.0
2026-04-17,6807,峰源-KY,TWSE,38.6,38.7081,-0.28,22.61,-3.87,0.0,-3.87,-17.1,0.0,0,1,0,0,-3.87,0.0,-34.0
2026-04-17,6835,圓裕,TWSE,38.35,38.498,-0.38,292.41,-47.67,0.0,-47.67,-16.3,0.0,0,1,0,0,-47.67,0.0,-34.0
2026-04-17,6838,台新藥,TWSE,30.5,30.8239,-1.05,254.8,-48.0,0.0,-48.0,-18.84,0.0,0,1,0,0,-48.0,0.0,-34.0
2026-04-17,6841,長佳智能,TPEX,58.8,58.593,0.35,263.74,-59.0,0.0,-59.0,-22.37,0.0,0,1,0,0,-59.0,0.0,-34.0
2026-04-17,6843,進典,TPEX,46.85,46.6417,0.45,6.04,-1.0,0.0,-1.0,-16.55,0.0,0,1,0,0,-1.0,0.0,-34.0
2026-04-17,6859,伯特光,TPEX,119.5,116.784,2.33,71.98,-24.0,0.0,-24.0,-33.34,0.0,0,1,0,0,-24.0,0.0,-34.0
2026-04-17,6870,騰雲,TPEX,190.5,190.4517,0.03,79.25,-20.0,0.0,-20.0,-25.24,0.0,0,1,0,0,-20.0,0.0,-34.0
2026-04-17,6872,浩宇生醫,TPEX,18.5,18.4624,0.2,65.74,-32.0,0.0,-32.0,-48.68,0.0,0,1,0,0,-32.0,0.0,-34.0
2026-04-17,6885,全福生技,TWSE,23.95,24.1083,-0.66,320.08,-79.0,0.0,-79.0,-24.68,0.0,0,1,0,0,-79.0,0.0,-34.0
2026-04-17,6894,衛司特,TPEX,348.5,352.301,-1.08,262.36,-67.0,0.0,-67.0,-25.54,0.0,0,1,0,0,-67.0,0.0,-34.0
2026-04-17,6923,中台,TWSE,82.8,81.8058,1.22,808.85,-236.0,0.0,-236.0,-29.18,0.0,0,1,0,0,-236.0,0.0,-34.0
2026-04-17,6925,意藍,TPEX,73.5,73.4246,0.1,105.79,-47.0,0.0,-47.0,-44.43,0.0,0,1,0,0,-47.0,0.0,-34.0
2026-04-17,6928,攸泰科技,TWSE,48.8,48.2663,1.11,132.87,-27.0,0.0,-27.0,-20.32,0.0,0,1,0,0,-27.0,0.0,-34.0
2026-04-17,6929,佑全,TPEX,30.0,30.0,0.0,5.0,-3.0,0.0,-3.0,-60.0,0.0,0,1,0,0,-3.0,0.0,-34.0
2026-04-17,6949,沛爾生醫-創,TWSE,770.0,771.104,-0.14,71.36,-25.0,0.0,-25.0,-35.04,0.0,0,1,0,0,-25.0,0.0,-34.0
2026-04-17,6952,大武山,TWSE,40.5,40.6526,-0.38,24.09,-5.0,0.0,-5.0,-20.76,0.0,0,1,0,0,-5.0,0.0,-34.0
2026-04-17,6953,家碩,TPEX,240.0,242.4833,-1.02,348.2,-71.0,0.0,-71.0,-20.39,0.0,0,1,0,0,-71.0,0.0,-34.0
2026-04-17,6957,裕慶-KY,TWSE,163.5,164.3985,-0.55,59.38,-15.0,0.0,-15.0,-25.26,0.0,0,1,0,0,-15.0,0.0,-34.0
2026-04-17,6967,汎瑋材料,TPEX,70.0,70.4158,-0.59,128.39,-22.0,0.0,-22.0,-17.14,0.0,0,1,0,0,-22.0,0.0,-34.0
2026-04-17,6968,萬達寵物,TPEX,46.6,46.8257,-0.48,30.16,-12.0,0.0,-12.0,-39.79,0.0,0,1,0,0,-12.0,0.0,-34.0
2026-04-17,7708,全家餐飲,TPEX,92.2,92.5545,-0.38,7.33,-2.0,0.0,-2.0,-27.3,0.0,0,1,0,0,-2.0,0.0,-34.0
2026-04-17,7713,威力德生醫,TPEX,67.0,66.9808,0.03,15.09,-4.0,0.0,-4.0,-26.52,0.0,0,1,0,0,-4.0,0.0,-34.0
2026-04-17,7722,LINEPAY,TWSE,305.0,307.4109,-0.78,101.0,-18.99,0.0,-18.99,-18.8,0.0,0,1,0,0,-18.99,0.0,-34.0
2026-04-17,7730,暉盛-創,TWSE,172.5,181.3975,-4.9,197.7,-34.0,0.0,-34.0,-17.2,0.0,0,1,0,0,-34.0,0.0,-34.0
2026-04-17,7770,君曜,TPEX,50.3,50.3354,-0.07,58.85,-14.0,0.0,-14.0,-23.79,0.0,0,1,0,0,-14.0,0.0,-34.0
2026-04-17,7777,能率亞洲,TPEX,26.5,26.9588,-1.7,698.47,-132.0,0.0,-132.0,-18.9,0.0,0,1,0,0,-132.0,0.0,-34.0
2026-04-17,8044,網家,TPEX,24.1,24.2773,-0.73,615.03,-96.0,0.0,-96.0,-15.61,0.0,0,1,0,0,-96.0,0.0,-34.0
2026-04-17,8047,星雲,TPEX,55.3,55.715,-0.74,62.22,-11.0,0.0,-11.0,-17.68,0.0,0,1,0,0,-11.0,0.0,-34.0
2026-04-17,8072,陞泰,TWSE,29.6,29.8994,-1.0,421.6,-110.6,0.0,-110.6,-26.23,0.0,0,1,0,0,-110.6,0.0,-34.0
2026-04-17,8076,伍豐,TPEX,23.35,23.356,-0.03,664.7,-161.6,0.0,-161.6,-24.31,0.0,0,1,0,0,-161.6,0.0,-34.0
2026-04-17,8085,福華,TPEX,15.0,15.0805,-0.53,331.77,-92.0,0.0,-92.0,-27.73,0.0,0,1,0,0,-92.0,0.0,-34.0
2026-04-17,8121,越峰,TPEX,29.35,29.1268,0.77,3373.43,-1174.0,0.0,-1174.0,-34.8,0.0,0,1,0,0,-1174.0,0.0,-34.0
2026-04-17,8183,精星,TPEX,36.85,37.1012,-0.68,1686.48,-420.0,0.0,-420.0,-24.9,0.0,0,1,0,0,-420.0,0.0,-34.0
2026-04-17,8284,三竹,TPEX,63.8,64.0544,-0.4,18.02,-5.0,0.0,-5.0,-27.75,0.0,0,1,0,0,-5.0,0.0,-34.0
2026-04-17,8390,金益鼎,TPEX,90.0,90.5425,-0.6,670.03,-186.0,0.0,-186.0,-27.76,0.0,0,1,0,0,-186.0,0.0,-34.0
2026-04-17,8404,百和興業-KY,TWSE,17.95,18.0457,-0.53,317.11,-49.92,0.0,-49.92,-15.74,0.0,0,1,0,0,-49.92,0.0,-34.0
2026-04-17,8426,紅木-KY,TPEX,24.85,24.8614,-0.05,20.25,-4.0,0.0,-4.0,-19.76,0.0,0,1,0,0,-4.0,0.0,-34.0
2026-04-17,8443,阿瘦,TWSE,12.05,11.7987,2.13,92.42,-52.67,0.0,-52.67,-56.99,0.0,0,1,0,0,-52.67,0.0,-34.0
2026-04-17,8463,潤泰材,TWSE,23.1,23.115,-0.06,169.6,-43.53,0.0,-43.53,-25.67,0.0,0,1,0,0,-43.53,0.0,-34.0
2026-04-17,8473,山林水,TWSE,37.4,37.5371,-0.37,379.66,-125.25,0.0,-125.25,-32.99,0.0,0,1,0,0,-125.25,0.0,-34.0
2026-04-17,8476,台境*,TWSE,18.2,18.0992,0.56,466.99,-167.18,0.0,-167.18,-35.8,0.0,0,1,0,0,-167.18,0.0,-34.0
2026-04-17,8931,大汽電,TPEX,42.4,42.4605,-0.14,9.09,-2.0,0.0,-2.0,-21.99,0.0,0,1,0,0,-2.0,0.0,-34.0
2026-04-17,9103,美德醫療-DR,TWSE,4.93,4.9606,-0.62,840.73,-460.0,0.0,-460.0,-54.71,0.0,0,1,0,0,-460.0,0.0,-34.0
2026-04-17,9802,鈺齊-KY,TWSE,78.7,79.6519,-1.2,1732.04,-313.88,0.0,-313.88,-18.12,0.0,0,1,0,0,-313.88,0.0,-34.0
2026-04-17,9902,台火,TWSE,14.8,14.9675,-1.12,239.46,-93.51,0.0,-93.51,-39.05,0.0,0,1,0,0,-93.51,0.0,-34.0
2026-04-17,9906,欣巴巴,TWSE,41.6,41.4003,0.48,102.1,-32.58,0.0,-32.58,-31.91,0.0,0,1,0,0,-32.58,0.0,-34.0
2026-04-17,9914,美利達,TWSE,60.9,61.4541,-0.9,1294.39,-449.51,0.0,-449.51,-34.73,0.0,0,1,0,0,-449.51,0.0,-34.0
2026-04-17,9919,康那香,TWSE,14.8,14.9103,-0.74,992.91,-331.03,0.0,-331.03,-33.34,0.0,0,1,0,0,-331.03,0.0,-34.0
2026-04-17,9921,巨大,TWSE,69.2,69.7161,-0.74,1911.97,-878.48,0.0,-878.48,-45.95,0.0,0,1,0,0,-878.48,0.0,-34.0
2026-04-17,9925,新保,TWSE,40.75,40.7089,0.1,185.61,-41.08,0.0,-41.08,-22.13,0.0,0,1,0,0,-41.08,0.0,-34.0
2026-04-17,9927,泰銘,TWSE,70.5,70.4315,0.1,94.34,-19.4,0.0,-19.4,-20.57,0.0,0,1,0,0,-19.4,0.0,-34.0
2026-04-17,9929,秋雨,TWSE,12.7,12.4756,1.8,62.88,-15.5,0.0,-15.5,-24.65,0.0,0,1,0,0,-15.5,0.0,-34.0
2026-04-17,9935,慶豐富,TWSE,19.1,19.0103,0.47,261.39,-109.12,0.0,-109.12,-41.75,0.0,0,1,0,0,-109.12,0.0,-34.0
2026-04-17,9938,百和,TWSE,46.35,46.4687,-0.26,1073.37,-429.59,0.0,-429.59,-40.02,0.0,0,1,0,0,-429.59,0.0,-34.0
2026-04-17,9940,信義,TWSE,20.1,20.1351,-0.17,292.61,-97.35,0.0,-97.35,-33.27,0.0,0,1,0,0,-97.35,0.0,-34.0
2026-04-17,9943,好樂迪,TWSE,57.1,56.9779,0.21,104.27,-18.69,0.0,-18.69,-17.92,0.0,0,1,0,0,-18.69,0.0,-34.0
2026-04-17,9946,三發地產,TWSE,16.8,16.8822,-0.49,506.17,-137.38,0.0,-137.38,-27.14,0.0,0,1,0,0,-137.38,0.0,-34.0
2026-04-17,2451,創見,TWSE,246.5,250.2291,-1.49,6598.66,24.96,-789.74,-764.79,0.38,-11.97,1,0,0,1,24.96,-789.74,-34.02
2026-04-17,4919,新唐,TWSE,129.0,129.0,0.0,10417.86,-1238.6,-1.0,-1239.6,-11.89,-0.01,0,1,0,1,-1238.6,-1.0,-34.04
2026-04-17,2399,映泰,TWSE,35.25,35.7459,-1.39,11600.37,-1391.56,-18.0,-1409.56,-12.0,-0.16,0,1,0,1,-1391.56,-18.0,-34.61
2026-04-17,8050,廣積,TPEX,42.15,42.3115,-0.38,861.16,-97.0,-3.18,-100.18,-11.26,-0.37,0,1,0,1,-97.0,-3.18,-34.73
2026-04-17,6104,創惟,TPEX,93.9,94.2244,-0.34,1939.11,-245.0,-1.0,-246.0,-12.63,-0.05,0,1,0,1,-245.0,-1.0,-34.78
2026-04-17,6188,廣明,TPEX,86.3,86.6605,-0.42,1665.65,20.67,-546.0,-525.33,1.24,-32.78,1,0,0,1,20.67,-546.0,-35.02
2026-04-17,6770,力積電,TWSE,52.6,53.0107,-0.77,87074.89,-10114.73,-382.0,-10496.73,-11.62,-0.44,0,1,0,1,-10114.73,-382.0,-35.24
2026-04-17,3374,精材,TPEX,184.5,185.2493,-0.4,9742.12,-1313.0,-0.34,-1313.34,-13.48,-0.0,0,1,0,1,-1313.0,-0.34,-35.29
2026-04-17,6209,今國光,TWSE,62.1,61.8808,0.35,5729.23,-712.13,-17.0,-729.13,-12.43,-0.3,0,1,0,1,-712.13,-17.0,-35.42
2026-04-17,3029,零壹,TWSE,97.3,97.4755,-0.18,986.59,-115.23,-5.75,-120.98,-11.68,-0.58,0,1,0,1,-115.23,-5.75,-35.77
2026-04-17,5876,上海商銀,TWSE,39.85,39.6334,0.55,6690.27,51.01,-1487.0,-1435.99,0.76,-22.23,1,0,0,1,51.01,-1487.0,-35.98
2026-04-17,3406,玉晶光,TWSE,503.0,497.2548,1.16,1933.73,-173.11,-39.0,-212.11,-8.95,-2.02,0,1,0,1,-173.11,-39.0,-36.22
2026-04-17,6202,盛群,TWSE,55.0,55.5254,-0.95,7401.13,-1073.44,-7.0,-1080.44,-14.5,-0.09,0,1,0,1,-1073.44,-7.0,-36.42
2026-04-17,3680,家登,TPEX,430.0,428.1992,0.42,3473.56,-846.47,-0.2,-846.67,-24.37,-0.01,0,1,0,1,-846.47,-0.2,-36.51
2026-04-17,2312,金寶,TWSE,24.55,24.9254,-1.51,85951.51,-14191.57,-6.0,-14197.57,-16.51,-0.01,0,1,0,1,-14191.57,-6.0,-36.52
2026-04-17,2316,楠梓電,TWSE,114.5,114.5994,-0.09,5157.05,-810.33,-1.0,-811.33,-15.71,-0.02,0,1,0,1,-810.33,-1.0,-36.55
2026-04-17,3265,台星科,TPEX,167.0,168.5269,-0.91,2949.99,-547.75,-1.46,-549.21,-18.57,-0.05,0,1,0,1,-547.75,-1.46,-36.62
2026-04-17,8112,至上,TWSE,87.2,86.2679,1.08,23476.95,-3537.51,-10.94,-3548.45,-15.07,-0.05,0,1,0,1,-3537.51,-10.94,-36.62
2026-04-17,2421,建準,TWSE,146.5,146.524,-0.02,4353.76,-974.7,-3.0,-977.7,-22.39,-0.07,0,1,0,1,-974.7,-3.0,-36.67
2026-04-17,2409,友達,TWSE,19.85,20.0707,-1.1,365101.35,-101463.41,-267.34,-101730.75,-27.79,-0.07,0,1,0,1,-101463.41,-267.34,-36.68
2026-04-17,8299,群聯,TPEX,1570.0,1594.59,-1.54,7629.22,31.38,-1186.15,-1154.76,0.41,-15.55,1,0,0,1,31.38,-1186.15,-36.68
2026-04-17,9945,潤泰新,TWSE,24.65,24.8542,-0.82,10116.5,-5050.99,-8.0,-5058.99,-49.93,-0.08,0,1,0,1,-5050.99,-8.0,-36.7
2026-04-17,2201,裕隆,TWSE,26.75,26.9731,-0.83,4563.21,-2096.62,-4.0,-2100.62,-45.95,-0.09,0,1,0,1,-2096.62,-4.0,-36.72
2026-04-17,3227,原相,TPEX,198.0,198.6,-0.3,1101.2,-156.16,-3.15,-159.31,-14.18,-0.29,0,1,0,1,-156.16,-3.15,-36.79
2026-04-17,2889,國票金,TWSE,15.2,15.2766,-0.5,3389.11,-1265.76,-4.0,-1269.76,-37.35,-0.12,0,1,0,1,-1265.76,-4.0,-36.8
2026-04-17,2884,玉山金,TWSE,32.75,32.704,0.14,24132.22,82.25,-6025.81,-5943.56,0.34,-24.97,1,0,0,1,82.25,-6025.81,-36.82
2026-04-17,3026,禾伸堂,TWSE,233.5,234.1908,-0.29,3079.14,-700.47,-4.0,-704.47,-22.75,-0.13,0,1,0,1,-700.47,-4.0,-36.82
2026-04-17,2838,聯邦銀,TWSE,20.9,21.0629,-0.77,1533.29,-325.52,-2.0,-327.52,-21.23,-0.13,0,1,0,1,-325.52,-2.0,-36.83
2026-04-17,1409,新纖,TWSE,16.7,16.8489,-0.88,7901.56,-2880.97,-11.0,-2891.97,-36.46,-0.14,0,1,0,1,-2880.97,-11.0,-36.85
2026-04-17,3056,富華新,TWSE,14.65,14.6108,0.27,1763.28,-512.8,-3.0,-515.8,-29.08,-0.17,0,1,0,1,-512.8,-3.0,-36.93
2026-04-17,8454,富邦媒,TWSE,175.5,177.5065,-1.13,661.24,-346.07,-1.13,-347.2,-52.34,-0.17,0,1,0,1,-346.07,-1.13,-36.93
2026-04-17,2890,永豐金,TWSE,32.7,32.6713,0.09,21130.39,44.45,-4601.7,-4557.26,0.21,-21.78,1,0,0,1,44.45,-4601.7,-37.08
2026-04-17,5309,系統電,TPEX,58.8,58.8515,-0.09,3042.32,-648.0,-7.0,-655.0,-21.3,-0.23,0,1,0,1,-648.0,-7.0,-37.08
2026-04-17,2812,台中銀,TWSE,20.55,20.5397,0.05,16483.44,-6633.75,-39.0,-6672.75,-40.24,-0.24,0,1,0,1,-6633.75,-39.0,-37.09
2026-04-17,6605,帝寶,TWSE,129.5,129.9935,-0.38,411.1,-209.17,-1.0,-210.17,-50.88,-0.24,0,1,0,1,-209.17,-1.0,-37.11
2026-04-17,1720,生達,TWSE,63.0,63.196,-0.31,391.32,-228.11,-1.0,-229.11,-58.29,-0.26,0,1,0,1,-228.11,-1.0,-37.14
2026-04-17,6719,力智,TWSE,167.5,167.0037,0.3,376.18,-62.6,-1.0,-63.6,-16.64,-0.27,0,1,0,1,-62.6,-1.0,-37.16
2026-04-17,6763,綠界科技*,TPEX,48.6,48.9205,-0.66,331.92,-122.96,-1.0,-123.96,-37.05,-0.3,0,1,0,1,-122.96,-1.0,-37.25
2026-04-17,2371,大同,TWSE,33.1,33.0771,0.07,27226.39,-6010.8,-89.0,-6099.8,-22.08,-0.33,0,1,0,1,-6010.8,-89.0,-37.32
2026-04-17,1307,三芳,TWSE,31.9,32.0227,-0.38,598.66,-109.02,-2.0,-111.02,-18.21,-0.33,0,1,0,1,-109.02,-2.0,-37.34
2026-04-17,3481,群創,TWSE,25.9,26.2011,-1.15,338854.98,-111107.21,-1206.06,-112313.27,-32.79,-0.36,0,1,0,1,-111107.21,-1206.06,-37.39
2026-04-17,4536,拓凱,TWSE,156.5,157.0154,-0.33,196.46,-23.55,-2.0,-25.55,-11.99,-1.02,0,1,0,1,-23.55,-2.0,-37.45
2026-04-17,5508,永信建,TPEX,51.6,51.6229,-0.04,511.03,-98.0,-2.0,-100.0,-19.18,-0.39,0,1,0,1,-98.0,-2.0,-37.48
2026-04-17,1476,儒鴻,TWSE,349.5,347.0038,0.72,779.93,-92.02,-8.42,-100.43,-11.8,-1.08,0,1,0,1,-92.02,-8.42,-37.5
2026-04-17,6213,聯茂,TWSE,270.5,263.8874,2.51,66569.56,-14407.75,-310.0,-14717.75,-21.64,-0.47,0,1,0,1,-14407.75,-310.0,-37.66
2026-04-17,9910,豐泰,TWSE,77.5,77.9938,-0.63,1537.83,-232.7,-7.27,-239.97,-15.13,-0.47,0,1,0,1,-232.7,-7.27,-37.68
2026-04-17,2348,海悅,TWSE,77.5,77.7532,-0.33,201.35,-66.24,-1.0,-67.24,-32.9,-0.5,0,1,0,1,-66.24,-1.0,-37.74
2026-04-17,2855,統一證,TWSE,32.45,32.6866,-0.72,4708.3,-1520.86,-28.0,-1548.86,-32.3,-0.59,0,1,0,1,-1520.86,-28.0,-37.99
2026-04-17,6412,群電,TWSE,78.6,78.8947,-0.37,942.7,-195.02,-5.77,-200.79,-20.69,-0.61,0,1,0,1,-195.02,-5.77,-38.03
2026-04-17,4736,泰博,TWSE,125.5,125.1639,0.27,141.7,-66.76,-1.0,-67.76,-47.11,-0.71,0,1,0,1,-66.76,-1.0,-38.26
2026-04-17,8131,福懋科,TWSE,60.7,60.9067,-0.34,2545.96,-690.8,-19.0,-709.8,-27.13,-0.75,0,1,0,1,-690.8,-19.0,-38.37
2026-04-17,1810,和成,TWSE,18.5,18.6828,-0.98,4140.68,-610.7,-31.16,-641.86,-14.75,-0.75,0,1,0,1,-610.7,-31.16,-38.38
2026-04-17,3491,昇達科,TPEX,1670.0,1707.87,-2.22,2380.28,-667.12,-18.23,-685.35,-28.03,-0.77,0,1,0,1,-667.12,-18.23,-38.41
2026-04-17,2915,潤泰全,TWSE,45.2,45.1727,0.06,3251.15,-732.61,-25.0,-757.61,-22.53,-0.77,0,1,0,1,-732.61,-25.0,-38.42
2026-04-17,2892,第一金,TWSE,28.8,28.7361,0.22,13533.68,-358.33,-1087.55,-1445.88,-2.65,-8.04,0,1,0,1,-358.33,-1087.55,-38.43
2026-04-17,2354,鴻準,TWSE,51.6,52.2083,-1.17,5367.84,-913.12,-42.0,-955.12,-17.01,-0.78,0,1,0,1,-913.12,-42.0,-38.46
2026-04-17,1402,遠東新,TWSE,26.3,26.2841,0.06,15689.77,-4677.75,-128.29,-4806.04,-29.81,-0.82,0,1,0,1,-4677.75,-128.29,-38.54
2026-04-17,2233,宇隆,TWSE,231.5,230.2781,0.53,460.29,-73.7,-4.0,-77.7,-16.01,-0.87,0,1,0,1,-73.7,-4.0,-38.67
2026-04-17,3705,永信,TWSE,55.4,55.6286,-0.41,222.89,-59.34,-2.0,-61.34,-26.62,-0.9,0,1,0,1,-59.34,-2.0,-38.74
2026-04-17,6024,群益期,TWSE,56.4,56.2725,0.23,221.59,-74.24,-2.0,-76.24,-33.5,-0.9,0,1,0,1,-74.24,-2.0,-38.76
2026-04-17,6768,志強-KY,TWSE,85.4,85.6404,-0.28,381.21,-97.03,-3.51,-100.53,-25.45,-0.92,0,1,0,1,-97.03,-3.51,-38.8
2026-04-17,2618,長榮航,TWSE,35.3,35.2606,0.11,19391.31,-224.61,-1833.45,-2058.06,-1.16,-9.46,0,1,0,1,-224.61,-1833.45,-38.94
2026-04-17,1608,華榮,TWSE,33.15,33.2421,-0.28,1793.5,-253.85,-17.69,-271.54,-14.15,-0.99,0,1,0,1,-253.85,-17.69,-38.97
2026-04-17,2331,精英,TWSE,21.8,22.0063,-0.94,2601.11,-535.23,-26.0,-561.23,-20.58,-1.0,0,1,0,1,-535.23,-26.0,-39.0
2026-04-17,2009,第一銅,TWSE,40.5,40.4492,0.13,1889.79,-543.21,-19.0,-562.21,-28.74,-1.01,0,1,0,1,-543.21,-19.0,-39.01
2026-04-17,4961,天鈺,TWSE,153.0,154.0236,-0.66,1050.73,-238.4,-11.0,-249.4,-22.69,-1.05,0,1,0,1,-238.4,-11.0,-39.12
2026-04-17,6409,旭隼,TWSE,781.0,780.594,0.05,541.28,-107.51,-5.81,-113.33,-19.86,-1.07,0,1,0,1,-107.51,-5.81,-39.18
2026-04-17,2609,陽明,TWSE,50.7,50.6224,0.15,12826.38,-4355.61,-145.45,-4501.07,-33.96,-1.13,0,1,0,1,-4355.61,-145.45,-39.34
2026-04-17,2539,櫻花建,TWSE,46.7,46.6177,0.18,991.4,-206.89,-11.98,-218.88,-20.87,-1.21,0,1,0,1,-206.89,-11.98,-39.52
2026-04-17,2383,台光電,TWSE,3800.0,3802.411,-0.06,2796.39,-49.31,-256.34,-305.65,-1.76,-9.17,0,1,0,1,-49.31,-256.34,-39.69
2026-04-17,1504,東元,TWSE,62.9,62.7321,0.27,8359.69,-1904.6,-127.0,-2031.6,-22.78,-1.52,0,1,0,1,-1904.6,-127.0,-40.3
2026-04-17,2605,新興,TWSE,35.65,35.8715,-0.62,9549.31,-87.14,-1000.0,-1087.14,-0.91,-10.47,0,1,0,1,-87.14,-1000.0,-40.43
2026-04-17,3036,文曄,TWSE,230.0,229.3688,0.28,6989.46,-748.3,-171.12,-919.42,-10.71,-2.45,0,1,0,1,-748.3,-171.12,-41.14
2026-04-17,1907,永豐餘,TWSE,25.55,25.8314,-1.09,1040.96,-306.75,-19.81,-326.57,-29.47,-1.9,0,1,0,1,-306.75,-19.81,-41.26
2026-04-17,8422,可寧衛*,TWSE,29.45,29.7418,-0.98,11704.62,-1600.58,-224.0,-1824.58,-13.67,-1.91,0,1,0,1,-1600.58,-224.0,-41.28
2026-04-17,1522,堤維西,TWSE,32.8,33.1154,-0.95,1030.94,-434.44,-20.5,-454.94,-42.14,-1.99,0,1,0,1,-434.44,-20.5,-41.47
2026-04-17,2528,皇普,TWSE,24.05,24.0303,0.08,733.16,-263.48,-15.0,-278.48,-35.94,-2.05,0,1,0,1,-263.48,-15.0,-41.61
2026-04-17,6176,瑞儀,TWSE,90.9,91.2394,-0.37,4315.54,-13.46,-612.09,-625.56,-0.31,-14.18,0,1,0,1,-13.46,-612.09,-41.72
2026-04-17,6538,倉和,TPEX,72.5,72.7904,-0.4,52.72,-15.0,-1.23,-16.23,-28.45,-2.33,0,1,0,1,-15.0,-1.23,-42.31
2026-04-17,2530,華建,TWSE,22.6,22.6256,-0.11,853.32,-92.41,-26.0,-118.41,-10.83,-3.05,0,1,0,1,-92.41,-26.0,-43.22
2026-04-17,2886,兆豐金,TWSE,39.5,39.4118,0.22,19946.46,-426.0,-1987.49,-2413.49,-2.14,-9.96,0,1,0,1,-426.0,-1987.49,-43.36
2026-04-17,2204,中華,TWSE,54.5,54.6946,-0.36,1076.35,-661.25,-31.08,-692.34,-61.43,-2.89,0,1,0,1,-661.25,-31.08,-43.72
2026-04-17,1519,華城,TWSE,872.0,868.5546,0.4,3720.44,-445.72,-111.65,-557.37,-11.98,-3.0,0,1,0,1,-445.72,-111.65,-43.99
2026-04-17,2207,和泰車,TWSE,515.0,513.5978,0.27,266.45,-15.18,-19.07,-34.25,-5.7,-7.16,0,1,0,1,-15.18,-19.07,-44.07
2026-04-17,3005,神基,TWSE,98.9,99.6186,-0.72,6156.31,-84.26,-953.0,-1037.26,-1.37,-15.48,0,1,0,1,-84.26,-953.0,-44.24
2026-04-17,6005,群益證,TWSE,27.6,27.6114,-0.04,18183.92,-11380.64,-587.95,-11968.59,-62.59,-3.23,0,1,0,1,-11380.64,-587.95,-44.58
2026-04-17,1702,南僑,TWSE,36.7,36.8092,-0.3,152.54,-9.54,-10.6,-20.14,-6.25,-6.95,0,1,0,1,-9.54,-10.6,-44.95
2026-04-17,1532,勤美,TWSE,21.8,21.9293,-0.59,763.89,-419.12,-26.07,-445.19,-54.87,-3.41,0,1,0,1,-419.12,-26.07,-45.03
2026-04-17,2883,凱基金,TWSE,20.95,20.8878,0.3,32112.06,-10493.26,-1111.61,-11604.87,-32.68,-3.46,0,1,0,1,-10493.26,-1111.61,-45.15
2026-04-17,5289,宜鼎,TPEX,1005.0,1024.2612,-1.88,6587.65,-130.24,-1011.3,-1141.54,-1.98,-15.35,0,1,0,1,-130.24,-1011.3,-45.45
2026-04-17,9924,福興,TWSE,45.05,45.139,-0.2,92.61,-20.25,-3.53,-23.78,-21.87,-3.81,0,1,0,1,-20.25,-3.53,-46.04
2026-04-17,2337,旺宏,TWSE,131.0,133.1665,-1.63,119145.76,-15324.79,-4705.0,-20029.79,-12.86,-3.95,0,1,0,1,-15324.79,-4705.0,-46.37
2026-04-17,7765,中華資安,TWSE,232.0,234.5732,-1.1,46.08,-14.0,-1.9,-15.9,-30.38,-4.11,0,1,0,1,-14.0,-1.9,-46.79
2026-04-17,6177,達麗,TWSE,45.75,45.8932,-0.31,1149.86,-587.47,-51.0,-638.47,-51.09,-4.44,0,1,0,1,-587.47,-51.0,-47.59
2026-04-17,2330,台積電,TWSE,2030.0,2042.5591,-0.61,44433.26,-9382.77,-2185.66,-11568.43,-21.12,-4.92,0,1,0,1,-9382.77,-2185.66,-48.8
2026-04-17,2852,第一保,TWSE,26.15,26.1622,-0.05,338.1,-99.25,-17.01,-116.26,-29.36,-5.03,0,1,0,1,-99.25,-17.01,-49.08
2026-04-17,2439,美律,TWSE,90.0,90.1805,-0.2,2912.07,-329.45,-153.48,-482.93,-11.31,-5.27,0,1,0,1,-329.45,-153.48,-49.68
2026-04-17,2903,遠百,TWSE,23.05,23.0112,0.17,1864.12,-150.97,-137.0,-287.97,-8.1,-7.35,0,1,0,1,-150.97,-137.0,-51.07
2026-04-17,6805,富世達,TWSE,1870.0,1879.9087,-0.53,1741.78,-232.26,-106.0,-338.26,-13.33,-6.09,0,1,0,1,-232.26,-106.0,-51.71
2026-04-17,6670,復盛應用,TWSE,260.0,260.3075,-0.12,367.37,-96.67,-22.76,-119.43,-26.31,-6.2,0,1,0,1,-96.67,-22.76,-51.99
2026-04-17,1477,聚陽,TWSE,215.0,215.5882,-0.27,1163.38,-76.59,-107.09,-183.68,-6.58,-9.2,0,1,0,1,-76.59,-107.09,-52.68
2026-04-17,2542,興富發,TWSE,34.95,35.037,-0.25,6150.67,-2384.59,-409.0,-2793.59,-38.77,-6.65,0,1,0,1,-2384.59,-409.0,-53.12
2026-04-17,4766,南寶,TWSE,347.5,349.0777,-0.45,605.26,-67.7,-41.0,-108.7,-11.19,-6.77,0,1,0,1,-67.7,-41.0,-53.43
2026-04-17,2504,國產,TWSE,35.85,35.7915,0.16,1770.36,-650.15,-120.22,-770.36,-36.72,-6.79,0,1,0,1,-650.15,-120.22,-53.48
2026-04-17,6257,矽格,TWSE,177.5,178.7296,-0.69,10274.23,-961.21,-802.0,-1763.21,-9.36,-7.81,0,1,0,1,-961.21,-802.0,-54.73
2026-04-17,6488,環球晶,TPEX,505.0,519.0147,-2.7,5385.53,-1493.33,-410.83,-1904.15,-27.73,-7.63,0,1,0,1,-1493.33,-410.83,-55.57
2026-04-17,2603,長榮,TWSE,198.0,199.315,-0.66,15107.82,-5211.35,-1173.13,-6384.48,-34.49,-7.77,0,1,0,1,-5211.35,-1173.13,-55.91
2026-04-17,2882,國泰金,TWSE,75.0,73.7915,1.64,28380.43,-2361.45,-4589.78,-6951.23,-8.32,-16.17,0,1,0,1,-2361.45,-4589.78,-58.14
2026-04-17,1582,信錦,TWSE,99.2,99.6408,-0.44,4248.05,-1204.39,-378.13,-1582.51,-28.35,-8.9,0,1,0,1,-1204.39,-378.13,-58.75
2026-04-17,2887,台新新光金,TWSE,24.3,24.3904,-0.37,81359.26,-32617.96,-7255.7,-39873.66,-40.09,-8.92,0,1,0,1,-32617.96,-7255.7,-58.8
2026-04-17,2610,華航,TWSE,18.3,18.31,-0.05,24866.24,-2255.31,-4403.0,-6658.31,-9.07,-17.71,0,1,0,1,-2255.31,-4403.0,-59.64
2026-04-17,1102,亞泥,TWSE,35.7,35.5892,0.31,12294.26,-2598.64,-1358.17,-3956.81,-21.14,-11.05,0,1,0,1,-2598.64,-1358.17,-61.5
2026-04-17,1210,大成,TWSE,54.2,54.3578,-0.29,1918.46,-343.48,-250.0,-593.48,-17.9,-13.03,0,1,0,1,-343.48,-250.0,-61.5
2026-04-17,1215,卜蜂,TWSE,142.5,142.9323,-0.3,983.37,-445.27,-117.0,-562.27,-45.28,-11.9,0,1,0,1,-445.27,-117.0,-61.5
2026-04-17,1303,南亞,TWSE,87.7,88.3489,-0.73,96984.03,-9772.4,-10879.8,-20652.2,-10.08,-11.22,0,1,0,1,-9772.4,-10879.8,-61.5
2026-04-17,1319,東陽,TWSE,78.5,78.8765,-0.48,3248.47,-868.06,-825.53,-1693.59,-26.72,-25.41,0,1,0,1,-868.06,-825.53,-61.5
2026-04-17,1513,中興電,TWSE,153.0,153.8132,-0.53,5865.73,-1064.85,-607.0,-1671.85,-18.15,-10.35,0,1,0,1,-1064.85,-607.0,-61.5
2026-04-17,2385,群光,TWSE,125.5,125.6554,-0.12,4518.02,-511.85,-526.1,-1037.95,-11.33,-11.64,0,1,0,1,-511.85,-526.1,-61.5
2026-04-17,2449,京元電子,TWSE,275.0,277.0045,-0.72,27061.83,-5114.98,-3150.36,-8265.34,-18.9,-11.64,0,1,0,1,-5114.98,-3150.36,-61.5
2026-04-17,2881,富邦金,TWSE,88.0,87.2197,0.89,24660.21,-4564.05,-3003.52,-7567.57,-18.51,-12.18,0,1,0,1,-4564.05,-3003.52,-61.5
2026-04-17,2891,中信金,TWSE,53.1,52.7386,0.69,44474.7,-12749.63,-9734.74,-22484.37,-28.67,-21.89,0,1,0,1,-12749.63,-9734.74,-61.5
2026-04-17,6147,頎邦,TPEX,115.0,120.5865,-4.63,23474.06,-2440.99,-2710.97,-5151.97,-10.4,-11.55,0,1,0,1,-2440.99,-2710.97,-61.5
2026-04-17,6239,力成,TWSE,207.5,208.1605,-0.32,8355.43,-874.9,-2195.0,-3069.91,-10.47,-26.27,0,1,0,1,-874.9,-2195.0,-61.5
2026-04-17,9904,寶成,TWSE,27.9,27.9561,-0.2,16297.17,-5172.22,-1718.28,-6890.5,-31.74,-10.54,0,1,0,1,-5172.22,-1718.28,-61.5
2026-04-17,9907,統一實,TWSE,18.0,18.0172,-0.1,2908.37,-1091.08,-311.07,-1402.15,-37.52,-10.7,0,1,0,1,-1091.08,-311.07,-61.5
