latest_date,stock_id,name,market,observed_days,close,5d_avg_price,close_vs_avg_pct,5d_volume_lot,5d_foreign_net_lot,5d_trust_net_lot,5d_inst_net_lot,foreign_net_volume_pct,trust_net_volume_pct,foreign_buy_streak,foreign_sell_streak,trust_buy_streak,trust_sell_streak,latest_foreign_net_lot,latest_trust_net_lot,top_buy_branch_name,top_buy_branch_net_lot,top_buy_branch_avg_price,top_sell_branch_name,top_sell_branch_net_lot,top_sell_branch_avg_price,branch_score,chip_score,total_score
2026-04-17,2376,技嘉,TWSE,5,281.5,276.0538,1.97,71540.59,16427.29,740.97,17168.27,22.96,1.04,5,0,5,0,3092.05,5.73,富邦,9574.0,279.4,凱基,-3773.0,277.13,23.42,63.09,86.51
2026-04-17,2501,國建,TWSE,5,24.45,24.4452,0.02,16501.15,6388.48,95.0,6483.48,38.72,0.58,5,0,5,0,90.76,20.0,美商高盛,2015.0,24.49,國票-長城,-798.0,24.42,22.24,61.94,84.18
2026-04-17,5439,高技,TPEX,5,401.5,379.1191,5.9,64296.0,5740.98,3960.93,9701.91,8.93,6.16,5,0,5,0,479.3,405.93,,,,,,,0.0,67.76,67.76
2026-04-17,2820,華票,TWSE,5,17.2,17.1562,0.26,5393.29,1542.18,129.0,1671.18,28.59,2.39,5,0,5,0,130.68,28.0,,,,,,,0.0,66.48,66.48
2026-04-17,3661,世芯-KY,TWSE,5,3515.0,3365.6508,4.44,14367.57,3207.25,697.22,3904.47,22.32,4.85,5,0,4,0,219.53,159.98,,,,,,,0.0,64.13,64.13
2026-04-17,3532,台勝科,TWSE,5,188.5,186.6762,0.98,30114.99,3453.45,1677.0,5130.45,11.47,5.57,5,0,0,0,39.17,0.0,,,,,,,0.0,61.92,61.92
2026-04-17,2454,聯發科,TWSE,5,1925.0,1812.6547,6.2,79609.82,11571.67,2551.65,14123.32,14.54,3.21,5,0,4,0,5340.3,1283.63,,,,,,,0.0,60.01,60.01
2026-04-17,2492,華新科,TWSE,5,147.0,144.1971,1.94,107711.02,15173.17,125.0,15298.17,14.09,0.12,4,0,5,0,1283.23,6.0,,,,,,,0.0,58.15,58.15
2026-04-17,1434,福懋,TWSE,5,16.8,16.8548,-0.33,11147.41,2495.02,131.0,2626.02,22.38,1.18,2,0,5,0,185.37,28.0,,,,,,,0.0,57.44,57.44
2026-04-17,1301,台塑,TWSE,5,53.4,52.5819,1.56,324668.75,147676.17,1003.66,148679.83,45.49,0.31,5,0,3,0,662.56,450.97,,,,,,,0.0,56.27,56.27
2026-04-17,1232,大統益,TWSE,5,150.0,149.745,0.17,436.72,130.43,13.0,143.43,29.86,2.98,5,0,0,0,14.4,0.0,,,,,,,0.0,55.44,55.44
2026-04-17,3596,智易,TWSE,5,177.0,175.2919,0.97,7893.97,1533.21,5.0,1538.21,19.42,0.06,3,0,4,0,119.41,1.0,,,,,,,0.0,54.16,54.16
2026-04-17,2327,國巨*,TWSE,5,316.5,315.2072,0.41,365014.83,42066.03,8526.1,50592.13,11.52,2.34,0,1,5,0,-3639.89,27.39,,,,,,,0.0,53.43,53.43
2026-04-17,9917,中保科,TWSE,5,116.5,115.7167,0.68,2466.64,511.09,94.0,605.09,20.72,3.81,4,0,0,1,82.12,-63.0,,,,,,,0.0,53.03,53.03
2026-04-17,6488,環球晶,TPEX,5,505.0,515.9789,-2.13,39323.0,5040.93,2876.62,7917.55,12.82,7.32,0,1,0,1,-1493.33,-410.83,,,,,,,0.0,51.79,51.79
2026-04-17,6023,元大期,TPEX,5,99.5,99.2327,0.27,893.0,-13.0,169.0,156.0,-1.46,18.92,0,1,5,0,-1.0,4.0,,,,,,,0.0,50.59,50.59
2026-04-17,8069,元太,TPEX,5,155.0,151.0978,2.58,25684.0,2826.76,344.3,3171.06,11.01,1.34,0,1,5,0,-507.5,72.56,,,,,,,0.0,49.73,49.73
2026-04-17,3090,日電貿,TWSE,5,108.5,107.0313,1.37,54417.85,6256.23,192.13,6448.36,11.5,0.35,5,0,1,0,1112.07,254.04,,,,,,,0.0,48.86,48.86
2026-04-17,2897,王道銀行,TWSE,5,10.2,10.281,-0.79,21120.13,7541.57,194.0,7735.57,35.71,0.92,0,2,5,0,-222.43,44.0,,,,,,,0.0,48.8,48.8
2026-04-17,6515,穎崴,TWSE,5,10305.0,9288.3049,10.95,2206.05,12.09,377.86,389.94,0.55,17.13,1,0,5,0,8.02,90.2,,,,,,,0.0,48.6,48.6
2026-04-17,3588,通嘉,TWSE,5,54.6,53.5027,2.05,1830.34,584.98,2.0,586.98,31.96,0.11,5,0,0,0,77.98,0.0,,,,,,,0.0,48.27,48.27
2026-04-17,6579,研揚,TWSE,5,118.0,118.1474,-0.12,1162.78,303.84,1.0,304.84,26.13,0.09,5,0,0,0,36.84,0.0,,,,,,,0.0,48.22,48.22
2026-04-17,2258,鴻華先進-創,TWSE,5,28.3,28.2728,0.1,4778.65,864.64,2.0,866.64,18.09,0.04,5,0,0,0,5.64,0.0,,,,,,,0.0,48.1,48.1
2026-04-17,1103,嘉泥,TWSE,5,14.0,13.8986,0.73,1158.43,413.96,0.0,413.96,35.73,0.0,5,0,0,0,79.96,0.0,,,,,,,0.0,48.0,48.0
2026-04-17,1108,幸福,TWSE,5,14.9,14.8584,0.28,1437.63,383.01,0.0,383.01,26.64,0.0,5,0,0,0,24.01,0.0,,,,,,,0.0,48.0,48.0
2026-04-17,1109,信大,TWSE,5,15.5,15.4591,0.26,729.54,205.85,0.0,205.85,28.22,0.0,5,0,0,0,15.85,0.0,,,,,,,0.0,48.0,48.0
2026-04-17,1203,味王,TWSE,5,43.4,42.1908,2.87,364.3,147.19,0.0,147.19,40.4,0.0,5,0,0,0,28.19,0.0,,,,,,,0.0,48.0,48.0
2026-04-17,1225,福懋油,TWSE,5,33.3,33.7796,-1.42,1634.66,290.2,0.0,290.2,17.75,0.0,5,0,0,0,2.2,0.0,,,,,,,0.0,48.0,48.0
2026-04-17,1233,天仁,TWSE,5,29.5,29.5048,-0.02,65.61,19.11,0.0,19.11,29.12,0.0,5,0,0,0,3.11,0.0,,,,,,,0.0,48.0,48.0
2026-04-17,1315,達新,TWSE,5,64.9,64.3036,0.93,173.1,54.25,0.0,54.25,31.34,0.0,5,0,0,0,11.25,0.0,,,,,,,0.0,48.0,48.0
2026-04-17,1341,富林-KY,TWSE,5,60.3,60.2164,0.14,37.39,11.13,0.0,11.13,29.76,0.0,5,0,0,0,3.13,0.0,,,,,,,0.0,48.0,48.0
2026-04-17,1413,宏洲,TWSE,5,9.85,9.7618,0.9,120.02,61.5,0.0,61.5,51.24,0.0,5,0,0,0,12.5,0.0,,,,,,,0.0,48.0,48.0
2026-04-17,1416,廣豐,TWSE,5,11.7,11.6254,0.64,1069.32,198.93,0.0,198.93,18.6,0.0,5,0,0,0,9.93,0.0,,,,,,,0.0,48.0,48.0
2026-04-17,1418,東華,TWSE,5,18.75,18.5947,0.84,68.5,22.24,0.0,22.24,32.46,0.0,5,0,0,0,3.24,0.0,,,,,,,0.0,48.0,48.0
2026-04-17,1441,大東,TWSE,5,9.8,9.8056,-0.06,164.87,49.32,0.0,49.32,29.91,0.0,5,0,0,0,3.32,0.0,,,,,,,0.0,48.0,48.0
2026-04-17,1443,立益物流,TWSE,5,24.0,23.6264,1.58,281.4,97.67,0.0,97.67,34.71,0.0,5,0,0,0,19.67,0.0,,,,,,,0.0,48.0,48.0
2026-04-17,1445,大宇,TWSE,5,13.1,12.8735,1.76,377.93,82.36,0.0,82.36,21.79,0.0,5,0,0,0,6.32,0.0,,,,,,,0.0,48.0,48.0
2026-04-17,1452,宏益,TWSE,5,12.0,11.9371,0.53,473.27,117.66,0.0,117.66,24.86,0.0,5,0,0,0,16.65,0.0,,,,,,,0.0,48.0,48.0
2026-04-17,1463,強盛新,TWSE,5,18.0,17.9657,0.19,449.62,329.43,0.0,329.43,73.27,0.0,5,0,0,0,11.43,0.0,,,,,,,0.0,48.0,48.0
2026-04-17,1468,昶和,TWSE,5,12.1,12.1539,-0.44,446.48,100.22,0.0,100.22,22.45,0.0,5,0,0,0,12.22,0.0,,,,,,,0.0,48.0,48.0
2026-04-17,1470,大統新創,TWSE,5,23.0,22.7156,1.25,104.45,32.31,0.0,32.31,30.93,0.0,5,0,0,0,9.31,0.0,,,,,,,0.0,48.0,48.0
2026-04-17,1512,瑞利,TWSE,5,7.45,7.3219,1.75,645.86,154.0,0.0,154.0,23.84,0.0,5,0,0,0,13.0,0.0,,,,,,,0.0,48.0,48.0
2026-04-17,1521,大億,TWSE,5,25.35,25.0704,1.12,118.97,39.38,0.0,39.38,33.1,0.0,5,0,0,0,9.38,0.0,,,,,,,0.0,48.0,48.0
2026-04-17,1525,江申,TWSE,5,60.8,60.9921,-0.32,169.47,50.25,0.0,50.25,29.65,0.0,5,0,0,0,8.25,0.0,,,,,,,0.0,48.0,48.0
2026-04-17,1527,鑽全,TWSE,5,33.0,32.9299,0.21,1002.72,190.69,0.0,190.69,19.02,0.0,5,0,0,0,24.68,0.0,,,,,,,0.0,48.0,48.0
2026-04-17,1530,亞崴,TWSE,5,28.35,27.53,2.98,218.29,49.48,0.0,49.48,22.67,0.0,5,0,0,0,8.48,0.0,,,,,,,0.0,48.0,48.0
2026-04-17,1539,巨庭,TWSE,5,16.45,16.2479,1.24,845.85,145.17,0.0,145.17,17.16,0.0,5,0,0,0,0.17,0.0,,,,,,,0.0,48.0,48.0
2026-04-17,1614,三洋電,TWSE,5,32.3,32.0968,0.63,358.93,157.26,0.0,157.26,43.81,0.0,5,0,0,0,20.26,0.0,,,,,,,0.0,48.0,48.0
2026-04-17,1723,中碳,TWSE,5,81.2,80.9634,0.29,6503.18,1565.22,0.0,1565.22,24.07,0.0,5,0,0,0,25.18,0.0,,,,,,,0.0,48.0,48.0
2026-04-17,1731,美吾華,TWSE,5,21.85,21.8508,-0.0,556.96,102.33,0.0,102.33,18.37,0.0,5,0,0,0,15.33,0.0,,,,,,,0.0,48.0,48.0
2026-04-17,1734,杏輝,TWSE,5,32.15,31.9028,0.77,2095.46,533.9,0.0,533.9,25.48,0.0,5,0,0,0,78.95,0.0,,,,,,,0.0,48.0,48.0
2026-04-17,1737,臺鹽,TWSE,5,32.2,32.1175,0.26,509.12,128.0,0.0,128.0,25.14,0.0,5,0,0,0,21.0,0.0,,,,,,,0.0,48.0,48.0
2026-04-17,1752,南光,TWSE,5,35.55,35.6304,-0.23,287.58,65.41,0.0,65.41,22.75,0.0,5,0,0,0,11.41,0.0,,,,,,,0.0,48.0,48.0
2026-04-17,1817,凱撒衛,TWSE,5,38.7,38.6884,0.03,280.16,51.35,0.0,51.35,18.33,0.0,5,0,0,0,3.35,0.0,,,,,,,0.0,48.0,48.0
2026-04-17,1903,士紙,TWSE,5,49.3,49.5679,-0.54,1160.01,185.89,0.0,185.89,16.02,0.0,5,0,0,0,36.65,0.0,,,,,,,0.0,48.0,48.0
2026-04-17,2008,高興昌,TWSE,5,27.4,27.4004,-0.0,213.42,111.95,0.0,111.95,52.46,0.0,5,0,0,0,15.95,0.0,,,,,,,0.0,48.0,48.0
2026-04-17,2012,春雨,TWSE,5,16.0,15.8724,0.8,298.07,126.86,0.0,126.86,42.56,0.0,5,0,0,0,20.85,0.0,,,,,,,0.0,48.0,48.0
2026-04-17,2024,志聯,TWSE,5,14.95,14.5932,2.44,108.29,49.0,0.0,49.0,45.25,0.0,5,0,0,0,9.0,0.0,,,,,,,0.0,48.0,48.0
2026-04-17,2034,允強,TWSE,5,21.0,20.7329,1.29,6113.62,1769.2,0.0,1769.2,28.94,0.0,5,0,0,0,533.2,0.0,,,,,,,0.0,48.0,48.0
2026-04-17,2038,海光,TWSE,5,15.2,15.4201,-1.43,2157.09,364.97,0.0,364.97,16.92,0.0,5,0,0,0,81.97,0.0,,,,,,,0.0,48.0,48.0
2026-04-17,2062,橋椿,TWSE,5,22.0,22.0833,-0.38,1878.66,661.99,0.0,661.99,35.24,0.0,5,0,0,0,105.99,0.0,,,,,,,0.0,48.0,48.0
2026-04-17,2109,華豐,TWSE,5,14.7,14.7287,-0.2,588.52,171.2,0.0,171.2,29.09,0.0,5,0,0,0,17.2,0.0,,,,,,,0.0,48.0,48.0
2026-04-17,2114,鑫永銓,TWSE,5,88.9,88.9701,-0.08,143.59,29.39,0.0,29.39,20.47,0.0,5,0,0,0,3.39,0.0,,,,,,,0.0,48.0,48.0
2026-04-17,2243,宏旭-KY,TWSE,5,23.6,23.1898,1.77,5593.12,925.85,0.0,925.85,16.55,0.0,5,0,0,0,236.35,0.0,,,,,,,0.0,48.0,48.0
2026-04-17,2250,IKKA-KY,TWSE,5,64.0,63.0193,1.56,367.41,89.08,0.0,89.08,24.24,0.0,5,0,0,0,1.08,0.0,,,,,,,0.0,48.0,48.0
2026-04-17,2254,巨鎧精密-創,TWSE,5,70.5,69.4138,1.56,91.84,28.32,0.0,28.32,30.83,0.0,5,0,0,0,9.32,0.0,,,,,,,0.0,48.0,48.0
2026-04-17,2349,錸德,TWSE,5,13.75,13.812,-0.45,28831.74,4482.36,0.0,4482.36,15.55,0.0,5,0,0,0,720.46,0.0,,,,,,,0.0,48.0,48.0
2026-04-17,2405,輔信,TWSE,5,15.75,15.7432,0.04,9284.15,1398.71,0.0,1398.71,15.07,0.0,5,0,0,0,123.71,0.0,,,,,,,0.0,48.0,48.0
2026-04-17,2415,錩新,TWSE,5,29.05,29.0218,0.1,827.76,191.45,0.0,191.45,23.13,0.0,5,0,0,0,25.45,0.0,,,,,,,0.0,48.0,48.0
2026-04-17,2417,圓剛,TWSE,5,41.4,40.8905,1.25,5590.45,1593.73,0.0,1593.73,28.51,0.0,5,0,0,0,339.73,0.0,,,,,,,0.0,48.0,48.0
2026-04-17,2433,互盛電,TWSE,5,46.0,45.8827,0.26,176.51,65.66,0.0,65.66,37.2,0.0,5,0,0,0,10.66,0.0,,,,,,,0.0,48.0,48.0
2026-04-17,2509,全坤建,TWSE,5,14.5,14.3623,0.96,985.44,219.12,0.0,219.12,22.24,0.0,5,0,0,0,54.12,0.0,,,,,,,0.0,48.0,48.0
2026-04-17,2524,京城,TWSE,5,39.75,39.1723,1.47,499.15,251.48,0.0,251.48,50.38,0.0,5,0,0,0,26.07,0.0,,,,,,,0.0,48.0,48.0
2026-04-17,2701,萬企,TWSE,5,10.95,10.9273,0.21,757.85,290.24,0.0,290.24,38.3,0.0,5,0,0,0,43.24,0.0,,,,,,,0.0,48.0,48.0
2026-04-17,2849,安泰銀,TWSE,5,14.1,13.8377,1.9,1014.77,714.46,0.0,714.46,70.41,0.0,5,0,0,0,106.46,0.0,,,,,,,0.0,48.0,48.0
2026-04-17,2867,三商壽,TWSE,5,7.87,7.8513,0.24,59864.2,27938.44,0.0,27938.44,46.67,0.0,5,0,0,0,1264.44,0.0,,,,,,,0.0,48.0,48.0
2026-04-17,2901,欣欣,TWSE,5,23.55,23.5986,-0.21,209.3,41.3,0.0,41.3,19.73,0.0,5,0,0,0,6.37,0.0,,,,,,,0.0,48.0,48.0
2026-04-17,2906,高林,TWSE,5,13.0,12.9673,0.25,511.05,159.52,0.0,159.52,31.21,0.0,5,0,0,0,16.52,0.0,,,,,,,0.0,48.0,48.0
2026-04-17,2910,統領,TWSE,5,22.75,22.5218,1.01,164.01,81.87,0.0,81.87,49.92,0.0,5,0,0,0,13.87,0.0,,,,,,,0.0,48.0,48.0
2026-04-17,2945,三商家購,TWSE,5,42.3,42.0334,0.63,74.88,26.34,0.0,26.34,35.17,0.0,5,0,0,0,4.34,0.0,,,,,,,0.0,48.0,48.0
2026-04-17,3169,亞信,TPEX,5,95.4,93.0908,2.48,1169.0,210.0,0.0,210.0,17.96,0.0,5,0,0,0,34.0,0.0,,,,,,,0.0,48.0,48.0
2026-04-17,3266,昇陽,TWSE,5,14.15,13.8806,1.94,440.71,136.11,0.0,136.11,30.88,0.0,5,0,0,0,34.11,0.0,,,,,,,0.0,48.0,48.0
2026-04-17,3390,旭軟,TPEX,5,24.25,24.358,-0.44,3110.0,681.0,0.0,681.0,21.9,0.0,5,0,0,0,19.0,0.0,,,,,,,0.0,48.0,48.0
2026-04-17,3501,維熹,TWSE,5,47.95,48.086,-0.28,657.79,122.9,0.0,122.9,18.68,0.0,5,0,0,0,23.59,0.0,,,,,,,0.0,48.0,48.0
2026-04-17,3528,安馳,TWSE,5,72.3,71.2833,1.43,1637.35,371.3,0.0,371.3,22.68,0.0,5,0,0,0,170.3,0.0,,,,,,,0.0,48.0,48.0
2026-04-17,3546,宇峻,TPEX,5,71.4,70.8038,0.84,818.0,220.12,0.0,220.12,26.91,0.0,5,0,0,0,38.0,0.0,,,,,,,0.0,48.0,48.0
2026-04-17,3652,精聯,TWSE,5,28.0,27.7053,1.06,233.91,48.38,0.0,48.38,20.68,0.0,5,0,0,0,3.38,0.0,,,,,,,0.0,48.0,48.0
2026-04-17,3679,新至陞,TWSE,5,122.0,121.3156,0.56,289.57,101.16,0.0,101.16,34.93,0.0,5,0,0,0,16.16,0.0,,,,,,,0.0,48.0,48.0
2026-04-17,3717,聯嘉投控,TWSE,5,21.9,22.0982,-0.9,6408.61,1318.01,0.0,1318.01,20.57,0.0,5,0,0,0,213.01,0.0,,,,,,,0.0,48.0,48.0
2026-04-17,4106,雃博,TWSE,5,22.5,22.3622,0.62,366.61,83.48,0.0,83.48,22.77,0.0,5,0,0,0,36.5,0.0,,,,,,,0.0,48.0,48.0
2026-04-17,4506,崇友,TPEX,5,120.5,120.8288,-0.27,219.0,89.0,0.0,89.0,40.64,0.0,5,0,0,0,2.0,0.0,,,,,,,0.0,48.0,48.0
2026-04-17,4564,元翎,TWSE,5,19.85,19.3039,2.83,5110.86,864.56,0.0,864.56,16.92,0.0,5,0,0,0,312.56,0.0,,,,,,,0.0,48.0,48.0
2026-04-17,4572,駐龍,TWSE,5,146.5,144.2048,1.59,217.31,70.23,0.0,70.23,32.32,0.0,5,0,0,0,15.2,0.0,,,,,,,0.0,48.0,48.0
2026-04-17,4590,富田-創,TWSE,5,77.3,76.4113,1.16,988.81,221.09,0.0,221.09,22.36,0.0,5,0,0,0,36.0,0.0,,,,,,,0.0,48.0,48.0
2026-04-17,4952,凌通,TWSE,5,42.5,42.1849,0.75,1517.56,246.54,0.0,246.54,16.25,0.0,5,0,0,0,44.54,0.0,,,,,,,0.0,48.0,48.0
2026-04-17,5007,三星,TWSE,5,57.7,57.4802,0.38,227.12,111.01,0.0,111.01,48.88,0.0,5,0,0,0,15.47,0.0,,,,,,,0.0,48.0,48.0
2026-04-17,5215,科嘉-KY,TWSE,5,38.35,38.0053,0.91,288.45,58.16,0.0,58.16,20.16,0.0,5,0,0,0,2.16,0.0,,,,,,,0.0,48.0,48.0
2026-04-17,5465,富驊,TPEX,5,26.0,25.7706,0.89,562.0,103.0,0.0,103.0,18.33,0.0,5,0,0,0,3.0,0.0,,,,,,,0.0,48.0,48.0
2026-04-17,5525,順天,TWSE,5,25.25,25.2372,0.05,491.4,216.58,0.0,216.58,44.07,0.0,5,0,0,0,21.58,0.0,,,,,,,0.0,48.0,48.0
2026-04-17,5538,東明-KY,TWSE,5,32.0,31.5783,1.34,252.25,110.0,0.0,110.0,43.61,0.0,5,0,0,0,29.0,0.0,,,,,,,0.0,48.0,48.0
2026-04-17,6112,邁達特,TWSE,5,48.05,47.5151,1.13,2893.62,926.3,0.0,926.3,32.01,0.0,5,0,0,0,250.3,0.0,,,,,,,0.0,48.0,48.0
2026-04-17,6115,鎰勝,TWSE,5,47.8,47.5612,0.5,735.61,159.93,0.0,159.93,21.74,0.0,5,0,0,0,11.93,0.0,,,,,,,0.0,48.0,48.0
2026-04-17,6164,華興,TWSE,5,13.0,12.8327,1.3,5229.88,1094.4,0.0,1094.4,20.93,0.0,5,0,0,0,271.4,0.0,,,,,,,0.0,48.0,48.0
2026-04-17,6167,久正,TPEX,5,14.2,14.2022,-0.02,6227.0,934.02,0.0,934.02,15.0,0.0,5,0,0,0,116.0,0.0,,,,,,,0.0,48.0,48.0
2026-04-17,6183,關貿,TWSE,5,95.3,94.1903,1.18,164.13,84.57,0.0,84.57,51.53,0.0,5,0,0,0,11.56,0.0,,,,,,,0.0,48.0,48.0
2026-04-17,6184,大豐電,TWSE,5,47.55,47.5837,-0.07,279.21,95.39,0.0,95.39,34.17,0.0,5,0,0,0,16.39,0.0,,,,,,,0.0,48.0,48.0
2026-04-17,6201,亞弘電,TWSE,5,51.0,50.5176,0.95,236.47,40.44,0.0,40.44,17.1,0.0,5,0,0,0,5.44,0.0,,,,,,,0.0,48.0,48.0
2026-04-17,6237,驊訊,TPEX,5,38.35,37.741,1.61,1228.0,359.85,0.0,359.85,29.3,0.0,5,0,0,0,76.0,0.0,,,,,,,0.0,48.0,48.0
2026-04-17,6277,宏正,TWSE,5,71.1,70.5808,0.74,1900.02,487.59,0.0,487.59,25.66,0.0,5,0,0,0,79.59,0.0,,,,,,,0.0,48.0,48.0
2026-04-17,6464,台數科,TWSE,5,76.3,76.4821,-0.24,159.15,61.65,0.0,61.65,38.74,0.0,5,0,0,0,13.65,0.0,,,,,,,0.0,48.0,48.0
2026-04-17,6492,生華科,TPEX,5,54.6,53.0371,2.95,2178.0,633.0,0.0,633.0,29.06,0.0,5,0,0,0,170.0,0.0,,,,,,,0.0,48.0,48.0
2026-04-17,6535,順藥,TPEX,5,131.0,134.2202,-2.4,1031.0,166.03,0.0,166.03,16.1,0.0,5,0,0,0,9.0,0.0,,,,,,,0.0,48.0,48.0
2026-04-17,6581,鋼聯,TWSE,5,107.5,107.1911,0.29,134.56,66.28,0.0,66.28,49.26,0.0,5,0,0,0,8.28,0.0,,,,,,,0.0,48.0,48.0
2026-04-17,6606,建德工業,TWSE,5,24.6,24.4025,0.81,268.07,70.28,0.0,70.28,26.22,0.0,5,0,0,0,9.28,0.0,,,,,,,0.0,48.0,48.0
2026-04-17,6666,羅麗芬-KY,TWSE,5,41.6,41.4035,0.47,69.38,12.24,0.0,12.24,17.64,0.0,5,0,0,0,2.24,0.0,,,,,,,0.0,48.0,48.0
2026-04-17,6698,旭暉應材,TWSE,5,31.2,30.4921,2.32,1004.6,321.26,0.0,321.26,31.98,0.0,5,0,0,0,117.33,0.0,,,,,,,0.0,48.0,48.0
2026-04-17,6756,威鋒電子,TWSE,5,76.1,74.9833,1.49,955.03,230.34,0.0,230.34,24.12,0.0,5,0,0,0,46.34,0.0,,,,,,,0.0,48.0,48.0
2026-04-17,6922,宸曜,TPEX,5,166.5,165.6134,0.54,269.0,45.0,0.0,45.0,16.73,0.0,5,0,0,0,5.0,0.0,,,,,,,0.0,48.0,48.0
2026-04-17,6955,邦睿生技-創,TWSE,5,165.0,166.2065,-0.73,48.13,16.0,0.0,16.0,33.24,0.0,5,0,0,0,5.0,0.0,,,,,,,0.0,48.0,48.0
2026-04-17,6988,威力暘-創,TWSE,5,14.85,14.9827,-0.89,115.46,20.0,0.0,20.0,17.32,0.0,5,0,0,0,3.0,0.0,,,,,,,0.0,48.0,48.0
2026-04-17,7732,金興精密,TWSE,5,35.0,35.4032,-1.14,80.12,29.0,0.0,29.0,36.19,0.0,5,0,0,0,6.0,0.0,,,,,,,0.0,48.0,48.0
2026-04-17,8089,康全電訊,TPEX,5,21.55,21.6734,-0.57,964.0,191.0,0.0,191.0,19.81,0.0,5,0,0,0,26.0,0.0,,,,,,,0.0,48.0,48.0
2026-04-17,8105,凌巨,TWSE,5,13.95,14.3319,-2.66,18494.87,4468.18,0.0,4468.18,24.16,0.0,5,0,0,0,139.18,0.0,,,,,,,0.0,48.0,48.0
2026-04-17,8109,博大,TPEX,5,107.0,107.794,-0.74,534.0,96.0,0.0,96.0,17.98,0.0,5,0,0,0,18.0,0.0,,,,,,,0.0,48.0,48.0
2026-04-17,8367,建新國際,TWSE,5,43.7,43.6052,0.22,252.78,64.44,0.0,64.44,25.49,0.0,5,0,0,0,3.44,0.0,,,,,,,0.0,48.0,48.0
2026-04-17,8411,福貞-KY,TWSE,5,12.35,12.3117,0.31,467.38,169.79,0.0,169.79,36.33,0.0,5,0,0,0,28.08,0.0,,,,,,,0.0,48.0,48.0
2026-04-17,8467,波力-KY,TWSE,5,155.0,155.2664,-0.17,199.54,72.25,0.0,72.25,36.21,0.0,5,0,0,0,3.25,0.0,,,,,,,0.0,48.0,48.0
2026-04-17,8927,北基,TPEX,5,23.15,23.4109,-1.11,1618.0,537.52,0.0,537.52,33.22,0.0,5,0,0,0,34.0,0.0,,,,,,,0.0,48.0,48.0
2026-04-17,9926,新海,TWSE,5,50.0,49.9334,0.13,205.18,109.89,0.0,109.89,53.56,0.0,5,0,0,0,7.89,0.0,,,,,,,0.0,48.0,48.0
2026-04-17,9937,全國,TWSE,5,57.5,57.0921,0.71,286.81,186.54,0.0,186.54,65.04,0.0,5,0,0,0,23.34,0.0,,,,,,,0.0,48.0,48.0
2026-04-17,9942,茂順,TWSE,5,117.5,116.8907,0.52,511.36,141.54,0.0,141.54,27.68,0.0,5,0,0,0,13.41,0.0,,,,,,,0.0,48.0,48.0
2026-04-17,9944,新麗,TWSE,5,16.7,16.5472,0.92,250.99,64.12,0.0,64.12,25.55,0.0,5,0,0,0,17.27,0.0,,,,,,,0.0,48.0,48.0
2026-04-17,1506,正道,TWSE,5,11.15,11.1505,-0.0,767.06,115.0,0.0,115.0,14.99,0.0,5,0,0,0,8.0,0.0,,,,,,,0.0,47.99,47.99
2026-04-17,6491,晶碩,TWSE,5,293.5,290.7221,0.96,1931.6,819.4,-1.0,818.4,42.42,-0.05,5,0,0,0,217.39,0.0,,,,,,,0.0,47.87,47.87
2026-04-17,6592,和潤企業,TWSE,5,64.5,63.9342,0.89,2391.17,497.04,-2.0,495.04,20.79,-0.08,5,0,0,0,52.41,0.0,,,,,,,0.0,47.79,47.79
2026-04-17,5483,中美晶,TPEX,5,124.5,123.6022,0.73,48944.0,12654.93,444.71,13099.64,25.86,0.91,5,0,0,1,426.4,-206.86,,,,,,,0.0,47.77,47.77
2026-04-17,3228,金麗科,TPEX,5,138.5,135.8142,1.98,1959.0,361.0,-2.0,359.0,18.43,-0.1,5,0,0,0,32.0,0.0,,,,,,,0.0,47.74,47.74
2026-04-17,2904,匯僑,TWSE,5,16.7,16.6578,0.25,347.49,49.38,0.0,49.38,14.21,0.0,5,0,0,0,4.38,0.0,,,,,,,0.0,47.37,47.37
2026-04-17,1707,葡萄王,TWSE,5,118.5,117.9297,0.48,1200.72,164.31,0.0,164.31,13.68,0.0,5,0,0,0,0.34,0.0,,,,,,,0.0,46.95,46.95
2026-04-17,4190,佐登-KY,TWSE,5,27.0,27.0251,-0.09,259.7,35.3,0.0,35.3,13.59,0.0,5,0,0,0,3.3,0.0,,,,,,,0.0,46.87,46.87
2026-04-17,6284,佳邦,TPEX,5,88.9,87.4527,1.66,15583.0,2117.99,-1.0,2116.99,13.59,-0.01,5,0,0,0,589.0,0.0,,,,,,,0.0,46.85,46.85
2026-04-17,1436,華友聯,TWSE,5,52.8,52.8996,-0.19,1006.68,214.69,-5.0,209.69,21.33,-0.5,5,0,0,0,13.69,0.0,,,,,,,0.0,46.76,46.76
2026-04-17,4541,晟田,TPEX,5,48.3,47.8042,1.04,9191.0,1230.0,0.0,1230.0,13.38,0.0,5,0,0,0,389.0,0.0,,,,,,,0.0,46.71,46.71
2026-04-17,2548,華固,TWSE,5,130.0,128.0176,1.55,6940.64,2308.48,-37.0,2271.48,33.26,-0.53,5,0,0,0,226.59,0.0,,,,,,,0.0,46.67,46.67
2026-04-17,1437,勤益控,TWSE,5,30.5,30.5269,-0.09,393.14,52.01,0.0,52.01,13.23,0.0,5,0,0,0,6.01,0.0,,,,,,,0.0,46.58,46.58
2026-04-17,2107,厚生,TWSE,5,26.05,25.8415,0.81,1908.6,252.51,0.0,252.51,13.23,0.0,5,0,0,0,50.51,0.0,,,,,,,0.0,46.58,46.58
2026-04-17,4513,福裕,TPEX,5,16.6,16.4327,1.02,1470.0,192.0,0.0,192.0,13.06,0.0,5,0,0,0,5.0,0.0,,,,,,,0.0,46.45,46.45
2026-04-17,1419,新紡,TWSE,5,64.0,63.3407,1.04,595.96,92.49,1.0,93.49,15.52,0.17,4,0,0,0,29.49,0.0,,,,,,,0.0,46.42,46.42
2026-04-17,6834,天二科技,TWSE,5,37.3,38.138,-2.2,9578.59,1209.43,0.0,1209.43,12.63,0.0,5,0,0,0,112.43,0.0,,,,,,,0.0,46.1,46.1
2026-04-17,1217,愛之味,TWSE,5,10.4,10.3457,0.52,2949.48,628.33,0.0,628.33,21.3,0.0,4,0,0,0,331.23,0.0,,,,,,,0.0,46.0,46.0
2026-04-17,1438,三地開發,TWSE,5,28.45,28.7685,-1.11,126.96,37.42,0.0,37.42,29.47,0.0,4,0,0,0,15.42,0.0,,,,,,,0.0,46.0,46.0
2026-04-17,1725,元禎,TWSE,5,31.0,31.0777,-0.25,1071.78,171.91,0.0,171.91,16.04,0.0,4,0,0,0,33.91,0.0,,,,,,,0.0,46.0,46.0
2026-04-17,2115,六暉-KY,TWSE,5,21.7,21.5225,0.82,503.23,80.52,0.0,80.52,16.0,0.0,4,0,0,0,3.52,0.0,,,,,,,0.0,46.0,46.0
2026-04-17,2373,震旦行,TWSE,5,58.1,57.3725,1.27,317.17,108.17,0.0,108.17,34.11,0.0,4,0,0,0,24.17,0.0,,,,,,,0.0,46.0,46.0
2026-04-17,2506,太設,TWSE,5,8.98,8.9696,0.12,722.87,234.94,0.0,234.94,32.5,0.0,4,0,0,0,47.91,0.0,,,,,,,0.0,46.0,46.0
2026-04-17,2538,基泰,TWSE,5,10.1,10.0945,0.05,1618.04,357.28,0.0,357.28,22.08,0.0,4,0,0,0,11.21,0.0,,,,,,,0.0,46.0,46.0
2026-04-17,2706,第一店,TWSE,5,12.7,12.7428,-0.34,1091.8,279.25,0.0,279.25,25.58,0.0,4,0,0,0,29.25,0.0,,,,,,,0.0,46.0,46.0
2026-04-17,4581,光隆精密-KY,TWSE,5,51.0,50.3096,1.37,95.31,19.08,0.0,19.08,20.02,0.0,4,0,0,0,0.08,0.0,,,,,,,0.0,46.0,46.0
2026-04-17,4974,亞泰,TPEX,5,71.1,70.5192,0.82,825.0,149.0,0.0,149.0,18.06,0.0,4,0,0,0,5.0,0.0,,,,,,,0.0,46.0,46.0
2026-04-17,6504,南六,TWSE,5,41.45,41.5805,-0.31,165.91,30.36,0.0,30.36,18.3,0.0,4,0,0,0,6.36,0.0,,,,,,,0.0,46.0,46.0
2026-04-17,6641,基士德-KY,TWSE,5,18.45,18.2551,1.07,139.8,24.09,0.0,24.09,17.23,0.0,4,0,0,0,4.09,0.0,,,,,,,0.0,46.0,46.0
2026-04-17,6655,科定,TWSE,5,136.5,134.6631,1.36,46.06,19.37,0.0,19.37,42.05,0.0,4,0,0,0,8.37,0.0,,,,,,,0.0,46.0,46.0
2026-04-17,6887,寶綠特-KY,TWSE,5,42.05,42.136,-0.2,172.65,37.0,0.0,37.0,21.43,0.0,4,0,0,0,9.0,0.0,,,,,,,0.0,46.0,46.0
2026-04-17,6906,現觀科,TWSE,5,67.5,66.8003,1.05,267.05,61.0,0.0,61.0,22.84,0.0,4,0,0,0,9.0,0.0,,,,,,,0.0,46.0,46.0
2026-04-17,6951,青新-創,TWSE,5,82.1,80.5444,1.93,390.0,84.0,0.0,84.0,21.54,0.0,4,0,0,0,1.0,0.0,,,,,,,0.0,46.0,46.0
2026-04-17,8213,志超,TWSE,5,36.6,35.5999,2.81,5463.14,1533.17,0.0,1533.17,28.06,0.0,4,0,0,0,590.67,0.0,,,,,,,0.0,46.0,46.0
2026-04-17,8482,商億-KY,TWSE,5,49.8,49.7447,0.11,56.33,41.22,0.0,41.22,73.18,0.0,4,0,0,0,10.22,0.0,,,,,,,0.0,46.0,46.0
2026-04-17,8489,三貝德,TPEX,5,26.8,26.098,2.69,1344.0,168.0,0.0,168.0,12.5,0.0,5,0,0,0,7.0,0.0,,,,,,,0.0,46.0,46.0
2026-04-17,4549,桓達,TPEX,5,99.5,98.8039,0.7,614.0,76.0,0.0,76.0,12.38,0.0,5,0,0,0,9.0,0.0,,,,,,,0.0,45.9,45.9
2026-04-17,2459,敦吉,TWSE,5,66.2,66.1366,0.1,389.07,47.53,0.0,47.53,12.22,0.0,5,0,0,0,13.53,0.0,,,,,,,0.0,45.77,45.77
2026-04-17,3296,勝德,TWSE,5,21.3,21.4382,-0.64,395.49,57.48,0.0,57.48,14.53,0.0,4,0,0,0,19.48,0.0,,,,,,,0.0,45.63,45.63
2026-04-17,2430,燦坤,TWSE,5,21.75,21.7104,0.18,590.29,85.15,0.0,85.15,14.42,0.0,4,0,0,0,43.58,0.0,,,,,,,0.0,45.54,45.54
2026-04-17,2455,全新,TWSE,5,310.5,291.5817,6.49,17546.99,1940.95,564.0,2504.95,11.06,3.21,3,0,0,0,1745.15,0.0,,,,,,,0.0,45.46,45.46
2026-04-17,3704,合勤控,TWSE,5,37.45,36.6215,2.26,23315.65,6984.01,-5.0,6979.01,29.95,-0.02,5,0,0,1,1542.01,-3.0,,,,,,,0.0,45.45,45.45
2026-04-17,1773,勝一,TWSE,5,157.5,155.2191,1.47,6445.62,1791.49,-2.0,1789.49,27.79,-0.03,5,0,0,1,558.29,-2.0,,,,,,,0.0,45.42,45.42
2026-04-17,6525,捷敏-KY,TWSE,5,90.5,88.5006,2.26,2868.06,533.84,-2.0,531.84,18.61,-0.07,5,0,0,1,173.82,-1.0,,,,,,,0.0,45.33,45.33
2026-04-17,8466,美吉吉-KY,TWSE,5,17.75,17.886,-0.76,343.64,48.59,0.0,48.59,14.14,0.0,4,0,0,0,6.0,0.0,,,,,,,0.0,45.31,45.31
2026-04-17,3016,嘉晶,TWSE,5,63.1,61.7939,2.11,17589.55,2479.31,0.0,2479.31,14.1,0.0,4,0,0,0,710.67,0.0,,,,,,,0.0,45.28,45.28
2026-04-17,3213,茂訊,TPEX,5,107.5,105.4661,1.93,2096.0,313.91,-1.44,312.47,14.98,-0.07,5,0,0,1,99.0,-1.44,,,,,,,0.0,45.25,45.25
2026-04-17,1541,錩泰,TWSE,5,25.2,25.1195,0.32,353.92,40.39,0.0,40.39,11.41,0.0,5,0,0,0,3.39,0.0,,,,,,,0.0,45.13,45.13
2026-04-17,6443,元晶,TWSE,5,39.0,37.9002,2.9,88285.0,9980.03,0.0,9980.03,11.3,0.0,5,0,0,0,87.42,0.0,,,,,,,0.0,45.04,45.04
2026-04-17,3141,晶宏,TPEX,5,44.2,43.3773,1.9,2151.0,242.0,0.0,242.0,11.25,0.0,5,0,0,0,14.0,0.0,,,,,,,0.0,45.0,45.0
2026-04-17,4174,浩鼎,TPEX,5,37.95,37.9568,-0.02,1999.0,272.0,0.0,272.0,13.61,0.0,4,0,0,0,160.0,0.0,,,,,,,0.0,44.89,44.89
2026-04-17,5478,智冠,TPEX,5,99.7,99.5417,0.16,839.0,114.0,0.0,114.0,13.59,0.0,4,0,0,0,7.0,0.0,,,,,,,0.0,44.87,44.87
2026-04-17,9930,中聯資源,TWSE,5,71.1,70.7965,0.43,314.28,117.07,-4.0,113.07,37.25,-1.27,5,0,0,0,40.07,0.0,,,,,,,0.0,44.82,44.82
2026-04-17,1736,喬山,TWSE,5,118.5,118.2997,0.17,2872.91,506.99,-14.68,492.31,17.65,-0.51,4,0,0,0,164.82,0.0,,,,,,,0.0,44.72,44.72
2026-04-17,9912,偉聯,TWSE,5,12.55,12.572,-0.18,287.16,31.27,0.0,31.27,10.89,0.0,5,0,0,0,1.27,0.0,,,,,,,0.0,44.71,44.71
2026-04-17,3605,宏致,TWSE,5,65.6,65.6188,-0.03,10452.39,1469.52,-2.0,1467.52,14.06,-0.02,5,0,0,1,562.35,-1.0,,,,,,,0.0,44.68,44.68
2026-04-17,6134,萬旭,TPEX,5,31.35,32.4978,-3.53,4616.0,672.2,0.0,672.2,14.56,0.0,5,0,0,0,67.0,0.0,,,,,,,0.0,44.65,44.65
2026-04-17,2345,智邦,TWSE,5,2070.0,1974.3897,4.84,21591.64,760.02,1060.84,1820.86,3.52,4.91,3,0,5,0,124.99,204.43,,,,,,,0.0,44.57,44.57
2026-04-17,2033,佳大,TWSE,5,16.65,16.5014,0.9,611.15,80.4,0.0,80.4,13.15,0.0,4,0,0,0,8.4,0.0,,,,,,,0.0,44.52,44.52
2026-04-17,9941,裕融,TWSE,5,78.3,76.9065,1.81,7217.72,2625.99,-30.0,2595.99,36.38,-0.42,5,0,0,1,803.43,-24.0,,,,,,,0.0,44.46,44.46
2026-04-17,6108,競國,TWSE,5,17.9,17.5607,1.93,5165.48,545.4,0.0,545.4,10.56,0.0,5,0,0,0,52.39,0.0,,,,,,,0.0,44.45,44.45
2026-04-17,5434,崇越,TWSE,5,417.0,406.8837,2.49,6304.72,1847.82,-31.35,1816.47,29.31,-0.5,5,0,0,1,188.52,-46.0,,,,,,,0.0,44.26,44.26
2026-04-17,3615,安可,TPEX,5,34.9,34.0153,2.6,13309.0,1356.0,0.0,1356.0,10.19,0.0,5,0,0,0,804.95,0.0,,,,,,,0.0,44.15,44.15
2026-04-17,2364,倫飛,TWSE,5,64.9,63.8189,1.69,767.27,97.26,0.0,97.26,12.68,0.0,4,0,0,0,38.26,0.0,,,,,,,0.0,44.14,44.14
2026-04-17,6753,龍德造船,TWSE,5,138.5,137.8425,0.48,10070.43,1273.56,0.0,1273.56,12.65,0.0,4,0,0,0,53.56,0.0,,,,,,,0.0,44.12,44.12
2026-04-17,1235,興泰,TWSE,5,45.2,44.095,2.51,1011.1,101.47,0.0,101.47,10.04,0.0,5,0,0,0,7.47,0.0,,,,,,,0.0,44.03,44.03
2026-04-17,1537,廣隆,TWSE,5,125.0,124.3568,0.52,333.5,73.44,0.0,73.44,22.02,0.0,3,0,0,0,45.41,0.0,,,,,,,0.0,44.0,44.0
2026-04-17,1584,精剛,TPEX,5,21.15,21.0641,0.41,3862.0,599.0,0.0,599.0,15.51,0.0,3,0,0,0,55.0,0.0,,,,,,,0.0,44.0,44.0
2026-04-17,2465,麗臺,TWSE,5,60.4,61.0508,-1.07,7783.14,1193.94,0.0,1193.94,15.34,0.0,3,0,0,0,380.16,0.0,,,,,,,0.0,44.0,44.0
2026-04-17,2704,國賓,TWSE,5,43.35,43.1556,0.45,937.47,247.82,0.0,247.82,26.44,0.0,3,0,0,0,28.82,0.0,,,,,,,0.0,44.0,44.0
2026-04-17,5546,永固-KY,TWSE,5,17.15,17.0644,0.5,157.21,39.0,0.0,39.0,24.81,0.0,3,0,0,0,7.0,0.0,,,,,,,0.0,44.0,44.0
2026-04-17,5906,台南-KY,TWSE,5,49.3,49.3123,-0.02,10.12,4.09,0.0,4.09,40.4,0.0,3,0,0,0,2.09,0.0,,,,,,,0.0,44.0,44.0
2026-04-17,6130,上亞科技,TPEX,5,24.05,24.5138,-1.89,3251.0,594.0,0.0,594.0,18.27,0.0,3,0,0,0,350.0,0.0,,,,,,,0.0,44.0,44.0
2026-04-17,6275,元山,TPEX,5,50.1,49.1109,2.01,2386.0,401.12,0.0,401.12,16.81,0.0,3,0,0,0,134.0,0.0,,,,,,,0.0,44.0,44.0
2026-04-17,8341,日友,TWSE,5,76.3,75.9169,0.5,913.75,143.65,0.0,143.65,15.72,0.0,3,0,0,0,15.65,0.0,,,,,,,0.0,44.0,44.0
2026-04-17,7736,虎山,TWSE,5,80.1,80.1772,-0.1,153.28,19.0,0.0,19.0,12.4,0.0,4,0,0,0,1.0,0.0,,,,,,,0.0,43.92,43.92
2026-04-17,6411,晶焱,TPEX,5,79.0,77.1169,2.44,1693.0,209.0,0.0,209.0,12.34,0.0,4,0,0,0,117.0,0.0,,,,,,,0.0,43.88,43.88
2026-04-17,1324,地球,TWSE,5,11.25,11.5264,-2.4,1122.66,111.38,0.0,111.38,9.92,0.0,5,0,0,0,11.37,0.0,,,,,,,0.0,43.78,43.78
2026-04-17,3164,景岳,TWSE,5,17.95,18.0009,-0.28,217.43,26.43,0.0,26.43,12.16,0.0,4,0,0,0,3.43,0.0,,,,,,,0.0,43.73,43.73
2026-04-17,2303,聯電,TWSE,5,73.0,67.846,7.6,1121599.34,71782.84,49967.8,121750.64,6.4,4.46,3,0,2,0,57658.15,41005.19,,,,,,,0.0,43.62,43.62
2026-04-17,6776,展碁國際,TWSE,5,60.2,61.0333,-1.37,2456.96,292.44,0.0,292.44,11.9,0.0,4,0,0,0,60.44,0.0,,,,,,,0.0,43.52,43.52
2026-04-17,6936,永鴻生技,TWSE,5,35.7,35.5212,0.5,211.76,25.0,0.0,25.0,11.81,0.0,4,0,0,0,8.0,0.0,,,,,,,0.0,43.44,43.44
2026-04-17,6645,金萬林-創,TWSE,5,13.25,13.1567,0.71,331.32,39.0,0.0,39.0,11.77,0.0,4,0,0,0,1.0,0.0,,,,,,,0.0,43.42,43.42
2026-04-17,6235,華孚,TWSE,5,45.7,45.2556,0.98,3042.02,352.08,0.0,352.08,11.57,0.0,4,0,0,0,47.01,0.0,,,,,,,0.0,43.26,43.26
2026-04-17,3038,全台,TWSE,5,23.4,22.9987,1.75,5565.19,401.79,291.86,693.64,7.22,5.24,1,0,0,1,114.78,-3.83,,,,,,,0.0,43.02,43.02
2026-04-17,8162,微矽電子-創,TWSE,5,43.15,42.5922,1.31,1588.05,218.0,0.0,218.0,13.73,0.0,3,0,0,0,98.0,0.0,,,,,,,0.0,42.98,42.98
2026-04-17,7744,崴寶,TPEX,5,495.0,484.0109,2.27,685.0,76.4,0.0,76.4,11.15,0.0,4,0,0,0,37.0,0.0,,,,,,,0.0,42.92,42.92
2026-04-17,6799,來頡,TWSE,5,80.2,78.6151,2.02,897.85,122.21,0.0,122.21,13.61,0.0,3,0,0,0,76.21,0.0,,,,,,,0.0,42.89,42.89
2026-04-17,2228,劍麟,TWSE,5,90.5,91.5461,-1.14,812.69,99.45,-1.0,98.45,12.24,-0.12,5,0,0,1,30.39,-1.0,,,,,,,0.0,42.88,42.88
2026-04-17,1533,車王電,TWSE,5,31.25,31.0371,0.69,713.39,95.49,0.0,95.49,13.39,0.0,3,0,0,0,9.49,0.0,,,,,,,0.0,42.71,42.71
2026-04-17,6477,安集,TWSE,5,34.45,34.3196,0.38,3308.89,358.56,0.0,358.56,10.84,0.0,4,0,0,0,42.61,0.0,,,,,,,0.0,42.67,42.67
2026-04-17,1726,永記,TWSE,5,76.5,75.928,0.75,193.84,25.69,0.0,25.69,13.25,0.0,3,0,0,0,16.1,0.0,,,,,,,0.0,42.6,42.6
2026-04-17,6743,安普新,TWSE,5,22.9,23.477,-2.46,1544.44,163.58,0.0,163.58,10.59,0.0,4,0,0,0,33.69,0.0,,,,,,,0.0,42.47,42.47
2026-04-17,3529,力旺,TPEX,5,4075.0,3497.1987,16.52,5310.0,-27.59,879.22,851.63,-0.52,16.56,0,1,5,0,-50.35,125.86,,,,,,,0.0,42.46,42.46
2026-04-17,3022,威強電,TWSE,5,69.0,67.9459,1.55,4692.4,697.75,-8.14,689.61,14.87,-0.17,5,0,0,2,256.88,-5.14,,,,,,,0.0,42.32,42.32
2026-04-17,4771,望隼,TWSE,5,196.0,193.8756,1.1,1069.36,137.97,0.0,137.97,12.9,0.0,3,0,0,0,1.0,0.0,,,,,,,0.0,42.32,42.32
2026-04-17,8916,光隆,TPEX,5,47.55,47.5671,-0.04,359.0,46.0,0.0,46.0,12.81,0.0,3,0,0,0,11.0,0.0,,,,,,,0.0,42.25,42.25
2026-04-17,1806,冠軍,TWSE,5,8.36,8.3595,0.01,1324.68,167.77,0.0,167.77,12.66,0.0,3,0,0,0,8.97,0.0,,,,,,,0.0,42.13,42.13
2026-04-17,2342,茂矽,TWSE,5,30.5,30.06,1.46,6265.37,634.39,0.0,634.39,10.13,0.0,4,0,0,0,151.39,0.0,,,,,,,0.0,42.1,42.1
2026-04-17,1598,岱宇,TWSE,5,20.65,20.2327,2.06,1993.56,614.88,0.0,614.88,30.84,0.0,2,0,0,0,148.88,0.0,,,,,,,0.0,42.0,42.0
2026-04-17,1713,國化,TWSE,5,48.25,47.9533,0.62,1065.46,241.75,0.0,241.75,22.69,0.0,2,0,0,0,21.75,0.0,,,,,,,0.0,42.0,42.0
2026-04-17,2070,精湛,TPEX,5,45.65,42.5126,7.38,1525.0,340.0,0.0,340.0,22.3,0.0,5,0,0,0,66.0,0.0,,,,,,,0.0,42.0,42.0
2026-04-17,2227,裕日車,TWSE,5,55.5,53.2608,4.2,323.58,161.48,0.0,161.48,49.9,0.0,5,0,0,0,39.48,0.0,,,,,,,0.0,42.0,42.0
2026-04-17,2537,聯上發,TWSE,5,10.35,10.4514,-0.97,2782.79,468.12,0.0,468.12,16.82,0.0,2,0,0,0,7.12,0.0,,,,,,,0.0,42.0,42.0
2026-04-17,3073,天方能源,TPEX,5,27.0,26.2055,3.03,559.0,142.0,0.0,142.0,25.4,0.0,5,0,0,0,24.0,0.0,,,,,,,0.0,42.0,42.0
2026-04-17,3230,錦明,TPEX,5,43.35,41.1751,5.28,4311.0,804.0,0.0,804.0,18.65,0.0,5,0,0,0,473.0,0.0,,,,,,,0.0,42.0,42.0
2026-04-17,3287,廣寰科,TPEX,5,29.25,28.9555,1.02,273.0,50.0,0.0,50.0,18.32,0.0,2,0,0,0,40.0,0.0,,,,,,,0.0,42.0,42.0
2026-04-17,3321,同泰,TWSE,5,15.85,15.8385,0.07,1086.24,210.39,0.0,210.39,19.37,0.0,2,0,0,0,103.39,0.0,,,,,,,0.0,42.0,42.0
2026-04-17,3349,寶德,TPEX,5,28.4,27.7467,2.35,887.0,194.0,0.0,194.0,21.87,0.0,2,0,0,0,100.0,0.0,,,,,,,0.0,42.0,42.0
2026-04-17,3438,類比科,TPEX,5,46.55,46.2876,0.57,514.0,90.0,0.0,90.0,17.51,0.0,2,0,0,0,7.0,0.0,,,,,,,0.0,42.0,42.0
2026-04-17,4426,利勤,TWSE,5,8.92,8.6029,3.69,907.48,236.43,0.0,236.43,26.05,0.0,5,0,0,0,20.43,0.0,,,,,,,0.0,42.0,42.0
2026-04-17,4976,佳凌,TWSE,5,30.2,29.8093,1.31,3845.74,619.7,0.0,619.7,16.11,0.0,2,0,0,0,211.7,0.0,,,,,,,0.0,42.0,42.0
2026-04-17,6166,凌華,TWSE,5,73.8,71.4893,3.23,14634.19,2825.46,0.0,2825.46,19.31,0.0,5,0,0,0,265.08,0.0,,,,,,,0.0,42.0,42.0
2026-04-17,6261,久元,TPEX,5,78.3,80.5077,-2.74,9864.0,1233.01,0.0,1233.01,12.5,0.0,3,0,0,0,802.0,0.0,,,,,,,0.0,42.0,42.0
2026-04-17,6423,億而得,TPEX,5,97.9,91.7644,6.69,1431.0,268.0,0.0,268.0,18.73,0.0,5,0,0,0,75.0,0.0,,,,,,,0.0,42.0,42.0
2026-04-17,6550,北極星藥業-KY,TWSE,5,18.8,18.0855,3.95,7106.69,1634.11,0.0,1634.11,22.99,0.0,5,0,0,0,189.11,0.0,,,,,,,0.0,42.0,42.0
2026-04-17,6668,中揚光,TWSE,5,38.6,36.2581,6.46,1647.3,469.0,0.0,469.0,28.47,0.0,5,0,0,0,133.0,0.0,,,,,,,0.0,42.0,42.0
2026-04-17,6965,中傑-KY,TWSE,5,89.7,88.7101,1.12,303.29,106.0,0.0,106.0,34.95,0.0,2,0,0,0,12.0,0.0,,,,,,,0.0,42.0,42.0
2026-04-17,9136,巨騰-DR,TWSE,5,10.15,9.6453,5.23,9216.47,1554.0,0.0,1554.0,16.86,0.0,5,0,0,0,749.0,0.0,,,,,,,0.0,42.0,42.0
2026-04-17,2630,亞航,TWSE,5,49.3,47.9609,2.79,6868.06,1028.26,0.0,1028.26,14.97,0.0,2,0,0,0,391.22,0.0,,,,,,,0.0,41.98,41.98
2026-04-17,1535,中宇,TWSE,5,52.2,51.9798,0.42,376.94,37.61,0.0,37.61,9.98,0.0,4,0,0,0,7.61,0.0,,,,,,,0.0,41.94,41.94
2026-04-17,2388,威盛,TWSE,5,65.3,61.2623,6.59,68758.62,10280.65,-5.0,10275.65,14.95,-0.01,5,0,0,0,512.16,0.0,,,,,,,0.0,41.94,41.94
2026-04-17,5222,全訊,TWSE,5,144.5,136.669,5.73,9005.22,1419.23,-3.0,1416.23,15.76,-0.03,5,0,0,0,1052.22,0.0,,,,,,,0.0,41.92,41.92
2026-04-17,5493,三聯,TPEX,5,83.2,83.2879,-0.11,1260.0,156.0,0.0,156.0,12.38,0.0,3,0,0,0,17.0,0.0,,,,,,,0.0,41.9,41.9
2026-04-17,2401,凌陽,TWSE,5,23.65,22.6817,4.27,34120.63,9533.47,-16.0,9517.47,27.94,-0.05,5,0,0,0,2153.47,0.0,,,,,,,0.0,41.88,41.88
2026-04-17,8034,榮群,TPEX,5,25.4,25.5046,-0.41,5144.0,475.0,0.0,475.0,9.23,0.0,5,0,0,0,33.0,0.0,,,,,,,0.0,41.86,41.86
2026-04-17,6120,達運,TWSE,5,14.8,15.035,-1.56,37809.74,4644.93,0.0,4644.93,12.28,0.0,3,0,0,0,454.97,0.0,,,,,,,0.0,41.83,41.83
2026-04-17,5236,凌陽創新,TPEX,5,153.5,146.8485,4.53,1974.0,305.93,-2.0,303.93,15.5,-0.1,5,0,0,0,37.93,0.0,,,,,,,0.0,41.75,41.75
2026-04-17,7749,意騰-KY,TWSE,5,411.5,399.0116,3.13,1335.85,282.02,-2.0,280.02,21.11,-0.15,5,0,0,0,15.0,0.0,,,,,,,0.0,41.63,41.63
2026-04-17,5324,士開,TPEX,5,12.0,11.9403,0.5,1374.0,125.0,0.0,125.0,9.1,0.0,5,0,0,0,37.0,0.0,,,,,,,0.0,41.47,41.47
2026-04-17,3577,泓格,TPEX,5,80.2,78.7567,1.83,1141.0,134.0,0.0,134.0,11.74,0.0,3,0,0,0,70.0,0.0,,,,,,,0.0,41.4,41.4
2026-04-17,5212,凌網,TPEX,5,48.2,48.3438,-0.3,154.0,18.0,0.0,18.0,11.69,0.0,3,0,0,0,1.0,0.0,,,,,,,0.0,41.35,41.35
2026-04-17,3591,艾笛森,TWSE,5,24.75,23.6786,4.52,23879.97,3362.72,0.0,3362.72,14.08,0.0,5,0,0,0,799.72,0.0,,,,,,,0.0,41.27,41.27
2026-04-17,1220,台榮,TWSE,5,12.8,12.6266,1.37,912.33,102.89,0.0,102.89,11.28,0.0,3,0,0,0,32.88,0.0,,,,,,,0.0,41.02,41.02
2026-04-17,6869,雲豹能源,TWSE,5,87.2,84.7577,2.88,2789.27,380.12,1.0,381.12,13.63,0.04,2,0,0,0,113.47,0.0,,,,,,,0.0,41.02,41.02
2026-04-17,2328,廣宇,TWSE,5,45.6,45.2434,0.79,13813.21,1895.57,0.0,1895.57,13.72,0.0,2,0,0,0,180.57,0.0,,,,,,,0.0,40.98,40.98
2026-04-17,3406,玉晶光,TWSE,5,503.0,508.8666,-1.15,14278.03,1258.99,745.0,2003.99,8.82,5.22,0,1,0,2,-173.11,-39.0,,,,,,,0.0,40.91,40.91
2026-04-17,2834,臺企銀,TWSE,5,16.3,15.8644,2.75,195183.87,30991.85,-87.0,30904.85,15.88,-0.04,4,0,0,2,5235.85,-85.0,,,,,,,0.0,40.89,40.89
2026-04-17,4160,訊聯基因,TPEX,5,44.7,44.7636,-0.14,173.0,18.94,0.0,18.94,10.95,0.0,3,0,0,0,18.0,0.0,,,,,,,0.0,40.76,40.76
2026-04-17,6593,台灣銘板,TPEX,5,37.85,37.4967,0.94,196.0,26.1,0.0,26.1,13.32,0.0,2,0,0,0,26.0,0.0,,,,,,,0.0,40.65,40.65
2026-04-17,8358,金居,TPEX,5,367.5,323.4813,13.61,239509.0,15158.5,6767.63,21926.13,6.33,2.83,5,0,3,0,1322.36,427.63,,,,,,,0.0,40.55,40.55
2026-04-17,4127,天良,TPEX,5,37.5,36.4091,3.0,456.0,60.0,0.0,60.0,13.16,0.0,2,0,0,0,52.0,0.0,,,,,,,0.0,40.53,40.53
2026-04-17,4528,江興鍛,TPEX,5,17.15,17.1126,0.22,99.0,13.0,0.0,13.0,13.13,0.0,2,0,0,0,1.0,0.0,,,,,,,0.0,40.51,40.51
2026-04-17,1339,昭輝,TWSE,5,41.0,40.4923,1.25,498.94,43.31,0.0,43.31,8.68,0.0,5,0,0,0,16.37,0.0,,,,,,,0.0,40.31,40.31
2026-04-17,3027,盛達,TWSE,5,19.4,19.3662,0.17,1485.11,187.5,0.0,187.5,12.63,0.0,2,0,0,0,19.5,0.0,,,,,,,0.0,40.1,40.1
2026-04-17,3122,笙泉,TPEX,5,25.9,25.6979,0.79,603.0,60.99,0.0,60.99,10.11,0.0,3,0,0,0,12.99,0.0,,,,,,,0.0,40.09,40.09
2026-04-17,6142,友勁,TWSE,5,9.23,9.2397,-0.11,2834.08,285.58,0.0,285.58,10.08,0.0,3,0,0,0,43.58,0.0,,,,,,,0.0,40.06,40.06
2026-04-17,3419,譁裕,TWSE,5,14.9,14.4856,2.86,3223.8,299.59,0.0,299.59,9.29,0.0,4,0,0,0,107.59,0.0,,,,,,,0.0,40.02,40.02
2026-04-17,1236,宏亞,TWSE,5,26.9,26.5306,1.39,314.95,53.43,0.0,53.43,16.96,0.0,1,0,0,0,0.43,0.0,,,,,,,0.0,40.0,40.0
2026-04-17,1583,程泰,TWSE,5,48.2,46.3217,4.05,157.34,39.55,0.0,39.55,25.14,0.0,4,0,0,0,5.55,0.0,,,,,,,0.0,40.0,40.0
2026-04-17,1730,花仙子,TWSE,5,52.8,52.6795,0.23,165.08,26.16,0.0,26.16,15.84,0.0,1,0,0,0,4.16,0.0,,,,,,,0.0,40.0,40.0
2026-04-17,1796,金穎生技,TPEX,5,39.55,39.2155,0.85,71.0,11.0,0.0,11.0,15.49,0.0,1,0,0,0,1.0,0.0,,,,,,,0.0,40.0,40.0
2026-04-17,1813,寶利徠,TPEX,5,13.4,13.4247,-0.18,75.0,14.91,0.0,14.91,19.89,0.0,1,0,0,0,1.0,0.0,,,,,,,0.0,40.0,40.0
2026-04-17,2535,達欣工,TWSE,5,70.2,70.601,-0.57,2199.29,558.34,0.0,558.34,25.39,0.0,1,0,0,0,47.34,0.0,,,,,,,0.0,40.0,40.0
2026-04-17,3564,其陽,TPEX,5,42.65,41.6612,2.37,643.0,170.0,0.0,170.0,26.44,0.0,1,0,0,0,21.0,0.0,,,,,,,0.0,40.0,40.0
2026-04-17,3625,西勝,TPEX,5,16.9,16.7667,0.79,1657.0,412.0,0.0,412.0,24.86,0.0,1,0,0,0,50.0,0.0,,,,,,,0.0,40.0,40.0
2026-04-17,5432,新門,TPEX,5,130.0,132.4382,-1.84,267.0,47.0,0.0,47.0,17.6,0.0,1,0,0,0,7.0,0.0,,,,,,,0.0,40.0,40.0
2026-04-17,6111,光聚晶電,TPEX,5,48.1,46.253,3.99,3559.0,830.0,0.0,830.0,23.32,0.0,4,0,0,0,303.0,0.0,,,,,,,0.0,40.0,40.0
2026-04-17,6873,泓德能源,TWSE,5,90.6,87.016,4.12,3702.04,686.04,0.0,686.04,18.53,0.0,4,0,0,0,157.6,0.0,,,,,,,0.0,40.0,40.0
2026-04-17,8048,德勝,TPEX,5,64.6,61.1948,5.56,3826.0,837.0,0.0,837.0,21.88,0.0,4,0,0,0,386.0,0.0,,,,,,,0.0,40.0,40.0
2026-04-17,8071,能率網通,TPEX,5,16.65,16.3439,1.87,776.0,208.0,0.0,208.0,26.8,0.0,1,0,0,0,68.0,0.0,,,,,,,0.0,40.0,40.0
2026-04-17,6742,澤米,TWSE,5,43.5,42.7463,1.76,2654.78,245.0,0.0,245.0,9.23,0.0,4,0,0,0,62.0,0.0,,,,,,,0.0,39.84,39.84
2026-04-17,6674,鋐寶科技,TWSE,5,19.0,19.1295,-0.68,156.11,19.11,0.0,19.11,12.24,0.0,2,0,0,0,12.11,0.0,,,,,,,0.0,39.79,39.79
2026-04-17,8045,達運光電,TWSE,5,73.5,75.0298,-2.04,1170.97,172.0,0.0,172.0,14.69,0.0,1,0,0,0,27.0,0.0,,,,,,,0.0,39.75,39.75
2026-04-17,6129,普誠,TPEX,5,16.3,16.193,0.66,2394.0,237.0,0.0,237.0,9.9,0.0,3,0,0,0,64.0,0.0,,,,,,,0.0,39.72,39.72
2026-04-17,5481,新華,TPEX,5,22.6,22.3316,1.2,1413.0,170.0,0.0,170.0,12.03,0.0,2,0,0,0,45.0,0.0,,,,,,,0.0,39.62,39.62
2026-04-17,6461,益得,TPEX,5,18.1,18.1173,-0.1,539.0,53.0,0.0,53.0,9.83,0.0,3,0,0,0,17.0,0.0,,,,,,,0.0,39.53,39.53
2026-04-17,2478,大毅,TWSE,5,77.2,73.5147,5.01,29760.89,5726.35,-2.0,5724.35,19.24,-0.01,5,0,0,1,1113.26,-1.0,,,,,,,0.0,39.48,39.48
2026-04-17,8488,吉源-KY,TWSE,5,10.5,10.4451,0.53,432.73,39.22,0.0,39.22,9.06,0.0,4,0,0,0,5.22,0.0,,,,,,,0.0,39.38,39.38
2026-04-17,3684,榮昌,TPEX,5,58.9,57.5519,2.34,453.0,53.0,0.0,53.0,11.7,0.0,2,0,0,0,28.0,0.0,,,,,,,0.0,39.36,39.36
2026-04-17,4588,玖鼎電力,TWSE,5,60.2,60.2342,-0.06,739.24,72.0,0.0,72.0,9.74,0.0,3,0,0,0,42.0,0.0,,,,,,,0.0,39.27,39.27
2026-04-17,1568,倉佑,TWSE,5,25.35,25.1836,0.66,2077.5,172.52,0.0,172.52,8.3,0.0,5,0,0,0,34.51,0.0,,,,,,,0.0,39.25,39.25
2026-04-17,2634,漢翔,TWSE,5,50.4,49.3397,2.15,31822.79,3738.85,-16.0,3722.85,11.75,-0.05,2,0,0,0,1381.71,0.0,,,,,,,0.0,39.23,39.23
2026-04-17,6558,興能高,TWSE,5,30.0,29.1837,2.8,2599.39,252.22,0.0,252.22,9.7,0.0,3,0,0,0,119.22,0.0,,,,,,,0.0,39.17,39.17
2026-04-17,6854,錼創科技-KY創,TWSE,5,167.5,156.3901,7.1,7204.83,822.82,0.0,822.82,11.42,0.0,5,0,0,0,166.29,0.0,,,,,,,0.0,39.14,39.14
2026-04-17,8210,勤誠,TWSE,5,1020.0,979.8717,4.1,20296.92,1695.81,876.0,2571.81,8.35,4.32,2,0,0,1,466.02,-14.0,,,,,,,0.0,39.14,39.14
2026-04-17,2712,遠雄來,TWSE,5,17.4,16.6125,4.74,267.35,30.29,0.0,30.29,11.33,0.0,5,0,0,0,11.29,0.0,,,,,,,0.0,39.06,39.06
2026-04-17,4545,銘鈺,TWSE,5,31.4,31.2095,0.61,759.54,73.38,0.0,73.38,9.66,0.0,3,0,0,0,28.38,0.0,,,,,,,0.0,39.05,39.05
2026-04-17,3492,長盛,TPEX,5,23.6,23.678,-0.33,328.0,37.0,0.0,37.0,11.28,0.0,2,0,0,0,14.0,0.0,,,,,,,0.0,39.02,39.02
2026-04-17,4580,捷流閥業,TPEX,5,80.0,79.7754,0.28,280.0,27.0,0.0,27.0,9.64,0.0,3,0,0,0,17.0,0.0,,,,,,,0.0,39.0,39.0
2026-04-17,3550,聯穎,TWSE,5,21.1,20.2112,4.4,18750.07,2099.76,0.0,2099.76,11.2,0.0,5,0,0,0,30.26,0.0,,,,,,,0.0,38.96,38.96
2026-04-17,5278,尚凡*,TPEX,5,23.65,23.6514,-0.01,2173.0,295.58,0.0,295.58,13.6,0.0,1,0,0,0,91.0,0.0,,,,,,,0.0,38.88,38.88
2026-04-17,6767,台微醫,TPEX,5,28.2,27.9457,0.91,81.0,11.0,0.0,11.0,13.58,0.0,1,0,0,0,9.0,0.0,,,,,,,0.0,38.86,38.86
2026-04-17,6782,視陽,TWSE,5,235.0,224.5495,4.65,3469.59,607.31,12.0,619.31,17.5,0.35,3,0,0,0,1.31,0.0,,,,,,,0.0,38.86,38.86
2026-04-17,5285,界霖,TWSE,5,54.2,53.255,1.77,1421.77,136.25,0.0,136.25,9.58,0.0,3,0,0,0,144.25,0.0,,,,,,,0.0,38.83,38.83
2026-04-17,8033,雷虎,TWSE,5,148.0,143.3066,3.28,24300.35,2665.48,0.0,2665.48,10.97,0.0,5,0,0,0,191.37,0.0,,,,,,,0.0,38.78,38.78
2026-04-17,6643,M31,TPEX,5,506.0,488.7624,3.53,6691.0,732.75,-3.0,729.75,10.95,-0.04,5,0,0,0,130.74,0.0,,,,,,,0.0,38.61,38.61
2026-04-17,4133,亞諾法,TWSE,5,22.5,22.6007,-0.45,408.17,53.3,0.0,53.3,13.06,0.0,1,0,0,0,2.3,0.0,,,,,,,0.0,38.45,38.45
2026-04-17,3447,展達,TWSE,5,39.35,39.1064,0.62,1105.39,142.38,0.0,142.38,12.88,0.0,1,0,0,0,27.38,0.0,,,,,,,0.0,38.3,38.3
2026-04-17,3623,富晶通,TPEX,5,22.6,22.3883,0.95,264.0,34.0,0.0,34.0,12.88,0.0,1,0,0,0,12.0,0.0,,,,,,,0.0,38.3,38.3
2026-04-17,4994,傳奇,TWSE,5,100.5,98.6537,1.87,137.42,14.17,0.0,14.17,10.31,0.0,2,0,0,0,4.17,0.0,,,,,,,0.0,38.25,38.25
2026-04-17,4912,聯德控股-KY,TWSE,5,89.8,89.1095,0.77,1509.92,342.32,-14.0,328.32,22.67,-0.93,5,0,0,3,87.32,-5.0,,,,,,,0.0,38.18,38.18
2026-04-17,4933,友輝,TPEX,5,60.4,60.2554,0.24,891.0,83.0,0.0,83.0,9.32,0.0,3,0,0,0,31.0,0.0,,,,,,,0.0,38.08,38.08
2026-04-17,2390,云辰,TWSE,5,10.1,10.1118,-0.12,2309.53,232.66,0.0,232.66,10.07,0.0,2,0,0,0,133.96,0.0,,,,,,,0.0,38.06,38.06
2026-04-17,2923,鼎固-KY,TWSE,5,28.0,24.5331,14.13,1485.72,967.35,0.0,967.35,65.11,0.0,5,0,0,0,115.66,0.0,,,,,,,0.0,38.0,38.0
2026-04-17,3312,弘憶股,TWSE,5,42.7,41.0121,4.12,16668.21,2570.79,0.0,2570.79,15.42,0.0,3,0,0,0,382.89,0.0,,,,,,,0.0,38.0,38.0
2026-04-17,6146,耕興,TPEX,5,221.0,209.8256,5.33,4049.0,754.2,0.0,754.2,18.63,0.0,3,0,0,0,127.2,0.0,,,,,,,0.0,38.0,38.0
2026-04-17,6752,叡揚,TPEX,5,105.5,103.996,1.45,252.0,46.0,0.0,46.0,18.25,0.0,0,0,0,0,0.0,0.0,,,,,,,0.0,38.0,38.0
2026-04-17,6921,嘉雨思-創,TWSE,5,86.2,78.9694,9.16,441.43,84.3,0.0,84.3,19.1,0.0,5,0,0,0,7.3,0.0,,,,,,,0.0,38.0,38.0
2026-04-17,7823,奧義賽博-KY創,TWSE,5,79.6,79.3156,0.36,105.09,37.0,0.0,37.0,35.21,0.0,0,0,0,0,0.0,0.0,,,,,,,0.0,38.0,38.0
2026-04-17,8111,立碁,TPEX,5,79.2,72.8203,8.76,44937.0,7359.37,0.0,7359.37,16.38,0.0,5,0,0,0,2433.97,0.0,,,,,,,0.0,38.0,38.0
2026-04-17,2108,南帝,TWSE,5,26.05,26.3634,-1.19,4649.3,580.45,0.0,580.45,12.48,0.0,1,0,0,0,98.44,0.0,,,,,,,0.0,37.99,37.99
2026-04-17,6612,奈米醫材,TPEX,5,71.0,69.363,2.36,108.0,10.0,0.0,10.0,9.26,0.0,3,0,0,0,4.0,0.0,,,,,,,0.0,37.93,37.93
2026-04-17,3317,尼克森,TPEX,5,54.6,52.7253,3.56,8952.0,1329.98,0.0,1329.98,14.86,0.0,3,0,0,0,744.98,0.0,,,,,,,0.0,37.89,37.89
2026-04-17,4585,達明,TWSE,5,319.0,315.2456,1.19,2315.59,229.61,0.0,229.61,9.92,0.0,2,0,0,0,56.07,0.0,,,,,,,0.0,37.76,37.76
2026-04-17,3272,東碩,TPEX,5,17.5,15.8511,10.4,752.0,110.0,0.0,110.0,14.63,0.0,5,0,0,0,57.0,0.0,,,,,,,0.0,37.7,37.7
2026-04-17,2642,宅配通,TWSE,5,23.0,22.9184,0.36,418.93,35.44,0.0,35.44,8.46,0.0,4,0,0,0,8.24,0.0,,,,,,,0.0,37.69,37.69
2026-04-17,8401,白紗科,TPEX,5,24.85,24.841,0.04,172.0,25.0,0.0,25.0,14.53,0.0,0,0,0,0,0.0,0.0,,,,,,,0.0,37.63,37.63
2026-04-17,5603,陸海,TPEX,5,16.8,16.7614,0.23,363.0,28.0,0.0,28.0,7.71,0.0,5,0,0,0,5.0,0.0,,,,,,,0.0,37.6,37.6
2026-04-17,6916,華凌,TWSE,5,18.9,18.5208,2.05,269.92,32.0,0.0,32.0,11.86,0.0,1,0,0,0,4.0,0.0,,,,,,,0.0,37.48,37.48
2026-04-17,6435,大中,TPEX,5,178.5,168.4993,5.94,4396.0,431.3,0.0,431.3,9.81,0.0,5,0,0,0,142.0,0.0,,,,,,,0.0,37.47,37.47
2026-04-17,2497,怡利電,TWSE,5,56.1,55.6229,0.86,5885.09,934.8,-25.0,909.8,15.88,-0.42,4,0,0,3,91.3,-10.0,,,,,,,0.0,37.44,37.44
2026-04-17,6416,瑞祺電通,TWSE,5,81.4,80.1745,1.53,1021.13,120.22,0.0,120.22,11.77,0.0,1,0,0,0,46.2,0.0,,,,,,,0.0,37.42,37.42
2026-04-17,8442,威宏-KY,TWSE,5,52.2,52.2684,-0.13,289.78,34.11,0.0,34.11,11.77,0.0,1,0,0,0,21.11,0.0,,,,,,,0.0,37.42,37.42
2026-04-17,9939,宏全,TWSE,5,114.5,110.9883,3.16,11887.27,3461.83,-101.0,3360.83,29.12,-0.85,5,0,0,1,69.46,-64.0,,,,,,,0.0,37.38,37.38
2026-04-17,2420,新巨,TWSE,5,55.1,54.6823,0.76,2776.01,463.84,-2.77,461.07,16.71,-0.1,1,0,0,1,20.76,-2.77,,,,,,,0.0,37.25,37.25
2026-04-17,2845,遠東銀,TWSE,5,12.65,12.6346,0.12,28674.73,9290.02,-98.0,9192.02,32.4,-0.34,5,0,0,4,513.84,-34.0,,,,,,,0.0,37.15,37.15
2026-04-17,2014,中鴻,TWSE,5,18.65,18.664,-0.07,27123.86,2628.72,0.0,2628.72,9.69,0.0,2,0,0,0,355.56,0.0,,,,,,,0.0,37.14,37.14
2026-04-17,2002,中鋼,TWSE,5,20.1,20.1608,-0.3,192751.43,70966.2,-1899.94,69066.26,36.82,-0.99,2,0,0,1,8304.59,-210.74,,,,,,,0.0,37.04,37.04
2026-04-17,6875,國邑*,TPEX,5,36.85,37.1569,-0.83,451.0,61.0,0.0,61.0,13.53,0.0,0,0,0,0,0.0,0.0,,,,,,,0.0,36.82,36.82
2026-04-17,2645,長榮航太,TWSE,5,160.5,156.3823,2.63,6435.88,1155.93,-31.0,1124.93,17.96,-0.48,5,0,0,4,493.39,-3.0,,,,,,,0.0,36.8,36.8
2026-04-17,6207,雷科,TPEX,5,57.1,56.7469,0.62,11471.0,1224.5,0.0,1224.5,10.67,0.0,1,0,0,0,717.5,0.0,,,,,,,0.0,36.54,36.54
2026-04-17,4207,環泰,TPEX,5,17.65,17.9059,-1.43,1174.0,153.0,0.0,153.0,13.03,0.0,0,0,0,0,0.0,0.0,,,,,,,0.0,36.43,36.43
2026-04-17,8410,森田,TPEX,5,37.1,36.5693,1.45,132.0,17.0,0.0,17.0,12.88,0.0,0,0,0,0,0.0,0.0,,,,,,,0.0,36.3,36.3
2026-04-17,2106,建大,TWSE,5,18.6,18.4777,0.66,3449.14,674.74,3.0,677.74,19.56,0.09,0,1,0,0,-72.26,0.0,,,,,,,0.0,36.22,36.22
2026-04-17,7795,長廣,TWSE,5,399.5,388.1655,2.92,4654.77,471.7,0.0,471.7,10.13,0.0,1,0,0,0,146.0,0.0,,,,,,,0.0,36.11,36.11
2026-04-17,1440,南紡,TWSE,5,13.2,13.4911,-2.16,16658.22,2938.32,4.0,2942.32,17.64,0.02,0,1,0,0,-1431.68,0.0,,,,,,,0.0,36.06,36.06
2026-04-17,9914,美利達,TWSE,5,60.9,60.9187,-0.03,8339.39,1533.37,1.0,1534.37,18.39,0.01,0,1,0,0,-449.51,0.0,,,,,,,0.0,36.03,36.03
2026-04-17,1110,東泥,TWSE,5,15.85,15.6175,1.49,995.06,169.42,0.0,169.42,17.03,0.0,0,1,0,0,-43.58,0.0,,,,,,,0.0,36.0,36.0
2026-04-17,1234,黑松,TWSE,5,36.2,35.9929,0.58,619.72,208.94,0.0,208.94,33.72,0.0,0,1,0,0,-15.01,0.0,,,,,,,0.0,36.0,36.0
2026-04-17,1342,八貫,TWSE,5,91.1,89.492,1.8,1549.27,328.44,0.0,328.44,21.2,0.0,0,1,0,0,-19.61,0.0,,,,,,,0.0,36.0,36.0
2026-04-17,1423,利華,TWSE,5,40.4,40.3901,0.02,347.53,58.5,0.0,58.5,16.83,0.0,0,1,0,0,-1.5,0.0,,,,,,,0.0,36.0,36.0
2026-04-17,1444,力麗,TWSE,5,6.59,6.6324,-0.64,8244.91,1773.99,0.0,1773.99,21.52,0.0,0,1,0,0,-239.05,0.0,,,,,,,0.0,36.0,36.0
2026-04-17,1453,大將,TWSE,5,12.15,12.2115,-0.5,480.18,95.57,0.0,95.57,19.9,0.0,0,1,0,0,-40.43,0.0,,,,,,,0.0,36.0,36.0
2026-04-17,1457,宜進,TWSE,5,15.0,14.9221,0.52,574.57,158.41,0.0,158.41,27.57,0.0,0,1,0,0,-18.59,0.0,,,,,,,0.0,36.0,36.0
2026-04-17,1459,聯發,TWSE,5,11.7,11.71,-0.09,651.46,205.79,0.0,205.79,31.59,0.0,0,1,0,0,-5.21,0.0,,,,,,,0.0,36.0,36.0
2026-04-17,1464,得力,TWSE,5,10.55,10.4295,1.16,2071.9,451.19,0.0,451.19,21.78,0.0,0,1,0,0,-53.88,0.0,,,,,,,0.0,36.0,36.0
2026-04-17,1517,利奇,TWSE,5,11.2,11.172,0.25,1332.5,255.12,0.0,255.12,19.15,0.0,0,1,0,0,-36.88,0.0,,,,,,,0.0,36.0,36.0
2026-04-17,1615,大山,TWSE,5,47.55,47.0402,1.08,696.58,112.97,0.0,112.97,16.22,0.0,0,1,0,0,-16.03,0.0,,,,,,,0.0,36.0,36.0
2026-04-17,1617,榮星,TWSE,5,15.75,15.6072,0.92,920.75,193.39,0.0,193.39,21.0,0.0,0,1,0,0,-38.61,0.0,,,,,,,0.0,36.0,36.0
2026-04-17,1732,毛寶,TWSE,5,26.1,25.9943,0.41,434.2,85.21,0.0,85.21,19.62,0.0,0,1,0,0,-1.79,0.0,,,,,,,0.0,36.0,36.0
2026-04-17,1805,寶徠,TWSE,5,11.0,10.8905,1.01,405.33,71.62,0.0,71.62,17.67,0.0,0,1,0,0,-4.38,0.0,,,,,,,0.0,36.0,36.0
2026-04-17,2028,威致,TWSE,5,19.15,18.9429,1.09,921.97,204.61,0.0,204.61,22.19,0.0,0,1,0,0,-27.39,0.0,,,,,,,0.0,36.0,36.0
2026-04-17,2029,盛餘,TWSE,5,20.6,20.6348,-0.17,877.84,201.6,0.0,201.6,22.97,0.0,0,1,0,0,-30.4,0.0,,,,,,,0.0,36.0,36.0
2026-04-17,2332,友訊,TWSE,5,15.35,15.2549,0.62,12537.95,2465.99,0.0,2465.99,19.67,0.0,0,1,0,0,-61.01,0.0,,,,,,,0.0,36.0,36.0
2026-04-17,2545,皇翔,TWSE,5,36.5,36.6724,-0.47,1744.05,289.15,0.0,289.15,16.58,0.0,0,1,0,0,-83.17,0.0,,,,,,,0.0,36.0,36.0
2026-04-17,2613,中櫃,TWSE,5,23.0,22.974,0.11,2358.6,385.76,0.0,385.76,16.36,0.0,0,1,0,0,-52.24,0.0,,,,,,,0.0,36.0,36.0
2026-04-17,3043,科風,TWSE,5,20.15,19.7752,1.9,433.63,69.1,0.0,69.1,15.94,0.0,0,1,0,0,-1.9,0.0,,,,,,,0.0,36.0,36.0
2026-04-17,3051,力特,TWSE,5,20.55,20.5245,0.12,4018.15,614.84,0.0,614.84,15.3,0.0,0,1,0,0,-138.16,0.0,,,,,,,0.0,36.0,36.0
2026-04-17,3128,昇銳,TPEX,5,24.65,24.531,0.49,592.0,123.0,0.0,123.0,20.78,0.0,0,1,0,0,-7.0,0.0,,,,,,,0.0,36.0,36.0
2026-04-17,3346,麗清,TWSE,5,18.45,18.1815,1.48,1713.92,420.39,0.0,420.39,24.53,0.0,0,1,0,0,-43.71,0.0,,,,,,,0.0,36.0,36.0
2026-04-17,4162,智擎,TPEX,5,58.9,58.4287,0.81,1378.0,256.05,0.0,256.05,18.58,0.0,0,1,0,0,-9.0,0.0,,,,,,,0.0,36.0,36.0
2026-04-17,4438,廣越,TWSE,5,58.9,57.8136,1.88,391.83,68.55,0.0,68.55,17.49,0.0,0,1,0,0,-27.45,0.0,,,,,,,0.0,36.0,36.0
2026-04-17,4737,華廣,TWSE,5,67.0,67.7467,-1.1,1002.14,196.37,0.0,196.37,19.6,0.0,0,1,0,0,-61.63,0.0,,,,,,,0.0,36.0,36.0
2026-04-17,5306,桂盟,TWSE,5,84.4,84.7694,-0.44,692.02,106.37,0.0,106.37,15.37,0.0,0,1,0,0,-26.69,0.0,,,,,,,0.0,36.0,36.0
2026-04-17,5471,松翰,TWSE,5,41.2,41.1732,0.06,2872.98,734.84,0.0,734.84,25.58,0.0,0,1,0,0,-7.16,0.0,,,,,,,0.0,36.0,36.0
2026-04-17,6116,彩晶,TWSE,5,8.95,9.0566,-1.18,160857.93,33173.39,0.0,33173.39,20.62,0.0,0,1,0,0,-7314.4,0.0,,,,,,,0.0,36.0,36.0
2026-04-17,6128,上福,TWSE,5,21.05,21.0431,0.03,816.66,147.64,0.0,147.64,18.08,0.0,0,1,0,0,-38.36,0.0,,,,,,,0.0,36.0,36.0
2026-04-17,6182,合晶,TPEX,5,35.8,36.7673,-2.63,52372.0,8618.15,0.0,8618.15,16.46,0.0,0,1,0,0,-1928.36,0.0,,,,,,,0.0,36.0,36.0
2026-04-17,6216,居易,TWSE,5,25.75,25.3101,1.74,896.13,153.46,0.0,153.46,17.12,0.0,0,1,0,0,-42.54,0.0,,,,,,,0.0,36.0,36.0
2026-04-17,6561,是方,TPEX,5,373.0,368.6839,1.17,560.0,112.83,0.0,112.83,20.15,0.0,0,1,0,0,-24.0,0.0,,,,,,,0.0,36.0,36.0
2026-04-17,6728,上洋,TPEX,5,119.0,117.8067,1.01,119.0,18.0,0.0,18.0,15.13,0.0,0,1,0,0,-1.0,0.0,,,,,,,0.0,36.0,36.0
2026-04-17,6762,達亞,TPEX,5,170.5,163.7037,4.15,27.0,10.0,0.0,10.0,37.04,0.0,2,0,0,0,5.0,0.0,,,,,,,0.0,36.0,36.0
2026-04-17,6949,沛爾生醫-創,TWSE,5,770.0,755.3931,1.93,1817.29,305.57,0.0,305.57,16.81,0.0,0,1,0,0,-25.0,0.0,,,,,,,0.0,36.0,36.0
2026-04-17,7705,三商餐飲,TWSE,5,34.8,34.9636,-0.47,218.93,39.69,0.0,39.69,18.13,0.0,0,1,0,0,-1.0,0.0,,,,,,,0.0,36.0,36.0
2026-04-17,8443,阿瘦,TWSE,5,12.05,11.9228,1.07,304.02,55.34,0.0,55.34,18.2,0.0,0,1,0,0,-52.67,0.0,,,,,,,0.0,36.0,36.0
2026-04-17,8931,大汽電,TPEX,5,42.4,41.972,1.02,125.0,19.0,0.0,19.0,15.2,0.0,0,1,0,0,-2.0,0.0,,,,,,,0.0,36.0,36.0
2026-04-17,9929,秋雨,TWSE,5,12.7,12.5781,0.97,267.0,84.5,0.0,84.5,31.65,0.0,0,1,0,0,-15.5,0.0,,,,,,,0.0,36.0,36.0
2026-04-17,9940,信義,TWSE,5,20.1,20.0978,0.01,2264.69,572.24,0.0,572.24,25.27,0.0,0,1,0,0,-97.35,0.0,,,,,,,0.0,36.0,36.0
2026-04-17,3290,東浦,TPEX,5,48.65,49.2841,-1.29,8597.0,1282.0,0.0,1282.0,14.91,0.0,0,1,0,0,-17.0,0.0,,,,,,,0.0,35.93,35.93
2026-04-17,8403,盛弘,TPEX,5,22.2,22.2036,-0.02,948.0,81.0,0.0,81.0,8.54,0.0,3,0,0,0,17.0,0.0,,,,,,,0.0,35.92,35.92
2026-04-17,2908,特力,TWSE,5,20.3,20.1489,0.75,1184.75,173.53,0.0,173.53,14.65,0.0,0,1,0,0,-12.47,0.0,,,,,,,0.0,35.72,35.72
2026-04-17,2756,聯發國際,TPEX,5,70.0,69.0281,1.41,89.0,13.0,0.0,13.0,14.61,0.0,0,1,0,0,-1.0,0.0,,,,,,,0.0,35.69,35.69
2026-04-17,2063,世鎧,TPEX,5,27.2,27.2805,-0.3,131.0,12.0,0.0,12.0,9.16,0.0,2,0,0,0,3.0,0.0,,,,,,,0.0,35.65,35.65
2026-04-17,6969,成信實業*-創,TWSE,5,29.8,29.0947,2.42,457.04,55.0,0.0,55.0,12.03,0.0,0,0,0,0,0.0,0.0,,,,,,,0.0,35.63,35.63
2026-04-17,2031,新光鋼,TWSE,5,41.0,41.0265,-0.06,3305.74,631.6,-7.0,624.6,19.11,-0.21,0,1,0,0,-3.4,0.0,,,,,,,0.0,35.47,35.47
2026-04-17,4716,大立,TPEX,5,16.2,15.7751,2.69,5364.0,488.0,0.0,488.0,9.1,0.0,2,0,0,0,420.0,0.0,,,,,,,0.0,35.47,35.47
2026-04-17,6890,來億-KY,TWSE,5,175.5,166.0332,5.7,4596.51,452.04,-1.0,451.04,9.83,-0.02,4,0,0,0,147.88,0.0,,,,,,,0.0,35.46,35.46
2026-04-17,6245,立端,TPEX,5,82.8,78.4022,5.61,8477.0,1588.0,-1.98,1586.02,18.73,-0.02,3,0,0,1,922.0,-1.98,,,,,,,0.0,35.44,35.44
2026-04-17,1789,神隆,TWSE,5,21.9,21.3568,2.54,4405.43,628.97,0.0,628.97,14.28,0.0,0,1,0,0,-130.03,0.0,,,,,,,0.0,35.42,35.42
2026-04-17,5533,皇鼎,TWSE,5,14.65,14.5958,0.37,1021.93,144.77,0.0,144.77,14.17,0.0,0,1,0,0,-1.29,0.0,,,,,,,0.0,35.33,35.33
2026-04-17,1609,大亞,TWSE,5,34.55,34.1142,1.28,13260.89,1999.34,-51.0,1948.34,15.08,-0.38,3,0,0,3,516.01,-21.0,,,,,,,0.0,35.29,35.29
2026-04-17,4540,全球傳動,TWSE,5,57.9,53.4639,8.3,51608.8,5971.3,0.0,5971.3,11.57,0.0,5,0,0,0,2681.33,0.0,,,,,,,0.0,35.26,35.26
2026-04-17,2482,連宇,TWSE,5,17.7,17.3647,1.93,1393.51,125.09,0.0,125.09,8.98,0.0,2,0,0,0,46.09,0.0,,,,,,,0.0,35.13,35.13
2026-04-17,2905,三商,TWSE,5,14.5,14.5702,-0.48,5148.17,714.57,0.0,714.57,13.88,0.0,0,1,0,0,-311.43,0.0,,,,,,,0.0,35.1,35.1
2026-04-17,3033,威健,TWSE,5,34.65,34.4071,0.71,22264.51,8510.09,-45.55,8464.54,38.22,-0.2,5,0,0,5,1870.18,-23.51,,,,,,,0.0,34.99,34.99
2026-04-17,8085,福華,TPEX,5,15.0,14.9846,0.1,1725.0,234.0,0.0,234.0,13.57,0.0,0,1,0,0,-92.0,0.0,,,,,,,0.0,34.85,34.85
2026-04-17,7715,裕山,TPEX,5,29.0,28.9395,0.21,100.0,11.0,0.0,11.0,11.0,0.0,0,0,0,0,0.0,0.0,,,,,,,0.0,34.8,34.8
2026-04-17,3259,鑫創,TPEX,5,17.1,17.2621,-0.94,178.0,17.0,0.0,17.0,9.55,0.0,1,0,0,0,1.0,0.0,,,,,,,0.0,34.74,34.74
2026-04-17,3306,鼎天,TPEX,5,47.45,47.4607,-0.02,682.0,60.0,0.0,60.0,8.8,0.0,2,0,0,0,5.0,0.0,,,,,,,0.0,34.63,34.63
2026-04-17,2527,宏璟,TWSE,5,36.7,37.6006,-2.4,10933.49,1552.34,-8.49,1543.84,14.2,-0.08,5,0,0,5,738.34,-3.59,,,,,,,0.0,34.6,34.6
2026-04-17,1417,嘉裕,TWSE,5,8.96,9.0052,-0.5,819.4,107.94,0.0,107.94,13.17,0.0,0,1,0,0,-14.06,0.0,,,,,,,0.0,34.54,34.54
2026-04-17,1708,東鹼,TWSE,5,39.35,40.981,-3.98,24127.45,3743.35,-3.0,3740.35,15.51,-0.01,1,0,0,1,407.47,-2.0,,,,,,,0.0,34.47,34.47
2026-04-17,6233,旺玖,TPEX,5,25.95,26.2982,-1.32,2472.0,216.0,0.0,216.0,8.74,0.0,2,0,0,0,114.0,0.0,,,,,,,0.0,34.47,34.47
2026-04-17,6214,精誠,TWSE,5,126.0,121.8939,3.37,9118.38,3299.95,-4.16,3295.79,36.19,-0.05,5,0,0,3,535.35,-2.16,,,,,,,0.0,34.39,34.39
2026-04-17,1447,力鵬,TWSE,5,5.28,5.2921,-0.23,7722.71,998.33,0.0,998.33,12.93,0.0,0,1,0,0,-590.48,0.0,,,,,,,0.0,34.34,34.34
2026-04-17,3372,典範,TPEX,5,20.05,20.2732,-1.1,3751.0,325.0,0.0,325.0,8.66,0.0,2,0,0,0,18.0,0.0,,,,,,,0.0,34.26,34.26
2026-04-17,1227,佳格,TWSE,5,30.75,30.3305,1.38,5581.52,149.4,71.0,220.4,2.68,1.27,2,0,5,0,394.27,15.0,,,,,,,0.0,34.19,34.19
2026-04-17,2431,聯昌,TWSE,5,11.5,11.3217,1.57,3010.52,502.28,0.0,502.28,16.68,0.0,0,2,0,0,-101.72,0.0,,,,,,,0.0,34.0,34.0
2026-04-17,3055,蔚華科,TWSE,5,68.2,64.4129,5.88,2476.99,372.31,0.0,372.31,15.03,0.0,1,0,0,0,85.26,0.0,,,,,,,0.0,34.0,34.0
2026-04-17,3607,谷崧,TWSE,5,15.5,14.9114,3.95,2574.66,394.31,0.0,394.31,15.32,0.0,1,0,0,0,111.31,0.0,,,,,,,0.0,34.0,34.0
2026-04-17,6733,博晟生醫,TPEX,5,30.75,30.9888,-0.77,1103.0,181.0,0.0,181.0,16.41,0.0,0,2,0,0,-36.0,0.0,,,,,,,0.0,34.0,34.0
2026-04-17,3004,豐達科,TWSE,5,113.0,116.7276,-3.19,2639.79,295.29,0.0,295.29,11.19,0.0,1,0,0,0,190.83,0.0,,,,,,,0.0,33.95,33.95
2026-04-17,8481,政伸,TWSE,5,42.1,41.9785,0.29,120.65,11.17,0.0,11.17,9.25,0.0,1,0,0,0,5.17,0.0,,,,,,,0.0,33.91,33.91
2026-04-17,6617,共信-KY,TPEX,5,66.7,66.9228,-0.33,817.0,101.0,0.0,101.0,12.36,0.0,0,1,0,0,-11.0,0.0,,,,,,,0.0,33.89,33.89
2026-04-17,9905,大華,TWSE,5,21.8,21.7475,0.24,1300.78,159.92,0.0,159.92,12.29,0.0,0,1,0,0,-40.08,0.0,,,,,,,0.0,33.84,33.84
2026-04-17,5302,太欣,TPEX,5,10.95,10.9449,0.05,2355.0,200.0,0.0,200.0,8.49,0.0,2,0,0,0,86.0,0.0,,,,,,,0.0,33.78,33.78
2026-04-17,4552,力達-KY,TWSE,5,21.2,21.3523,-0.71,553.23,67.29,0.0,67.29,12.16,0.0,0,1,0,0,-12.71,0.0,,,,,,,0.0,33.73,33.73
2026-04-17,6526,達發,TWSE,5,506.0,494.841,2.26,2861.2,314.46,-22.3,292.16,10.99,-0.78,2,0,0,1,49.35,-6.0,,,,,,,0.0,33.72,33.72
2026-04-17,5272,笙科,TPEX,5,23.45,22.7286,3.17,1606.0,195.0,0.0,195.0,12.14,0.0,2,0,0,0,126.0,0.0,,,,,,,0.0,33.71,33.71
2026-04-17,6272,驊陞,TWSE,5,32.55,31.4643,3.45,1691.39,247.54,0.0,247.54,14.64,0.0,1,0,0,0,129.54,0.0,,,,,,,0.0,33.71,33.71
2026-04-17,3227,原相,TPEX,5,198.0,194.4693,1.82,5408.0,933.44,2.42,935.86,17.26,0.04,0,1,0,1,-156.16,-3.15,,,,,,,0.0,33.61,33.61
2026-04-17,1268,漢來美食,TPEX,5,157.5,158.32,-0.52,75.0,9.0,0.0,9.0,12.0,0.0,0,1,0,0,-2.0,0.0,,,,,,,0.0,33.6,33.6
2026-04-17,4306,炎洲,TWSE,5,13.7,13.8368,-0.99,6774.24,809.67,0.0,809.67,11.95,0.0,0,1,0,0,-90.33,0.0,,,,,,,0.0,33.56,33.56
2026-04-17,9906,欣巴巴,TWSE,5,41.6,41.9395,-0.81,356.95,42.42,0.0,42.42,11.88,0.0,0,1,0,0,-32.58,0.0,,,,,,,0.0,33.51,33.51
2026-04-17,6683,雍智科技,TPEX,5,1870.0,1856.7263,0.71,1118.0,134.56,-14.0,120.56,12.04,-1.25,1,0,0,0,4.0,0.0,,,,,,,0.0,33.5,33.5
2026-04-17,1326,台化,TWSE,5,51.0,51.4016,-0.78,353198.42,96902.6,-7088.0,89814.6,27.44,-2.01,0,1,1,0,-5036.36,17.0,,,,,,,0.0,33.48,33.48
2026-04-17,1471,首利,TWSE,5,12.0,12.008,-0.07,3733.47,442.01,0.0,442.01,11.84,0.0,0,1,0,0,-33.28,0.0,,,,,,,0.0,33.47,33.47
2026-04-17,1455,集盛,TWSE,5,9.02,8.8931,1.43,5653.68,668.64,0.0,668.64,11.83,0.0,0,1,0,0,-357.36,0.0,,,,,,,0.0,33.46,33.46
2026-04-17,6952,大武山,TWSE,5,40.5,39.869,1.58,101.47,12.0,0.0,12.0,11.83,0.0,0,1,0,0,-5.0,0.0,,,,,,,0.0,33.46,33.46
2026-04-17,6505,台塑化,TWSE,5,54.9,54.8832,0.03,81202.61,18926.96,-672.97,18253.99,23.31,-0.83,5,0,0,5,548.18,-15.05,,,,,,,0.0,33.43,33.43
2026-04-17,2611,志信,TWSE,5,14.7,15.034,-2.22,4047.61,475.94,0.0,475.94,11.76,0.0,0,1,0,0,-94.06,0.0,,,,,,,0.0,33.41,33.41
2026-04-17,2352,佳世達,TWSE,5,25.65,24.86,3.18,25216.35,8918.15,-111.0,8807.15,35.37,-0.44,5,0,0,3,2832.91,-39.0,,,,,,,0.0,33.4,33.4
2026-04-17,6908,宏碁遊戲-創,TWSE,5,41.55,39.5308,5.11,215.49,18.0,0.0,18.0,8.35,0.0,5,0,0,0,8.0,0.0,,,,,,,0.0,33.39,33.39
2026-04-17,5202,力新,TPEX,5,14.15,13.3026,6.37,1385.0,162.0,0.0,162.0,11.7,0.0,2,0,0,0,103.0,0.0,,,,,,,0.0,33.36,33.36
2026-04-17,4502,健信,TPEX,5,15.95,15.9209,0.18,163.0,19.0,0.0,19.0,11.66,0.0,0,1,0,0,-1.0,0.0,,,,,,,0.0,33.33,33.33
2026-04-17,1526,日馳,TWSE,5,16.75,16.6789,0.43,628.64,73.15,0.0,73.15,11.64,0.0,0,1,0,0,-3.85,0.0,,,,,,,0.0,33.31,33.31
2026-04-17,6958,日盛台駿,TWSE,5,19.9,19.7644,0.69,1720.79,188.0,2.0,190.0,10.93,0.12,0,1,0,0,-24.0,0.0,,,,,,,0.0,33.12,33.12
2026-04-17,6153,嘉聯益,TWSE,5,18.75,17.8521,5.03,31520.95,4369.57,0.0,4369.57,13.86,0.0,1,0,0,0,2440.57,0.0,,,,,,,0.0,33.09,33.09
2026-04-17,9927,泰銘,TWSE,5,70.5,70.1278,0.53,470.9,53.41,0.0,53.41,11.34,0.0,0,1,0,0,-19.4,0.0,,,,,,,0.0,33.07,33.07
2026-04-17,4142,國光生,TWSE,5,18.5,18.5588,-0.32,7744.04,876.14,0.0,876.14,11.31,0.0,0,1,0,0,-524.86,0.0,,,,,,,0.0,33.05,33.05
2026-04-17,4754,國碳科,TPEX,5,37.35,37.4154,-0.17,114.0,11.0,0.0,11.0,9.65,0.0,0,0,0,0,0.0,0.0,,,,,,,0.0,33.02,33.02
2026-04-17,1313,聯成,TWSE,5,12.2,12.6608,-3.64,51651.02,7931.87,0.0,7931.87,15.36,0.0,0,1,0,0,-1954.23,0.0,,,,,,,0.0,33.0,33.0
2026-04-17,6838,台新藥,TWSE,5,30.5,31.6754,-3.71,1564.85,243.86,0.0,243.86,15.58,0.0,0,1,0,0,-48.0,0.0,,,,,,,0.0,33.0,33.0
2026-04-17,9955,佳龍,TWSE,5,31.1,31.9227,-2.58,2747.36,308.44,0.0,308.44,11.23,0.0,0,1,0,0,-31.48,0.0,,,,,,,0.0,32.98,32.98
2026-04-17,6568,宏觀,TPEX,5,225.0,217.4391,3.48,6062.0,583.85,0.0,583.85,9.63,0.0,3,0,0,0,457.0,0.0,,,,,,,0.0,32.97,32.97
2026-04-17,2453,凌群,TWSE,5,55.5,54.8578,1.17,2381.55,263.57,0.0,263.57,11.07,0.0,0,1,0,0,-59.5,0.0,,,,,,,0.0,32.85,32.85
2026-04-17,8255,朋程,TPEX,5,131.5,126.4179,4.02,2199.0,243.0,0.0,243.0,11.05,0.0,2,0,0,0,131.0,0.0,,,,,,,0.0,32.84,32.84
2026-04-17,2353,宏碁,TWSE,5,28.7,28.0769,2.22,138496.0,27930.21,-1503.79,26426.42,20.17,-1.09,5,0,0,5,9284.25,-589.78,,,,,,,0.0,32.79,32.79
2026-04-17,2007,燁興,TWSE,5,8.0,8.0189,-0.24,1781.64,194.63,0.0,194.63,10.92,0.0,0,1,0,0,-21.37,0.0,,,,,,,0.0,32.74,32.74
2026-04-17,6148,驊宏資,TPEX,5,33.0,32.7776,0.68,1113.0,121.0,0.0,121.0,10.87,0.0,0,1,0,0,-51.0,0.0,,,,,,,0.0,32.7,32.7
2026-04-17,6901,鑽石投資,TWSE,5,14.5,14.3052,1.36,6508.95,708.22,0.0,708.22,10.88,0.0,0,1,0,0,-0.78,0.0,,,,,,,0.0,32.7,32.7
2026-04-17,8201,無敵,TWSE,5,13.3,13.4161,-0.87,483.74,32.31,0.0,32.31,6.68,0.0,4,0,0,0,17.31,0.0,,,,,,,0.0,32.7,32.7
2026-04-17,3035,智原,TWSE,5,159.0,155.4256,2.3,18240.18,1417.25,-4.61,1412.64,7.77,-0.03,5,0,0,2,446.52,-2.0,,,,,,,0.0,32.67,32.67
2026-04-17,8429,金麗-KY,TWSE,5,6.87,6.8921,-0.32,1153.23,124.93,0.0,124.93,10.83,0.0,0,1,0,0,-26.07,0.0,,,,,,,0.0,32.67,32.67
2026-04-17,2072,世紀風電,TWSE,5,181.0,178.7952,1.23,3311.61,1.4,186.0,187.4,0.04,5.62,0,1,4,0,-99.0,50.0,,,,,,,0.0,32.65,32.65
2026-04-17,3178,公準,TPEX,5,72.5,69.5359,4.26,2005.0,162.15,0.0,162.15,8.09,0.0,5,0,0,0,13.0,0.0,,,,,,,0.0,32.64,32.64
2026-04-17,6283,淳安,TWSE,5,23.6,22.2834,5.91,1924.68,169.34,0.0,169.34,8.8,0.0,4,0,0,0,111.34,0.0,,,,,,,0.0,32.63,32.63
2026-04-17,2230,泰茂,TPEX,5,30.25,30.4562,-0.68,1176.0,126.5,0.0,126.5,10.76,0.0,0,1,0,0,-9.0,0.0,,,,,,,0.0,32.61,32.61
2026-04-17,8222,寶一,TWSE,5,37.85,36.8418,2.74,3269.73,287.34,0.0,287.34,8.79,0.0,1,0,0,0,166.34,0.0,,,,,,,0.0,32.61,32.61
2026-04-17,2464,盟立,TWSE,5,79.0,75.3162,4.89,34521.96,4570.1,0.0,4570.1,13.24,0.0,1,0,0,0,3821.89,0.0,,,,,,,0.0,32.59,32.59
2026-04-17,6219,富旺,TPEX,5,14.1,14.1726,-0.51,1765.0,188.0,0.0,188.0,10.65,0.0,0,1,0,0,-128.0,0.0,,,,,,,0.0,32.52,32.52
2026-04-17,6811,宏碁資訊,TPEX,5,195.0,190.9721,2.11,376.0,40.0,0.0,40.0,10.64,0.0,0,1,0,0,-5.0,0.0,,,,,,,0.0,32.51,32.51
2026-04-17,5403,中菲,TPEX,5,94.4,93.7385,0.71,1424.0,94.0,0.0,94.0,6.6,0.0,4,0,0,0,38.0,0.0,,,,,,,0.0,32.48,32.48
2026-04-17,6472,保瑞,TWSE,5,416.0,422.4927,-1.54,4028.92,725.68,-25.0,700.68,18.01,-0.62,0,2,0,0,-91.45,0.0,,,,,,,0.0,32.45,32.45
2026-04-17,6957,裕慶-KY,TWSE,5,163.5,161.2438,1.4,494.02,52.0,0.0,52.0,10.53,0.0,0,1,0,0,-15.0,0.0,,,,,,,0.0,32.42,32.42
2026-04-17,3324,雙鴻,TPEX,5,1035.0,1006.9195,2.79,27616.0,2705.85,-352.52,2353.33,9.8,-1.28,0,1,2,0,-392.54,1.94,,,,,,,0.0,32.22,32.22
2026-04-17,6186,新潤,TPEX,5,40.65,40.6617,-0.03,1778.0,182.0,0.0,182.0,10.24,0.0,0,1,0,0,-55.0,0.0,,,,,,,0.0,32.19,32.19
2026-04-17,6542,隆中,TPEX,5,51.4,51.9414,-1.04,58.0,5.0,0.0,5.0,8.62,0.0,1,0,0,0,1.0,0.0,,,,,,,0.0,32.14,32.14
2026-04-17,5356,協益,TPEX,5,25.9,25.5753,1.27,696.0,55.0,0.0,55.0,7.9,0.0,2,0,0,0,1.0,0.0,,,,,,,0.0,32.13,32.13
2026-04-17,8926,台汽電,TWSE,5,45.2,44.3304,1.96,6042.32,444.19,-1.0,443.19,7.35,-0.02,4,0,0,1,562.01,-1.0,,,,,,,0.0,32.03,32.03
2026-04-17,1256,鮮活果汁-KY,TWSE,5,157.0,153.9125,2.01,250.8,25.12,0.0,25.12,10.02,0.0,0,1,0,0,-6.88,0.0,,,,,,,0.0,32.01,32.01
2026-04-17,1721,三晃,TWSE,5,20.5,19.6738,4.2,28341.01,3534.36,0.0,3534.36,12.47,0.0,1,0,0,0,1919.0,0.0,,,,,,,0.0,31.98,31.98
2026-04-17,3002,歐格,TWSE,5,19.05,19.1593,-0.57,1443.44,179.51,0.0,179.51,12.44,0.0,0,2,0,0,-21.49,0.0,,,,,,,0.0,31.95,31.95
2026-04-17,8929,富堡,TPEX,5,15.55,15.5624,-0.08,129.0,11.95,0.0,11.95,9.27,0.0,0,0,0,0,0.0,0.0,,,,,,,0.0,31.94,31.94
2026-04-17,6771,平和環保-創,TWSE,5,45.3,44.297,2.26,203.06,13.0,0.0,13.0,6.4,0.0,4,0,0,0,7.0,0.0,,,,,,,0.0,31.93,31.93
2026-04-17,2030,彰源,TWSE,5,16.5,16.3586,0.86,3651.05,451.7,0.0,451.7,12.37,0.0,0,2,0,0,-50.3,0.0,,,,,,,0.0,31.9,31.9
2026-04-17,3709,鑫聯大投控,TPEX,5,71.3,72.3782,-1.49,24712.0,2084.14,0.0,2084.14,8.43,0.0,1,0,0,0,121.0,0.0,,,,,,,0.0,31.61,31.61
2026-04-17,8940,新天地,TWSE,5,18.0,18.2117,-1.16,289.59,18.17,0.0,18.17,6.27,0.0,4,0,0,0,0.17,0.0,,,,,,,0.0,31.56,31.56
2026-04-17,2010,春源,TWSE,5,24.95,25.1858,-0.94,9069.68,697.89,0.0,697.89,7.69,0.0,2,0,0,0,434.21,0.0,,,,,,,0.0,31.55,31.55
2026-04-17,3706,神達,TWSE,5,84.1,83.3637,0.88,63007.83,9165.14,-46.96,9118.17,14.55,-0.07,2,0,0,4,6700.37,-39.96,,,,,,,0.0,31.39,31.39
2026-04-17,2488,漢平,TWSE,5,50.8,50.7023,0.19,2175.03,212.39,0.0,212.39,9.77,0.0,0,1,0,0,-96.61,0.0,,,,,,,0.0,31.34,31.34
2026-04-17,4960,誠美材,TWSE,5,33.85,29.2837,15.59,190459.81,22108.23,0.0,22108.23,11.61,0.0,3,0,0,0,18319.63,0.0,,,,,,,0.0,31.29,31.29
2026-04-17,6840,東研信超,TPEX,5,69.9,69.7584,0.2,1295.0,89.0,0.0,89.0,6.87,0.0,3,0,0,0,76.0,0.0,,,,,,,0.0,31.24,31.24
2026-04-17,1605,華新,TWSE,5,32.3,32.3232,-0.07,100197.85,13659.99,-1873.98,11786.01,13.63,-1.87,4,0,0,3,3189.13,-547.48,,,,,,,0.0,31.23,31.23
2026-04-17,8103,瀚荃,TWSE,5,93.1,91.4969,1.75,9123.03,756.66,0.0,756.66,8.29,0.0,1,0,0,0,276.49,0.0,,,,,,,0.0,31.22,31.22
2026-04-17,3209,全科,TWSE,5,47.45,46.4434,2.17,22748.55,4060.94,-29.39,4031.55,17.85,-0.13,3,0,0,5,600.08,-16.07,,,,,,,0.0,31.18,31.18
2026-04-17,6918,愛派司,TWSE,5,74.0,74.7026,-0.94,324.98,26.9,0.0,26.9,8.28,0.0,1,0,0,0,1.0,0.0,,,,,,,0.0,31.18,31.18
2026-04-17,7786,東方風能,TWSE,5,138.0,139.7167,-1.23,1566.6,152.0,0.0,152.0,9.7,0.0,0,1,0,0,-17.0,0.0,,,,,,,0.0,31.17,31.17
2026-04-17,6689,伊雲谷,TWSE,5,71.1,72.8617,-2.42,1901.62,142.34,0.0,142.34,7.49,0.0,2,0,0,0,54.34,0.0,,,,,,,0.0,30.96,30.96
2026-04-17,5315,光聯,TPEX,5,23.2,22.9867,0.93,2074.0,155.0,0.0,155.0,7.47,0.0,2,0,0,0,45.0,0.0,,,,,,,0.0,30.93,30.93
2026-04-17,2637,慧洋-KY,TWSE,5,75.7,73.1557,3.48,20411.41,6622.7,-377.71,6244.99,32.45,-1.85,3,0,0,1,2226.69,-14.65,,,,,,,0.0,30.87,30.87
2026-04-17,6591,動力-KY,TWSE,5,58.9,57.493,2.45,1559.04,116.19,0.0,116.19,7.45,0.0,2,0,0,0,12.19,0.0,,,,,,,0.0,30.87,30.87
2026-04-17,6629,泰金-KY,TPEX,5,116.5,111.0315,4.93,461.0,51.0,0.0,51.0,11.06,0.0,1,0,0,0,8.0,0.0,,,,,,,0.0,30.85,30.85
2026-04-17,8383,千附,TPEX,5,62.4,56.1327,11.17,25221.0,2788.4,0.0,2788.4,11.06,0.0,3,0,0,0,2026.4,0.0,,,,,,,0.0,30.84,30.84
2026-04-17,2850,新產,TWSE,5,125.5,125.5866,-0.07,1754.43,414.72,-47.0,367.72,23.64,-2.68,1,0,0,1,102.94,-50.0,,,,,,,0.0,30.8,30.8
2026-04-17,3669,圓展,TWSE,5,39.35,39.7359,-0.97,1512.8,101.46,0.0,101.46,6.71,0.0,3,0,0,0,72.46,0.0,,,,,,,0.0,30.78,30.78
2026-04-17,2476,鉅祥,TWSE,5,115.0,108.3211,6.17,42579.43,3458.42,0.0,3458.42,8.12,0.0,4,0,0,0,1716.96,0.0,,,,,,,0.0,30.74,30.74
2026-04-17,4711,永純,TPEX,5,15.3,15.3444,-0.29,431.0,47.0,0.0,47.0,10.9,0.0,0,2,0,0,-2.0,0.0,,,,,,,0.0,30.72,30.72
2026-04-17,7703,銳澤,TPEX,5,230.5,235.1802,-1.99,2467.0,200.0,0.0,200.0,8.11,0.0,1,0,0,0,24.0,0.0,,,,,,,0.0,30.7,30.7
2026-04-17,8074,鉅橡,TPEX,5,71.2,70.0376,1.66,42859.0,3471.46,0.0,3471.46,8.1,0.0,1,0,0,0,910.0,0.0,,,,,,,0.0,30.68,30.68
2026-04-17,1591,駿吉-KY,TPEX,5,57.7,57.5903,0.19,9068.0,468.45,0.0,468.45,5.17,0.0,5,0,0,0,67.2,0.0,,,,,,,0.0,30.46,30.46
2026-04-17,2432,倚天酷碁-創,TWSE,5,28.35,28.0373,1.12,431.13,31.31,0.0,31.31,7.26,0.0,2,0,0,0,0.31,0.0,,,,,,,0.0,30.33,30.33
2026-04-17,2939,永邑-KY,TWSE,5,25.25,24.5116,3.01,97.36,9.12,0.0,9.12,9.37,0.0,2,0,0,0,6.12,0.0,,,,,,,0.0,30.23,30.23
2026-04-17,4916,事欣科,TWSE,5,67.8,64.8619,4.53,53309.09,7927.77,-29.0,7898.77,14.87,-0.05,3,0,0,3,3186.23,-11.0,,,,,,,0.0,30.22,30.22
2026-04-17,3628,盈正,TPEX,5,71.3,68.179,4.58,1066.0,108.96,0.0,108.96,10.22,0.0,1,0,0,0,150.0,0.0,,,,,,,0.0,30.18,30.18
2026-04-17,3224,三顧,TPEX,5,41.5,40.7449,1.85,433.0,44.0,0.0,44.0,10.16,0.0,0,2,0,0,-4.0,0.0,,,,,,,0.0,30.13,30.13
2026-04-17,1802,台玻,TWSE,5,74.2,69.0379,7.48,1281632.92,129607.66,18.0,129625.66,10.11,0.0,1,0,0,0,26413.02,0.0,,,,,,,0.0,30.09,30.09
2026-04-17,2025,千興,TWSE,5,12.25,11.7392,4.35,1141.29,189.86,0.0,189.86,16.64,0.0,0,1,0,0,-37.14,0.0,,,,,,,0.0,30.0,30.0
2026-04-17,2239,英利-KY,TWSE,5,24.0,22.9992,4.35,494.58,74.3,0.0,74.3,15.02,0.0,0,1,0,0,-9.7,0.0,,,,,,,0.0,30.0,30.0
2026-04-17,2540,愛山林,TWSE,5,54.0,51.8147,4.22,6816.86,1212.62,0.0,1212.62,17.79,0.0,0,1,0,0,-107.47,0.0,,,,,,,0.0,30.0,30.0
2026-04-17,4971,IET-KY,TPEX,5,767.0,702.6827,9.15,2146.0,420.14,0.0,420.14,19.58,0.0,1,0,0,0,103.99,0.0,,,,,,,0.0,30.0,30.0
2026-04-17,8092,建暐,TPEX,5,14.2,12.8951,10.12,1294.0,203.0,0.0,203.0,15.69,0.0,1,0,0,0,261.0,0.0,,,,,,,0.0,30.0,30.0
2026-04-17,5234,達興材料,TWSE,5,443.0,419.5464,5.59,5679.05,737.3,-103.0,634.3,12.98,-1.81,4,0,0,1,169.46,-3.0,,,,,,,0.0,29.9,29.9
2026-04-17,3494,誠研,TWSE,5,8.35,8.2132,1.67,525.83,26.0,0.0,26.0,4.94,0.0,5,0,0,0,6.0,0.0,,,,,,,0.0,29.84,29.84
2026-04-17,2913,農林,TWSE,5,12.15,12.2244,-0.61,7361.99,678.51,0.0,678.51,9.22,0.0,0,1,0,0,-1084.49,0.0,,,,,,,0.0,29.81,29.81
2026-04-17,2614,東森,TWSE,5,20.4,20.4596,-0.29,3224.72,295.63,0.0,295.63,9.17,0.0,0,1,0,0,-83.37,0.0,,,,,,,0.0,29.67,29.67
2026-04-17,6417,韋僑,TPEX,5,122.5,116.8049,4.88,892.0,88.0,0.0,88.0,9.87,0.0,1,0,0,0,37.0,0.0,,,,,,,0.0,29.62,29.62
2026-04-17,1473,台南,TWSE,5,23.2,23.4623,-1.12,468.07,42.72,0.0,42.72,9.13,0.0,0,1,0,0,-46.28,0.0,,,,,,,0.0,29.56,29.56
2026-04-17,4155,訊映,TWSE,5,13.4,13.2273,1.31,1179.51,107.68,0.0,107.68,9.13,0.0,0,1,0,0,-41.27,0.0,,,,,,,0.0,29.56,29.56
2026-04-17,4946,辣椒,TPEX,5,113.0,108.9791,3.69,263.0,38.0,0.0,38.0,14.45,0.0,0,1,0,0,-11.0,0.0,,,,,,,0.0,29.56,29.56
2026-04-17,2511,太子,TWSE,5,8.13,8.2167,-1.05,5187.19,472.07,0.0,472.07,9.1,0.0,0,1,0,0,-231.93,0.0,,,,,,,0.0,29.48,29.48
2026-04-17,7788,松川精密,TWSE,5,163.0,153.0791,6.48,2549.81,250.0,0.0,250.0,9.8,0.0,1,0,0,0,250.0,0.0,,,,,,,0.0,29.45,29.45
2026-04-17,6446,藥華藥,TWSE,5,653.0,650.3794,0.4,6893.49,1025.24,-136.0,889.24,14.87,-1.97,0,1,0,0,-84.37,0.0,,,,,,,0.0,29.39,29.39
2026-04-17,1586,和勤,TPEX,5,22.75,22.6047,0.64,2123.0,131.0,0.0,131.0,6.17,0.0,3,0,0,0,42.0,0.0,,,,,,,0.0,29.28,29.28
2026-04-17,4109,加捷生醫,TPEX,5,12.6,12.3643,1.91,957.0,59.0,0.0,59.0,6.17,0.0,3,0,0,0,31.0,0.0,,,,,,,0.0,29.26,29.26
2026-04-17,8437,大地-KY,TPEX,5,12.5,12.1635,2.77,496.0,27.0,0.0,27.0,5.44,0.0,4,0,0,0,5.0,0.0,,,,,,,0.0,29.24,29.24
2026-04-17,4935,茂林-KY,TWSE,5,38.35,36.8684,4.02,714.9,98.56,0.0,98.56,13.79,0.0,0,1,0,0,-2.46,0.0,,,,,,,0.0,29.03,29.03
2026-04-17,6274,台燿,TPEX,5,946.0,896.9997,5.46,47110.0,1566.72,1672.54,3239.26,3.33,3.55,0,1,4,0,-536.44,315.43,,,,,,,0.0,29.03,29.03
2026-04-17,6732,昇佳電子,TPEX,5,158.0,152.7727,3.42,1091.0,149.0,-3.0,146.0,13.66,-0.27,2,0,0,2,30.0,-1.0,,,,,,,0.0,29.02,29.02
2026-04-17,6669,緯穎,TWSE,5,3805.0,3763.8201,1.09,9420.64,261.9,305.55,567.46,2.78,3.24,1,0,1,0,430.63,188.44,,,,,,,0.0,28.99,28.99
2026-04-17,1558,伸興,TWSE,5,93.7,93.1988,0.54,178.95,43.33,-3.26,40.07,24.21,-1.82,4,0,0,5,17.33,-1.53,,,,,,,0.0,28.95,28.95
2026-04-17,6154,順發,TPEX,5,13.25,13.282,-0.24,122.0,10.0,0.0,10.0,8.2,0.0,0,0,0,0,0.0,0.0,,,,,,,0.0,28.95,28.95
2026-04-17,4764,雙鍵,TWSE,5,212.5,189.7985,11.96,22143.89,4298.8,-8.0,4290.8,19.41,-0.04,3,0,0,2,165.21,-3.0,,,,,,,0.0,28.91,28.91
2026-04-17,6721,信實,TPEX,5,,58.5185,,27.0,3.0,0.0,3.0,11.11,0.0,0,0,0,0,0.0,0.0,,,,,,,0.0,28.89,28.89
2026-04-17,1454,台富,TWSE,5,13.3,13.0353,2.03,313.65,27.64,0.0,27.64,8.81,0.0,0,1,0,0,-12.36,0.0,,,,,,,0.0,28.67,28.67
2026-04-17,2006,東和鋼鐵,TWSE,5,71.8,70.882,1.3,11742.03,1228.03,-167.76,1060.27,10.46,-1.43,2,0,0,2,876.87,-165.42,,,,,,,0.0,28.65,28.65
2026-04-17,2369,菱生,TWSE,5,30.6,31.6292,-3.25,66529.95,3711.28,0.0,3711.28,5.58,0.0,5,0,0,0,1406.38,0.0,,,,,,,0.0,28.62,28.62
2026-04-17,6788,華景電,TPEX,5,431.0,395.8752,8.87,13656.0,1811.8,0.0,1811.8,13.27,0.0,1,0,0,0,1030.1,0.0,,,,,,,0.0,28.61,28.61
2026-04-17,9921,巨大,TWSE,5,69.2,69.081,0.17,9300.7,812.47,4.0,816.47,8.74,0.04,0,1,0,0,-878.48,0.0,,,,,,,0.0,28.6,28.6
2026-04-17,2481,強茂,TWSE,5,118.0,107.2089,10.07,142698.48,13188.53,520.65,13709.18,9.24,0.36,0,1,3,0,-1589.86,419.65,,,,,,,0.0,28.58,28.58
2026-04-17,3556,禾瑞亞,TPEX,5,48.1,48.034,0.14,2571.0,189.0,0.0,189.0,7.35,0.0,1,0,0,0,75.0,0.0,,,,,,,0.0,28.58,28.58
2026-04-17,9943,好樂迪,TWSE,5,57.1,57.164,-0.11,458.18,40.2,0.0,40.2,8.77,0.0,0,1,0,0,-18.69,0.0,,,,,,,0.0,28.56,28.56
2026-04-17,7792,安葆,TPEX,5,369.0,360.9166,2.24,2104.0,154.0,0.0,154.0,7.32,0.0,1,0,0,0,127.0,0.0,,,,,,,0.0,28.49,28.49
2026-04-17,1219,福壽,TWSE,5,14.3,14.3509,-0.35,6014.83,420.07,16.0,436.07,6.98,0.27,1,0,0,0,174.7,0.0,,,,,,,0.0,28.43,28.43
2026-04-17,8234,新漢,TPEX,5,61.0,61.2055,-0.34,2464.0,161.6,0.0,161.6,6.56,0.0,2,0,0,0,96.0,0.0,,,,,,,0.0,28.36,28.36
2026-04-17,3558,神準,TPEX,5,112.0,111.3488,0.58,906.0,59.0,0.0,59.0,6.51,0.0,2,0,0,0,7.0,0.0,,,,,,,0.0,28.23,28.23
2026-04-17,5508,永信建,TPEX,5,51.6,50.9154,1.34,1952.0,266.0,-10.0,256.0,13.63,-0.51,0,1,0,2,-98.0,-2.0,,,,,,,0.0,28.21,28.21
2026-04-17,9931,欣高,TWSE,5,36.0,35.9468,0.15,1115.06,56.6,0.0,56.6,5.08,0.0,4,0,0,0,12.6,0.0,,,,,,,0.0,28.21,28.21
2026-04-17,2208,台船,TWSE,5,21.1,20.646,2.2,20522.51,1062.07,-19.0,1043.07,5.18,-0.09,4,0,0,0,1418.13,0.0,,,,,,,0.0,28.18,28.18
2026-04-17,3150,鈺寶-創,TWSE,5,19.2,18.8349,1.94,289.68,25.0,0.0,25.0,8.63,0.0,0,1,0,0,-9.0,0.0,,,,,,,0.0,28.16,28.16
2026-04-17,6414,樺漢,TWSE,5,304.0,295.0902,3.02,8584.31,3663.99,-135.0,3528.99,42.68,-1.57,5,0,0,4,869.62,-79.0,,,,,,,0.0,28.07,28.07
2026-04-17,2382,廣達,TWSE,5,323.0,318.6243,1.37,111109.22,10930.78,-4077.82,6852.96,9.84,-3.67,2,0,0,4,9627.25,-1518.17,美商高盛,4094.0,319.6,港商野村,-4090.0,316.73,12.58,15.43,28.01
2026-04-17,6928,攸泰科技,TWSE,5,48.8,47.2694,3.24,914.26,114.0,0.0,114.0,12.47,0.0,0,1,0,0,-27.0,0.0,,,,,,,0.0,27.98,27.98
2026-04-17,8215,明基材,TWSE,5,29.25,26.9233,8.64,23273.95,2968.74,-54.0,2914.74,12.76,-0.23,5,0,0,3,290.08,-23.0,,,,,,,0.0,27.94,27.94
2026-04-17,6158,禾昌,TPEX,5,18.3,18.204,0.53,265.0,15.0,0.0,15.0,5.66,0.0,3,0,0,0,10.0,0.0,,,,,,,0.0,27.85,27.85
2026-04-17,6441,廣錠,TPEX,5,23.0,19.9315,15.4,2255.0,192.0,0.0,192.0,8.51,0.0,4,0,0,0,194.0,0.0,,,,,,,0.0,27.84,27.84
2026-04-17,6577,勁豐,TPEX,5,78.3,78.762,-0.59,142.0,9.0,0.0,9.0,6.34,0.0,2,0,0,0,10.0,0.0,,,,,,,0.0,27.75,27.75
2026-04-17,3617,碩天,TWSE,5,192.0,186.1178,3.16,1818.91,202.17,-3.72,198.45,11.11,-0.2,1,0,0,1,125.22,-2.72,,,,,,,0.0,27.72,27.72
2026-04-17,6790,永豐實,TWSE,5,40.2,40.3389,-0.34,912.75,76.33,0.0,76.33,8.36,0.0,0,1,0,0,-59.67,0.0,,,,,,,0.0,27.41,27.41
2026-04-17,6227,茂綸,TPEX,5,95.0,94.2455,0.8,4066.0,193.8,0.0,193.8,4.77,0.0,4,0,0,0,172.8,0.0,,,,,,,0.0,27.35,27.35
2026-04-17,3581,博磊,TPEX,5,119.0,96.6574,23.12,13166.0,1523.0,0.0,1523.0,11.57,0.0,1,0,0,0,413.0,0.0,,,,,,,0.0,27.25,27.25
2026-04-17,4526,東台,TWSE,5,34.4,34.5703,-0.49,11356.65,617.96,0.0,617.96,5.44,0.0,3,0,0,0,323.26,0.0,,,,,,,0.0,27.24,27.24
2026-04-17,2722,夏都,TWSE,5,24.6,25.2898,-2.73,757.43,35.68,0.0,35.68,4.71,0.0,4,0,0,0,0.68,0.0,,,,,,,0.0,27.19,27.19
2026-04-17,2467,志聖,TWSE,5,550.0,544.0702,1.09,16468.64,244.93,525.0,769.93,1.49,3.19,2,0,1,0,133.78,492.0,,,,,,,0.0,27.18,27.18
2026-04-17,1439,雋揚,TWSE,5,27.55,26.2342,5.02,690.21,47.23,0.0,47.23,6.84,0.0,4,0,0,0,5.23,0.0,,,,,,,0.0,27.16,27.16
2026-04-17,7722,LINEPAY,TWSE,5,305.0,306.4883,-0.49,528.54,43.63,0.0,43.63,8.25,0.0,0,1,0,0,-18.99,0.0,,,,,,,0.0,27.11,27.11
2026-04-17,1563,巧新,TWSE,5,42.8,42.8884,-0.21,3244.19,265.0,0.0,265.0,8.17,0.0,0,1,0,0,-8.0,0.0,,,,,,,0.0,26.87,26.87
2026-04-17,2838,聯邦銀,TWSE,5,20.9,21.0349,-0.64,7906.85,1020.71,-2.0,1018.71,12.91,-0.03,0,1,0,3,-325.52,-2.0,,,,,,,0.0,26.74,26.74
2026-04-17,4979,華星光,TPEX,5,644.0,531.0806,21.26,76682.0,5452.65,-39.2,5413.45,7.11,-0.05,3,0,2,0,1978.76,118.8,,,,,,,0.0,26.74,26.74
2026-04-17,4416,三圓,TPEX,5,15.1,14.0485,7.48,2499.0,185.0,0.0,185.0,7.4,0.0,3,0,0,0,83.0,0.0,,,,,,,0.0,26.73,26.73
2026-04-17,6189,豐藝,TWSE,5,47.2,47.0572,0.3,3488.82,730.95,-39.12,691.83,20.95,-1.12,2,0,0,5,143.27,-13.12,,,,,,,0.0,26.7,26.7
2026-04-17,6931,青松健康,TWSE,5,50.3,50.1707,0.26,705.55,32.0,0.0,32.0,4.54,0.0,4,0,0,0,16.0,0.0,,,,,,,0.0,26.7,26.7
2026-04-17,3357,臺慶科,TPEX,5,181.0,172.4618,4.95,26706.0,2017.66,-0.12,2017.54,7.56,-0.0,4,0,0,1,843.67,-0.12,,,,,,,0.0,26.65,26.65
2026-04-17,6671,三能-KY,TWSE,5,32.45,32.4107,0.12,229.75,18.3,0.0,18.3,7.97,0.0,0,1,0,0,-17.7,0.0,,,,,,,0.0,26.3,26.3
2026-04-17,8080,泰霖,TPEX,5,28.8,29.0938,-1.01,138.0,9.0,0.0,9.0,6.52,0.0,1,0,0,0,3.0,0.0,,,,,,,0.0,26.26,26.26
2026-04-17,1529,樂事綠能,TWSE,5,24.15,23.7977,1.48,3361.29,216.75,1.57,218.33,6.45,0.05,1,0,0,0,201.38,0.0,,,,,,,0.0,26.21,26.21
2026-04-17,3443,創意,TWSE,5,3255.0,3087.4516,5.43,16387.08,127.04,671.22,798.26,0.78,4.1,0,1,5,0,-74.13,98.95,,,,,,,0.0,26.19,26.19
2026-04-17,8440,綠電,TPEX,5,22.65,22.7014,-0.23,481.0,38.0,0.0,38.0,7.9,0.0,0,1,0,0,-6.0,0.0,,,,,,,0.0,26.12,26.12
2026-04-17,3308,聯德,TWSE,5,20.7,20.8639,-0.79,602.34,30.3,0.0,30.3,5.03,0.0,3,0,0,0,0.3,0.0,,,,,,,0.0,26.09,26.09
2026-04-17,1560,中砂,TWSE,5,533.0,524.6022,1.6,13538.65,2168.76,-461.0,1707.76,16.02,-3.41,3,0,0,3,163.81,-224.0,,,,,,,0.0,26.08,26.08
2026-04-17,2248,華勝-KY,TWSE,5,54.3,53.3919,1.7,767.56,33.0,0.0,33.0,4.3,0.0,4,0,0,0,3.0,0.0,,,,,,,0.0,26.04,26.04
2026-04-17,2606,裕民,TWSE,5,65.0,63.3646,2.58,24418.37,6366.19,-541.37,5824.82,26.07,-2.22,3,0,0,5,2896.19,-161.56,,,,,,,0.0,25.96,25.96
2026-04-17,6161,捷波,TPEX,5,42.0,41.7677,0.56,423.0,24.0,0.0,24.0,5.67,0.0,2,0,0,0,22.0,0.0,,,,,,,0.0,25.89,25.89
2026-04-17,3014,聯陽,TWSE,5,124.0,121.3991,2.14,4749.66,903.54,-183.28,720.26,19.02,-3.86,5,0,0,5,22.4,-21.88,,,,,,,0.0,25.85,25.85
2026-04-17,6123,上奇,TPEX,5,42.3,42.1476,0.36,589.0,29.0,0.0,29.0,4.92,0.0,3,0,0,0,19.0,0.0,,,,,,,0.0,25.79,25.79
2026-04-17,1460,宏遠,TWSE,5,6.91,6.9818,-1.03,3347.66,259.43,0.0,259.43,7.75,0.0,0,1,0,0,-3.57,0.0,,,,,,,0.0,25.7,25.7
2026-04-17,5410,國眾,TPEX,5,32.4,32.4876,-0.27,3684.0,154.0,0.0,154.0,4.18,0.0,4,0,0,0,41.0,0.0,,,,,,,0.0,25.7,25.7
2026-04-17,1218,泰山,TWSE,5,19.05,19.2137,-0.85,4620.4,258.68,0.0,258.68,5.6,0.0,2,0,0,0,172.48,0.0,,,,,,,0.0,25.68,25.68
2026-04-17,1414,東和,TWSE,5,16.55,16.7023,-0.91,1783.0,137.99,0.0,137.99,7.74,0.0,0,1,0,0,-48.02,0.0,,,,,,,0.0,25.67,25.67
2026-04-17,6199,天品,TPEX,5,113.0,109.8088,2.91,2704.0,170.0,0.0,170.0,6.29,0.0,1,0,0,0,32.0,0.0,,,,,,,0.0,25.6,25.6
2026-04-17,6270,倍微,TPEX,5,25.15,25.1269,0.09,1754.0,135.0,0.0,135.0,7.7,0.0,0,1,0,0,-63.0,0.0,,,,,,,0.0,25.55,25.55
2026-04-17,1472,三洋實業,TWSE,5,95.4,95.0637,0.35,128.91,8.07,0.0,8.07,6.26,0.0,1,0,0,0,2.07,0.0,,,,,,,0.0,25.54,25.54
2026-04-17,2457,飛宏,TWSE,5,24.75,24.7592,-0.04,12177.88,588.14,0.0,588.14,4.83,0.0,3,0,0,0,141.14,0.0,,,,,,,0.0,25.52,25.52
2026-04-17,2601,益航,TWSE,5,5.64,5.6833,-0.76,7089.83,545.01,0.0,545.01,7.69,0.0,0,1,0,0,-134.95,0.0,,,,,,,0.0,25.52,25.52
2026-04-17,6498,久禾光,TPEX,5,93.2,93.7947,-0.63,430.0,33.0,0.0,33.0,7.67,0.0,0,1,0,0,-8.0,0.0,,,,,,,0.0,25.49,25.49
2026-04-17,1323,永裕,TWSE,5,21.0,21.7685,-3.53,1068.23,70.46,0.0,70.46,6.6,0.0,2,0,0,0,14.46,0.0,,,,,,,0.0,25.47,25.47
2026-04-17,9911,櫻花,TWSE,5,83.8,84.5554,-0.89,1339.43,187.15,-9.0,178.15,13.97,-0.67,0,1,0,3,-13.9,-4.0,,,,,,,0.0,25.46,25.46
2026-04-17,1593,祺驊,TPEX,5,33.4,33.3332,0.2,101.0,7.0,0.0,7.0,6.93,0.0,0,0,0,0,0.0,0.0,,,,,,,0.0,25.41,25.41
2026-04-17,1516,川飛,TWSE,5,19.7,20.0738,-1.86,188.14,13.2,1.0,14.2,7.01,0.53,0,1,0,0,-15.81,0.0,,,,,,,0.0,25.39,25.39
2026-04-17,2393,億光,TWSE,5,73.3,71.7933,2.1,12043.85,2669.87,-487.4,2182.47,22.17,-4.05,5,0,0,5,236.1,-89.22,,,,,,,0.0,25.38,25.38
2026-04-17,4560,強信-KY,TWSE,5,33.55,33.4108,0.42,1075.37,59.08,0.0,59.08,5.49,0.0,2,0,0,0,12.08,0.0,,,,,,,0.0,25.38,25.38
2026-04-17,4131,浩泰,TPEX,5,35.5,35.535,-0.1,468.0,29.0,0.0,29.0,6.2,0.0,1,0,0,0,16.0,0.0,,,,,,,0.0,25.35,25.35
2026-04-17,8277,商丞,TPEX,5,7.66,7.555,1.39,1012.0,33.0,0.0,33.0,3.26,0.0,5,0,0,0,1.0,0.0,,,,,,,0.0,25.13,25.13
2026-04-17,8462,柏文,TWSE,5,142.0,141.0718,0.66,465.95,30.51,-1.0,29.51,6.55,-0.21,2,0,0,1,3.39,-1.0,,,,,,,0.0,25.12,25.12
2026-04-17,3362,先進光,TPEX,5,113.0,111.0671,1.74,10652.0,497.86,0.0,497.86,4.67,0.0,3,0,0,0,39.0,0.0,,,,,,,0.0,25.09,25.09
2026-04-17,7780,大研生醫*,TWSE,5,20.35,20.7174,-1.77,11935.58,470.4,0.0,470.4,3.94,0.0,4,0,0,0,112.5,0.0,,,,,,,0.0,25.04,25.04
2026-04-17,8059,凱碩,TPEX,5,20.0,19.3179,3.53,3767.0,283.0,0.0,283.0,7.51,0.0,2,0,0,0,219.0,0.0,,,,,,,0.0,25.04,25.04
2026-04-17,3444,利機,TPEX,5,83.0,77.1559,7.57,6109.0,502.0,0.0,502.0,8.22,0.0,1,0,0,0,121.0,0.0,,,,,,,0.0,25.01,25.01
2026-04-17,1456,怡華,TWSE,5,14.45,14.6238,-1.19,379.62,28.46,0.0,28.46,7.5,0.0,0,1,0,0,-30.54,0.0,,,,,,,0.0,24.99,24.99
2026-04-17,3131,弘塑,TPEX,5,3255.0,3307.7459,-1.59,3924.0,123.79,18.92,142.71,3.15,0.48,3,0,1,0,63.9,1.92,,,,,,,0.0,24.92,24.92
2026-04-17,4991,環宇-KY,TPEX,5,660.0,620.9128,6.3,15081.0,100.41,390.0,490.41,0.67,2.59,1,0,5,0,226.03,25.0,,,,,,,0.0,24.9,24.9
2026-04-17,2483,百容,TWSE,5,22.95,22.105,3.82,934.45,69.54,0.0,69.54,7.44,0.0,2,0,0,0,15.54,0.0,,,,,,,0.0,24.84,24.84
2026-04-17,5531,鄉林,TWSE,5,8.83,8.8028,0.31,2537.45,188.85,0.0,188.85,7.44,0.0,0,1,0,0,-166.15,0.0,,,,,,,0.0,24.84,24.84
2026-04-17,2427,三商電,TWSE,5,22.25,22.3255,-0.34,3355.06,249.49,0.0,249.49,7.44,0.0,0,1,0,0,-93.51,0.0,,,,,,,0.0,24.82,24.82
2026-04-17,9918,欣天然,TWSE,5,43.6,43.4849,0.26,1131.63,67.96,0.0,67.96,6.01,0.0,1,0,0,0,11.89,0.0,,,,,,,0.0,24.82,24.82
2026-04-17,3708,上緯投控,TWSE,5,123.5,118.6211,4.11,5531.4,611.28,-9.0,602.28,11.05,-0.16,2,0,0,3,641.49,-4.0,,,,,,,0.0,24.8,24.8
2026-04-17,4934,太極,TWSE,5,16.8,16.3628,2.67,6087.84,321.73,0.0,321.73,5.28,0.0,2,0,0,0,208.56,0.0,,,,,,,0.0,24.8,24.8
2026-04-17,1321,大洋,TWSE,5,32.7,32.96,-0.79,971.62,72.13,0.0,72.13,7.42,0.0,0,1,0,0,-75.87,0.0,,,,,,,0.0,24.79,24.79
2026-04-17,6198,瑞築,TPEX,5,21.7,21.7184,-0.08,76.0,4.0,0.0,4.0,5.26,0.0,2,0,0,0,4.0,0.0,,,,,,,0.0,24.74,24.74
2026-04-17,3147,大綜,TPEX,5,163.0,162.4338,0.35,785.0,58.05,0.0,58.05,7.39,0.0,0,1,0,0,-6.0,0.0,,,,,,,0.0,24.71,24.71
2026-04-17,6679,鈺太,TPEX,5,276.0,264.3977,4.39,2702.0,145.94,21.0,166.94,5.4,0.78,1,0,2,0,69.86,7.0,,,,,,,0.0,24.69,24.69
2026-04-17,5284,jpp-KY,TWSE,5,318.5,315.904,0.82,12475.49,743.4,0.0,743.4,5.96,0.0,1,0,0,0,356.23,0.0,,,,,,,0.0,24.68,24.68
2026-04-17,2855,統一證,TWSE,5,32.45,32.2964,0.48,33973.97,4622.18,-795.0,3827.18,13.61,-2.34,0,1,0,1,-1520.86,-28.0,,,,,,,0.0,24.66,24.66
2026-04-17,2329,華泰,TWSE,5,61.5,59.7183,2.98,166236.55,13284.56,-119.0,13165.56,7.99,-0.07,2,0,0,3,3343.79,-47.0,,,,,,,0.0,24.64,24.64
2026-04-17,3687,歐買尬,TPEX,5,69.1,69.0959,0.01,266.0,12.0,0.0,12.0,4.51,0.0,3,0,0,0,5.0,0.0,,,,,,,0.0,24.63,24.63
2026-04-17,6831,邁科,TWSE,5,475.0,446.6418,6.35,7199.45,651.8,-60.0,591.8,9.05,-0.83,1,0,0,0,650.87,0.0,,,,,,,0.0,24.6,24.6
2026-04-17,1294,漢田生技,TPEX,5,82.7,81.1184,1.95,185.0,7.0,0.0,7.0,3.78,0.0,4,0,0,0,6.0,0.0,,,,,,,0.0,24.59,24.59
2026-04-17,3557,嘉威,TWSE,5,31.7,31.1164,1.88,298.4,13.42,0.0,13.42,4.5,0.0,3,0,0,0,7.42,0.0,,,,,,,0.0,24.59,24.59
2026-04-17,3710,連展投控,TPEX,5,6.84,6.3644,7.47,2286.0,151.81,0.0,151.81,6.64,0.0,3,0,0,0,19.0,0.0,,,,,,,0.0,24.59,24.59
2026-04-17,6546,正基,TPEX,5,71.8,70.791,1.43,3741.0,221.0,0.0,221.0,5.91,0.0,1,0,0,0,222.0,0.0,,,,,,,0.0,24.54,24.54
2026-04-17,3338,泰碩,TWSE,5,65.5,63.7935,2.68,8995.46,402.64,0.0,402.64,4.48,0.0,3,0,0,0,404.64,0.0,,,,,,,0.0,24.53,24.53
2026-04-17,3205,佰研,TPEX,5,62.1,61.1632,1.53,2186.0,160.0,0.0,160.0,7.32,0.0,0,1,0,0,-62.0,0.0,,,,,,,0.0,24.49,24.49
2026-04-17,8261,富鼎,TWSE,5,127.5,117.0314,8.95,23816.85,2121.09,-4.0,2117.09,8.91,-0.02,3,0,0,1,593.81,-1.0,,,,,,,0.0,24.38,24.38
2026-04-17,6651,全宇昕,TPEX,5,93.0,92.3881,0.66,394.0,23.0,0.0,23.0,5.84,0.0,1,0,0,0,47.0,0.0,,,,,,,0.0,24.35,24.35
2026-04-17,6432,今展科,TPEX,5,40.7,39.8699,2.08,9660.0,563.0,0.0,563.0,5.83,0.0,1,0,0,0,423.0,0.0,,,,,,,0.0,24.32,24.32
2026-04-17,4523,永彰,TPEX,5,30.1,30.3451,-0.81,1133.0,82.0,0.0,82.0,7.24,0.0,0,1,0,0,-19.0,0.0,,,,,,,0.0,24.26,24.26
2026-04-17,6667,信紘科,TPEX,5,288.5,275.9135,4.56,9306.0,739.91,0.0,739.91,7.95,0.0,1,0,0,0,446.0,0.0,,,,,,,0.0,24.26,24.26
2026-04-17,1760,寶齡富錦,TWSE,5,64.5,63.8845,0.96,1106.85,48.37,0.0,48.37,4.37,0.0,3,0,0,0,38.43,0.0,,,,,,,0.0,24.24,24.24
2026-04-17,1776,展宇,TWSE,5,16.15,16.2783,-0.79,458.73,33.15,0.0,33.15,7.23,0.0,0,1,0,0,-1.85,0.0,,,,,,,0.0,24.23,24.23
2026-04-17,1762,中化生,TWSE,5,29.35,29.1049,0.84,700.01,55.38,0.0,55.38,7.91,0.0,0,2,0,0,-4.62,0.0,,,,,,,0.0,24.15,24.15
2026-04-17,6642,富致,TPEX,5,58.0,56.7864,2.14,1301.0,75.0,0.0,75.0,5.76,0.0,1,0,0,0,59.0,0.0,,,,,,,0.0,24.14,24.14
2026-04-17,4166,友霖,TPEX,5,25.8,25.5064,1.15,1307.0,75.0,0.0,75.0,5.74,0.0,1,0,0,0,18.0,0.0,,,,,,,0.0,24.07,24.07
2026-04-17,3138,耀登,TWSE,5,184.0,179.3296,2.6,15276.08,767.3,0.0,767.3,5.02,0.0,2,0,0,0,585.12,0.0,,,,,,,0.0,24.06,24.06
2026-04-17,8150,南茂,TWSE,5,67.3,69.3985,-3.02,187329.8,13692.61,47.0,13739.61,7.31,0.03,0,1,1,0,-3532.6,20.0,,,,,,,0.0,24.05,24.05
2026-04-17,4205,中華食,TPEX,5,77.4,76.78,0.81,70.0,4.0,0.0,4.0,5.71,0.0,1,0,0,0,2.0,0.0,,,,,,,0.0,24.0,24.0
2026-04-17,6862,三集瑞-KY,TWSE,5,188.5,196.9247,-4.28,7157.97,585.4,0.0,585.4,8.18,0.0,0,1,0,0,-36.9,0.0,,,,,,,0.0,23.9,23.9
2026-04-17,2419,仲琦,TWSE,5,36.8,36.9256,-0.34,68222.62,4823.8,0.0,4823.8,7.07,0.0,0,1,0,0,-3195.4,0.0,,,,,,,0.0,23.8,23.8
2026-04-17,1410,南染,TWSE,5,30.8,31.0587,-0.83,572.92,32.32,0.0,32.32,5.64,0.0,1,0,0,0,7.32,0.0,,,,,,,0.0,23.79,23.79
2026-04-17,3691,碩禾,TPEX,5,125.0,123.0128,1.62,10805.0,609.2,0.0,609.2,5.64,0.0,1,0,0,0,104.2,0.0,,,,,,,0.0,23.79,23.79
2026-04-17,6419,京晨科,TPEX,5,128.0,129.4827,-1.15,4982.0,209.0,0.0,209.0,4.2,0.0,3,0,0,0,11.0,0.0,,,,,,,0.0,23.75,23.75
2026-04-17,7584,樂意,TPEX,5,32.9,32.4478,1.39,160.0,9.0,0.0,9.0,5.62,0.0,1,0,0,0,2.0,0.0,,,,,,,0.0,23.75,23.75
2026-04-17,3530,晶相光,TWSE,5,62.5,61.8579,1.04,1215.48,106.32,-12.0,94.32,8.75,-0.99,2,0,0,3,56.32,-5.0,,,,,,,0.0,23.73,23.73
2026-04-17,4927,泰鼎-KY,TWSE,5,50.1,49.5993,1.01,122968.21,6860.41,0.0,6860.41,5.58,0.0,1,0,0,0,4381.28,0.0,,,,,,,0.0,23.62,23.62
2026-04-17,6180,橘子,TPEX,5,41.9,41.6052,0.71,2268.0,212.05,-14.74,197.31,9.35,-0.65,3,0,0,5,19.0,-6.93,,,,,,,0.0,23.54,23.54
2026-04-17,3284,太普高,TPEX,5,18.8,18.8801,-0.42,803.0,33.0,0.0,33.0,4.11,0.0,3,0,0,0,15.0,0.0,,,,,,,0.0,23.51,23.51
2026-04-17,3522,御嵿,TPEX,5,13.15,13.0741,0.58,601.0,29.0,0.0,29.0,4.83,0.0,2,0,0,0,6.0,0.0,,,,,,,0.0,23.51,23.51
2026-04-17,3545,敦泰,TWSE,5,51.9,50.4466,2.88,8013.85,536.93,-6.0,530.93,6.7,-0.07,2,0,0,2,18.54,-1.0,,,,,,,0.0,23.51,23.51
2026-04-17,2387,精元,TWSE,5,40.35,40.4486,-0.24,3772.29,180.05,0.0,180.05,4.77,0.0,2,0,0,0,91.97,0.0,,,,,,,0.0,23.36,23.36
2026-04-17,2450,神腦,TWSE,5,30.25,30.1047,0.48,969.14,39.18,0.0,39.18,4.04,0.0,3,0,0,0,12.18,0.0,,,,,,,0.0,23.32,23.32
2026-04-17,3592,瑞鼎,TWSE,5,239.5,231.7169,3.36,2536.82,451.23,-22.38,428.84,17.79,-0.88,3,0,0,5,113.88,-8.89,,,,,,,0.0,23.29,23.29
2026-04-17,9802,鈺齊-KY,TWSE,5,78.7,78.4989,0.26,6868.12,471.35,1.0,472.35,6.86,0.01,0,1,0,0,-313.88,0.0,,,,,,,0.0,23.26,23.26
2026-04-17,6405,悅城,TWSE,5,36.55,36.0781,1.31,5188.43,281.86,0.0,281.86,5.43,0.0,1,0,0,0,165.16,0.0,,,,,,,0.0,23.21,23.21
2026-04-17,6482,弘煜科,TPEX,5,31.7,31.1208,1.86,161.0,11.0,0.0,11.0,6.83,0.0,0,1,0,0,-5.0,0.0,,,,,,,0.0,23.13,23.13
2026-04-17,6136,富爾特,TWSE,5,24.45,24.3111,0.57,1278.29,87.29,0.0,87.29,6.83,0.0,0,1,0,0,-3.71,0.0,,,,,,,0.0,23.12,23.12
2026-04-17,4148,全宇生技-KY,TWSE,5,38.0,39.1823,-3.02,447.28,35.32,0.0,35.32,7.9,0.0,0,1,0,0,-4.68,0.0,,,,,,,0.0,23.11,23.11
2026-04-17,1312,國喬,TWSE,5,14.1,14.3691,-1.87,138847.95,11439.49,0.0,11439.49,8.24,0.0,0,3,0,0,-3167.51,0.0,,,,,,,0.0,23.07,23.07
2026-04-17,5011,久陽,TPEX,5,14.65,14.1744,3.36,3976.0,356.0,0.0,356.0,8.95,0.0,0,1,0,0,-48.0,0.0,,,,,,,0.0,23.07,23.07
2026-04-17,4930,燦星網,TWSE,5,19.2,19.1944,0.03,541.53,25.2,0.0,25.2,4.65,0.0,2,0,0,0,3.2,0.0,,,,,,,0.0,23.03,23.03
2026-04-17,6276,安鈦克,TPEX,5,31.3,31.2677,0.1,280.0,19.0,0.0,19.0,6.79,0.0,0,1,0,0,-1.0,0.0,,,,,,,0.0,23.0,23.0
2026-04-17,7721,微程式,TWSE,5,87.5,88.8611,-1.53,5190.45,129.7,0.0,129.7,2.5,0.0,5,0,0,0,7.85,0.0,,,,,,,0.0,23.0,23.0
2026-04-17,6527,明達醫,TPEX,5,70.5,70.2448,0.36,165.0,10.0,0.0,10.0,6.06,0.0,0,0,0,0,0.0,0.0,,,,,,,0.0,22.97,22.97
2026-04-17,3045,台灣大,TWSE,5,112.5,110.4156,1.89,48585.83,26885.44,-2438.3,24447.13,55.34,-5.02,5,0,0,5,9525.0,-1006.02,,,,,,,0.0,22.95,22.95
2026-04-17,3118,進階,TPEX,5,33.45,33.4932,-0.13,74.0,5.0,0.0,5.0,6.76,0.0,0,1,0,0,-2.0,0.0,,,,,,,0.0,22.92,22.92
2026-04-17,3646,艾恩特,TPEX,5,23.45,23.2221,0.98,170.0,9.0,0.0,9.0,5.29,0.0,1,0,0,0,6.0,0.0,,,,,,,0.0,22.82,22.82
2026-04-17,6290,良維,TPEX,5,235.0,225.1333,4.38,55258.0,3329.87,59.08,3388.96,6.03,0.11,4,0,0,1,1640.82,-0.32,,,,,,,0.0,22.73,22.73
2026-04-17,4807,日成-KY,TWSE,5,15.4,15.2549,0.95,705.58,32.0,0.0,32.0,4.54,0.0,2,0,0,0,24.0,0.0,,,,,,,0.0,22.7,22.7
2026-04-17,5515,建國,TWSE,5,41.2,42.5355,-3.14,8491.05,1500.0,-29.0,1471.0,17.67,-0.34,0,2,0,3,-26.71,-8.0,,,,,,,0.0,22.65,22.65
2026-04-17,3402,漢科,TPEX,5,132.0,125.4207,5.25,3405.0,177.8,0.0,177.8,5.22,0.0,4,0,0,0,321.0,0.0,,,,,,,0.0,22.62,22.62
2026-04-17,6548,長科*,TPEX,5,54.7,52.452,4.29,51702.0,5291.5,-14.0,5277.5,10.23,-0.03,1,0,0,3,7124.0,-2.0,,,,,,,0.0,22.6,22.6
2026-04-17,2438,翔耀,TWSE,5,22.45,21.8985,2.52,1211.66,54.05,0.0,54.05,4.46,0.0,2,0,0,0,50.3,0.0,,,,,,,0.0,22.49,22.49
2026-04-17,6830,汎銓,TWSE,5,885.0,804.9148,9.95,2060.15,121.19,0.0,121.19,5.88,0.0,5,0,0,0,38.64,0.0,,,,,,,0.0,22.47,22.47
2026-04-17,4728,雙美,TPEX,5,397.5,398.0,-0.13,50.0,2.93,0.0,2.93,5.87,0.0,0,0,0,0,0.0,0.0,,,,,,,0.0,22.43,22.43
2026-04-17,3527,聚積,TPEX,5,59.9,57.4955,4.18,3265.0,144.0,0.0,144.0,4.41,0.0,5,0,0,0,13.0,0.0,,,,,,,0.0,22.35,22.35
2026-04-17,4956,光鋐,TWSE,5,49.75,42.6207,16.73,85773.81,5002.3,0.0,5002.3,5.83,0.0,5,0,0,0,1177.87,0.0,,,,,,,0.0,22.33,22.33
2026-04-17,3149,正達,TWSE,5,42.3,42.4957,-0.46,16855.65,861.57,0.0,861.57,5.11,0.0,1,0,0,0,331.03,0.0,,,,,,,0.0,22.31,22.31
2026-04-17,2729,瓦城,TPEX,5,172.0,172.9096,-0.53,83.0,6.0,0.0,6.0,7.23,0.0,0,2,0,0,-2.0,0.0,,,,,,,0.0,22.24,22.24
2026-04-17,6195,詩肯,TPEX,5,24.5,24.4026,0.4,116.0,5.88,0.0,5.88,5.07,0.0,1,0,0,0,5.0,0.0,,,,,,,0.0,22.19,22.19
2026-04-17,6859,伯特光,TPEX,5,119.5,116.6369,2.45,325.0,21.1,0.0,21.1,6.49,0.0,0,1,0,0,-24.0,0.0,,,,,,,0.0,22.18,22.18
2026-04-17,8996,高力,TWSE,5,1220.0,1125.246,8.42,13451.59,514.54,343.0,857.54,3.83,2.55,1,0,2,0,309.25,28.0,,,,,,,0.0,22.13,22.13
2026-04-17,6206,飛捷,TWSE,5,108.0,105.4029,2.46,4693.49,892.76,-236.85,655.9,19.02,-5.05,5,0,0,5,283.71,-6.43,,,,,,,0.0,22.06,22.06
2026-04-17,6874,倍力,TPEX,5,88.7,91.662,-3.23,668.0,50.0,0.0,50.0,7.49,0.0,0,1,0,0,-3.0,0.0,,,,,,,0.0,21.96,21.96
2026-04-17,3430,奇鈦科,TPEX,5,85.6,81.3532,5.22,7058.0,501.0,0.0,501.0,7.1,0.0,1,0,0,0,501.0,0.0,,,,,,,0.0,21.88,21.88
2026-04-17,3466,德晉,TPEX,5,41.0,39.6241,3.47,6576.0,466.63,0.0,466.63,7.1,0.0,1,0,0,0,279.0,0.0,,,,,,,0.0,21.87,21.87
2026-04-17,2477,美隆電,TWSE,5,24.05,23.9184,0.55,822.17,34.79,0.0,34.79,4.23,0.0,2,0,0,0,2.79,0.0,,,,,,,0.0,21.85,21.85
2026-04-17,3297,杭特,TPEX,5,36.9,36.4383,1.27,1080.0,38.0,0.0,38.0,3.52,0.0,3,0,0,0,41.0,0.0,,,,,,,0.0,21.85,21.85
2026-04-17,6109,亞元,TPEX,5,11.95,12.166,-1.78,2195.0,77.0,0.0,77.0,3.51,0.0,3,0,0,0,22.0,0.0,,,,,,,0.0,21.82,21.82
2026-04-17,3434,哲固,TPEX,5,30.9,31.0541,-0.5,1379.0,68.0,0.0,68.0,4.93,0.0,1,0,0,0,1.0,0.0,,,,,,,0.0,21.81,21.81
2026-04-17,2912,統一超,TWSE,5,237.5,231.0614,2.79,13393.82,2522.49,-702.91,1819.58,18.83,-5.25,4,0,0,4,1126.77,-380.3,,,,,,,0.0,21.75,21.75
2026-04-17,5013,強新,TPEX,5,30.1,30.807,-2.29,115.0,4.0,0.0,4.0,3.48,0.0,3,0,0,0,1.0,0.0,,,,,,,0.0,21.74,21.74
2026-04-17,8070,長華*,TWSE,5,48.3,47.7361,1.18,24597.89,7152.55,-2241.07,4911.48,29.08,-9.11,2,0,1,0,2100.55,5.93,,,,,,,0.0,21.72,21.72
2026-04-17,5460,同協,TPEX,5,14.95,14.8479,0.69,189.0,11.92,0.0,11.92,6.31,0.0,0,1,0,0,-1.0,0.0,,,,,,,0.0,21.66,21.66
2026-04-17,3034,聯詠,TWSE,5,415.0,404.6224,2.56,16744.26,2978.47,-715.17,2263.3,17.79,-4.27,4,0,0,5,791.45,-369.58,,,,,,,0.0,21.64,21.64
2026-04-17,6722,輝創,TWSE,5,40.0,40.2584,-0.64,428.91,27.0,0.0,27.0,6.3,0.0,0,1,0,0,-37.0,0.0,,,,,,,0.0,21.63,21.63
2026-04-17,6438,迅得,TWSE,5,179.0,178.6657,0.19,11941.72,362.05,109.0,471.05,3.03,0.91,2,0,0,0,263.39,0.0,,,,,,,0.0,21.5,21.5
2026-04-17,2801,彰銀,TWSE,5,21.6,21.2783,1.51,84061.26,24138.84,-5557.0,18581.84,28.72,-6.61,5,0,0,4,6123.93,-627.0,,,,,,,0.0,21.47,21.47
2026-04-17,3512,皇龍,TPEX,5,22.0,21.5092,2.28,498.0,23.82,0.0,23.82,4.78,0.0,1,0,0,0,5.0,0.0,,,,,,,0.0,21.39,21.39
2026-04-17,4707,磐亞,TPEX,5,15.05,14.0925,6.79,33602.0,2311.0,0.0,2311.0,6.88,0.0,1,0,0,0,1671.0,0.0,,,,,,,0.0,21.26,21.26
2026-04-17,7767,仁大資訊,TPEX,5,44.65,44.0076,1.46,92.0,5.0,0.0,5.0,5.43,0.0,0,0,0,0,0.0,0.0,,,,,,,0.0,21.22,21.22
2026-04-17,8107,大億金茂,TPEX,5,13.25,12.8589,3.04,456.0,28.0,0.0,28.0,6.14,0.0,2,0,0,0,3.0,0.0,,,,,,,0.0,21.19,21.19
2026-04-17,7751,竑騰,TPEX,5,1895.0,1931.1762,-1.87,1930.0,32.66,11.0,43.66,1.69,0.57,3,0,1,0,48.25,30.0,,,,,,,0.0,21.12,21.12
2026-04-17,5244,弘凱,TWSE,5,46.2,42.9973,7.45,10734.3,578.87,0.0,578.87,5.39,0.0,3,0,0,0,115.0,0.0,,,,,,,0.0,21.1,21.1
2026-04-17,2233,宇隆,TWSE,5,231.5,227.4644,1.77,5427.51,488.98,-11.0,477.98,9.01,-0.2,0,1,0,3,-73.7,-4.0,,,,,,,0.0,21.06,21.06
2026-04-17,2105,正新,TWSE,5,32.65,32.3994,0.77,48710.09,5595.87,-832.84,4763.03,11.49,-1.71,2,0,0,5,381.18,-567.54,,,,,,,0.0,21.05,21.05
2026-04-17,3285,微端,TPEX,5,28.2,28.4947,-1.03,76.0,3.0,0.0,3.0,3.95,0.0,2,0,0,0,1.0,0.0,,,,,,,0.0,21.05,21.05
2026-04-17,2646,星宇航空,TWSE,5,20.95,20.9673,-0.08,22552.38,1119.43,212.0,1331.43,4.96,0.94,0,1,0,0,-1883.0,0.0,,,,,,,0.0,21.0,21.0
2026-04-17,2421,建準,TWSE,5,146.5,144.0152,1.73,24944.52,1954.0,-10.0,1944.0,7.83,-0.04,0,1,0,2,-974.7,-3.0,,,,,,,0.0,20.8,20.8
2026-04-17,6173,信昌電,TPEX,5,92.2,79.5138,15.95,119913.0,7181.85,0.0,7181.85,5.99,0.0,4,0,0,0,66.8,0.0,,,,,,,0.0,20.77,20.77
2026-04-17,5608,四維航,TWSE,5,16.3,16.4223,-0.74,6657.85,397.94,0.0,397.94,5.98,0.0,0,1,0,0,-107.06,0.0,,,,,,,0.0,20.74,20.74
2026-04-17,6962,奕力-KY,TWSE,5,35.0,34.3453,1.91,16879.42,1581.08,-57.0,1524.08,9.37,-0.34,1,0,0,5,459.0,-18.0,,,,,,,0.0,20.61,20.61
2026-04-17,3379,彬台,TPEX,5,37.3,36.6156,1.87,1540.0,57.0,0.0,57.0,3.7,0.0,2,0,0,0,5.0,0.0,,,,,,,0.0,20.36,20.36
2026-04-17,2440,太空梭,TWSE,5,15.15,15.158,-0.05,1640.74,95.68,0.0,95.68,5.83,0.0,0,1,0,0,-17.32,0.0,,,,,,,0.0,20.33,20.33
2026-04-17,1295,生合,TPEX,5,59.3,59.0814,0.37,361.0,21.0,0.0,21.0,5.82,0.0,0,1,0,0,-17.0,0.0,,,,,,,0.0,20.29,20.29
2026-04-17,6885,全福生技,TWSE,5,23.95,24.0029,-0.22,1030.99,60.0,0.0,60.0,5.82,0.0,0,1,0,0,-79.0,0.0,,,,,,,0.0,20.29,20.29
2026-04-17,2752,豆府,TPEX,5,191.5,193.9167,-1.25,108.0,3.95,0.0,3.95,3.66,0.0,2,0,0,0,2.0,0.0,,,,,,,0.0,20.25,20.25
2026-04-17,5871,中租-KY,TWSE,5,118.0,114.4185,3.13,49814.18,18462.24,-1853.52,16608.72,37.06,-3.72,5,0,0,5,4331.56,-560.07,,,,,,,0.0,20.2,20.2
2026-04-17,3413,京鼎,TWSE,5,314.5,318.5731,-1.28,10484.8,772.49,-14.0,758.49,7.37,-0.13,2,0,0,4,31.44,-56.0,,,,,,,0.0,20.19,20.19
2026-04-17,6144,得利影,TPEX,5,16.25,16.1905,0.37,79.0,4.0,0.0,4.0,5.06,0.0,0,0,0,0,0.0,0.0,,,,,,,0.0,20.18,20.18
2026-04-17,3047,訊舟,TWSE,5,15.7,15.7803,-0.51,4430.16,254.95,0.0,254.95,5.75,0.0,0,1,0,0,-57.95,0.0,,,,,,,0.0,20.11,20.11
2026-04-17,2377,微星,TWSE,5,91.9,89.9268,2.19,26729.5,323.45,340.58,664.03,1.21,1.27,2,0,1,0,790.61,363.58,,,,,,,0.0,20.09,20.09
2026-04-17,6269,台郡,TWSE,5,64.7,62.7876,3.05,13298.59,757.6,1.0,758.6,5.7,0.01,2,0,0,0,1025.6,0.0,,,,,,,0.0,19.98,19.98
2026-04-17,5314,世紀*,TPEX,5,80.2,79.9296,0.34,22806.0,1290.0,7.0,1297.0,5.66,0.03,0,1,0,0,-100.0,0.0,,,,,,,0.0,19.94,19.94
2026-04-17,6609,瀧澤科,TPEX,5,38.8,39.1264,-0.83,1449.0,51.0,0.0,51.0,3.52,0.0,2,0,0,0,12.0,0.0,,,,,,,0.0,19.86,19.86
2026-04-17,6971,惠民實業,TPEX,5,29.5,29.3426,0.54,202.0,10.0,0.0,10.0,4.95,0.0,0,0,0,0,0.0,0.0,,,,,,,0.0,19.86,19.86
2026-04-17,1435,中福,TWSE,5,14.1,14.0029,0.69,10.61,0.45,0.0,0.45,4.21,0.0,1,0,0,0,0.45,0.0,,,,,,,0.0,19.8,19.8
2026-04-17,4576,大銀微系統,TWSE,5,196.0,190.4953,2.89,37086.68,1020.81,0.0,1020.81,2.75,0.0,3,0,0,0,86.3,0.0,,,,,,,0.0,19.71,19.71
2026-04-17,4739,康普,TWSE,5,90.4,88.9681,1.61,23339.96,1448.73,-18.0,1430.73,6.21,-0.08,2,0,0,3,32.51,-8.0,,,,,,,0.0,19.63,19.63
2026-04-17,3594,磐儀,TPEX,5,47.0,45.0902,4.24,3369.0,212.0,0.0,212.0,6.29,0.0,1,0,0,0,328.0,0.0,,,,,,,0.0,19.62,19.62
2026-04-17,3570,大塚,TPEX,5,163.5,161.4419,1.27,310.0,15.0,0.0,15.0,4.84,0.0,0,0,0,0,0.0,0.0,,,,,,,0.0,19.55,19.55
2026-04-17,6914,阜爾運通,TWSE,5,151.5,151.9498,-0.3,381.06,13.0,0.0,13.0,3.41,0.0,2,0,0,0,18.0,0.0,,,,,,,0.0,19.55,19.55
2026-04-17,7769,鴻勁,TWSE,5,4500.0,4295.8202,4.75,6123.73,1633.05,-679.13,953.92,26.67,-11.09,5,0,1,0,562.32,13.99,,,,,,,0.0,19.5,19.5
2026-04-17,6624,萬年清,TPEX,5,56.8,57.5318,-1.27,148.0,5.0,0.0,5.0,3.38,0.0,2,0,0,0,1.0,0.0,,,,,,,0.0,19.46,19.46
2026-04-17,6231,系微,TPEX,5,262.5,259.7483,1.06,4400.0,242.0,0.0,242.0,5.5,0.0,0,1,0,0,-130.04,0.0,,,,,,,0.0,19.4,19.4
2026-04-17,6122,擎邦,TPEX,5,50.8,50.3815,0.83,1662.0,32.0,0.0,32.0,1.93,0.0,4,0,0,0,37.0,0.0,,,,,,,0.0,19.39,19.39
2026-04-17,3630,新鉅科,TPEX,5,29.7,29.1774,1.79,4307.0,144.0,0.0,144.0,3.34,0.0,2,0,0,0,243.0,0.0,,,,,,,0.0,19.36,19.36
2026-04-17,4563,百德,TPEX,5,40.7,40.7491,-0.12,565.0,31.0,0.0,31.0,5.49,0.0,0,1,0,0,-38.0,0.0,,,,,,,0.0,19.36,19.36
2026-04-17,4413,飛寶企業,TPEX,5,18.2,17.856,1.93,42.0,2.0,0.0,2.0,4.76,0.0,0,0,0,0,0.0,0.0,,,,,,,0.0,19.33,19.33
2026-04-17,4419,皇家美食,TPEX,5,46.4,45.6714,1.6,21.0,1.0,0.0,1.0,4.76,0.0,0,0,0,0,0.0,0.0,,,,,,,0.0,19.33,19.33
2026-04-17,5227,立凱-KY,TPEX,5,22.2,21.9054,1.34,644.0,26.07,0.0,26.07,4.05,0.0,1,0,0,0,9.0,0.0,,,,,,,0.0,19.33,19.33
2026-04-17,6996,力領科技,TPEX,5,185.0,181.8995,1.7,1129.0,45.0,0.0,45.0,3.99,0.0,1,0,0,0,2.0,0.0,,,,,,,0.0,19.16,19.16
2026-04-17,5251,天鉞電,TPEX,5,30.45,30.0833,1.22,552.0,14.0,0.0,14.0,2.54,0.0,3,0,0,0,5.0,0.0,,,,,,,0.0,19.1,19.1
2026-04-17,6913,鴻呈,TPEX,5,125.5,128.2202,-2.12,3029.0,120.0,0.0,120.0,3.96,0.0,1,0,0,0,74.0,0.0,,,,,,,0.0,19.09,19.09
2026-04-17,3313,斐成,TPEX,5,12.95,12.8704,0.62,678.0,21.78,0.0,21.78,3.21,0.0,2,0,0,0,1.0,0.0,,,,,,,0.0,19.0,19.0
2026-04-17,4999,鑫禾,TWSE,5,21.1,20.9665,0.64,768.42,24.67,0.0,24.67,3.21,0.0,2,0,0,0,14.37,0.0,,,,,,,0.0,18.99,18.99
2026-04-17,4938,和碩,TWSE,5,83.0,80.1607,3.54,76592.69,13501.56,-2482.47,11019.09,17.63,-3.24,4,0,0,5,10849.18,-761.79,,,,,,,0.0,18.91,18.91
2026-04-17,4111,濟生,TPEX,5,29.3,29.3594,-0.2,378.0,12.0,0.0,12.0,3.17,0.0,2,0,0,0,8.0,0.0,,,,,,,0.0,18.89,18.89
2026-04-17,4171,瑞基,TPEX,5,19.7,19.4186,1.45,825.0,26.0,0.0,26.0,3.15,0.0,2,0,0,0,7.0,0.0,,,,,,,0.0,18.82,18.82
2026-04-17,4139,馬光-KY,TPEX,5,24.9,24.8895,0.04,57.0,3.0,0.0,3.0,5.26,0.0,0,1,0,0,-1.0,0.0,,,,,,,0.0,18.74,18.74
2026-04-17,6538,倉和,TPEX,5,72.5,71.6579,1.18,535.0,58.89,-2.6,56.28,11.01,-0.49,0,1,0,5,-15.0,-1.23,,,,,,,0.0,18.7,18.7
2026-04-17,1303,南亞,TWSE,5,87.7,88.4024,-0.79,562503.64,112271.66,-22165.09,90106.57,19.96,-3.94,0,1,0,3,-9772.4,-10879.8,,,,,,,0.0,18.65,18.65
2026-04-17,2516,新建,TWSE,5,13.6,13.858,-1.86,1322.87,69.14,0.0,69.14,5.23,0.0,0,1,0,0,-50.87,0.0,,,,,,,0.0,18.63,18.63
2026-04-17,3060,銘異,TWSE,5,30.25,31.0442,-2.56,13573.1,416.69,0.0,416.69,3.07,0.0,2,0,0,0,56.69,0.0,,,,,,,0.0,18.6,18.6
2026-04-17,3105,穩懋,TPEX,5,539.0,476.455,13.13,176957.0,5809.89,2339.8,8149.7,3.28,1.32,2,0,2,0,3834.4,444.7,,,,,,,0.0,18.56,18.56
2026-04-17,3504,揚明光,TWSE,5,67.4,61.9973,8.71,7623.17,450.0,0.0,450.0,5.9,0.0,3,0,0,0,215.0,0.0,,,,,,,0.0,18.53,18.53
2026-04-17,2425,承啟,TWSE,5,30.2,30.928,-2.35,4402.24,102.48,0.0,102.48,2.33,0.0,3,0,0,0,25.48,0.0,,,,,,,0.0,18.52,18.52
2026-04-17,3537,堡達,TPEX,5,46.1,46.3735,-0.59,1170.0,60.0,0.0,60.0,5.13,0.0,0,1,0,0,-5.0,0.0,,,,,,,0.0,18.36,18.36
2026-04-17,8032,光菱,TPEX,5,36.95,37.1866,-0.64,942.0,21.0,0.0,21.0,2.23,0.0,3,0,0,0,11.0,0.0,,,,,,,0.0,18.24,18.24
2026-04-17,6510,精測,TPEX,5,3740.0,3608.6688,3.64,5247.0,312.38,-86.48,225.9,5.95,-1.65,1,0,2,0,11.67,116.1,,,,,,,0.0,18.23,18.23
2026-04-17,6449,鈺邦,TWSE,5,174.5,173.8458,0.38,8003.06,243.65,-0.09,243.56,3.04,-0.0,3,0,0,1,45.54,-0.09,,,,,,,0.0,18.02,18.02
2026-04-17,2356,英業達,TWSE,5,45.75,45.0494,1.56,113231.44,43893.58,-14493.35,29400.24,38.76,-12.8,5,0,0,2,14769.11,-5784.69,,,,,,,0.0,18.0,18.0
2026-04-17,4102,永日,TPEX,5,19.05,19.0802,-0.16,351.0,20.0,0.0,20.0,5.7,0.0,0,2,0,0,-1.0,0.0,,,,,,,0.0,17.96,17.96
2026-04-17,2221,大甲,TPEX,5,32.15,32.249,-0.31,458.0,13.0,0.0,13.0,2.84,0.0,2,0,0,0,2.0,0.0,,,,,,,0.0,17.95,17.95
2026-04-17,4942,嘉彰,TWSE,5,38.45,38.302,0.39,458.69,22.78,0.0,22.78,4.97,0.0,0,1,0,0,-14.27,0.0,,,,,,,0.0,17.91,17.91
2026-04-17,9103,美德醫療-DR,TWSE,5,4.93,4.97,-0.81,4519.02,224.0,0.0,224.0,4.96,0.0,0,1,0,0,-460.0,0.0,,,,,,,0.0,17.88,17.88
2026-04-17,2546,根基,TWSE,5,86.3,85.9559,0.4,616.39,21.65,0.0,21.65,3.51,0.0,1,0,0,0,29.65,0.0,,,,,,,0.0,17.83,17.83
2026-04-17,6691,洋基工程,TWSE,5,659.0,640.7598,2.85,4812.74,742.77,-89.0,653.77,15.43,-1.85,0,1,0,5,-47.68,-31.0,,,,,,,0.0,17.74,17.74
2026-04-17,5904,寶雅,TPEX,5,510.0,504.0311,1.18,1256.0,110.33,-73.85,36.48,8.78,-5.88,2,0,1,0,42.08,5.0,,,,,,,0.0,17.69,17.69
2026-04-17,6244,茂迪,TPEX,5,28.8,28.6777,0.43,69228.0,2392.64,0.0,2392.64,3.46,0.0,1,0,0,0,66.15,0.0,,,,,,,0.0,17.68,17.68
2026-04-17,6693,廣閎科,TPEX,5,143.5,146.7594,-2.22,7311.0,127.0,50.0,177.0,1.74,0.68,1,0,1,0,112.0,50.0,,,,,,,0.0,17.62,17.62
2026-04-17,8477,創業家,TPEX,5,13.25,13.3074,-0.43,243.0,10.0,0.0,10.0,4.12,0.0,0,0,0,0,0.0,0.0,,,,,,,0.0,17.52,17.52
2026-04-17,6589,台康生技,TWSE,5,50.6,51.412,-1.58,4617.93,222.0,0.0,222.0,4.81,0.0,0,1,0,0,-43.0,0.0,,,,,,,0.0,17.46,17.46
2026-04-17,3062,建漢,TWSE,5,30.05,31.4173,-4.35,87484.91,2637.81,0.0,2637.81,3.02,0.0,3,0,0,0,411.34,0.0,,,,,,,0.0,17.44,17.44
2026-04-17,4169,泰宗,TWSE,5,166.5,158.7616,4.87,2565.57,104.0,0.0,104.0,4.05,0.0,3,0,0,0,25.0,0.0,,,,,,,0.0,17.35,17.35
2026-04-17,2615,萬海,TWSE,5,75.3,76.5429,-1.62,44179.62,4486.42,-640.65,3845.77,10.15,-1.45,0,1,0,4,-741.81,-187.55,,,,,,,0.0,17.34,17.34
2026-04-17,6531,愛普*,TWSE,5,644.0,594.9743,8.24,48044.46,1988.38,466.26,2454.64,4.14,0.97,2,0,1,0,888.02,275.0,,,,,,,0.0,17.29,17.29
2026-04-17,3432,台端,TWSE,5,16.25,16.2829,-0.2,286.41,7.34,0.0,7.34,2.56,0.0,2,0,0,0,3.34,0.0,,,,,,,0.0,17.17,17.17
2026-04-17,6794,向榮生技,TWSE,5,81.2,82.4103,-1.47,226.41,9.0,0.0,9.0,3.98,0.0,0,0,0,0,0.0,0.0,,,,,,,0.0,17.13,17.13
2026-04-17,2608,嘉里大榮,TWSE,5,30.85,31.0026,-0.49,1202.37,56.32,0.0,56.32,4.68,0.0,0,1,0,0,-104.68,0.0,,,,,,,0.0,17.12,17.12
2026-04-17,6496,科懋,TPEX,5,26.4,26.3427,0.22,41.0,1.91,0.0,1.91,4.66,0.0,0,1,0,0,-1.09,0.0,,,,,,,0.0,17.04,17.04
2026-04-17,6165,浪凡,TWSE,5,45.2,45.1031,0.21,1975.24,35.12,0.0,35.12,1.78,0.0,3,0,0,0,161.12,0.0,,,,,,,0.0,16.98,16.98
2026-04-17,9908,大台北,TWSE,5,29.85,29.7841,0.22,2540.43,44.56,0.0,44.56,1.75,0.0,3,0,0,0,46.56,0.0,,,,,,,0.0,16.91,16.91
2026-04-17,3231,緯創,TWSE,5,136.5,135.2136,0.95,177527.88,23529.39,-4956.74,18572.65,13.25,-2.79,1,0,0,5,11007.02,-1164.52,,,,,,,0.0,16.89,16.89
2026-04-17,6924,榮惠-KY創,TWSE,5,89.0,82.2842,8.16,299.01,18.0,0.0,18.0,6.02,0.0,2,0,0,0,2.0,0.0,,,,,,,0.0,16.86,16.86
2026-04-17,1231,聯華食,TWSE,5,90.2,89.943,0.29,1556.63,25.55,1.0,26.55,1.64,0.06,3,0,0,0,4.48,0.0,,,,,,,0.0,16.81,16.81
2026-04-17,4924,欣厚-KY,TPEX,5,10.1,10.3739,-2.64,894.0,28.0,0.0,28.0,3.13,0.0,1,0,0,0,8.0,0.0,,,,,,,0.0,16.77,16.77
2026-04-17,5310,天剛,TPEX,5,25.2,25.788,-2.28,79.0,3.0,0.0,3.0,3.8,0.0,0,0,0,0,0.0,0.0,,,,,,,0.0,16.63,16.63
2026-04-17,3701,大眾控,TWSE,5,65.9,63.9711,3.02,55123.33,4384.94,-28.0,4356.94,7.95,-0.05,1,0,0,3,3352.74,-11.0,,,,,,,0.0,16.61,16.61
2026-04-17,6614,資拓宏宇,TWSE,5,41.0,40.4993,1.24,828.05,37.0,0.0,37.0,4.47,0.0,0,1,0,0,-35.0,0.0,,,,,,,0.0,16.51,16.51
2026-04-17,6494,九齊,TPEX,5,54.3,52.9778,2.5,2447.0,39.0,0.0,39.0,1.59,0.0,3,0,0,0,19.0,0.0,,,,,,,0.0,16.46,16.46
2026-04-17,2514,龍邦,TWSE,5,13.5,13.4795,0.15,766.08,33.68,0.0,33.68,4.4,0.0,0,1,0,0,-5.04,0.0,,,,,,,0.0,16.31,16.31
2026-04-17,2536,宏普,TWSE,5,22.35,22.2462,0.47,1024.67,44.66,0.0,44.66,4.36,0.0,0,1,0,0,-24.34,0.0,,,,,,,0.0,16.2,16.2
2026-04-17,5014,建錩,TPEX,5,10.2,10.1522,0.47,1032.0,22.0,0.0,22.0,2.13,0.0,2,0,0,0,8.0,0.0,,,,,,,0.0,15.97,15.97
2026-04-17,2368,金像電,TWSE,5,1175.0,1148.0391,2.35,29463.78,1038.46,587.15,1625.61,3.52,1.99,0,2,0,1,-87.73,-0.23,,,,,,,0.0,15.94,15.94
2026-04-17,1474,弘裕,TWSE,5,10.55,10.384,1.6,744.9,31.65,0.0,31.65,4.25,0.0,0,1,0,0,-5.36,0.0,,,,,,,0.0,15.9,15.9
2026-04-17,4968,立積,TWSE,5,112.0,108.9181,2.83,5675.66,349.37,-6.0,343.37,6.16,-0.11,0,1,0,2,-183.07,-1.0,,,,,,,0.0,15.89,15.89
2026-04-17,3673,TPK-KY,TWSE,5,72.1,66.7874,7.95,127757.24,8150.23,0.0,8150.23,6.38,0.0,0,1,0,0,-2811.03,0.0,,,,,,,0.0,15.86,15.86
2026-04-17,2889,國票金,TWSE,5,15.2,15.3107,-0.72,13452.42,702.31,-13.0,689.31,5.22,-0.1,0,1,0,1,-1265.76,-4.0,,,,,,,0.0,15.8,15.8
2026-04-17,2049,上銀,TWSE,5,291.0,275.8982,5.47,80969.75,2781.34,39.0,2820.34,3.44,0.05,3,0,0,0,1741.94,0.0,,,,,,,0.0,15.78,15.78
2026-04-17,8016,矽創,TWSE,5,215.0,209.7406,2.51,4493.66,672.2,-240.99,431.21,14.96,-5.36,4,0,0,5,338.7,-160.76,,,,,,,0.0,15.77,15.77
2026-04-17,6292,迅德,TPEX,5,47.9,47.7532,0.31,967.0,13.0,0.0,13.0,1.34,0.0,3,0,0,0,12.0,0.0,,,,,,,0.0,15.76,15.76
2026-04-17,2495,普安,TWSE,5,42.85,42.0558,1.89,117770.55,6465.9,-70.0,6395.9,5.49,-0.06,1,0,0,3,615.46,-27.0,,,,,,,0.0,15.68,15.68
2026-04-17,3218,大學光,TPEX,5,132.0,131.0388,0.73,914.0,38.0,0.0,38.0,4.16,0.0,0,1,0,0,-29.0,0.0,,,,,,,0.0,15.64,15.64
2026-04-17,1777,生泰,TPEX,5,72.1,71.0172,1.52,221.0,6.0,0.0,6.0,2.71,0.0,1,0,0,0,4.0,0.0,,,,,,,0.0,15.6,15.6
2026-04-17,2015,豐興,TWSE,5,62.9,63.0974,-0.31,1465.93,299.54,-170.0,129.54,20.43,-11.6,5,0,0,1,26.44,-66.0,,,,,,,0.0,15.57,15.57
2026-04-17,3356,奇偶,TWSE,5,52.4,52.7743,-0.71,4749.74,128.4,0.0,128.4,2.7,0.0,1,0,0,0,62.4,0.0,,,,,,,0.0,15.57,15.57
2026-04-17,6103,合邦,TPEX,5,,41.8847,,36.0,2.0,0.0,2.0,5.56,0.0,0,0,0,0,0.0,0.0,,,,,,,0.0,15.56,15.56
2026-04-17,6684,安格,TPEX,5,47.05,46.4479,1.3,1429.0,59.0,0.0,59.0,4.13,0.0,0,1,0,0,-31.0,0.0,,,,,,,0.0,15.56,15.56
2026-04-17,5543,桓鼎-KY,TPEX,5,26.7,26.4596,0.91,104.0,2.0,0.0,2.0,1.92,0.0,2,0,0,0,2.0,0.0,,,,,,,0.0,15.38,15.38
2026-04-17,6841,長佳智能,TPEX,5,58.8,58.7798,0.03,1132.0,46.0,0.0,46.0,4.06,0.0,0,1,0,0,-59.0,0.0,,,,,,,0.0,15.38,15.38
2026-04-17,7791,皇家可口,TWSE,5,66.2,65.323,1.34,415.84,5.0,0.0,5.0,1.2,0.0,3,0,0,0,49.0,0.0,,,,,,,0.0,15.37,15.37
2026-04-17,2911,麗嬰房,TWSE,5,4.91,4.9359,-0.52,504.62,9.5,0.0,9.5,1.88,0.0,2,0,0,0,0.5,0.0,,,,,,,0.0,15.27,15.27
2026-04-17,5425,台半,TPEX,5,65.7,61.6709,6.53,34067.0,1921.8,-2.45,1919.36,5.64,-0.01,1,0,0,1,3298.25,-2.45,,,,,,,0.0,15.27,15.27
2026-04-17,3663,鑫科,TPEX,5,70.3,73.7043,-4.62,17761.0,647.28,0.0,647.28,3.64,0.0,1,0,0,0,129.02,0.0,,,,,,,0.0,15.2,15.2
2026-04-17,4440,宜新實業,TWSE,5,18.15,18.0435,0.59,438.09,17.18,0.0,17.18,3.92,0.0,0,1,0,0,-56.83,0.0,,,,,,,0.0,14.98,14.98
2026-04-17,3689,湧德,TPEX,5,132.5,137.8163,-3.86,35473.0,1260.0,0.0,1260.0,3.55,0.0,1,0,0,0,789.0,0.0,,,,,,,0.0,14.95,14.95
2026-04-17,9933,中鼎,TWSE,5,38.5,37.4999,2.67,53590.91,2076.07,-64.0,2012.07,3.87,-0.12,3,0,0,3,1822.52,-27.0,,,,,,,0.0,14.95,14.95
2026-04-17,3221,台嘉碩,TPEX,5,44.4,41.8284,6.15,92475.0,4272.9,0.0,4272.9,4.62,0.0,1,0,0,0,932.0,0.0,,,,,,,0.0,14.94,14.94
2026-04-17,6695,芯鼎,TWSE,5,40.4,39.8977,1.26,2410.41,111.42,0.0,111.42,4.62,0.0,0,2,0,0,-26.58,0.0,,,,,,,0.0,14.94,14.94
2026-04-17,2301,光寶科,TWSE,5,162.0,157.9504,2.56,109915.23,15302.09,-5897.86,9404.23,13.92,-5.37,4,0,0,5,5259.65,-1137.62,,,,,,,0.0,14.93,14.93
2026-04-17,2468,華經,TWSE,5,34.9,34.6414,0.75,1703.57,29.34,0.0,29.34,1.72,0.0,2,0,0,0,17.34,0.0,,,,,,,0.0,14.82,14.82
2026-04-17,6226,光鼎,TWSE,5,14.6,13.3418,9.43,16703.33,763.59,0.0,763.59,4.57,0.0,3,0,0,0,680.59,0.0,,,,,,,0.0,14.8,14.8
2026-04-17,2402,毅嘉,TWSE,5,77.7,70.7873,9.77,239089.37,8631.74,6607.0,15238.74,3.61,2.76,1,0,0,1,6274.0,-27.0,,,,,,,0.0,14.73,14.73
2026-04-17,8068,全達,TPEX,5,24.25,23.1755,4.64,3670.0,140.0,0.0,140.0,3.81,0.0,2,0,0,0,7.0,0.0,,,,,,,0.0,14.68,14.68
2026-04-17,3322,建舜電,TPEX,5,13.7,13.3367,2.72,4130.0,9.86,0.0,9.86,0.24,0.0,4,0,0,0,2.0,0.0,,,,,,,0.0,14.67,14.67
2026-04-17,2414,精技,TWSE,5,45.3,45.0433,0.57,1571.48,59.8,0.0,59.8,3.81,0.0,0,1,0,0,-1.2,0.0,,,,,,,0.0,14.65,14.65
2026-04-17,5245,智晶,TPEX,5,25.4,24.8923,2.04,806.0,19.0,0.0,19.0,2.36,0.0,1,0,0,0,12.0,0.0,,,,,,,0.0,14.6,14.6
2026-04-17,4116,明基醫,TPEX,5,41.0,40.4429,1.38,184.0,3.0,0.0,3.0,1.63,0.0,2,0,0,0,3.0,0.0,,,,,,,0.0,14.57,14.57
2026-04-17,7757,金色三麥,TPEX,5,109.5,110.5,-0.9,106.0,4.0,0.0,4.0,3.77,0.0,0,1,0,0,-1.0,0.0,,,,,,,0.0,14.57,14.57
2026-04-17,2612,中航,TWSE,5,60.0,58.8766,1.91,5277.17,123.41,0.0,123.41,2.34,0.0,1,0,0,0,297.49,0.0,,,,,,,0.0,14.55,14.55
2026-04-17,3048,益登,TWSE,5,39.35,39.6256,-0.7,30507.05,276.51,0.0,276.51,0.91,0.0,3,0,0,0,643.21,0.0,,,,,,,0.0,14.54,14.54
2026-04-17,3046,建碁,TWSE,5,49.0,48.8939,0.22,995.04,37.39,0.0,37.39,3.76,0.0,0,1,0,0,-41.61,0.0,,,,,,,0.0,14.52,14.52
2026-04-17,6196,帆宣,TWSE,5,359.0,338.458,6.07,20019.18,1563.99,-33.89,1530.1,7.81,-0.17,1,0,0,5,721.34,-13.11,永豐金-匯立,524.0,328.29,統一,-579.0,334.36,3.69,10.82,14.51
2026-04-17,1465,偉全,TWSE,5,12.7,12.7998,-0.78,648.82,24.23,0.0,24.23,3.73,0.0,0,1,0,0,-22.69,0.0,,,,,,,0.0,14.45,14.45
2026-04-17,2916,滿心,TPEX,5,46.3,46.6178,-0.68,440.0,10.0,0.0,10.0,2.27,0.0,1,0,0,0,1.0,0.0,,,,,,,0.0,14.36,14.36
2026-04-17,7765,中華資安,TWSE,5,232.0,232.8337,-0.36,287.46,25.0,-5.69,19.31,8.7,-1.98,0,1,0,3,-14.0,-1.9,,,,,,,0.0,14.32,14.32
2026-04-17,2101,南港,TWSE,5,35.65,36.4955,-2.32,8203.74,302.05,0.0,302.05,3.68,0.0,0,1,0,0,-655.35,0.0,,,,,,,0.0,14.31,14.31
2026-04-17,4702,中美實,TPEX,5,10.0,10.0102,-0.1,695.0,15.59,0.0,15.59,2.24,0.0,1,0,0,0,14.0,0.0,,,,,,,0.0,14.28,14.28
2026-04-17,5907,大洋-KY,TWSE,5,5.73,5.7092,0.36,1291.49,47.24,0.0,47.24,3.66,0.0,0,1,0,0,-98.75,0.0,,,,,,,0.0,14.24,14.24
2026-04-17,6168,宏齊,TWSE,5,28.8,28.0313,2.74,73163.01,1631.51,0.0,1631.51,2.23,0.0,1,0,0,0,1208.51,0.0,,,,,,,0.0,14.24,14.24
2026-04-17,1786,科妍,TWSE,5,63.4,62.9802,0.67,1548.36,56.44,0.0,56.44,3.64,0.0,0,1,0,0,-84.61,0.0,,,,,,,0.0,14.21,14.21
2026-04-17,6192,巨路,TWSE,5,122.5,120.7064,1.49,1373.92,30.48,0.0,30.48,2.22,0.0,1,0,0,0,38.48,0.0,,,,,,,0.0,14.21,14.21
2026-04-17,6532,瑞耘,TPEX,5,83.5,79.9996,4.38,5686.0,164.6,0.0,164.6,2.89,0.0,3,0,0,0,158.2,0.0,,,,,,,0.0,14.11,14.11
2026-04-17,7750,新代,TWSE,5,1810.0,1648.1696,9.82,2721.61,159.89,30.0,189.89,5.87,1.1,0,1,0,0,-19.88,0.0,,,,,,,0.0,14.09,14.09
2026-04-17,5536,聖暉*,TPEX,5,825.0,793.5837,3.96,17889.0,4831.0,-888.43,3942.57,27.01,-4.97,1,0,0,3,1834.35,-169.35,,,,,,,0.0,14.08,14.08
2026-04-17,8924,大田,TPEX,5,68.4,67.8913,0.75,485.0,7.0,0.0,7.0,1.44,0.0,2,0,0,0,20.0,0.0,,,,,,,0.0,14.04,14.04
2026-04-17,2379,瑞昱,TWSE,5,531.0,527.4501,0.67,19735.21,9088.5,-1896.65,7191.85,46.05,-9.61,5,0,0,4,1076.56,-611.73,,,,,,,0.0,13.97,13.97
2026-04-17,2406,國碩,TWSE,5,33.95,32.8598,3.32,66628.02,2846.55,0.0,2846.55,4.27,0.0,1,0,0,0,4432.85,0.0,,,,,,,0.0,13.96,13.96
2026-04-17,6690,安碁資訊,TPEX,5,170.0,170.0178,-0.01,253.0,9.0,0.0,9.0,3.56,0.0,0,1,0,0,-5.0,0.0,,,,,,,0.0,13.96,13.96
2026-04-17,9934,成霖,TWSE,5,9.63,9.5478,0.86,2811.34,39.21,0.0,39.21,1.39,0.0,2,0,0,0,67.02,0.0,,,,,,,0.0,13.91,13.91
2026-04-17,3373,熱映,TPEX,5,17.05,16.9911,0.35,313.0,11.01,0.0,11.01,3.52,0.0,0,1,0,0,-0.09,0.0,,,,,,,0.0,13.85,13.85
2026-04-17,3516,亞帝歐,TPEX,5,19.95,19.618,1.69,192.0,4.0,0.0,4.0,2.08,0.0,1,0,0,0,4.0,0.0,,,,,,,0.0,13.83,13.83
2026-04-17,3024,憶聲,TWSE,5,10.95,10.3542,5.75,10101.6,570.5,0.0,570.5,5.65,0.0,0,1,0,0,-587.5,0.0,,,,,,,0.0,13.81,13.81
2026-04-17,8354,冠好,TPEX,5,16.05,16.0802,-0.19,970.0,6.0,0.0,6.0,0.62,0.0,3,0,0,0,8.0,0.0,,,,,,,0.0,13.73,13.73
2026-04-17,4953,緯軟,TPEX,5,123.5,120.3353,2.63,2210.0,76.0,0.0,76.0,3.44,0.0,0,1,0,0,-177.0,0.0,,,,,,,0.0,13.63,13.63
2026-04-17,2547,日勝生,TWSE,5,10.85,10.8934,-0.4,9721.17,568.95,-23.0,545.95,5.85,-0.24,0,4,0,0,-582.06,0.0,,,,,,,0.0,13.61,13.61
2026-04-17,2941,米斯特,TPEX,5,35.1,35.6135,-1.44,74.0,2.0,0.0,2.0,2.7,0.0,0,0,0,0,0.0,0.0,,,,,,,0.0,13.57,13.57
2026-04-17,2736,富野,TPEX,5,13.75,14.4453,-4.81,2529.0,40.0,0.0,40.0,1.58,0.0,3,0,0,0,8.0,0.0,,,,,,,0.0,13.43,13.43
2026-04-17,6205,詮欣,TWSE,5,75.0,68.2639,9.87,23104.24,1580.0,-18.0,1562.0,6.84,-0.08,3,0,0,3,981.0,-7.0,,,,,,,0.0,13.39,13.39
2026-04-17,8463,潤泰材,TWSE,5,23.1,22.9724,0.56,552.5,18.47,0.0,18.47,3.34,0.0,0,1,0,0,-43.53,0.0,,,,,,,0.0,13.36,13.36
2026-04-17,4414,如興,TWSE,5,10.85,11.1339,-2.55,1969.76,65.47,0.0,65.47,3.32,0.0,0,1,0,0,-116.0,0.0,,,,,,,0.0,13.31,13.31
2026-04-17,2471,資通,TWSE,5,54.0,53.3174,1.28,1701.57,56.24,0.0,56.24,3.3,0.0,0,1,0,0,-97.76,0.0,,,,,,,0.0,13.25,13.25
2026-04-17,6465,威潤,TPEX,5,49.05,46.8694,4.65,3684.0,120.0,0.0,120.0,3.26,0.0,2,0,0,0,198.0,0.0,,,,,,,0.0,13.12,13.12
2026-04-17,4175,杏一,TPEX,5,55.4,55.1859,0.39,92.0,1.0,0.0,1.0,1.09,0.0,2,0,0,0,2.0,0.0,,,,,,,0.0,13.04,13.04
2026-04-17,7747,昕奇雲端,TPEX,5,133.0,127.3763,4.41,93.0,3.0,0.0,3.0,3.23,0.0,2,0,0,0,1.0,0.0,,,,,,,0.0,13.03,13.03
2026-04-17,2458,義隆,TWSE,5,138.0,136.4715,1.12,21684.8,10101.62,-2294.31,7807.31,46.58,-10.58,5,0,0,4,1068.51,-123.92,,,,,,,0.0,13.0,13.0
2026-04-17,8487,愛爾達-創,TWSE,5,79.4,79.5331,-0.17,186.74,6.0,0.0,6.0,3.21,0.0,0,1,0,0,-4.0,0.0,,,,,,,0.0,13.0,13.0
2026-04-17,8342,益張,TPEX,5,92.8,91.7724,1.12,58.0,1.0,0.0,1.0,1.72,0.0,1,0,0,0,1.0,0.0,,,,,,,0.0,12.83,12.83
2026-04-17,5475,德宏,TPEX,5,368.5,323.5893,13.88,21028.0,920.63,35.0,955.63,4.38,0.17,2,0,0,0,48.16,0.0,,,,,,,0.0,12.81,12.81
2026-04-17,4743,合一,TPEX,5,54.4,54.5469,-0.27,8606.0,266.45,0.0,266.45,3.1,0.0,0,1,0,0,-774.4,0.0,,,,,,,0.0,12.67,12.67
2026-04-17,4722,國精化,TWSE,5,180.0,179.9609,0.02,11696.67,536.25,-24.0,512.25,4.58,-0.21,1,0,0,3,296.25,-9.0,,,,,,,0.0,12.66,12.66
2026-04-17,6221,晉泰,TPEX,5,27.6,26.9038,2.59,1691.0,16.0,0.0,16.0,0.95,0.0,2,0,0,0,30.0,0.0,,,,,,,0.0,12.65,12.65
2026-04-17,2365,昆盈,TWSE,5,34.9,34.362,1.57,37413.31,343.09,0.0,343.09,0.92,0.0,2,0,0,0,541.1,0.0,,,,,,,0.0,12.57,12.57
2026-04-17,1906,寶隆,TWSE,5,11.9,11.832,0.57,880.29,26.75,0.0,26.75,3.04,0.0,0,1,0,0,-24.25,0.0,,,,,,,0.0,12.51,12.51
2026-04-17,7718,友鋮,TPEX,5,48.65,48.1408,1.06,240.0,9.0,0.0,9.0,3.75,0.0,0,2,0,0,-1.0,0.0,,,,,,,0.0,12.5,12.5
2026-04-17,1466,聚隆,TWSE,5,16.8,16.577,1.35,1190.2,10.54,0.0,10.54,0.89,0.0,2,0,0,0,12.54,0.0,,,,,,,0.0,12.48,12.48
2026-04-17,1570,力肯,TPEX,5,32.8,33.3056,-1.52,2705.0,24.0,0.0,24.0,0.89,0.0,2,0,0,0,17.0,0.0,,,,,,,0.0,12.48,12.48
2026-04-17,4989,榮科,TWSE,5,102.5,91.973,11.45,169759.11,11191.14,0.0,11191.14,6.59,0.0,0,1,0,0,-758.44,0.0,,,,,,,0.0,12.46,12.46
2026-04-17,4536,拓凱,TWSE,5,156.5,154.8704,1.05,967.95,114.48,-47.0,67.48,11.83,-4.86,0,1,0,2,-23.55,-2.0,,,,,,,0.0,12.44,12.44
2026-04-17,2880,華南金,TWSE,5,36.15,35.5191,1.78,89008.94,24401.9,-8249.15,16152.75,27.42,-9.27,5,0,0,5,4007.99,-3145.28,,,,,,,0.0,12.33,12.33
2026-04-17,6597,立誠,TPEX,5,58.1,57.5708,0.92,89.0,2.0,0.0,2.0,2.25,0.0,0,0,0,0,0.0,0.0,,,,,,,0.0,12.29,12.29
2026-04-17,6569,醫揚,TPEX,5,101.5,101.3299,0.17,197.0,3.0,0.0,3.0,1.52,0.0,1,0,0,0,6.0,0.0,,,,,,,0.0,12.26,12.26
2026-04-17,4173,久裕,TPEX,5,19.65,20.1075,-2.28,1426.0,42.0,0.0,42.0,2.95,0.0,0,1,0,0,-1.0,0.0,,,,,,,0.0,12.25,12.25
2026-04-17,3325,旭品,TPEX,5,13.35,12.3365,8.22,2009.0,102.0,0.0,102.0,5.08,0.0,1,0,0,0,95.0,0.0,,,,,,,0.0,12.22,12.22
2026-04-17,8941,關中,TPEX,5,45.05,45.4056,-0.78,45.0,1.0,0.0,1.0,2.22,0.0,0,0,0,0,0.0,0.0,,,,,,,0.0,12.22,12.22
2026-04-17,3015,全漢,TWSE,5,50.7,50.8836,-0.36,1199.33,318.93,-111.75,207.18,26.59,-9.32,5,0,0,5,8.93,-18.22,,,,,,,0.0,12.21,12.21
2026-04-17,6415,矽力*-KY,TWSE,5,332.5,298.6269,11.34,39939.85,4058.13,-656.58,3401.55,10.16,-1.64,3,0,0,5,1064.99,-67.0,,,,,,,0.0,12.2,12.2
2026-04-17,5604,中連,TPEX,5,34.5,34.41,0.26,110.0,4.0,0.0,4.0,3.64,0.0,0,2,0,0,-2.0,0.0,,,,,,,0.0,12.18,12.18
2026-04-17,5516,雙喜,TPEX,5,12.15,12.1935,-0.36,430.0,6.41,0.0,6.41,1.49,0.0,1,0,0,0,5.0,0.0,,,,,,,0.0,12.17,12.17
2026-04-17,3450,聯鈞,TWSE,5,366.0,334.5058,9.42,129000.49,5553.35,793.0,6346.35,4.3,0.61,1,0,0,0,240.5,0.0,,,,,,,0.0,12.08,12.08
2026-04-17,1597,直得,TWSE,5,117.5,116.4009,0.94,32126.01,1151.44,0.0,1151.44,3.58,0.0,0,2,0,0,-817.56,0.0,,,,,,,0.0,12.04,12.04
2026-04-17,8289,泰藝,TPEX,5,49.65,45.9002,8.17,47459.0,1360.8,0.0,1360.8,2.87,0.0,4,0,0,0,351.3,0.0,,,,,,,0.0,12.03,12.03
2026-04-17,2530,華建,TWSE,5,22.6,22.7069,-0.47,5911.64,474.77,-89.0,385.77,8.03,-1.51,0,2,0,3,-92.41,-26.0,,,,,,,0.0,12.02,12.02
2026-04-17,7728,光焱科技,TPEX,5,815.0,836.7348,-2.6,2036.0,28.97,0.0,28.97,1.42,0.0,1,0,0,0,47.08,0.0,,,,,,,0.0,11.98,11.98
2026-04-17,3008,大立光,TWSE,5,2605.0,2691.1305,-3.2,16448.64,1631.77,-513.63,1118.14,9.92,-3.12,2,0,0,5,185.51,-156.28,,,,,,,0.0,11.97,11.97
2026-04-17,6469,大樹,TPEX,5,81.2,79.8539,1.69,3480.0,98.0,0.0,98.0,2.82,0.0,0,1,0,0,-23.95,0.0,,,,,,,0.0,11.89,11.89
2026-04-17,2355,敬鵬,TWSE,5,52.1,52.1767,-0.15,73221.34,2884.84,-149.36,2735.48,3.94,-0.2,4,0,0,5,595.54,-37.05,,,,,,,0.0,11.86,11.86
2026-04-17,3694,海華,TWSE,5,61.3,61.3327,-0.05,7415.58,117.77,-2.0,115.77,1.59,-0.03,2,0,0,1,213.67,-1.0,,,,,,,0.0,11.86,11.86
2026-04-17,2636,台驊控股,TWSE,5,67.7,68.0146,-0.46,1384.76,38.71,0.0,38.71,2.8,0.0,0,1,0,0,-80.29,0.0,,,,,,,0.0,11.83,11.83
2026-04-17,3631,晟楠,TPEX,5,29.35,27.5975,6.35,599.0,21.0,0.0,21.0,3.51,0.0,1,0,0,0,60.0,0.0,,,,,,,0.0,11.82,11.82
2026-04-17,2426,鼎元,TWSE,5,54.4,52.5842,3.45,95966.53,1987.96,0.0,1987.96,2.07,0.0,3,0,0,0,1055.85,0.0,,,,,,,0.0,11.8,11.8
2026-04-17,6719,力智,TWSE,5,167.5,163.2431,2.61,1842.45,73.53,-5.0,68.53,3.99,-0.27,0,1,0,1,-62.6,-1.0,,,,,,,0.0,11.78,11.78
2026-04-17,1503,士電,TWSE,5,197.5,194.0419,1.78,9942.35,240.44,-2.0,238.44,2.42,-0.02,2,0,0,2,226.96,-2.0,,,,,,,0.0,11.71,11.71
2026-04-17,6156,松上,TPEX,5,20.75,20.0175,3.66,3463.0,194.0,0.0,194.0,5.6,0.0,0,2,0,0,-177.0,0.0,,,,,,,0.0,11.69,11.69
2026-04-17,4114,健喬,TPEX,5,31.95,31.7338,0.68,5326.0,184.16,0.0,184.16,3.46,0.0,0,2,0,0,-16.0,0.0,,,,,,,0.0,11.68,11.68
2026-04-17,8433,弘帆,TPEX,5,58.3,59.4511,-1.94,1663.0,10.0,0.0,10.0,0.6,0.0,2,0,0,0,71.0,0.0,,,,,,,0.0,11.68,11.68
2026-04-17,3037,欣興,TWSE,5,643.0,626.5971,2.62,88810.28,-23190.92,26126.98,2936.05,-26.11,29.42,4,0,0,4,233.57,-459.61,,,,,,,0.0,11.64,11.64
2026-04-17,3576,聯合再生,TWSE,5,18.3,16.9963,7.67,203141.31,9878.17,0.0,9878.17,4.86,0.0,0,1,0,0,-8974.36,0.0,,,,,,,0.0,11.62,11.62
2026-04-17,3437,榮創,TWSE,5,27.2,25.1904,7.98,53378.08,1809.55,0.0,1809.55,3.39,0.0,1,0,0,0,1443.2,0.0,,,,,,,0.0,11.49,11.49
2026-04-17,1599,宏佳騰,TPEX,5,25.4,25.4311,-0.12,172.0,0.9,0.0,0.9,0.52,0.0,2,0,0,0,7.0,0.0,,,,,,,0.0,11.47,11.47
2026-04-17,2064,晉椿,TPEX,5,11.75,11.7433,0.06,52.0,1.0,0.0,1.0,1.92,0.0,0,0,0,0,0.0,0.0,,,,,,,0.0,11.38,11.38
2026-04-17,6761,穩得,TPEX,5,195.5,199.585,-2.05,10073.0,47.14,0.0,47.14,0.47,0.0,2,0,0,0,95.1,0.0,,,,,,,0.0,11.31,11.31
2026-04-17,8038,長園科,TPEX,5,42.05,41.3774,1.63,1942.0,9.0,0.0,9.0,0.46,0.0,2,0,0,0,93.0,0.0,,,,,,,0.0,11.3,11.3
2026-04-17,8450,霹靂,TPEX,5,17.45,17.621,-0.97,202.0,3.77,0.0,3.77,1.87,0.0,0,0,0,0,0.0,0.0,,,,,,,0.0,11.23,11.23
2026-04-17,6151,晉倫,TPEX,5,35.55,36.062,-1.42,3947.0,17.0,0.0,17.0,0.43,0.0,2,0,0,0,44.0,0.0,,,,,,,0.0,11.21,11.21
2026-04-17,5520,力泰,TPEX,5,79.0,80.9055,-2.36,55.0,1.0,0.0,1.0,1.82,0.0,0,0,0,0,0.0,0.0,,,,,,,0.0,11.09,11.09
2026-04-17,3025,星通,TWSE,5,64.5,64.0522,0.7,3584.28,151.15,-14.0,137.15,4.22,-0.39,1,0,0,3,187.14,-6.0,,,,,,,0.0,11.02,11.02
2026-04-17,1467,南緯,TWSE,5,7.0,7.0195,-0.28,1876.94,60.33,0.0,60.33,3.21,0.0,0,2,0,0,-47.58,0.0,,,,,,,0.0,11.0,11.0
2026-04-17,4126,太醫,TPEX,5,81.0,80.7832,0.27,238.0,2.53,0.0,2.53,1.06,0.0,1,0,0,0,11.0,0.0,,,,,,,0.0,10.98,10.98
2026-04-17,3252,海灣,TPEX,5,20.1,20.3391,-1.18,407.0,10.0,0.0,10.0,2.46,0.0,0,1,0,0,-1.0,0.0,,,,,,,0.0,10.88,10.88
2026-04-17,3665,貿聯-KY,TWSE,5,2365.0,2342.9783,0.94,12522.96,-670.6,696.88,26.28,-5.35,5.56,2,0,0,1,92.46,-85.95,,,,,,,0.0,10.87,10.87
2026-04-17,4760,勤凱,TPEX,5,267.0,269.9673,-1.1,6864.0,168.19,0.0,168.19,2.45,0.0,0,1,0,0,-37.0,0.0,,,,,,,0.0,10.86,10.86
2026-04-17,5457,宣德,TPEX,5,38.15,38.3651,-0.56,6187.0,256.75,-24.0,232.75,4.15,-0.39,1,0,0,3,283.0,-10.0,,,,,,,0.0,10.84,10.84
2026-04-17,1531,高林股,TWSE,5,13.1,13.1862,-0.65,902.82,21.68,0.0,21.68,2.4,0.0,0,1,0,0,-47.09,0.0,,,,,,,0.0,10.72,10.72
2026-04-17,2412,中華電,TWSE,5,137.5,135.4297,1.53,46763.01,13549.3,-4287.93,9261.37,28.97,-9.17,4,0,0,5,5320.08,-543.24,,,,,,,0.0,10.58,10.58
2026-04-17,4304,勝昱,TPEX,5,28.4,27.941,1.64,184.0,3.0,0.0,3.0,1.63,0.0,0,0,0,0,0.0,0.0,,,,,,,0.0,10.57,10.57
2026-04-17,8935,邦泰,TPEX,5,18.9,19.2447,-1.79,2017.0,4.0,0.0,4.0,0.2,0.0,2,0,0,0,8.0,0.0,,,,,,,0.0,10.56,10.56
2026-04-17,5371,中光電,TPEX,5,78.3,77.3026,1.29,24157.0,-27.56,648.0,620.44,-0.11,2.68,0,2,0,0,-625.0,0.0,,,,,,,0.0,10.53,10.53
2026-04-17,1727,中華化,TWSE,5,56.3,57.1483,-1.48,45219.57,1648.29,-28.0,1620.29,3.65,-0.06,1,0,0,3,117.58,-11.0,,,,,,,0.0,10.5,10.5
2026-04-17,2347,聯強,TWSE,5,83.9,82.5733,1.61,28175.52,10099.05,-3611.18,6487.87,35.84,-12.82,5,0,0,5,2274.36,-455.35,,,,,,,0.0,10.5,10.5
2026-04-17,2890,永豐金,TWSE,5,32.7,33.0455,-1.05,96248.27,37430.96,-15540.82,21890.14,38.89,-16.15,5,0,0,5,44.45,-4601.7,,,,,,,0.0,10.5,10.5
2026-04-17,3023,信邦,TWSE,5,282.0,274.2701,2.82,7366.1,2743.18,-1000.0,1743.18,37.24,-13.58,5,0,0,5,430.31,-378.0,,,,,,,0.0,10.5,10.5
2026-04-17,2236,百達-KY,TWSE,5,126.5,124.7669,1.39,4181.36,95.08,0.0,95.08,2.27,0.0,0,1,0,0,-352.72,0.0,,,,,,,0.0,10.37,10.37
2026-04-17,6506,雙邦,TPEX,5,16.95,16.8914,0.35,946.0,8.0,0.0,8.0,0.85,0.0,1,0,0,0,5.0,0.0,,,,,,,0.0,10.37,10.37
2026-04-17,6541,泰福-KY,TWSE,5,41.0,40.8688,0.32,1676.26,14.21,0.0,14.21,0.85,0.0,1,0,0,0,35.22,0.0,,,,,,,0.0,10.37,10.37
2026-04-17,3232,昱捷,TPEX,5,22.6,22.1704,1.94,304.0,9.0,0.0,9.0,2.96,0.0,0,2,0,0,-2.0,0.0,,,,,,,0.0,10.29,10.29
2026-04-17,6139,亞翔,TWSE,5,723.0,649.0262,11.4,38650.24,6603.47,-1743.15,4860.32,17.09,-4.51,4,0,0,5,2099.61,-65.15,,,,,,,0.0,10.28,10.28
2026-04-17,5211,蒙恬,TPEX,5,23.55,23.0975,1.96,482.0,3.89,0.0,3.89,0.81,0.0,1,0,0,0,8.89,0.0,,,,,,,0.0,10.26,10.26
2026-04-17,2534,宏盛,TWSE,5,19.9,19.8152,0.43,1669.07,36.91,0.0,36.91,2.21,0.0,0,1,0,0,-35.82,0.0,,,,,,,0.0,10.19,10.19
2026-04-17,1815,富喬,TPEX,5,127.0,117.3365,8.24,489694.0,27469.49,-4513.94,22955.55,5.61,-0.92,2,0,0,1,14685.28,-0.96,,,,,,,0.0,10.16,10.16
2026-04-17,5607,遠雄港,TWSE,5,48.15,48.5159,-0.75,2306.72,48.94,1.0,49.94,2.12,0.04,0,1,0,0,-22.16,0.0,,,,,,,0.0,10.08,10.08
2026-04-17,2374,佳能,TWSE,5,72.3,72.0885,0.29,19380.67,-0.33,1.0,0.67,-0.0,0.01,2,0,0,0,418.64,0.0,,,,,,,0.0,10.01,10.01
2026-04-17,6210,慶生,TPEX,5,20.7,20.9809,-1.34,282.0,2.0,0.0,2.0,0.71,0.0,1,0,0,0,3.0,0.0,,,,,,,0.0,9.99,9.99
2026-04-17,4551,智伸科,TWSE,5,142.0,140.0193,1.41,3391.39,102.61,-1.0,101.61,3.03,-0.03,0,1,0,1,-31.43,-1.0,,,,,,,0.0,9.87,9.87
2026-04-17,2723,美食-KY,TWSE,5,66.6,67.6972,-1.62,1839.2,38.01,0.0,38.01,2.07,0.0,0,1,0,0,-7.11,0.0,,,,,,,0.0,9.79,9.79
2026-04-17,6637,醫影,TPEX,5,72.1,71.8181,0.39,144.0,4.0,0.0,4.0,2.78,0.0,0,2,0,0,-1.0,0.0,,,,,,,0.0,9.78,9.78
2026-04-17,6792,詠業,TWSE,5,61.2,59.1693,3.43,648.75,27.24,0.0,27.24,4.2,0.0,0,1,0,0,-15.76,0.0,,,,,,,0.0,9.76,9.76
2026-04-17,1528,恩德,TWSE,5,29.2,29.3026,-0.35,177068.82,5895.69,-39.0,5856.69,3.33,-0.02,1,0,0,3,978.99,-15.0,,,,,,,0.0,9.75,9.75
2026-04-17,3380,明泰,TWSE,5,41.55,39.8375,4.3,42283.66,561.42,1.0,562.42,1.33,0.0,3,0,0,0,1817.07,0.0,,,,,,,0.0,9.73,9.73
2026-04-17,6246,臺龍,TPEX,5,16.5,16.3517,0.91,294.0,6.0,0.0,6.0,2.04,0.0,0,1,0,0,-5.0,0.0,,,,,,,0.0,9.72,9.72
2026-04-17,2633,台灣高鐵,TWSE,5,27.0,26.7692,0.86,21219.89,1233.54,-38.0,1195.54,5.81,-0.18,0,1,0,4,-139.12,-4.0,,,,,,,0.0,9.69,9.69
2026-04-17,5355,佳總,TPEX,5,6.41,6.4309,-0.32,228.0,3.0,0.0,3.0,1.32,0.0,0,0,0,0,0.0,0.0,,,,,,,0.0,9.69,9.69
2026-04-17,6530,創威,TPEX,5,125.5,107.4904,16.75,28768.0,1599.69,0.0,1599.69,5.56,0.0,0,1,0,0,-345.81,0.0,,,,,,,0.0,9.57,9.57
2026-04-17,5902,德記,TPEX,5,38.5,38.774,-0.71,179.0,1.0,0.0,1.0,0.56,0.0,1,0,0,0,1.0,0.0,,,,,,,0.0,9.56,9.56
2026-04-17,2748,雲品,TWSE,5,41.5,43.8256,-5.31,2763.2,44.52,0.0,44.52,1.61,0.0,1,0,0,0,0.52,0.0,,,,,,,0.0,9.51,9.51
2026-04-17,6706,惠特,TWSE,5,151.5,148.1426,2.27,75392.64,2018.14,0.0,2018.14,2.68,0.0,0,2,0,0,-349.68,0.0,,,,,,,0.0,9.5,9.5
2026-04-17,2702,華園,TWSE,5,17.8,16.5333,7.66,4231.47,112.78,0.0,112.78,2.67,0.0,1,0,0,0,43.78,0.0,,,,,,,0.0,9.46,9.46
2026-04-17,4904,遠傳,TWSE,5,97.4,95.3191,2.18,32130.85,8325.15,-3939.69,4385.45,25.91,-12.26,5,0,0,5,4094.87,-1355.91,,,,,,,0.0,9.42,9.42
2026-04-17,2207,和泰車,TWSE,5,515.0,510.8942,0.8,1514.2,272.78,-76.22,196.56,18.02,-5.03,0,1,0,5,-15.18,-19.07,,,,,,,0.0,9.3,9.3
2026-04-17,8933,愛地雅,TPEX,5,6.55,6.5591,-0.14,1479.0,27.64,0.0,27.64,1.87,0.0,0,1,0,0,-11.0,0.0,,,,,,,0.0,9.23,9.23
2026-04-17,9924,福興,TWSE,5,45.05,45.0783,-0.06,551.61,43.75,-7.51,36.24,7.93,-1.36,0,1,0,5,-20.25,-3.53,,,,,,,0.0,9.22,9.22
2026-04-17,6163,華電網,TPEX,5,67.4,66.0384,2.06,63802.0,1172.29,0.0,1172.29,1.84,0.0,0,1,0,0,-558.8,0.0,,,,,,,0.0,9.14,9.14
2026-04-17,1337,再生-KY,TWSE,5,5.52,5.6881,-2.96,4195.33,74.18,0.0,74.18,1.77,0.0,0,1,0,0,-59.66,0.0,,,,,,,0.0,8.95,8.95
2026-04-17,2324,仁寶,TWSE,5,30.35,29.9249,1.42,263539.88,51160.81,-42120.39,9040.42,19.41,-15.98,1,0,0,5,38011.51,-17887.35,摩根大通,19640.0,29.91,元大,-17101.0,30.03,15.7,-6.76,8.94
2026-04-17,5263,智崴,TPEX,5,94.0,94.3053,-0.32,793.0,14.0,0.0,14.0,1.77,0.0,0,1,0,0,-33.0,0.0,,,,,,,0.0,8.94,8.94
2026-04-17,8040,九暘,TPEX,5,62.4,58.7305,6.25,10550.0,109.0,0.0,109.0,1.03,0.0,3,0,0,0,132.0,0.0,,,,,,,0.0,8.89,8.89
2026-04-17,7642,昶瑞機電,TPEX,5,73.2,72.0407,1.61,172.0,3.0,0.0,3.0,1.74,0.0,0,1,0,0,-1.0,0.0,,,,,,,0.0,8.88,8.88
2026-04-17,3018,隆銘綠能,TWSE,5,10.9,10.8525,0.44,325.02,1.0,0.0,1.0,0.31,0.0,1,0,0,0,1.0,0.0,,,,,,,0.0,8.86,8.86
2026-04-17,3028,增你強,TWSE,5,62.8,63.6056,-1.27,30587.13,527.64,0.0,527.64,1.73,0.0,0,1,0,0,-171.86,0.0,,,,,,,0.0,8.83,8.83
2026-04-17,2884,玉山金,TWSE,5,32.75,32.6481,0.31,146601.01,25123.96,-12631.93,12492.03,17.14,-8.62,5,0,0,5,82.25,-6025.81,,,,,,,0.0,8.78,8.78
2026-04-17,2397,友通,TWSE,5,60.1,59.4234,1.14,951.86,2.57,0.0,2.57,0.27,0.0,1,0,0,0,45.57,0.0,,,,,,,0.0,8.76,8.76
2026-04-17,7799,禾榮科,TWSE,5,388.5,388.3164,0.05,2517.6,58.95,1.0,59.95,2.34,0.04,0,2,0,0,-58.0,0.0,,,,,,,0.0,8.69,8.69
2026-04-17,3541,西柏,TPEX,5,24.0,23.8926,0.45,216.0,2.0,0.0,2.0,0.93,0.0,0,0,0,0,0.0,0.0,,,,,,,0.0,8.59,8.59
2026-04-17,4120,友華,TPEX,5,47.35,47.3273,0.05,119.0,1.95,0.0,1.95,1.64,0.0,0,1,0,0,-2.0,0.0,,,,,,,0.0,8.59,8.59
2026-04-17,3518,柏騰,TWSE,5,27.05,25.5503,5.87,10808.68,482.96,0.0,482.96,4.47,0.0,0,2,0,0,-8.78,0.0,,,,,,,0.0,8.51,8.51
2026-04-17,8066,來思達,TPEX,5,18.4,18.2079,1.05,612.0,1.0,0.0,1.0,0.16,0.0,1,0,0,0,32.0,0.0,,,,,,,0.0,8.46,8.46
2026-04-17,4741,泓瀚,TPEX,5,58.3,54.8558,6.28,2154.0,49.02,0.0,49.02,2.28,0.0,1,0,0,0,14.94,0.0,,,,,,,0.0,8.37,8.37
2026-04-17,6640,均華,TPEX,5,1620.0,1700.9212,-4.76,4923.0,-205.88,179.0,-26.88,-4.18,3.64,0,1,4,0,-215.99,1.0,,,,,,,0.0,8.29,8.29
2026-04-17,6024,群益期,TWSE,5,56.4,56.5528,-0.27,1610.07,-199.21,274.0,74.79,-12.37,17.02,0,2,0,1,-74.24,-2.0,,,,,,,0.0,8.22,8.22
2026-04-17,8050,廣積,TPEX,5,42.15,41.4139,1.78,2319.0,59.0,-3.18,55.82,2.54,-0.14,0,1,0,1,-97.0,-3.18,,,,,,,0.0,8.17,8.17
2026-04-17,7753,星亞,TPEX,5,39.55,39.7966,-0.62,131.0,1.0,0.0,1.0,0.76,0.0,0,0,0,0,0.0,0.0,,,,,,,0.0,8.14,8.14
2026-04-17,1611,中電,TWSE,5,12.2,12.3148,-0.93,2870.36,61.73,0.0,61.73,2.15,0.0,0,2,0,0,-119.31,0.0,,,,,,,0.0,8.02,8.02
2026-04-17,3686,達能,TWSE,5,17.7,17.6445,0.31,1227.8,17.37,0.0,17.37,1.41,0.0,0,1,0,0,-24.63,0.0,,,,,,,0.0,7.96,7.96
2026-04-17,1409,新纖,TWSE,5,16.7,17.0453,-2.03,70828.46,1649.89,-17.0,1632.89,2.33,-0.02,0,1,0,1,-2880.97,-11.0,,,,,,,0.0,7.94,7.94
2026-04-17,9962,有益,TPEX,5,10.05,10.1116,-0.61,577.0,8.0,0.0,8.0,1.39,0.0,0,1,0,0,-1.0,0.0,,,,,,,0.0,7.88,7.88
2026-04-17,4433,興采,TPEX,5,20.7,20.3477,1.73,152.0,1.0,0.0,1.0,0.66,0.0,0,0,0,0,0.0,0.0,,,,,,,0.0,7.84,7.84
2026-04-17,6933,AMAX-KY,TWSE,5,196.0,190.1277,3.09,6082.12,83.4,0.0,83.4,1.37,0.0,2,0,0,0,123.45,0.0,,,,,,,0.0,7.84,7.84
2026-04-17,4729,熒茂,TPEX,5,20.5,20.3413,0.78,1113.0,15.0,0.0,15.0,1.35,0.0,0,1,0,0,-73.0,0.0,,,,,,,0.0,7.77,7.77
2026-04-17,6823,濾能,TPEX,5,77.1,70.904,8.74,2281.0,79.0,0.0,79.0,3.46,0.0,1,0,0,0,138.0,0.0,,,,,,,0.0,7.7,7.7
2026-04-17,4905,台聯電,TPEX,5,90.7,89.8851,0.91,697.0,9.03,0.0,9.03,1.29,0.0,0,1,0,0,-11.0,0.0,,,,,,,0.0,7.63,7.63
2026-04-17,8171,天宇,TPEX,5,24.0,24.1705,-0.71,701.0,9.0,0.0,9.0,1.28,0.0,0,1,0,0,-7.0,0.0,,,,,,,0.0,7.6,7.6
2026-04-17,3057,喬鼎,TWSE,5,18.6,18.646,-0.25,3369.24,66.91,0.0,66.91,1.99,0.0,0,2,0,0,-55.0,0.0,,,,,,,0.0,7.56,7.56
2026-04-17,7709,榮田,TPEX,5,72.8,75.9156,-4.1,3642.0,32.75,0.0,32.75,0.9,0.0,1,0,0,0,38.0,0.0,,,,,,,0.0,7.52,7.52
2026-04-17,8046,南電,TWSE,5,724.0,685.2665,5.65,89306.36,-644.61,1094.1,449.5,-0.72,1.23,0,1,3,0,-3207.34,609.0,,,,,,,0.0,7.52,7.52
2026-04-17,9949,琉園,TPEX,5,35.5,35.0179,1.38,1602.0,20.0,0.0,20.0,1.25,0.0,0,1,0,0,-3.0,0.0,,,,,,,0.0,7.5,7.5
2026-04-17,5225,東科-KY,TWSE,5,78.2,78.1007,0.13,1485.88,19.35,-1.0,18.35,1.3,-0.07,0,1,0,0,-105.65,0.0,,,,,,,0.0,7.42,7.42
2026-04-17,3374,精材,TPEX,5,184.5,178.4913,3.37,43779.0,2874.97,-546.42,2328.55,6.57,-1.25,0,1,0,2,-1313.0,-0.34,,,,,,,0.0,7.27,7.27
2026-04-17,2308,台達電,TWSE,5,1840.0,1805.6011,1.91,56772.93,373.56,-198.41,175.15,0.66,-0.35,0,1,1,0,-875.36,357.42,,,,,,,0.0,7.19,7.19
2026-04-17,3217,優群,TPEX,5,163.0,161.1652,1.14,4498.0,-33.95,51.14,17.19,-0.75,1.14,1,0,0,1,262.0,-9.86,,,,,,,0.0,7.14,7.14
2026-04-17,2231,為升,TWSE,5,126.5,126.1733,0.26,10821.45,117.02,0.0,117.02,1.08,0.0,0,1,0,0,-1.94,0.0,,,,,,,0.0,7.03,7.03
2026-04-17,3167,大量,TWSE,5,685.0,672.7916,1.81,4480.13,118.72,-80.0,38.72,2.65,-1.79,1,0,0,1,60.45,-8.0,,,,,,,0.0,7.03,7.03
2026-04-17,9919,康那香,TWSE,5,14.8,15.0178,-1.45,3085.47,31.97,0.0,31.97,1.04,0.0,0,1,0,0,-331.03,0.0,,,,,,,0.0,6.9,6.9
2026-04-17,5864,致和證,TPEX,5,24.4,24.6881,-1.17,13146.0,229.0,0.0,229.0,1.74,0.0,0,2,0,0,-826.0,0.0,,,,,,,0.0,6.88,6.88
2026-04-17,2211,長榮鋼,TWSE,5,100.0,100.2478,-0.25,2428.63,132.72,-73.54,59.18,5.46,-3.03,4,0,0,5,7.07,-26.98,,,,,,,0.0,6.81,6.81
2026-04-17,3206,志豐,TPEX,5,37.5,38.1244,-1.64,1281.0,31.0,0.0,31.0,2.42,0.0,0,3,0,0,-15.0,0.0,,,,,,,0.0,6.78,6.78
2026-04-17,1618,合機,TWSE,5,39.05,38.8846,0.43,2513.09,24.48,0.0,24.48,0.97,0.0,0,1,0,0,-55.52,0.0,,,,,,,0.0,6.73,6.73
2026-04-17,5880,合庫金,TWSE,5,23.9,23.8382,0.26,68107.45,4833.72,-2242.96,2590.75,7.1,-3.29,2,0,0,5,124.34,-141.56,,,,,,,0.0,6.5,6.5
2026-04-17,6234,高僑,TPEX,5,32.95,33.0616,-0.34,23211.0,368.0,0.0,368.0,1.59,0.0,0,2,0,0,-92.0,0.0,,,,,,,0.0,6.44,6.44
2026-04-17,2340,台亞,TWSE,5,32.3,31.2592,3.33,62404.63,1869.39,0.0,1869.39,3.0,0.0,0,1,0,0,-3376.12,0.0,,,,,,,0.0,6.39,6.39
2026-04-17,1733,五鼎,TWSE,5,29.6,29.8875,-0.96,809.01,12.5,0.0,12.5,1.54,0.0,0,2,0,0,-87.5,0.0,,,,,,,0.0,6.33,6.33
2026-04-17,1710,東聯,TWSE,5,13.5,14.0641,-4.01,30103.26,996.4,0.0,996.4,3.31,0.0,0,3,0,0,-565.6,0.0,,,,,,,0.0,6.27,6.27
2026-04-17,2719,燦星旅,TPEX,5,29.75,30.8103,-3.44,660.0,3.0,0.0,3.0,0.45,0.0,1,0,0,0,2.0,0.0,,,,,,,0.0,6.27,6.27
2026-04-17,8464,億豐,TWSE,5,368.5,368.7373,-0.06,4599.48,150.38,-75.09,75.29,3.27,-1.63,2,0,0,3,102.92,-57.36,,,,,,,0.0,6.27,6.27
2026-04-17,3114,好德,TPEX,5,26.45,26.6382,-0.71,604.0,9.0,0.0,9.0,1.49,0.0,0,2,0,0,-1.0,0.0,,,,,,,0.0,6.17,6.17
2026-04-17,6821,聯寶,TPEX,5,67.5,64.72,4.3,10396.0,154.9,0.0,154.9,1.49,0.0,1,0,0,0,180.0,0.0,,,,,,,0.0,6.17,6.17
2026-04-17,6919,康霈*,TWSE,5,108.0,107.9356,0.06,40477.19,531.37,-368.67,162.69,1.31,-0.91,1,0,0,1,591.75,-0.24,,,,,,,0.0,6.17,6.17
2026-04-17,4806,桂田文創,TPEX,5,10.15,10.1532,-0.03,124.0,0.0,0.0,0.0,0.0,0.0,0,0,0,0,0.0,0.0,,,,,,,0.0,6.0,6.0
2026-04-17,8409,商之器,TPEX,5,20.8,20.6748,0.61,107.0,0.0,0.0,0.0,0.0,0.0,0,0,0,0,0.0,0.0,,,,,,,0.0,6.0,6.0
2026-04-17,4721,美琪瑪,TPEX,5,91.2,86.4425,5.5,22103.0,307.0,0.0,307.0,1.39,0.0,1,0,0,0,570.0,0.0,,,,,,,0.0,5.89,5.89
2026-04-17,5016,松和,TPEX,5,30.6,30.9356,-1.08,3691.0,51.0,0.0,51.0,1.38,0.0,0,2,0,0,-17.0,0.0,,,,,,,0.0,5.87,5.87
2026-04-17,1338,廣華-KY,TWSE,5,16.05,16.3845,-2.04,846.96,5.41,0.0,5.41,0.64,0.0,0,1,0,0,-3.59,0.0,,,,,,,0.0,5.79,5.79
2026-04-17,2543,皇昌,TWSE,5,57.6,57.8499,-0.43,5708.99,95.13,-50.0,45.13,1.67,-0.88,0,1,0,0,-108.31,0.0,,,,,,,0.0,5.78,5.78
2026-04-17,3189,景碩,TWSE,5,391.5,384.9402,1.7,162991.41,4534.83,-3238.66,1296.16,2.78,-1.99,0,2,1,0,-1219.79,202.0,,,,,,,0.0,5.73,5.73
2026-04-17,6485,點序,TPEX,5,78.5,78.6284,-0.16,2288.0,14.01,0.0,14.01,0.61,0.0,0,1,0,0,-10.0,0.0,,,,,,,0.0,5.71,5.71
2026-04-17,2395,研華,TWSE,5,366.0,354.2486,3.32,16569.1,6300.77,-1577.34,4723.44,38.03,-9.52,5,0,0,5,1918.87,-107.11,,,,,,,0.0,5.7,5.7
2026-04-17,3693,營邦,TPEX,5,662.0,618.3361,7.06,18834.0,322.9,-34.05,288.85,1.71,-0.18,2,0,0,1,199.6,-0.05,,,,,,,0.0,5.7,5.7
2026-04-17,2929,淘帝-KY,TWSE,5,6.25,6.2037,0.75,881.97,11.55,0.0,11.55,1.31,0.0,0,2,0,0,-78.45,0.0,,,,,,,0.0,5.67,5.67
2026-04-17,6570,維田,TPEX,5,39.85,39.7473,0.26,387.0,5.0,0.0,5.0,1.29,0.0,0,2,0,0,-1.0,0.0,,,,,,,0.0,5.62,5.62
2026-04-17,5243,乙盛-KY,TWSE,5,124.0,124.2371,-0.19,12031.31,381.75,-302.0,79.75,3.17,-2.51,2,0,0,2,173.67,-201.0,,,,,,,0.0,5.6,5.6
2026-04-17,8176,智捷,TPEX,5,10.6,10.6016,-0.01,1450.0,7.0,0.0,7.0,0.48,0.0,0,1,0,0,-7.0,0.0,,,,,,,0.0,5.35,5.35
2026-04-17,3152,璟德,TPEX,5,168.0,166.3364,1.0,9028.0,104.0,0.0,104.0,1.15,0.0,0,2,0,0,-32.5,0.0,,,,,,,0.0,5.23,5.23
2026-04-17,2498,宏達電,TWSE,5,41.3,41.031,0.66,35702.18,1019.44,-30.0,989.44,2.86,-0.08,2,0,0,5,140.13,-10.0,,,,,,,0.0,5.22,5.22
2026-04-17,1310,台苯,TWSE,5,10.05,10.4395,-3.73,62794.6,1834.31,0.0,1834.31,2.92,0.0,0,3,0,0,-2315.94,0.0,,,,,,,0.0,5.18,5.18
2026-04-17,2484,希華,TWSE,5,42.4,38.5134,10.09,151670.79,2772.3,0.0,2772.3,1.83,0.0,2,0,0,0,62.4,0.0,,,,,,,0.0,5.12,5.12
2026-04-17,3115,富榮綱,TPEX,5,9.45,9.4722,-0.23,290.0,1.0,0.0,1.0,0.35,0.0,0,1,0,0,-2.0,0.0,,,,,,,0.0,4.97,4.97
2026-04-17,4157,太景*-KY,TPEX,5,10.55,10.5884,-0.36,8484.0,87.05,0.0,87.05,1.03,0.0,0,2,0,0,-302.0,0.0,,,,,,,0.0,4.87,4.87
2026-04-17,5704,老爺知,TPEX,5,21.95,22.7082,-3.34,1000.0,-5.0,0.0,-5.0,-0.5,0.0,3,0,0,0,36.0,0.0,,,,,,,0.0,4.6,4.6
2026-04-17,3467,台灣精材,TPEX,5,59.3,55.4096,7.02,4701.0,43.0,0.0,43.0,0.91,0.0,1,0,0,0,71.0,0.0,,,,,,,0.0,4.56,4.56
2026-04-17,6175,立敦,TPEX,5,64.6,60.4565,6.85,71851.0,1676.93,0.0,1676.93,2.33,0.0,0,1,0,0,-918.05,0.0,,,,,,,0.0,4.53,4.53
2026-04-17,9105,泰金寶-DR,TWSE,5,5.6,5.6602,-1.06,92209.28,158.1,0.0,158.1,0.17,0.0,0,1,0,0,-4593.9,0.0,,,,,,,0.0,4.48,4.48
2026-04-17,1799,易威,TPEX,5,43.5,42.1175,3.28,1389.0,32.0,0.0,32.0,2.3,0.0,0,1,0,0,-61.0,0.0,,,,,,,0.0,4.45,4.45
2026-04-17,8131,福懋科,TWSE,5,60.7,62.4046,-2.73,18796.26,585.25,-49.0,536.25,3.11,-0.26,0,1,0,3,-690.8,-19.0,,,,,,,0.0,4.36,4.36
2026-04-17,2434,統懋,TWSE,5,29.55,29.3253,0.77,73.99,0.09,0.0,0.09,0.12,0.0,0,1,0,0,-0.91,0.0,,,,,,,0.0,4.33,4.33
2026-04-17,1524,耿鼎,TWSE,5,29.55,30.3633,-2.68,6613.48,6.41,0.0,6.41,0.1,0.0,0,1,0,0,-52.59,0.0,,,,,,,0.0,4.27,4.27
2026-04-17,3305,昇貿,TWSE,5,120.5,120.0521,0.37,44367.99,-278.08,0.0,-278.08,-0.63,0.0,3,0,0,0,822.67,0.0,,,,,,,0.0,4.25,4.25
2026-04-17,5269,祥碩,TWSE,5,1270.0,1231.9814,3.09,6777.84,277.45,-5.27,272.18,4.09,-0.08,0,1,0,2,-102.33,-3.0,,,,,,,0.0,4.21,4.21
2026-04-17,6016,康和證,TPEX,5,17.2,16.9839,1.27,16229.0,-104.0,0.0,-104.0,-0.64,0.0,3,0,0,0,182.0,0.0,,,,,,,0.0,4.21,4.21
2026-04-17,2330,台積電,TWSE,5,2030.0,2046.0359,-0.78,205303.41,10732.63,-6226.21,4506.42,5.23,-3.03,0,2,0,1,-9382.77,-2185.66,,,,,,,0.0,4.13,4.13
2026-04-17,4977,眾達-KY,TWSE,5,235.5,202.3938,16.36,48487.57,360.79,0.0,360.79,0.74,0.0,3,0,0,0,1021.64,0.0,,,,,,,0.0,4.08,4.08
2026-04-17,4188,安克,TPEX,5,12.05,12.0838,-0.28,151.0,0.0,0.0,0.0,0.0,0.0,2,0,0,0,2.0,0.0,,,,,,,0.0,4.0,4.0
2026-04-17,4972,湯石照明,TPEX,5,16.95,17.0191,-0.41,196.0,0.0,0.0,0.0,0.0,0.0,2,0,0,0,10.0,0.0,,,,,,,0.0,4.0,4.0
2026-04-17,5488,松普,TPEX,5,10.15,10.3908,-2.32,1511.0,0.0,0.0,0.0,0.0,0.0,0,1,0,0,-15.0,0.0,,,,,,,0.0,4.0,4.0
2026-04-17,5701,劍湖山,TPEX,5,3.48,3.5785,-2.75,298.0,0.0,0.0,0.0,0.0,0.0,0,1,0,0,-0.0,0.0,,,,,,,0.0,4.0,4.0
2026-04-17,2486,一詮,TWSE,5,185.0,190.8071,-3.04,50789.29,-1272.62,75.0,-1197.62,-2.51,0.15,4,0,1,0,192.1,1.0,,,,,,,0.0,3.97,3.97
2026-04-17,3653,健策,TWSE,5,4565.0,4262.1818,7.1,5809.63,-506.31,543.31,37.0,-8.72,9.35,0,5,3,0,-168.25,251.98,,,,,,,0.0,3.96,3.96
2026-04-17,7811,民盛,TPEX,5,88.6,87.7913,0.92,447.0,3.0,0.0,3.0,0.67,0.0,0,2,0,0,-1.0,0.0,,,,,,,0.0,3.88,3.88
2026-04-17,4909,新復興,TPEX,5,63.9,64.0499,-0.23,20955.0,-10.8,0.0,-10.8,-0.05,0.0,2,0,0,0,194.0,0.0,,,,,,,0.0,3.86,3.86
2026-04-17,3021,鴻名,TWSE,5,16.4,16.7248,-1.94,981.62,-0.76,0.0,-0.76,-0.08,0.0,2,0,0,0,8.24,0.0,,,,,,,0.0,3.78,3.78
2026-04-17,4767,誠泰科技,TPEX,5,27.6,26.7966,3.0,161.0,1.0,0.0,1.0,0.62,0.0,0,2,0,0,-3.0,0.0,,,,,,,0.0,3.74,3.74
2026-04-17,7711,永擎,TWSE,5,301.0,303.5769,-0.85,5613.94,-47.18,0.0,-47.18,-0.84,0.0,3,0,0,0,32.0,0.0,,,,,,,0.0,3.65,3.65
2026-04-17,6224,聚鼎,TWSE,5,61.1,51.371,18.94,17645.58,-274.87,0.0,-274.87,-1.56,0.0,4,0,0,0,174.38,0.0,,,,,,,0.0,3.64,3.64
2026-04-17,1904,正隆,TWSE,5,18.6,18.9305,-1.75,7812.71,39.7,3.0,42.7,0.51,0.04,0,2,0,0,-441.5,0.0,,,,,,,0.0,3.55,3.55
2026-04-17,6113,亞矽,TPEX,5,22.9,23.0117,-0.49,4712.0,26.0,0.0,26.0,0.55,0.0,0,2,0,0,-30.0,0.0,,,,,,,0.0,3.54,3.54
2026-04-17,2493,揚博,TWSE,5,141.0,140.7737,0.16,37952.28,438.93,-30.0,408.93,1.16,-0.08,1,0,0,3,42.22,-11.0,,,,,,,0.0,3.48,3.48
2026-04-17,5548,安倉,TPEX,5,24.3,24.5125,-0.87,425.0,-1.0,0.0,-1.0,-0.24,0.0,2,0,0,0,3.0,0.0,,,,,,,0.0,3.34,3.34
2026-04-17,3293,鈊象,TPEX,5,775.0,762.411,1.65,7509.0,2151.87,-1135.0,1016.87,28.66,-15.12,2,0,0,5,841.35,-363.0,,,,,,,0.0,3.33,3.33
2026-04-17,8499,鼎炫-KY,TWSE,5,270.0,274.3102,-1.57,680.51,3.21,0.0,3.21,0.47,0.0,0,2,0,0,-5.79,0.0,,,,,,,0.0,3.32,3.32
2026-04-17,6508,惠光,TPEX,5,26.05,26.6331,-2.19,442.0,1.92,0.0,1.92,0.43,0.0,0,2,0,0,-19.0,0.0,,,,,,,0.0,3.21,3.21
2026-04-17,3059,華晶科,TWSE,5,37.65,37.0443,1.64,8721.66,130.75,-3.0,127.75,1.5,-0.03,0,1,0,2,-67.25,-1.0,,,,,,,0.0,3.08,3.08
2026-04-17,3715,定穎投控,TWSE,5,198.0,190.6162,3.87,145302.57,-273.1,-197.0,-470.1,-0.19,-0.14,2,0,0,0,5549.74,0.0,,,,,,,0.0,3.03,3.03
2026-04-17,6230,尼得科超眾,TWSE,5,161.0,155.3811,3.62,969.06,3.21,0.0,3.21,0.33,0.0,1,0,0,0,32.21,0.0,,,,,,,0.0,2.93,2.93
2026-04-17,6829,千附精密,TPEX,5,197.0,164.3503,19.87,21746.0,374.81,0.0,374.81,1.72,0.0,1,0,0,0,338.77,0.0,,,,,,,0.0,2.83,2.83
2026-04-17,6140,訊達,TPEX,5,18.75,18.2714,2.62,788.0,2.0,0.0,2.0,0.25,0.0,0,2,0,0,-73.0,0.0,,,,,,,0.0,2.71,2.71
2026-04-17,3363,上詮,TPEX,5,899.0,815.299,10.27,26761.0,-225.66,38.57,-187.09,-0.84,0.14,1,0,1,0,332.39,16.57,,,,,,,0.0,2.61,2.61
2026-04-17,6160,欣技,TPEX,5,15.75,15.6473,0.66,491.0,-6.0,0.0,-6.0,-1.22,0.0,3,0,0,0,3.0,0.0,,,,,,,0.0,2.58,2.58
2026-04-17,2359,所羅門,TWSE,5,115.0,114.2027,0.7,7522.64,-39.15,0.0,-39.15,-0.52,0.0,2,0,0,0,174.45,0.0,,,,,,,0.0,2.54,2.54
2026-04-17,4967,十銓,TWSE,5,219.5,220.6115,-0.5,30994.22,31.29,-23.0,8.29,0.1,-0.07,2,0,0,3,392.15,-9.0,,,,,,,0.0,2.54,2.54
2026-04-17,8349,恒耀,TPEX,5,45.15,44.5746,1.29,1525.0,-8.11,0.0,-8.11,-0.53,0.0,2,0,0,0,14.89,0.0,,,,,,,0.0,2.51,2.51
2026-04-17,7734,印能科技,TPEX,5,2505.0,2430.5479,3.06,1378.0,57.78,-37.03,20.75,4.19,-2.69,1,0,0,1,75.0,-33.03,,,,,,,0.0,2.37,2.37
2026-04-17,1907,永豐餘,TWSE,5,25.55,26.0323,-1.85,5722.79,223.25,-54.44,168.81,3.9,-0.95,0,2,0,3,-306.75,-19.81,,,,,,,0.0,2.28,2.28
2026-04-17,3587,閎康,TPEX,5,367.0,325.111,12.88,29970.0,900.07,-12.0,888.07,3.0,-0.04,0,1,0,0,-95.48,0.0,,,,,,,0.0,2.28,2.28
2026-04-17,6909,創控,TWSE,5,64.9,57.6205,12.63,29941.05,885.71,0.0,885.71,2.96,0.0,0,1,0,0,-6.99,0.0,,,,,,,0.0,2.28,2.28
2026-04-17,2885,元大金,TWSE,5,50.2,49.7496,0.91,129516.34,31906.14,-25913.36,5992.78,24.63,-20.01,5,0,0,5,2625.65,-2488.65,,,,,,,0.0,2.2,2.2
2026-04-17,6271,同欣電,TWSE,5,185.5,181.8514,2.01,69058.78,-4304.74,3157.0,-1147.74,-6.23,4.57,1,0,1,0,971.81,279.0,,,,,,,0.0,2.13,2.13
2026-04-17,2338,光罩,TWSE,5,50.9,47.0039,8.29,23138.84,173.7,0.0,173.7,0.75,0.0,2,0,0,0,287.0,0.0,,,,,,,0.0,2.1,2.1
2026-04-17,2348,海悅,TWSE,5,77.5,78.3748,-1.12,1185.32,23.76,-2.0,21.76,2.0,-0.17,0,2,0,2,-66.24,-1.0,,,,,,,0.0,2.05,2.05
2026-04-17,4550,長佳,TPEX,5,24.7,24.6466,0.22,73.0,0.0,0.0,0.0,0.0,0.0,1,0,0,0,2.0,0.0,,,,,,,0.0,2.0,2.0
2026-04-17,5514,三豐,TPEX,5,15.9,16.1788,-1.72,26.0,0.0,0.0,0.0,0.0,0.0,1,0,0,0,3.0,0.0,,,,,,,0.0,2.0,2.0
2026-04-17,6904,伯鑫,TPEX,5,118.5,119.8333,-1.11,27.0,0.0,0.0,0.0,0.0,0.0,1,0,0,0,1.0,0.0,,,,,,,0.0,2.0,2.0
2026-04-17,8937,合騏*,TPEX,5,30.85,34.275,-9.99,4060.0,14.0,0.0,14.0,0.34,0.0,0,1,0,0,-66.0,0.0,,,,,,,0.0,1.97,1.97
2026-04-17,6715,嘉基,TWSE,5,426.0,421.4489,1.08,11477.17,-1238.84,942.0,-296.84,-10.79,8.21,0,2,3,0,-244.84,62.0,,,,,,,0.0,1.95,1.95
2026-04-17,4439,冠星-KY,TWSE,5,97.4,97.1705,0.24,108.12,-0.81,0.0,-0.81,-0.75,0.0,2,0,0,0,4.19,0.0,,,,,,,0.0,1.9,1.9
2026-04-17,6208,日揚,TPEX,5,75.0,72.5115,3.43,10436.0,-3.93,0.0,-3.93,-0.04,0.0,1,0,0,0,108.02,0.0,,,,,,,0.0,1.89,1.89
2026-04-17,6517,保勝光學,TPEX,5,59.8,60.0556,-0.43,1585.0,-12.0,0.0,-12.0,-0.76,0.0,2,0,0,0,24.0,0.0,,,,,,,0.0,1.88,1.88
2026-04-17,7712,博盛半導體,TPEX,5,120.5,116.5632,3.38,2965.0,41.0,0.0,41.0,1.38,0.0,0,1,0,0,-121.0,0.0,,,,,,,0.0,1.87,1.87
2026-04-17,3339,泰谷,TPEX,5,69.3,57.6002,20.31,58494.0,795.4,0.0,795.4,1.36,0.0,1,0,0,0,376.0,0.0,,,,,,,0.0,1.81,1.81
2026-04-17,1216,統一,TWSE,5,73.5,72.5513,1.31,46136.21,12292.69,-9233.35,3059.34,26.64,-20.01,4,0,0,5,5103.29,-2958.22,,,,,,,0.0,1.8,1.8
2026-04-17,6574,霈方,TPEX,5,106.5,101.396,5.03,300.0,4.0,0.0,4.0,1.33,0.0,0,1,0,0,-4.0,0.0,,,,,,,0.0,1.73,1.73
2026-04-17,1717,長興,TWSE,5,81.0,79.5709,1.8,481913.35,-1221.33,591.51,-629.82,-0.25,0.12,1,0,0,0,13217.7,0.0,,,,,,,0.0,1.7,1.7
2026-04-17,4577,達航科技,TPEX,5,145.5,142.9095,1.81,11076.0,-96.0,0.0,-96.0,-0.87,0.0,2,0,0,0,19.0,0.0,,,,,,,0.0,1.57,1.57
2026-04-17,6789,采鈺,TWSE,5,430.0,402.3978,6.86,59112.64,-919.65,340.61,-579.04,-1.56,0.58,0,3,4,0,-21.04,185.0,,,,,,,0.0,1.55,1.55
2026-04-17,3624,光頡,TPEX,5,57.0,55.2935,3.09,20866.0,260.3,0.0,260.3,1.25,0.0,0,1,0,0,-134.7,0.0,,,,,,,0.0,1.49,1.49
2026-04-17,6910,德鴻,TPEX,5,29.4,29.3193,0.28,551.0,-5.0,0.0,-5.0,-0.91,0.0,2,0,0,0,4.0,0.0,,,,,,,0.0,1.46,1.46
2026-04-17,3511,矽瑪,TPEX,5,21.3,20.2659,5.1,1823.0,35.0,0.0,35.0,1.92,0.0,0,2,0,0,-35.0,0.0,,,,,,,0.0,1.38,1.38
2026-04-17,3707,漢磊,TPEX,5,56.2,54.933,2.31,33987.0,-351.62,0.0,-351.62,-1.03,0.0,2,0,0,0,848.0,0.0,,,,,,,0.0,1.1,1.1
2026-04-17,1336,台翰,TPEX,5,14.15,14.1751,-0.18,449.0,-2.0,0.0,-2.0,-0.45,0.0,1,0,0,0,7.0,0.0,,,,,,,0.0,0.75,0.75
2026-04-17,4755,三福化,TWSE,5,151.5,147.0156,3.05,5981.61,-26.74,0.0,-26.74,-0.45,0.0,1,0,0,0,312.25,0.0,,,,,,,0.0,0.75,0.75
2026-04-17,3702,大聯大,TWSE,5,98.8,97.8748,0.95,132747.67,28002.87,-24518.16,3484.71,21.09,-18.47,5,0,0,5,4935.66,-6027.16,,,,,,,0.0,0.6,0.6
2026-04-17,2317,鴻海,TWSE,5,206.0,206.6502,-0.31,261790.7,18547.78,-6971.58,11576.2,7.08,-2.66,0,2,0,5,-2624.67,-1359.47,,,,,,,0.0,0.55,0.55
2026-04-17,3311,閎暉,TWSE,5,33.1,33.1253,-0.08,1799.58,-35.59,0.0,-35.59,-1.98,0.0,3,0,0,0,47.41,0.0,,,,,,,0.0,0.46,0.46
2026-04-17,3583,辛耘,TWSE,5,760.0,704.2499,7.92,13699.2,-497.26,378.92,-118.35,-3.63,2.77,0,3,3,0,-268.51,29.0,,,,,,,0.0,0.46,0.46
2026-04-17,6725,矽科宏晟,TPEX,5,390.5,364.4735,7.14,13875.0,-178.6,0.0,-178.6,-1.29,0.0,2,0,0,0,69.0,0.0,,,,,,,0.0,0.4,0.4
2026-04-17,6259,百徽,TPEX,5,23.4,22.8563,2.38,8776.0,-51.07,0.0,-51.07,-0.58,0.0,1,0,0,0,13.0,0.0,,,,,,,0.0,0.37,0.37
2026-04-17,3289,宜特,TPEX,5,180.0,179.6109,0.22,36693.0,55.53,-10.0,45.53,0.15,-0.03,0,3,0,0,-251.99,0.0,,,,,,,0.0,0.33,0.33
2026-04-17,3229,晟鈦,TWSE,5,30.7,25.5046,20.37,4069.53,61.0,0.0,61.0,1.5,0.0,0,0,0,0,0.0,0.0,,,,,,,0.0,0.2,0.2
2026-04-17,2617,台航,TWSE,5,31.05,30.7515,0.97,4092.48,731.72,-679.0,52.72,17.88,-16.59,0,1,0,0,-26.42,0.0,,,,,,,0.0,0.03,0.03
2026-04-17,1213,大飲,TWSE,5,9.33,9.1504,1.96,78.67,0.0,0.0,0.0,0.0,0.0,0,0,0,0,0.0,0.0,,,,,,,0.0,0.0,0.0
2026-04-17,1240,茂生農經,TPEX,5,59.7,59.4628,0.4,137.0,0.0,0.0,0.0,0.0,0.0,0,0,0,0,0.0,0.0,,,,,,,0.0,0.0,0.0
2026-04-17,1260,富味鄉,ESB,1,26.05,25.59,1.8,62.16,0.0,0.0,0.0,0.0,0.0,0,0,0,0,0.0,0.0,,,,,,,0.0,0.0,0.0
2026-04-17,1269,乾杯,ESB,1,79.4,78.89,0.65,9.71,0.0,0.0,0.0,0.0,0.0,0,0,0,0,0.0,0.0,,,,,,,0.0,0.0,0.0
2026-04-17,1271,晨暉生技,ESB,1,59.7,59.89,-0.32,43.53,0.0,0.0,0.0,0.0,0.0,0,0,0,0,0.0,0.0,,,,,,,0.0,0.0,0.0
2026-04-17,1293,利統,ESB,1,28.05,27.6,1.63,13.32,0.0,0.0,0.0,0.0,0.0,0,0,0,0,0.0,0.0,,,,,,,0.0,0.0,0.0
2026-04-17,1343,旭東環保,ESB,1,22.6,21.37,5.76,79.87,0.0,0.0,0.0,0.0,0.0,0,0,0,0,0.0,0.0,,,,,,,0.0,0.0,0.0
2026-04-17,1480,東盟開發,ESB,1,9.6,9.62,-0.21,20.0,0.0,0.0,0.0,0.0,0.0,0,0,0,0,0.0,0.0,,,,,,,0.0,0.0,0.0
2026-04-17,1538,正峰,TWSE,5,12.8,12.5969,1.61,120.52,0.0,0.0,0.0,0.0,0.0,0,0,0,0,0.0,0.0,,,,,,,0.0,0.0,0.0
2026-04-17,1594,日高,ESB,1,10.25,9.57,7.11,474.53,0.0,0.0,0.0,0.0,0.0,0,0,0,0,0.0,0.0,,,,,,,0.0,0.0,0.0
2026-04-17,1711,永光,TWSE,5,47.95,44.0164,8.94,290066.99,-2150.04,68.0,-2082.04,-0.74,0.02,1,0,0,0,13001.4,0.0,,,,,,,0.0,0.0,0.0
2026-04-17,1780,立弘,ESB,1,28.8,28.23,2.02,539.45,0.0,0.0,0.0,0.0,0.0,0,0,0,0,0.0,0.0,,,,,,,0.0,0.0,0.0
2026-04-17,1788,杏昌,TPEX,5,136.0,136.1182,-0.09,110.0,0.0,0.0,0.0,0.0,0.0,0,0,0,0,0.0,0.0,,,,,,,0.0,0.0,0.0
2026-04-17,2035,唐榮,TPEX,5,28.3,28.2937,0.02,8.0,0.0,0.0,0.0,0.0,0.0,0,0,0,0,0.0,0.0,,,,,,,0.0,0.0,0.0
2026-04-17,2071,震南鐵,ESB,1,23.1,23.02,0.35,82.83,0.0,0.0,0.0,0.0,0.0,0,0,0,0,0.0,0.0,,,,,,,0.0,0.0,0.0
2026-04-17,2073,雄順,TPEX,5,26.9,26.8045,0.36,11.0,0.0,0.0,0.0,0.0,0.0,0,0,0,0,0.0,0.0,,,,,,,0.0,0.0,0.0
2026-04-17,2235,謚源,TPEX,5,32.55,32.7557,-0.63,35.0,0.0,0.0,0.0,0.0,0.0,0,0,0,0,0.0,0.0,,,,,,,0.0,0.0,0.0
2026-04-17,2237,華德動能,ESB,1,30.9,30.79,0.36,27.42,0.0,0.0,0.0,0.0,0.0,0,0,0,0,0.0,0.0,,,,,,,0.0,0.0,0.0
2026-04-17,2245,詠勝昌*,ESB,1,28.5,28.53,-0.11,16.5,0.0,0.0,0.0,0.0,0.0,0,0,0,0,0.0,0.0,,,,,,,0.0,0.0,0.0
2026-04-17,2249,湧盛,ESB,1,116.0,114.84,1.01,93.26,0.0,0.0,0.0,0.0,0.0,0,0,0,0,0.0,0.0,,,,,,,0.0,0.0,0.0
2026-04-17,2252,為昇科,ESB,1,19.25,20.1,-4.23,582.32,0.0,0.0,0.0,0.0,0.0,0,0,0,0,0.0,0.0,,,,,,,0.0,0.0,0.0
2026-04-17,2255,凱銳光電,ESB,1,22.4,22.52,-0.53,399.81,0.0,0.0,0.0,0.0,0.0,0,0,0,0,0.0,0.0,,,,,,,0.0,0.0,0.0
2026-04-17,2256,歐特明,ESB,1,68.5,68.4,0.15,488.67,0.0,0.0,0.0,0.0,0.0,0,0,0,0,0.0,0.0,,,,,,,0.0,0.0,0.0
2026-04-17,2321,東訊,TWSE,5,13.3,13.33,-0.22,182.25,0.0,0.0,0.0,0.0,0.0,0,0,0,0,0.0,0.0,,,,,,,0.0,0.0,0.0
2026-04-17,2644,中信造船,ESB,1,85.0,84.45,0.65,26.01,0.0,0.0,0.0,0.0,0.0,0,0,0,0,0.0,0.0,,,,,,,0.0,0.0,0.0
2026-04-17,2724,藝舍-KY,TPEX,5,17.45,16.9164,3.15,67.0,0.0,0.0,0.0,0.0,0.0,0,0,0,0,0.0,0.0,,,,,,,0.0,0.0,0.0
2026-04-17,2733,維格餅家,ESB,1,12.7,12.0999,4.96,1.4,0.0,0.0,0.0,0.0,0.0,0,0,0,0,0.0,0.0,,,,,,,0.0,0.0,0.0
2026-04-17,2741,老四川,ESB,1,26.0,25.59,1.6,32.71,0.0,0.0,0.0,0.0,0.0,0,0,0,0,0.0,0.0,,,,,,,0.0,0.0,0.0
2026-04-17,2758,路易莎咖啡,ESB,1,88.2,85.68,2.94,6.17,0.0,0.0,0.0,0.0,0.0,0,0,0,0,0.0,0.0,,,,,,,0.0,0.0,0.0
2026-04-17,2760,巨宇翔,ESB,1,22.55,21.92,2.87,8.15,0.0,0.0,0.0,0.0,0.0,0,0,0,0,0.0,0.0,,,,,,,0.0,0.0,0.0
2026-04-17,2761,橘焱胡同,ESB,1,15.6,15.65,-0.32,2.08,0.0,0.0,0.0,0.0,0.0,0,0,0,0,0.0,0.0,,,,,,,0.0,0.0,0.0
2026-04-17,2924,宏太-KY,TPEX,5,20.75,19.6967,5.35,15.0,0.0,0.0,0.0,0.0,0.0,0,0,0,0,0.0,0.0,,,,,,,0.0,0.0,0.0
2026-04-17,2938,床的世界,ESB,1,22.8,22.91,-0.48,9.12,0.0,0.0,0.0,0.0,0.0,0,0,0,0,0.0,0.0,,,,,,,0.0,0.0,0.0
2026-04-17,2940,歐都納,ESB,1,0.0,,,0.0,0.0,0.0,0.0,,,0,0,0,0,0.0,0.0,,,,,,,0.0,0.0,0.0
2026-04-17,2942,京站,ESB,1,38.7,38.6,0.26,29.07,0.0,0.0,0.0,0.0,0.0,0,0,0,0,0.0,0.0,,,,,,,0.0,0.0,0.0
2026-04-17,2948,寶陞,TPEX,5,39.1,39.2854,-0.47,24.0,0.0,0.0,0.0,0.0,0.0,0,0,0,0,0.0,0.0,,,,,,,0.0,0.0,0.0
2026-04-17,2949,欣新網,TPEX,5,57.5,57.9304,-0.74,23.0,0.0,0.0,0.0,0.0,0.0,0,0,0,0,0.0,0.0,,,,,,,0.0,0.0,0.0
2026-04-17,3064,泰偉,TPEX,5,20.6,20.275,1.6,2.0,0.0,0.0,0.0,0.0,0.0,0,0,0,0,0.0,0.0,,,,,,,0.0,0.0,0.0
2026-04-17,3085,新零售,TPEX,5,12.75,12.6269,0.97,39.0,0.0,0.0,0.0,0.0,0.0,0,0,0,0,0.0,0.0,,,,,,,0.0,0.0,0.0
2026-04-17,3097,拍檔,ESB,1,26.25,26.16,0.34,63.61,0.0,0.0,0.0,0.0,0.0,0,0,0,0,0.0,0.0,,,,,,,0.0,0.0,0.0
2026-04-17,3117,年程,ESB,1,25.65,21.36,20.08,2991.15,0.0,0.0,0.0,0.0,0.0,0,0,0,0,0.0,0.0,,,,,,,0.0,0.0,0.0
2026-04-17,3184,微邦,ESB,1,20.2,19.74,2.33,662.43,0.0,0.0,0.0,0.0,0.0,0,0,0,0,0.0,0.0,,,,,,,0.0,0.0,0.0
2026-04-17,3226,龍鋒,TPEX,5,39.85,41.084,-3.0,53.0,0.0,0.0,0.0,0.0,0.0,0,0,0,0,0.0,0.0,,,,,,,0.0,0.0,0.0
2026-04-17,3288,點晶,TPEX,5,15.75,15.3779,2.42,122.0,0.0,0.0,0.0,0.0,0.0,0,0,0,0,0.0,0.0,,,,,,,0.0,0.0,0.0
2026-04-17,3354,律勝,TPEX,5,28.15,27.828,1.16,5035.0,-36.0,0.0,-36.0,-0.71,0.0,1,0,0,0,16.0,0.0,,,,,,,0.0,-0.0,0.0
2026-04-17,3426,台興,TPEX,5,47.65,47.6646,-0.03,140.0,0.0,0.0,0.0,0.0,0.0,0,0,0,0,0.0,0.0,,,,,,,0.0,0.0,0.0
2026-04-17,3473,智通聯網,ESB,1,93.5,93.09,0.44,21.12,0.0,0.0,0.0,0.0,0.0,0,0,0,0,0.0,0.0,,,,,,,0.0,0.0,0.0
2026-04-17,3485,敘豐,ESB,1,307.5,287.78,6.85,365.48,0.0,0.0,0.0,0.0,0.0,0,0,0,0,0.0,0.0,,,,,,,0.0,0.0,0.0
2026-04-17,3531,先益,TPEX,5,,21.6333,,48.0,0.0,0.0,0.0,0.0,0.0,0,0,0,0,0.0,0.0,,,,,,,0.0,0.0,0.0
2026-04-17,3585,聯致,ESB,1,82.0,68.68,19.39,10140.11,0.0,0.0,0.0,0.0,0.0,0,0,0,0,0.0,0.0,,,,,,,0.0,0.0,0.0
2026-04-17,3595,山太士,ESB,1,2205.0,2140.19,3.03,1382.15,0.0,0.0,0.0,0.0,0.0,0,0,0,0,0.0,0.0,,,,,,,0.0,0.0,0.0
2026-04-17,3603,建祥國際,ESB,1,9.85,10.02,-1.7,135.06,0.0,0.0,0.0,0.0,0.0,0,0,0,0,0.0,0.0,,,,,,,0.0,0.0,0.0
2026-04-17,3629,地心引力,TPEX,5,17.45,17.4417,0.05,30.0,0.0,0.0,0.0,0.0,0.0,0,0,0,0,0.0,0.0,,,,,,,0.0,0.0,0.0
2026-04-17,3632,研勤,TPEX,5,9.0,9.0382,-0.42,87.0,0.0,0.0,0.0,0.0,0.0,0,0,0,0,0.0,0.0,,,,,,,0.0,0.0,0.0
2026-04-17,3633,云光,ESB,1,115.0,113.93,0.94,174.94,0.0,0.0,0.0,0.0,0.0,0,0,0,0,0.0,0.0,,,,,,,0.0,0.0,0.0
2026-04-17,3659,百辰,ESB,1,28.0,27.65,1.27,22.28,0.0,0.0,0.0,0.0,0.0,0,0,0,0,0.0,0.0,,,,,,,0.0,0.0,0.0
2026-04-17,3678,聯享,ESB,1,74.8,72.28,3.49,500.52,0.0,0.0,0.0,0.0,0.0,0,0,0,0,0.0,0.0,,,,,,,0.0,0.0,0.0
2026-04-17,4115,善德生技,ESB,1,10.45,10.71,-2.43,826.64,0.0,0.0,0.0,0.0,0.0,0,0,0,0,0.0,0.0,,,,,,,0.0,0.0,0.0
2026-04-17,4117,普生,ESB,1,,,,0.0,0.0,0.0,0.0,,,0,0,0,0,0.0,0.0,,,,,,,0.0,0.0,0.0
2026-04-17,4150,優你康,ESB,1,6.96,6.96,-0.0,2264.71,0.0,0.0,0.0,0.0,0.0,0,0,0,0,0.0,0.0,,,,,,,0.0,0.0,0.0
2026-04-17,4154,樂威科-KY,TPEX,5,13.9,13.689,1.54,146.0,0.0,0.0,0.0,0.0,0.0,0,0,0,0,0.0,0.0,,,,,,,0.0,0.0,0.0
2026-04-17,4170,鑫品生醫,ESB,1,14.7,14.63,0.48,41.56,0.0,0.0,0.0,0.0,0.0,0,0,0,0,0.0,0.0,,,,,,,0.0,0.0,0.0
2026-04-17,4172,因華,ESB,1,14.55,14.91,-2.41,453.45,0.0,0.0,0.0,0.0,0.0,0,0,0,0,0.0,0.0,,,,,,,0.0,0.0,0.0
2026-04-17,4178,永笙-KY,ESB,1,25.8,25.92,-0.46,432.32,0.0,0.0,0.0,0.0,0.0,0,0,0,0,0.0,0.0,,,,,,,0.0,0.0,0.0
2026-04-17,4183,福永生技,TPEX,5,15.2,15.3191,-0.78,34.0,0.0,0.0,0.0,0.0,0.0,0,0,0,0,0.0,0.0,,,,,,,0.0,0.0,0.0
2026-04-17,4186,尖端醫,ESB,1,12.5,11.48,8.89,1358.02,0.0,0.0,0.0,0.0,0.0,0,0,0,0,0.0,0.0,,,,,,,0.0,0.0,0.0
2026-04-17,4194,禾生技,ESB,1,8.47,8.35,1.44,550.14,0.0,0.0,0.0,0.0,0.0,0,0,0,0,0.0,0.0,,,,,,,0.0,0.0,0.0
2026-04-17,4195,基米,ESB,1,35.75,35.27,1.36,2474.01,0.0,0.0,0.0,0.0,0.0,0,0,0,0,0.0,0.0,,,,,,,0.0,0.0,0.0
2026-04-17,4197,暐世,ESB,1,14.7,12.91,13.87,1592.43,0.0,0.0,0.0,0.0,0.0,0,0,0,0,0.0,0.0,,,,,,,0.0,0.0,0.0
2026-04-17,4198,欣大健康,TPEX,5,40.0,39.546,1.15,50.0,0.0,0.0,0.0,0.0,0.0,0,0,0,0,0.0,0.0,,,,,,,0.0,0.0,0.0
2026-04-17,4305,世坤,TPEX,5,,43.6457,,23.0,0.0,0.0,0.0,0.0,0.0,0,0,0,0,0.0,0.0,,,,,,,0.0,0.0,0.0
2026-04-17,4431,敏成健康,ESB,1,17.1,17.24,-0.81,16.34,0.0,0.0,0.0,0.0,0.0,0,0,0,0,0.0,0.0,,,,,,,0.0,0.0,0.0
2026-04-17,4529,淳紳,TPEX,5,3.1,3.0391,2.0,334.0,0.0,0.0,0.0,0.0,0.0,0,0,0,0,0.0,0.0,,,,,,,0.0,0.0,0.0
2026-04-17,4530,宏易,TPEX,5,28.0,28.0531,-0.19,64.0,0.0,0.0,0.0,0.0,0.0,0,0,0,0,0.0,0.0,,,,,,,0.0,0.0,0.0
2026-04-17,4537,旭東,ESB,1,169.0,161.92,4.37,365.45,0.0,0.0,0.0,0.0,0.0,0,0,0,0,0.0,0.0,,,,,,,0.0,0.0,0.0
2026-04-17,4544,春日,ESB,1,16.25,17.0601,-4.75,4.01,0.0,0.0,0.0,0.0,0.0,0,0,0,0,0.0,0.0,,,,,,,0.0,0.0,0.0
2026-04-17,4546,長亨,ESB,1,139.5,139.68,-0.13,127.57,0.0,0.0,0.0,0.0,0.0,0,0,0,0,0.0,0.0,,,,,,,0.0,0.0,0.0
2026-04-17,4553,盛復,ESB,1,27.3,27.24,0.22,132.04,0.0,0.0,0.0,0.0,0.0,0,0,0,0,0.0,0.0,,,,,,,0.0,0.0,0.0
2026-04-17,4559,久裕興,ESB,1,8.8,8.44,4.27,214.73,0.0,0.0,0.0,0.0,0.0,0,0,0,0,0.0,0.0,,,,,,,0.0,0.0,0.0
2026-04-17,4565,宏偉,ESB,1,102.5,103.57,-1.03,41.34,0.0,0.0,0.0,0.0,0.0,0,0,0,0,0.0,0.0,,,,,,,0.0,0.0,0.0
2026-04-17,4570,傑生,ESB,1,66.5,66.4999,0.0,4.0,0.0,0.0,0.0,0.0,0.0,0,0,0,0,0.0,0.0,,,,,,,0.0,0.0,0.0
2026-04-17,4573,高明鐵,ESB,1,490.0,492.33,-0.47,1484.4,0.0,0.0,0.0,0.0,0.0,0,0,0,0,0.0,0.0,,,,,,,0.0,0.0,0.0
2026-04-17,4575,銓寶,ESB,1,23.95,24.14,-0.79,186.96,0.0,0.0,0.0,0.0,0.0,0,0,0,0,0.0,0.0,,,,,,,0.0,0.0,0.0
2026-04-17,4582,聚恆,ESB,1,30.1,29.85,0.84,87.41,0.0,0.0,0.0,0.0,0.0,0,0,0,0,0.0,0.0,,,,,,,0.0,0.0,0.0
2026-04-17,4584,君帆,TPEX,5,41.8,41.2023,1.45,86.0,0.0,0.0,0.0,0.0,0.0,0,0,0,0,0.0,0.0,,,,,,,0.0,0.0,0.0
2026-04-17,4587,寶元數控,ESB,1,51.3,50.31,1.97,611.34,0.0,0.0,0.0,0.0,0.0,0,0,0,0,0.0,0.0,,,,,,,0.0,0.0,0.0
2026-04-17,4589,碩陽電機,ESB,1,36.6,36.2799,0.88,6.48,0.0,0.0,0.0,0.0,0.0,0,0,0,0,0.0,0.0,,,,,,,0.0,0.0,0.0
2026-04-17,4609,唐鋒,TPEX,5,3.76,4.0275,-6.64,340.0,0.0,0.0,0.0,0.0,0.0,0,0,0,0,0.0,0.0,,,,,,,0.0,0.0,0.0
2026-04-17,4706,大恭,TPEX,5,32.45,31.9793,1.47,121.0,0.0,0.0,0.0,0.0,0.0,0,0,0,0,0.0,0.0,,,,,,,0.0,0.0,0.0
2026-04-17,4724,宣捷幹細胞,ESB,1,13.15,12.6,4.37,250.9,0.0,0.0,0.0,0.0,0.0,0,0,0,0,0.0,0.0,,,,,,,0.0,0.0,0.0
2026-04-17,4732,彥臣,ESB,1,19.15,19.12,0.16,48.34,0.0,0.0,0.0,0.0,0.0,0,0,0,0,0.0,0.0,,,,,,,0.0,0.0,0.0
2026-04-17,4738,大同精化,ESB,1,7.92,7.3,8.49,1950.73,0.0,0.0,0.0,0.0,0.0,0,0,0,0,0.0,0.0,,,,,,,0.0,0.0,0.0
2026-04-17,4765,磐采,ESB,1,24.9,25.11,-0.84,134.49,0.0,0.0,0.0,0.0,0.0,0,0,0,0,0.0,0.0,,,,,,,0.0,0.0,0.0
2026-04-17,4925,智微,ESB,1,102.0,101.2,0.79,326.95,0.0,0.0,0.0,0.0,0.0,0,0,0,0,0.0,0.0,,,,,,,0.0,0.0,0.0
2026-04-17,4943,康控-KY,TWSE,5,10.95,10.5362,3.93,204.22,0.0,0.0,0.0,0.0,0.0,0,0,0,0,0.0,0.0,,,,,,,0.0,0.0,0.0
2026-04-17,4980,佐臻,ESB,1,31.75,31.23,1.67,252.24,0.0,0.0,0.0,0.0,0.0,0,0,0,0,0.0,0.0,,,,,,,0.0,0.0,0.0
2026-04-17,5205,中茂,TPEX,5,25.85,26.4234,-2.17,32.0,0.0,0.0,0.0,0.0,0.0,0,0,0,0,0.0,0.0,,,,,,,0.0,0.0,0.0
2026-04-17,5240,建騰,ESB,1,31.55,29.5,6.95,204.96,0.0,0.0,0.0,0.0,0.0,0,0,0,0,0.0,0.0,,,,,,,0.0,0.0,0.0
2026-04-17,5246,勵威,ESB,1,325.0,310.03,4.83,2583.03,0.0,0.0,0.0,0.0,0.0,0,0,0,0,0.0,0.0,,,,,,,0.0,0.0,0.0
2026-04-17,5248,景傳,ESB,1,41.95,39.64,5.83,2409.45,0.0,0.0,0.0,0.0,0.0,0,0,0,0,0.0,0.0,,,,,,,0.0,0.0,0.0
2026-04-17,5254,欣訊科技,ESB,1,34.8,33.79,2.99,22.7,0.0,0.0,0.0,0.0,0.0,0,0,0,0,0.0,0.0,,,,,,,0.0,0.0,0.0
2026-04-17,5262,立達,ESB,1,53.2,52.26,1.8,207.34,0.0,0.0,0.0,0.0,0.0,0,0,0,0,0.0,0.0,,,,,,,0.0,0.0,0.0
2026-04-17,5267,龍翩,ESB,1,52.1,44.59,16.84,1127.06,0.0,0.0,0.0,0.0,0.0,0,0,0,0,0.0,0.0,,,,,,,0.0,0.0,0.0
2026-04-17,5271,紘通,ESB,1,27.95,27.18,2.83,3735.1,0.0,0.0,0.0,0.0,0.0,0,0,0,0,0.0,0.0,,,,,,,0.0,0.0,0.0
2026-04-17,5297,廣化,ESB,1,144.0,139.91,2.92,2765.03,0.0,0.0,0.0,0.0,0.0,0,0,0,0,0.0,0.0,,,,,,,0.0,0.0,0.0
2026-04-17,5348,正能量智能,TPEX,5,17.0,17.0,0.0,37.0,0.0,0.0,0.0,0.0,0.0,0,0,0,0,0.0,0.0,,,,,,,0.0,0.0,0.0
2026-04-17,5859,遠壽,ESB,1,15.75,15.74,0.06,117.46,0.0,0.0,0.0,0.0,0.0,0,0,0,0,0.0,0.0,,,,,,,0.0,0.0,0.0
2026-04-17,5863,瑞興銀,ESB,1,11.05,10.92,1.19,38.83,0.0,0.0,0.0,0.0,0.0,0,0,0,0,0.0,0.0,,,,,,,0.0,0.0,0.0
2026-04-17,5878,台名,TPEX,5,41.05,41.0591,-0.02,55.0,0.0,0.0,0.0,0.0,0.0,0,0,0,0,0.0,0.0,,,,,,,0.0,0.0,0.0
2026-04-17,6027,德信,ESB,1,11.2,11.36,-1.41,150.51,0.0,0.0,0.0,0.0,0.0,0,0,0,0,0.0,0.0,,,,,,,0.0,0.0,0.0
2026-04-17,6035,悠遊卡,ESB,1,53.5,51.9,3.08,22.58,0.0,0.0,0.0,0.0,0.0,0,0,0,0,0.0,0.0,,,,,,,0.0,0.0,0.0
2026-04-17,6225,天瀚,TWSE,5,19.05,19.191,-0.73,86.08,0.0,0.0,0.0,0.0,0.0,0,0,0,0,0.0,0.0,,,,,,,0.0,0.0,0.0
2026-04-17,6236,中湛,TPEX,5,,18.0,,1.0,0.0,0.0,0.0,0.0,0.0,0,0,0,0,0.0,0.0,,,,,,,0.0,0.0,0.0
2026-04-17,6242,立康,TPEX,5,38.0,37.9662,0.09,37.0,0.0,0.0,0.0,0.0,0.0,0,0,0,0,0.0,0.0,,,,,,,0.0,0.0,0.0
2026-04-17,6407,相互,ESB,1,43.0,40.83,5.31,4593.47,0.0,0.0,0.0,0.0,0.0,0,0,0,0,0.0,0.0,,,,,,,0.0,0.0,0.0
2026-04-17,6428,淘米,ESB,1,13.5,13.23,2.04,9.1,0.0,0.0,0.0,0.0,0.0,0,0,0,0,0.0,0.0,,,,,,,0.0,0.0,0.0
2026-04-17,6434,達輝光電,ESB,1,20.55,16.27,26.31,23779.84,0.0,0.0,0.0,0.0,0.0,0,0,0,0,0.0,0.0,,,,,,,0.0,0.0,0.0
2026-04-17,6467,泰合,ESB,1,119.0,118.1,0.76,225.0,0.0,0.0,0.0,0.0,0.0,0,0,0,0,0.0,0.0,,,,,,,0.0,0.0,0.0
2026-04-17,6473,美賣*,ESB,1,8.6,8.89,-3.26,514.66,0.0,0.0,0.0,0.0,0.0,0,0,0,0,0.0,0.0,,,,,,,0.0,0.0,0.0
2026-04-17,6474,華豫寧,TPEX,5,36.85,36.5662,0.78,232.0,0.0,0.0,0.0,0.0,0.0,0,0,0,0,0.0,0.0,,,,,,,0.0,0.0,0.0
2026-04-17,6483,原創生醫,ESB,1,16.0,16.04,-0.25,346.4,0.0,0.0,0.0,0.0,0.0,0,0,0,0,0.0,0.0,,,,,,,0.0,0.0,0.0
2026-04-17,6493,雷虎生,ESB,1,24.3,24.13,0.7,192.73,0.0,0.0,0.0,0.0,0.0,0,0,0,0,0.0,0.0,,,,,,,0.0,0.0,0.0
2026-04-17,6518,康科特,ESB,1,52.1,34.26,52.07,122.97,0.0,0.0,0.0,0.0,0.0,0,0,0,0,0.0,0.0,,,,,,,0.0,0.0,0.0
2026-04-17,6536,碩豐,ESB,1,33.75,31.64,6.67,499.4,0.0,0.0,0.0,0.0,0.0,0,0,0,0,0.0,0.0,,,,,,,0.0,0.0,0.0
2026-04-17,6539,麗彤,ESB,1,50.9,50.69,0.41,7.01,0.0,0.0,0.0,0.0,0.0,0,0,0,0,0.0,0.0,,,,,,,0.0,0.0,0.0
2026-04-17,6543,普惠醫工,ESB,1,23.3,22.95,1.53,54.44,0.0,0.0,0.0,0.0,0.0,0,0,0,0,0.0,0.0,,,,,,,0.0,0.0,0.0
2026-04-17,6549,景凱,ESB,1,8.71,8.65,0.69,1383.99,0.0,0.0,0.0,0.0,0.0,0,0,0,0,0.0,0.0,,,,,,,0.0,0.0,0.0
2026-04-17,6555,榮炭,ESB,1,27.1,26.7,1.5,554.5,0.0,0.0,0.0,0.0,0.0,0,0,0,0,0.0,0.0,,,,,,,0.0,0.0,0.0
2026-04-17,6556,勝品,TPEX,5,68.2,68.3479,-0.22,48.0,0.0,0.0,0.0,0.0,0.0,0,0,0,0,0.0,0.0,,,,,,,0.0,0.0,0.0
2026-04-17,6559,研晶,ESB,1,38.0,36.05,5.41,2954.9,0.0,0.0,0.0,0.0,0.0,0,0,0,0,0.0,0.0,,,,,,,0.0,0.0,0.0
2026-04-17,6563,映智,ESB,1,29.9,29.6,1.01,1049.61,0.0,0.0,0.0,0.0,0.0,0,0,0,0,0.0,0.0,,,,,,,0.0,0.0,0.0
2026-04-17,6564,安特羅,ESB,1,18.6,18.61,-0.05,88.29,0.0,0.0,0.0,0.0,0.0,0,0,0,0,0.0,0.0,,,,,,,0.0,0.0,0.0
2026-04-17,6565,物聯,ESB,1,21.9,21.97,-0.32,322.3,0.0,0.0,0.0,0.0,0.0,0,0,0,0,0.0,0.0,,,,,,,0.0,0.0,0.0
2026-04-17,6572,博錸,ESB,1,13.0,12.66,2.69,6468.48,0.0,0.0,0.0,0.0,0.0,0,0,0,0,0.0,0.0,,,,,,,0.0,0.0,0.0
2026-04-17,6580,台睿,ESB,1,17.95,15.82,13.46,732.55,0.0,0.0,0.0,0.0,0.0,0,0,0,0,0.0,0.0,,,,,,,0.0,0.0,0.0
2026-04-17,6583,友松,ESB,1,14.55,13.96,4.23,114.03,0.0,0.0,0.0,0.0,0.0,0,0,0,0,0.0,0.0,,,,,,,0.0,0.0,0.0
2026-04-17,6586,醣基,ESB,1,54.0,55.0,-1.82,1754.2,0.0,0.0,0.0,0.0,0.0,0,0,0,0,0.0,0.0,,,,,,,0.0,0.0,0.0
2026-04-17,6590,普鴻,TPEX,5,69.9,70.05,-0.21,46.0,0.0,0.0,0.0,0.0,0.0,0,0,0,0,0.0,0.0,,,,,,,0.0,0.0,0.0
2026-04-17,6595,光禹國際,ESB,1,31.55,31.12,1.38,77.03,0.0,0.0,0.0,0.0,0.0,0,0,0,0,0.0,0.0,,,,,,,0.0,0.0,0.0
2026-04-17,6599,普達系統,ESB,1,56.5,56.5,0.0,0.13,0.0,0.0,0.0,0.0,0.0,0,0,0,0,0.0,0.0,,,,,,,0.0,0.0,0.0
2026-04-17,6604,儒億,ESB,1,26.5,27.03,-1.96,14.16,0.0,0.0,0.0,0.0,0.0,0,0,0,0,0.0,0.0,,,,,,,0.0,0.0,0.0
2026-04-17,6610,安成生技,ESB,1,25.1,24.85,1.01,1430.23,0.0,0.0,0.0,0.0,0.0,0,0,0,0,0.0,0.0,,,,,,,0.0,0.0,0.0
2026-04-17,6615,慧智,TPEX,5,33.5,33.6658,-0.49,92.0,0.0,0.0,0.0,0.0,0.0,0,0,0,0,0.0,0.0,,,,,,,0.0,0.0,0.0
2026-04-17,6618,永虹先進,ESB,1,18.9,18.9,-0.0,1296.38,0.0,0.0,0.0,0.0,0.0,0,0,0,0,0.0,0.0,,,,,,,0.0,0.0,0.0
2026-04-17,6621,華宇藥,ESB,1,12.75,12.77,-0.16,80.59,0.0,0.0,0.0,0.0,0.0,0,0,0,0,0.0,0.0,,,,,,,0.0,0.0,0.0
2026-04-17,6622,百聿數碼,ESB,1,9.16,9.25,-0.97,398.32,0.0,0.0,0.0,0.0,0.0,0,0,0,0,0.0,0.0,,,,,,,0.0,0.0,0.0
2026-04-17,6634,欣耀,ESB,1,37.4,36.2,3.31,364.28,0.0,0.0,0.0,0.0,0.0,0,0,0,0,0.0,0.0,,,,,,,0.0,0.0,0.0
2026-04-17,6638,沅聖,ESB,1,42.0,40.61,3.42,87.71,0.0,0.0,0.0,0.0,0.0,0,0,0,0,0.0,0.0,,,,,,,0.0,0.0,0.0
2026-04-17,6639,源大環能,ESB,1,8.0,7.84,2.04,140.97,0.0,0.0,0.0,0.0,0.0,0,0,0,0,0.0,0.0,,,,,,,0.0,0.0,0.0
2026-04-17,6648,斯其大,ESB,1,18.6,18.66,-0.32,93.86,0.0,0.0,0.0,0.0,0.0,0,0,0,0,0.0,0.0,,,,,,,0.0,0.0,0.0
2026-04-17,6650,帝圖,ESB,1,30.0,29.54,1.56,7.0,0.0,0.0,0.0,0.0,0.0,0,0,0,0,0.0,0.0,,,,,,,0.0,0.0,0.0
2026-04-17,6659,天明製藥,ESB,1,25.5,23.45,8.74,1499.47,0.0,0.0,0.0,0.0,0.0,0,0,0,0,0.0,0.0,,,,,,,0.0,0.0,0.0
2026-04-17,6661,威健生技,TPEX,5,18.65,18.22,2.36,35.0,0.0,0.0,0.0,0.0,0.0,0,0,0,0,0.0,0.0,,,,,,,0.0,0.0,0.0
2026-04-17,6665,康聯生醫,ESB,1,23.35,23.27,0.34,181.37,0.0,0.0,0.0,0.0,0.0,0,0,0,0,0.0,0.0,,,,,,,0.0,0.0,0.0
2026-04-17,6673,和詮,ESB,1,27.15,26.41,2.8,3840.78,0.0,0.0,0.0,0.0,0.0,0,0,0,0,0.0,0.0,,,,,,,0.0,0.0,0.0
2026-04-17,6676,祥翊,ESB,1,14.3,14.0,2.14,239.83,0.0,0.0,0.0,0.0,0.0,0,0,0,0,0.0,0.0,,,,,,,0.0,0.0,0.0
2026-04-17,6677,瑩碩生技,ESB,1,20.9,21.39,-2.29,157.69,0.0,0.0,0.0,0.0,0.0,0,0,0,0,0.0,0.0,,,,,,,0.0,0.0,0.0
2026-04-17,6682,華旭先進,ESB,1,41.65,40.73,2.26,2403.41,0.0,0.0,0.0,0.0,0.0,0,0,0,0,0.0,0.0,,,,,,,0.0,0.0,0.0
2026-04-17,6696,仁新,ESB,1,433.0,415.72,4.16,1413.23,0.0,0.0,0.0,0.0,0.0,0,0,0,0,0.0,0.0,,,,,,,0.0,0.0,0.0
2026-04-17,6704,國璽幹細胞,ESB,1,22.55,21.76,3.63,170.59,0.0,0.0,0.0,0.0,0.0,0,0,0,0,0.0,0.0,,,,,,,0.0,0.0,0.0
2026-04-17,6705,振躍精密,ESB,1,72.8,72.88,-0.11,93.8,0.0,0.0,0.0,0.0,0.0,0,0,0,0,0.0,0.0,,,,,,,0.0,0.0,0.0
2026-04-17,6707,富基電通,ESB,1,27.0,26.99,0.04,757.45,0.0,0.0,0.0,0.0,0.0,0,0,0,0,0.0,0.0,,,,,,,0.0,0.0,0.0
2026-04-17,6709,昱厚生技,ESB,1,25.85,25.89,-0.15,70.3,0.0,0.0,0.0,0.0,0.0,0,0,0,0,0.0,0.0,,,,,,,0.0,0.0,0.0
2026-04-17,6723,傑智環境,ESB,1,35.8,34.93,2.49,292.99,0.0,0.0,0.0,0.0,0.0,0,0,0,0,0.0,0.0,,,,,,,0.0,0.0,0.0
2026-04-17,6729,機光科技,ESB,1,58.0,57.23,1.35,200.86,0.0,0.0,0.0,0.0,0.0,0,0,0,0,0.0,0.0,,,,,,,0.0,0.0,0.0
2026-04-17,6734,安盛生,ESB,1,7.5,7.36,1.9,538.61,0.0,0.0,0.0,0.0,0.0,0,0,0,0,0.0,0.0,,,,,,,0.0,0.0,0.0
2026-04-17,6737,秀育,ESB,1,34.4,33.78,1.84,62.62,0.0,0.0,0.0,0.0,0.0,0,0,0,0,0.0,0.0,,,,,,,0.0,0.0,0.0
2026-04-17,6738,鼎恒,ESB,1,73.0,72.29,0.98,28.0,0.0,0.0,0.0,0.0,0.0,0,0,0,0,0.0,0.0,,,,,,,0.0,0.0,0.0
2026-04-17,6744,豐技生技,ESB,1,16.0,15.68,2.04,48.36,0.0,0.0,0.0,0.0,0.0,0,0,0,0,0.0,0.0,,,,,,,0.0,0.0,0.0
2026-04-17,6748,亞果生醫,ESB,1,66.8,66.42,0.57,293.29,0.0,0.0,0.0,0.0,0.0,0,0,0,0,0.0,0.0,,,,,,,0.0,0.0,0.0
2026-04-17,6750,泰創工程,ESB,1,62.7,62.13,0.92,226.13,0.0,0.0,0.0,0.0,0.0,0,0,0,0,0.0,0.0,,,,,,,0.0,0.0,0.0
2026-04-17,6755,連鋐科技,ESB,1,21.6,21.47,0.61,296.97,0.0,0.0,0.0,0.0,0.0,0,0,0,0,0.0,0.0,,,,,,,0.0,0.0,0.0
2026-04-17,6758,冠亞,ESB,1,0.0,,,0.0,0.0,0.0,0.0,,,0,0,0,0,0.0,0.0,,,,,,,0.0,0.0,0.0
2026-04-17,6775,穎台科技,ESB,1,29.6,29.79,-0.64,504.48,0.0,0.0,0.0,0.0,0.0,0,0,0,0,0.0,0.0,,,,,,,0.0,0.0,0.0
2026-04-17,6780,學習王,ESB,1,29.7,28.9062,2.75,0.06,0.0,0.0,0.0,0.0,0.0,0,0,0,0,0.0,0.0,,,,,,,0.0,0.0,0.0
2026-04-17,6784,天凱科技,ESB,1,31.6,31.2,1.28,399.85,0.0,0.0,0.0,0.0,0.0,0,0,0,0,0.0,0.0,,,,,,,0.0,0.0,0.0
2026-04-17,6786,芯測,ESB,1,96.0,95.62,0.4,738.56,0.0,0.0,0.0,0.0,0.0,0,0,0,0,0.0,0.0,,,,,,,0.0,0.0,0.0
2026-04-17,6787,晶瑞光,ESB,1,34.05,34.36,-0.9,2181.47,0.0,0.0,0.0,0.0,0.0,0,0,0,0,0.0,0.0,,,,,,,0.0,0.0,0.0
2026-04-17,6793,天力離岸,ESB,1,6.19,5.93,4.38,177.27,0.0,0.0,0.0,0.0,0.0,0,0,0,0,0.0,0.0,,,,,,,0.0,0.0,0.0
2026-04-17,6797,圓點奈米,ESB,1,15.3,15.42,-0.78,77.22,0.0,0.0,0.0,0.0,0.0,0,0,0,0,0.0,0.0,,,,,,,0.0,0.0,0.0
2026-04-17,6798,展逸,ESB,1,49.5,49.6899,-0.38,7.12,0.0,0.0,0.0,0.0,0.0,0,0,0,0,0.0,0.0,,,,,,,0.0,0.0,0.0
2026-04-17,6808,三鼎生技,ESB,1,31.9,31.84,0.19,126.82,0.0,0.0,0.0,0.0,0.0,0,0,0,0,0.0,0.0,,,,,,,0.0,0.0,0.0
2026-04-17,6810,新穎生醫,ESB,1,17.55,17.33,1.27,40.37,0.0,0.0,0.0,0.0,0.0,0,0,0,0,0.0,0.0,,,,,,,0.0,0.0,0.0
2026-04-17,6812,梭特,ESB,1,79.9,76.31,4.7,713.52,0.0,0.0,0.0,0.0,0.0,0,0,0,0,0.0,0.0,,,,,,,0.0,0.0,0.0
2026-04-17,6814,路迦生醫,ESB,1,24.2,23.54,2.8,70.42,0.0,0.0,0.0,0.0,0.0,0,0,0,0,0.0,0.0,,,,,,,0.0,0.0,0.0
2026-04-17,6815,晶鑽生醫,ESB,1,39.15,37.93,3.22,186.02,0.0,0.0,0.0,0.0,0.0,0,0,0,0,0.0,0.0,,,,,,,0.0,0.0,0.0
2026-04-17,6816,捷智商訊,ESB,1,38.0,36.0999,5.26,1.0,0.0,0.0,0.0,0.0,0.0,0,0,0,0,0.0,0.0,,,,,,,0.0,0.0,0.0
2026-04-17,6817,溫士頓,ESB,1,68.2,67.95,0.37,27.02,0.0,0.0,0.0,0.0,0.0,0,0,0,0,0.0,0.0,,,,,,,0.0,0.0,0.0
2026-04-17,6818,連騰,ESB,1,92.3,87.85,5.07,1504.42,0.0,0.0,0.0,0.0,0.0,0,0,0,0,0.0,0.0,,,,,,,0.0,0.0,0.0
2026-04-17,6819,眾智,ESB,1,27.5,27.1,1.48,43.33,0.0,0.0,0.0,0.0,0.0,0,0,0,0,0.0,0.0,,,,,,,0.0,0.0,0.0
2026-04-17,6820,連訊,ESB,1,355.0,337.68,5.13,496.98,0.0,0.0,0.0,0.0,0.0,0,0,0,0,0.0,0.0,,,,,,,0.0,0.0,0.0
2026-04-17,6825,和暢科技,ESB,1,42.15,41.08,2.6,46.07,0.0,0.0,0.0,0.0,0.0,0,0,0,0,0.0,0.0,,,,,,,0.0,0.0,0.0
2026-04-17,6826,和淞,ESB,1,579.0,554.29,4.46,952.64,0.0,0.0,0.0,0.0,0.0,0,0,0,0,0.0,0.0,,,,,,,0.0,0.0,0.0
2026-04-17,6827,巨生醫,ESB,1,12.4,12.18,1.81,801.46,0.0,0.0,0.0,0.0,0.0,0,0,0,0,0.0,0.0,,,,,,,0.0,0.0,0.0
2026-04-17,6832,金鼎科,ESB,1,64.0,64.13,-0.2,136.72,0.0,0.0,0.0,0.0,0.0,0,0,0,0,0.0,0.0,,,,,,,0.0,0.0,0.0
2026-04-17,6833,太康精密,ESB,1,28.1,27.63,1.7,123.98,0.0,0.0,0.0,0.0,0.0,0,0,0,0,0.0,0.0,,,,,,,0.0,0.0,0.0
2026-04-17,6839,開陽能源,ESB,1,13.5,13.64,-1.03,717.32,0.0,0.0,0.0,0.0,0.0,0,0,0,0,0.0,0.0,,,,,,,0.0,0.0,0.0
2026-04-17,6842,瑞宇,ESB,1,110.5,104.29,5.95,1712.22,0.0,0.0,0.0,0.0,0.0,0,0,0,0,0.0,0.0,,,,,,,0.0,0.0,0.0
2026-04-17,6844,諾貝兒,TPEX,5,62.9,62.9545,-0.09,44.0,0.0,0.0,0.0,0.0,0.0,0,0,0,0,0.0,0.0,,,,,,,0.0,0.0,0.0
2026-04-17,6847,普瑞博,ESB,1,50.1,48.36,3.6,61.95,0.0,0.0,0.0,0.0,0.0,0,0,0,0,0.0,0.0,,,,,,,0.0,0.0,0.0
2026-04-17,6848,拉法醫,ESB,1,19.4,18.98,2.21,216.31,0.0,0.0,0.0,0.0,0.0,0,0,0,0,0.0,0.0,,,,,,,0.0,0.0,0.0
2026-04-17,6849,奇鼎科技,ESB,1,153.5,152.51,0.65,518.37,0.0,0.0,0.0,0.0,0.0,0,0,0,0,0.0,0.0,,,,,,,0.0,0.0,0.0
2026-04-17,6850,光鼎生技,ESB,1,38.0,37.42,1.55,54.32,0.0,0.0,0.0,0.0,0.0,0,0,0,0,0.0,0.0,,,,,,,0.0,0.0,0.0
2026-04-17,6856,鑫傳,TPEX,5,,51.2429,,14.0,0.0,0.0,0.0,0.0,0.0,0,0,0,0,0.0,0.0,,,,,,,0.0,0.0,0.0
2026-04-17,6857,宏碁智醫,ESB,1,97.0,97.1518,-0.16,0.11,0.0,0.0,0.0,0.0,0.0,0,0,0,0,0.0,0.0,,,,,,,0.0,0.0,0.0
2026-04-17,6858,愛比科技,ESB,1,26.0,26.73,-2.73,21.79,0.0,0.0,0.0,0.0,0.0,0,0,0,0,0.0,0.0,,,,,,,0.0,0.0,0.0
2026-04-17,6864,元樟生技,ESB,1,55.8,55.62,0.32,40.73,0.0,0.0,0.0,0.0,0.0,0,0,0,0,0.0,0.0,,,,,,,0.0,0.0,0.0
2026-04-17,6867,坦德科技,ESB,1,24.75,24.49,1.06,135.13,0.0,0.0,0.0,0.0,0.0,0,0,0,0,0.0,0.0,,,,,,,0.0,0.0,0.0
2026-04-17,6868,采威國際,ESB,1,39.2,39.44,-0.61,24.02,0.0,0.0,0.0,0.0,0.0,0,0,0,0,0.0,0.0,,,,,,,0.0,0.0,0.0
2026-04-17,6876,朗齊生醫*,ESB,1,21.8,21.34,2.16,510.94,0.0,0.0,0.0,0.0,0.0,0,0,0,0,0.0,0.0,,,,,,,0.0,0.0,0.0
2026-04-17,6878,歐付寶,ESB,1,11.55,11.85,-2.53,184.7,0.0,0.0,0.0,0.0,0.0,0,0,0,0,0.0,0.0,,,,,,,0.0,0.0,0.0
2026-04-17,6879,大江基因,ESB,1,36.55,36.32,0.63,12.2,0.0,0.0,0.0,0.0,0.0,0,0,0,0,0.0,0.0,,,,,,,0.0,0.0,0.0
2026-04-17,6881,潤德,TPEX,5,252.0,246.392,2.28,88.0,0.0,0.0,0.0,0.0,0.0,0,0,0,0,0.0,0.0,,,,,,,0.0,0.0,0.0
2026-04-17,6882,甲尚,ESB,1,20.0,20.48,-2.34,1102.9,0.0,0.0,0.0,0.0,0.0,0,0,0,0,0.0,0.0,,,,,,,0.0,0.0,0.0
2026-04-17,6883,微電能源,ESB,1,16.05,17.11,-6.2,211.92,0.0,0.0,0.0,0.0,0.0,0,0,0,0,0.0,0.0,,,,,,,0.0,0.0,0.0
2026-04-17,6886,遠東生技,ESB,1,48.55,47.73,1.72,10.32,0.0,0.0,0.0,0.0,0.0,0,0,0,0,0.0,0.0,,,,,,,0.0,0.0,0.0
2026-04-17,6891,樂迦再生,ESB,1,51.1,50.45,1.29,3749.06,0.0,0.0,0.0,0.0,0.0,0,0,0,0,0.0,0.0,,,,,,,0.0,0.0,0.0
2026-04-17,6892,台寶生醫,ESB,1,26.35,26.29,0.23,132.84,0.0,0.0,0.0,0.0,0.0,0,0,0,0,0.0,0.0,,,,,,,0.0,0.0,0.0
2026-04-17,6898,程曦資訊,ESB,1,118.0,116.5,1.29,43.41,0.0,0.0,0.0,0.0,0.0,0,0,0,0,0.0,0.0,,,,,,,0.0,0.0,0.0
2026-04-17,6911,群運,ESB,1,32.4,32.18,0.68,125.02,0.0,0.0,0.0,0.0,0.0,0,0,0,0,0.0,0.0,,,,,,,0.0,0.0,0.0
2026-04-17,6912,益鈞環科*,ESB,1,18.55,18.48,0.38,343.95,0.0,0.0,0.0,0.0,0.0,0,0,0,0,0.0,0.0,,,,,,,0.0,0.0,0.0
2026-04-17,6915,美強光,ESB,1,42.65,42.74,-0.21,687.27,0.0,0.0,0.0,0.0,0.0,0,0,0,0,0.0,0.0,,,,,,,0.0,0.0,0.0
2026-04-17,6917,竟天,ESB,1,33.85,33.58,0.8,2050.6,0.0,0.0,0.0,0.0,0.0,0,0,0,0,0.0,0.0,,,,,,,0.0,0.0,0.0
2026-04-17,6920,恆勁科技,ESB,1,80.1,78.94,1.47,5673.45,0.0,0.0,0.0,0.0,0.0,0,0,0,0,0.0,0.0,,,,,,,0.0,0.0,0.0
2026-04-17,6926,聖安生醫,ESB,1,66.0,66.02,-0.03,23.18,0.0,0.0,0.0,0.0,0.0,0,0,0,0,0.0,0.0,,,,,,,0.0,0.0,0.0
2026-04-17,6927,聯合聚晶,ESB,1,51.1,50.34,1.51,160.91,0.0,0.0,0.0,0.0,0.0,0,0,0,0,0.0,0.0,,,,,,,0.0,0.0,0.0
2026-04-17,6932,水星生醫*,ESB,1,8.19,8.08,1.36,1040.35,0.0,0.0,0.0,0.0,0.0,0,0,0,0,0.0,0.0,,,,,,,0.0,0.0,0.0
2026-04-17,6935,王子製藥,ESB,1,30.6,30.47,0.43,40.33,0.0,0.0,0.0,0.0,0.0,0,0,0,0,0.0,0.0,,,,,,,0.0,0.0,0.0
2026-04-17,6938,藍新資訊,ESB,1,85.0,82.24,3.36,19.5,0.0,0.0,0.0,0.0,0.0,0,0,0,0,0.0,0.0,,,,,,,0.0,0.0,0.0
2026-04-17,6939,啟弘生技,ESB,1,20.25,20.1,0.75,41.38,0.0,0.0,0.0,0.0,0.0,0,0,0,0,0.0,0.0,,,,,,,0.0,0.0,0.0
2026-04-17,6940,格斯科技*,ESB,1,22.35,21.75,2.76,1098.6,0.0,0.0,0.0,0.0,0.0,0,0,0,0,0.0,0.0,,,,,,,0.0,0.0,0.0
2026-04-17,6945,圓祥生技,ESB,1,195.0,193.64,0.7,788.29,0.0,0.0,0.0,0.0,0.0,0,0,0,0,0.0,0.0,,,,,,,0.0,0.0,0.0
2026-04-17,6946,三地能源,ESB,1,13.65,13.27,2.86,245.21,0.0,0.0,0.0,0.0,0.0,0,0,0,0,0.0,0.0,,,,,,,0.0,0.0,0.0
2026-04-17,6947,台鎔科技,ESB,1,80.8,80.65,0.19,118.74,0.0,0.0,0.0,0.0,0.0,0,0,0,0,0.0,0.0,,,,,,,0.0,0.0,0.0
2026-04-17,6959,兆捷科技,ESB,1,163.0,146.48,11.28,4431.52,0.0,0.0,0.0,0.0,0.0,0,0,0,0,0.0,0.0,,,,,,,0.0,0.0,0.0
2026-04-17,6963,品元,ESB,1,26.5,26.58,-0.3,6.05,0.0,0.0,0.0,0.0,0.0,0,0,0,0,0.0,0.0,,,,,,,0.0,0.0,0.0
2026-04-17,6972,博瑞達應材,ESB,1,25.75,25.06,2.75,164.68,0.0,0.0,0.0,0.0,0.0,0,0,0,0,0.0,0.0,,,,,,,0.0,0.0,0.0
2026-04-17,6973,永立榮,ESB,1,38.25,38.15,0.26,15.1,0.0,0.0,0.0,0.0,0.0,0,0,0,0,0.0,0.0,,,,,,,0.0,0.0,0.0
2026-04-17,6976,育世博-KY,ESB,1,12.45,12.26,1.55,685.51,0.0,0.0,0.0,0.0,0.0,0,0,0,0,0.0,0.0,,,,,,,0.0,0.0,0.0
2026-04-17,6977,聯純,ESB,1,316.0,308.1,2.56,267.57,0.0,0.0,0.0,0.0,0.0,0,0,0,0,0.0,0.0,,,,,,,0.0,0.0,0.0
2026-04-17,6979,勝釩,ESB,1,206.5,207.46,-0.46,115.78,0.0,0.0,0.0,0.0,0.0,0,0,0,0,0.0,0.0,,,,,,,0.0,0.0,0.0
2026-04-17,6980,鐳洋科技,ESB,1,185.0,188.16,-1.68,654.91,0.0,0.0,0.0,0.0,0.0,0,0,0,0,0.0,0.0,,,,,,,0.0,0.0,0.0
2026-04-17,6983,華洋精機,ESB,1,410.0,432.45,-5.19,140.32,0.0,0.0,0.0,0.0,0.0,0,0,0,0,0.0,0.0,,,,,,,0.0,0.0,0.0
2026-04-17,6984,ACpay,ESB,1,23.9,23.9,0.0,0.2,0.0,0.0,0.0,0.0,0.0,0,0,0,0,0.0,0.0,,,,,,,0.0,0.0,0.0
2026-04-17,6986,和迅,ESB,1,60.8,60.41,0.65,36.9,0.0,0.0,0.0,0.0,0.0,0,0,0,0,0.0,0.0,,,,,,,0.0,0.0,0.0
2026-04-17,6987,寶晶能源*,ESB,1,19.7,19.63,0.36,108.5,0.0,0.0,0.0,0.0,0.0,0,0,0,0,0.0,0.0,,,,,,,0.0,0.0,0.0
2026-04-17,6990,華鉬,ESB,1,116.0,109.42,6.01,866.18,0.0,0.0,0.0,0.0,0.0,0,0,0,0,0.0,0.0,,,,,,,0.0,0.0,0.0
2026-04-17,6995,野獸國,ESB,1,52.9,52.67,0.44,29.28,0.0,0.0,0.0,0.0,0.0,0,0,0,0,0.0,0.0,,,,,,,0.0,0.0,0.0
2026-04-17,6997,博弘,TPEX,5,82.1,82.34,-0.29,10.0,0.0,0.0,0.0,0.0,0.0,0,0,0,0,0.0,0.0,,,,,,,0.0,0.0,0.0
2026-04-17,6999,瀚醫生技,ESB,1,30.35,30.18,0.56,6.0,0.0,0.0,0.0,0.0,0.0,0,0,0,0,0.0,0.0,,,,,,,0.0,0.0,0.0
2026-04-17,7419,達勝,ESB,1,215.0,207.56,3.58,494.57,0.0,0.0,0.0,0.0,0.0,0,0,0,0,0.0,0.0,,,,,,,0.0,0.0,0.0
2026-04-17,7427,華上生醫,ESB,1,30.85,30.7,0.49,103.81,0.0,0.0,0.0,0.0,0.0,0,0,0,0,0.0,0.0,,,,,,,0.0,0.0,0.0
2026-04-17,7443,凡事康,ESB,1,10.1,10.09,0.1,32.16,0.0,0.0,0.0,0.0,0.0,0,0,0,0,0.0,0.0,,,,,,,0.0,0.0,0.0
2026-04-17,7455,樺緯物聯,ESB,1,0.0,,,0.0,0.0,0.0,0.0,,,0,0,0,0,0.0,0.0,,,,,,,0.0,0.0,0.0
2026-04-17,7507,環拓科技,ESB,1,25.9,26.07,-0.65,84.04,0.0,0.0,0.0,0.0,0.0,0,0,0,0,0.0,0.0,,,,,,,0.0,0.0,0.0
2026-04-17,7516,清淨海,ESB,1,9.5,9.4,1.06,147.97,0.0,0.0,0.0,0.0,0.0,0,0,0,0,0.0,0.0,,,,,,,0.0,0.0,0.0
2026-04-17,7530,鋒魁科技,ESB,1,40.3,38.6,4.4,2408.91,0.0,0.0,0.0,0.0,0.0,0,0,0,0,0.0,0.0,,,,,,,0.0,0.0,0.0
2026-04-17,7551,知識科技,ESB,1,13.5,13.18,2.43,110.3,0.0,0.0,0.0,0.0,0.0,0,0,0,0,0.0,0.0,,,,,,,0.0,0.0,0.0
2026-04-17,7558,群利科技,ESB,1,26.05,23.06,12.97,903.48,0.0,0.0,0.0,0.0,0.0,0,0,0,0,0.0,0.0,,,,,,,0.0,0.0,0.0
2026-04-17,7561,光晟生技,ESB,1,22.2,21.96,1.09,13.01,0.0,0.0,0.0,0.0,0.0,0,0,0,0,0.0,0.0,,,,,,,0.0,0.0,0.0
2026-04-17,7562,博來科技,ESB,1,49.0,49.0,0.0,2.18,0.0,0.0,0.0,0.0,0.0,0,0,0,0,0.0,0.0,,,,,,,0.0,0.0,0.0
2026-04-17,7566,亞果遊艇,ESB,1,13.8,13.8,-0.0,188.05,0.0,0.0,0.0,0.0,0.0,0,0,0,0,0.0,0.0,,,,,,,0.0,0.0,0.0
2026-04-17,7575,安美得,ESB,1,22.5,21.0,7.14,92.17,0.0,0.0,0.0,0.0,0.0,0,0,0,0,0.0,0.0,,,,,,,0.0,0.0,0.0
2026-04-17,7578,利百景,ESB,1,32.75,32.63,0.37,81.44,0.0,0.0,0.0,0.0,0.0,0,0,0,0,0.0,0.0,,,,,,,0.0,0.0,0.0
2026-04-17,7583,國際海洋,ESB,1,69.6,68.7301,1.27,3.17,0.0,0.0,0.0,0.0,0.0,0,0,0,0,0.0,0.0,,,,,,,0.0,0.0,0.0
2026-04-17,7590,怡和國際,ESB,1,24.95,23.67,5.41,3982.75,0.0,0.0,0.0,0.0,0.0,0,0,0,0,0.0,0.0,,,,,,,0.0,0.0,0.0
2026-04-17,7595,世基生醫,ESB,1,10.2,10.11,0.89,45.04,0.0,0.0,0.0,0.0,0.0,0,0,0,0,0.0,0.0,,,,,,,0.0,0.0,0.0
2026-04-17,7607,通用幹細胞*,ESB,1,15.35,15.35,-0.0,36.04,0.0,0.0,0.0,0.0,0.0,0,0,0,0,0.0,0.0,,,,,,,0.0,0.0,0.0
2026-04-17,7669,碩正科技,ESB,1,904.0,876.25,3.17,120.98,0.0,0.0,0.0,0.0,0.0,0,0,0,0,0.0,0.0,,,,,,,0.0,0.0,0.0
2026-04-17,7689,大鵬科CLMX,ESB,1,252.0,235.2,7.14,249.48,0.0,0.0,0.0,0.0,0.0,0,0,0,0,0.0,0.0,,,,,,,0.0,0.0,0.0
2026-04-17,7702,前端風電,ESB,1,22.0,20.7,6.28,133.3,0.0,0.0,0.0,0.0,0.0,0,0,0,0,0.0,0.0,,,,,,,0.0,0.0,0.0
2026-04-17,7706,宏碁創達,ESB,1,41.4,41.4,0.0,0.17,0.0,0.0,0.0,0.0,0.0,0,0,0,0,0.0,0.0,,,,,,,0.0,0.0,0.0
2026-04-17,7707,益芯科,ESB,1,134.0,134.53,-0.39,220.09,0.0,0.0,0.0,0.0,0.0,0,0,0,0,0.0,0.0,,,,,,,0.0,0.0,0.0
2026-04-17,7710,東擎科技,ESB,1,248.0,249.3199,-0.53,5.12,0.0,0.0,0.0,0.0,0.0,0,0,0,0,0.0,0.0,,,,,,,0.0,0.0,0.0
2026-04-17,7716,昱臺國際,TPEX,5,,25.3917,,12.0,0.0,0.0,0.0,0.0,0.0,0,0,0,0,0.0,0.0,,,,,,,0.0,0.0,0.0
2026-04-17,7719,碳基,ESB,1,40.65,39.49,2.94,1156.97,0.0,0.0,0.0,0.0,0.0,0,0,0,0,0.0,0.0,,,,,,,0.0,0.0,0.0
2026-04-17,7724,諾亞克,ESB,1,23.65,23.6,0.21,6.0,0.0,0.0,0.0,0.0,0.0,0,0,0,0,0.0,0.0,,,,,,,0.0,0.0,0.0
2026-04-17,7725,列特博,ESB,1,0.0,,,0.0,0.0,0.0,0.0,,,0,0,0,0,0.0,0.0,,,,,,,0.0,0.0,0.0
2026-04-17,7726,暄達,ESB,1,35.7,34.0198,4.94,2.02,0.0,0.0,0.0,0.0,0.0,0,0,0,0,0.0,0.0,,,,,,,0.0,0.0,0.0
2026-04-17,7729,仲恩生醫,ESB,1,85.4,83.81,1.9,303.71,0.0,0.0,0.0,0.0,0.0,0,0,0,0,0.0,0.0,,,,,,,0.0,0.0,0.0
2026-04-17,7731,火星生技*,ESB,1,6.14,6.0,2.33,12656.05,0.0,0.0,0.0,0.0,0.0,0,0,0,0,0.0,0.0,,,,,,,0.0,0.0,0.0
2026-04-17,7737,凱鈿,ESB,1,43.7,43.0,1.63,9.24,0.0,0.0,0.0,0.0,0.0,0,0,0,0,0.0,0.0,,,,,,,0.0,0.0,0.0
2026-04-17,7742,天弘化,ESB,1,249.5,238.69,4.53,2379.36,0.0,0.0,0.0,0.0,0.0,0,0,0,0,0.0,0.0,,,,,,,0.0,0.0,0.0
2026-04-17,7743,金利食安,TPEX,5,20.25,20.043,1.03,71.0,0.0,0.0,0.0,0.0,0.0,0,0,0,0,0.0,0.0,,,,,,,0.0,0.0,0.0
2026-04-17,7745,紅陽,ESB,1,23.15,20.78,11.41,149.33,0.0,0.0,0.0,0.0,0.0,0,0,0,0,0.0,0.0,,,,,,,0.0,0.0,0.0
2026-04-17,7748,鑫囍創業,ESB,1,27.0,26.95,0.19,18.5,0.0,0.0,0.0,0.0,0.0,0,0,0,0,0.0,0.0,,,,,,,0.0,0.0,0.0
2026-04-17,7752,世紀樺欣,ESB,1,46.3,45.51,1.74,127.71,0.0,0.0,0.0,0.0,0.0,0,0,0,0,0.0,0.0,,,,,,,0.0,0.0,0.0
2026-04-17,7754,安基生技,ESB,1,61.1,60.55,0.91,184.61,0.0,0.0,0.0,0.0,0.0,0,0,0,0,0.0,0.0,,,,,,,0.0,0.0,0.0
2026-04-17,7756,多那之,ESB,1,43.0,42.8779,0.28,0.21,0.0,0.0,0.0,0.0,0.0,0,0,0,0,0.0,0.0,,,,,,,0.0,0.0,0.0
2026-04-17,7758,睿騰能源,ESB,1,47.2,47.1599,0.09,4.01,0.0,0.0,0.0,0.0,0.0,0,0,0,0,0.0,0.0,,,,,,,0.0,0.0,0.0
2026-04-17,7759,視航生醫,ESB,1,37.85,36.99,2.32,62.08,0.0,0.0,0.0,0.0,0.0,0,0,0,0,0.0,0.0,,,,,,,0.0,0.0,0.0
2026-04-17,7760,享溫馨,ESB,1,35.45,36.02,-1.58,263.85,0.0,0.0,0.0,0.0,0.0,0,0,0,0,0.0,0.0,,,,,,,0.0,0.0,0.0
2026-04-17,7761,三大未來,ESB,1,38.15,38.06,0.24,588.42,0.0,0.0,0.0,0.0,0.0,0,0,0,0,0.0,0.0,,,,,,,0.0,0.0,0.0
2026-04-17,7762,吉晟生,ESB,1,49.25,48.84,0.84,38.45,0.0,0.0,0.0,0.0,0.0,0,0,0,0,0.0,0.0,,,,,,,0.0,0.0,0.0
2026-04-17,7763,崇舜,ESB,1,241.0,236.02,2.11,849.69,0.0,0.0,0.0,0.0,0.0,0,0,0,0,0.0,0.0,,,,,,,0.0,0.0,0.0
2026-04-17,7764,聖州,ESB,1,14.9,14.96,-0.4,227.09,0.0,0.0,0.0,0.0,0.0,0,0,0,0,0.0,0.0,,,,,,,0.0,0.0,0.0
2026-04-17,7768,頌勝科技,ESB,1,442.5,444.52,-0.45,197.96,0.0,0.0,0.0,0.0,0.0,0,0,0,0,0.0,0.0,,,,,,,0.0,0.0,0.0
2026-04-17,7771,綠基,ESB,1,62.1,62.94,-1.33,157.42,0.0,0.0,0.0,0.0,0.0,0,0,0,0,0.0,0.0,,,,,,,0.0,0.0,0.0
2026-04-17,7772,耀穎,ESB,1,161.5,154.25,4.7,1380.55,0.0,0.0,0.0,0.0,0.0,0,0,0,0,0.0,0.0,,,,,,,0.0,0.0,0.0
2026-04-17,7773,富禾生醫,ESB,1,27.6,23.11,19.43,119.2,0.0,0.0,0.0,0.0,0.0,0,0,0,0,0.0,0.0,,,,,,,0.0,0.0,0.0
2026-04-17,7776,奧孟亞,ESB,1,26.7,27.08,-1.4,66.97,0.0,0.0,0.0,0.0,0.0,0,0,0,0,0.0,0.0,,,,,,,0.0,0.0,0.0
2026-04-17,7779,鍇睿國際,ESB,1,15.25,15.6,-2.24,19.03,0.0,0.0,0.0,0.0,0.0,0,0,0,0,0.0,0.0,,,,,,,0.0,0.0,0.0
2026-04-17,7781,昕力資*,ESB,1,30.3,30.56,-0.85,8062.94,0.0,0.0,0.0,0.0,0.0,0,0,0,0,0.0,0.0,,,,,,,0.0,0.0,0.0
2026-04-17,7783,佳運,ESB,1,111.0,111.91,-0.81,181.92,0.0,0.0,0.0,0.0,0.0,0,0,0,0,0.0,0.0,,,,,,,0.0,0.0,0.0
2026-04-17,7785,北祥科服,ESB,1,39.95,39.71,0.6,4.0,0.0,0.0,0.0,0.0,0.0,0,0,0,0,0.0,0.0,,,,,,,0.0,0.0,0.0
2026-04-17,7789,開展,ESB,1,34.6,33.04,4.72,24.55,0.0,0.0,0.0,0.0,0.0,0,0,0,0,0.0,0.0,,,,,,,0.0,0.0,0.0
2026-04-17,7790,思必瑞特,ESB,1,53.7,52.81,1.69,11.92,0.0,0.0,0.0,0.0,0.0,0,0,0,0,0.0,0.0,,,,,,,0.0,0.0,0.0
2026-04-17,7794,宏碁智新,ESB,1,47.5,47.71,-0.44,18.43,0.0,0.0,0.0,0.0,0.0,0,0,0,0,0.0,0.0,,,,,,,0.0,0.0,0.0
2026-04-17,7796,擷發科,ESB,1,107.0,106.31,0.65,79.11,0.0,0.0,0.0,0.0,0.0,0,0,0,0,0.0,0.0,,,,,,,0.0,0.0,0.0
2026-04-17,7797,Q Burger,ESB,1,56.0,56.08,-0.14,22.49,0.0,0.0,0.0,0.0,0.0,0,0,0,0,0.0,0.0,,,,,,,0.0,0.0,0.0
2026-04-17,7798,將捷,ESB,1,15.6,15.49,0.71,26.0,0.0,0.0,0.0,0.0,0.0,0,0,0,0,0.0,0.0,,,,,,,0.0,0.0,0.0
2026-04-17,7801,華芸科技,ESB,1,126.5,123.38,2.53,273.18,0.0,0.0,0.0,0.0,0.0,0,0,0,0,0.0,0.0,,,,,,,0.0,0.0,0.0
2026-04-17,7803,雲象科技,ESB,1,30.45,30.03,1.4,136.34,0.0,0.0,0.0,0.0,0.0,0,0,0,0,0.0,0.0,,,,,,,0.0,0.0,0.0
2026-04-17,7806,精華生醫,ESB,1,78.0,75.5399,3.26,9.03,0.0,0.0,0.0,0.0,0.0,0,0,0,0,0.0,0.0,,,,,,,0.0,0.0,0.0
2026-04-17,7808,訊聯智藥,ESB,1,47.25,46.35,1.94,6.48,0.0,0.0,0.0,0.0,0.0,0,0,0,0,0.0,0.0,,,,,,,0.0,0.0,0.0
2026-04-17,7812,稜研科技*,ESB,1,82.3,82.93,-0.76,478.44,0.0,0.0,0.0,0.0,0.0,0,0,0,0,0.0,0.0,,,,,,,0.0,0.0,0.0
2026-04-17,7813,宇辰系統,ESB,1,156.5,154.88,1.05,322.72,0.0,0.0,0.0,0.0,0.0,0,0,0,0,0.0,0.0,,,,,,,0.0,0.0,0.0
2026-04-17,7814,海昌生技,ESB,1,39.6,40.28,-1.69,68.03,0.0,0.0,0.0,0.0,0.0,0,0,0,0,0.0,0.0,,,,,,,0.0,0.0,0.0
2026-04-17,7815,新特,ESB,1,521.0,518.46,0.49,548.76,0.0,0.0,0.0,0.0,0.0,0,0,0,0,0.0,0.0,,,,,,,0.0,0.0,0.0
2026-04-17,7816,來穎,ESB,1,76.1,75.02,1.44,675.96,0.0,0.0,0.0,0.0,0.0,0,0,0,0,0.0,0.0,,,,,,,0.0,0.0,0.0
2026-04-17,7818,溢泰實業,ESB,1,123.5,121.34,1.78,270.54,0.0,0.0,0.0,0.0,0.0,0,0,0,0,0.0,0.0,,,,,,,0.0,0.0,0.0
2026-04-17,7819,精誠金融,ESB,1,68.7,68.89,-0.28,12.39,0.0,0.0,0.0,0.0,0.0,0,0,0,0,0.0,0.0,,,,,,,0.0,0.0,0.0
2026-04-17,7820,立盈,ESB,1,182.5,181.88,0.34,122.9,0.0,0.0,0.0,0.0,0.0,0,0,0,0,0.0,0.0,,,,,,,0.0,0.0,0.0
2026-04-17,7821,神數,ESB,1,65.1,65.86,-1.15,109.57,0.0,0.0,0.0,0.0,0.0,0,0,0,0,0.0,0.0,,,,,,,0.0,0.0,0.0
2026-04-17,7824,智寶,ESB,1,44.8,44.67,0.29,13.7,0.0,0.0,0.0,0.0,0.0,0,0,0,0,0.0,0.0,,,,,,,0.0,0.0,0.0
2026-04-17,7825,和亞智慧,ESB,1,172.5,170.55,1.14,486.47,0.0,0.0,0.0,0.0,0.0,0,0,0,0,0.0,0.0,,,,,,,0.0,0.0,0.0
2026-04-17,7826,極風雲創,ESB,1,41.0,39.22,4.54,20.5,0.0,0.0,0.0,0.0,0.0,0,0,0,0,0.0,0.0,,,,,,,0.0,0.0,0.0
2026-04-17,7827,漢康-KY,ESB,1,143.0,141.51,1.05,978.29,0.0,0.0,0.0,0.0,0.0,0,0,0,0,0.0,0.0,,,,,,,0.0,0.0,0.0
2026-04-17,7828,創新服務,ESB,1,1430.0,1406.61,1.66,686.7,0.0,0.0,0.0,0.0,0.0,0,0,0,0,0.0,0.0,,,,,,,0.0,0.0,0.0
2026-04-17,7829,思捷優達-KY,ESB,1,46.0,45.49,1.12,155.9,0.0,0.0,0.0,0.0,0.0,0,0,0,0,0.0,0.0,,,,,,,0.0,0.0,0.0
2026-04-17,7831,捷博,ESB,1,0.0,,,0.0,0.0,0.0,0.0,,,0,0,0,0,0.0,0.0,,,,,,,0.0,0.0,0.0
2026-04-17,7832,智新生技*,ESB,1,13.3,13.28,0.15,223.0,0.0,0.0,0.0,0.0,0.0,0,0,0,0,0.0,0.0,,,,,,,0.0,0.0,0.0
2026-04-17,7833,綠岩能源,ESB,1,29.95,29.14,2.78,39.51,0.0,0.0,0.0,0.0,0.0,0,0,0,0,0.0,0.0,,,,,,,0.0,0.0,0.0
2026-04-17,7834,來毅數位,ESB,1,22.6,22.2,1.8,70.41,0.0,0.0,0.0,0.0,0.0,0,0,0,0,0.0,0.0,,,,,,,0.0,0.0,0.0
2026-04-17,7836,智生活,ESB,1,59.7,59.56,0.24,111.18,0.0,0.0,0.0,0.0,0.0,0,0,0,0,0.0,0.0,,,,,,,0.0,0.0,0.0
2026-04-17,7837,啟新生,ESB,1,0.0,,,0.0,0.0,0.0,0.0,,,0,0,0,0,0.0,0.0,,,,,,,0.0,0.0,0.0
2026-04-17,7839,達人網,ESB,1,62.0,62.0,0.0,0.12,0.0,0.0,0.0,0.0,0.0,0,0,0,0,0.0,0.0,,,,,,,0.0,0.0,0.0
2026-04-17,7840,祥圃,ESB,1,36.0,36.4997,-1.37,1.5,0.0,0.0,0.0,0.0,0.0,0,0,0,0,0.0,0.0,,,,,,,0.0,0.0,0.0
2026-04-17,7841,經貿聯網,ESB,1,31.9,32.34,-1.36,46.91,0.0,0.0,0.0,0.0,0.0,0,0,0,0,0.0,0.0,,,,,,,0.0,0.0,0.0
2026-04-17,7842,天能綠電,ESB,1,152.5,152.72,-0.14,94.85,0.0,0.0,0.0,0.0,0.0,0,0,0,0,0.0,0.0,,,,,,,0.0,0.0,0.0
2026-04-17,7843,英柏得,ESB,1,107.5,107.8,-0.28,461.97,0.0,0.0,0.0,0.0,0.0,0,0,0,0,0.0,0.0,,,,,,,0.0,0.0,0.0
2026-04-17,7846,德揚,ESB,1,90.7,89.47,1.37,91.96,0.0,0.0,0.0,0.0,0.0,0,0,0,0,0.0,0.0,,,,,,,0.0,0.0,0.0
2026-04-17,7847,豊漁,ESB,1,25.1,24.52,2.37,19.13,0.0,0.0,0.0,0.0,0.0,0,0,0,0,0.0,0.0,,,,,,,0.0,0.0,0.0
2026-04-17,7848,騏億鑫,ESB,1,450.0,444.24,1.3,33.0,0.0,0.0,0.0,0.0,0.0,0,0,0,0,0.0,0.0,,,,,,,0.0,0.0,0.0
2026-04-17,7849,旭誼,ESB,1,147.0,144.21,1.93,15.84,0.0,0.0,0.0,0.0,0.0,0,0,0,0,0.0,0.0,,,,,,,0.0,0.0,0.0
2026-04-17,7850,寶泰生醫,ESB,1,26.7,24.4,9.43,287.9,0.0,0.0,0.0,0.0,0.0,0,0,0,0,0.0,0.0,,,,,,,0.0,0.0,0.0
2026-04-17,7851,慧康生技*-KY,ESB,1,36.3,36.6,-0.82,466.0,0.0,0.0,0.0,0.0,0.0,0,0,0,0,0.0,0.0,,,,,,,0.0,0.0,0.0
2026-04-17,7853,政美應用,ESB,1,456.5,429.07,6.39,2668.95,0.0,0.0,0.0,0.0,0.0,0,0,0,0,0.0,0.0,,,,,,,0.0,0.0,0.0
2026-04-17,7854,佐茂,ESB,1,69.8,69.02,1.13,99.4,0.0,0.0,0.0,0.0,0.0,0,0,0,0,0.0,0.0,,,,,,,0.0,0.0,0.0
2026-04-17,7855,和運租車,ESB,1,107.0,106.53,0.44,29.62,0.0,0.0,0.0,0.0,0.0,0,0,0,0,0.0,0.0,,,,,,,0.0,0.0,0.0
2026-04-17,7856,漢測,ESB,1,3420.0,3312.16,3.26,278.69,0.0,0.0,0.0,0.0,0.0,0,0,0,0,0.0,0.0,,,,,,,0.0,0.0,0.0
2026-04-17,7857,合水先進,ESB,1,48.0,48.19,-0.39,7.21,0.0,0.0,0.0,0.0,0.0,0,0,0,0,0.0,0.0,,,,,,,0.0,0.0,0.0
2026-04-17,7858,芝普,ESB,1,328.0,309.51,5.97,800.76,0.0,0.0,0.0,0.0,0.0,0,0,0,0,0.0,0.0,,,,,,,0.0,0.0,0.0
2026-04-17,7860,得生製藥,ESB,1,64.9,64.9333,-0.05,0.01,0.0,0.0,0.0,0.0,0.0,0,0,0,0,0.0,0.0,,,,,,,0.0,0.0,0.0
2026-04-17,7861,貝爾威勒,ESB,1,905.0,893.77,1.26,179.91,0.0,0.0,0.0,0.0,0.0,0,0,0,0,0.0,0.0,,,,,,,0.0,0.0,0.0
2026-04-17,7862,聚泰,ESB,1,42.15,42.1471,0.01,0.1,0.0,0.0,0.0,0.0,0.0,0,0,0,0,0.0,0.0,,,,,,,0.0,0.0,0.0
2026-04-17,7863,中科物流,ESB,1,47.6,48.0,-0.83,0.0,0.0,0.0,0.0,0.0,0.0,0,0,0,0,0.0,0.0,,,,,,,0.0,0.0,0.0
2026-04-17,7865,金聯成,ESB,1,48.75,48.33,0.87,16.0,0.0,0.0,0.0,0.0,0.0,0,0,0,0,0.0,0.0,,,,,,,0.0,0.0,0.0
2026-04-17,7866,丹立,ESB,1,188.0,189.51,-0.8,771.96,0.0,0.0,0.0,0.0,0.0,0,0,0,0,0.0,0.0,,,,,,,0.0,0.0,0.0
2026-04-17,7867,特力屋,ESB,1,53.0,52.2,1.53,15.0,0.0,0.0,0.0,0.0,0.0,0,0,0,0,0.0,0.0,,,,,,,0.0,0.0,0.0
2026-04-17,7868,聖育,ESB,1,93.8,96.65,-2.95,562.86,0.0,0.0,0.0,0.0,0.0,0,0,0,0,0.0,0.0,,,,,,,0.0,0.0,0.0
2026-04-17,7869,宏于電機,ESB,1,435.5,436.28,-0.18,28.89,0.0,0.0,0.0,0.0,0.0,0,0,0,0,0.0,0.0,,,,,,,0.0,0.0,0.0
2026-04-17,7870,聯剛科技,ESB,1,181.0,182.39,-0.76,10.76,0.0,0.0,0.0,0.0,0.0,0,0,0,0,0.0,0.0,,,,,,,0.0,0.0,0.0
2026-04-17,7871,安立璽榮-KY,ESB,1,71.6,71.07,0.75,765.31,0.0,0.0,0.0,0.0,0.0,0,0,0,0,0.0,0.0,,,,,,,0.0,0.0,0.0
2026-04-17,7872,登豐,ESB,1,86.2,83.5,3.23,186.41,0.0,0.0,0.0,0.0,0.0,0,0,0,0,0.0,0.0,,,,,,,0.0,0.0,0.0
2026-04-17,7875,安圖斯,ESB,1,148.0,150.0,-1.33,29.84,0.0,0.0,0.0,0.0,0.0,0,0,0,0,0.0,0.0,,,,,,,0.0,0.0,0.0
2026-04-17,7876,鼎晉生技,ESB,1,38.25,38.0,0.66,106.07,0.0,0.0,0.0,0.0,0.0,0,0,0,0,0.0,0.0,,,,,,,0.0,0.0,0.0
2026-04-17,7877,海利普,ESB,1,43.0,41.79,2.9,78.8,0.0,0.0,0.0,0.0,0.0,0,0,0,0,0.0,0.0,,,,,,,0.0,0.0,0.0
2026-04-17,7878,藥祇,ESB,1,297.5,298.61,-0.37,251.21,0.0,0.0,0.0,0.0,0.0,0,0,0,0,0.0,0.0,,,,,,,0.0,0.0,0.0
2026-04-17,7879,益材科技,ESB,1,119.5,112.87,5.87,506.71,0.0,0.0,0.0,0.0,0.0,0,0,0,0,0.0,0.0,,,,,,,0.0,0.0,0.0
2026-04-17,7880,聖凰,ESB,1,209.0,207.33,0.81,219.18,0.0,0.0,0.0,0.0,0.0,0,0,0,0,0.0,0.0,,,,,,,0.0,0.0,0.0
2026-04-17,7881,科明,ESB,1,99.0,98.67,0.33,10.23,0.0,0.0,0.0,0.0,0.0,0,0,0,0,0.0,0.0,,,,,,,0.0,0.0,0.0
2026-04-17,7882,倍利創投,ESB,1,23.05,22.48,2.54,262.22,0.0,0.0,0.0,0.0,0.0,0,0,0,0,0.0,0.0,,,,,,,0.0,0.0,0.0
2026-04-17,7883,饗賓,ESB,1,276.0,264.4,4.39,87.53,0.0,0.0,0.0,0.0,0.0,0,0,0,0,0.0,0.0,,,,,,,0.0,0.0,0.0
2026-04-17,7885,宏羚,ESB,1,25.1,23.98,4.67,29.68,0.0,0.0,0.0,0.0,0.0,0,0,0,0,0.0,0.0,,,,,,,0.0,0.0,0.0
2026-04-17,7886,科建,ESB,1,247.5,232.0,6.68,854.39,0.0,0.0,0.0,0.0,0.0,0,0,0,0,0.0,0.0,,,,,,,0.0,0.0,0.0
2026-04-17,7887,宇川精材,ESB,1,303.0,284.18,6.62,6850.43,0.0,0.0,0.0,0.0,0.0,0,0,0,0,0.0,0.0,,,,,,,0.0,0.0,0.0
2026-04-17,7888,麗寶新藥,ESB,1,43.15,43.0,0.35,30.9,0.0,0.0,0.0,0.0,0.0,0,0,0,0,0.0,0.0,,,,,,,0.0,0.0,0.0
2026-04-17,7889,騰勢,ESB,1,95.4,95.72,-0.33,11.55,0.0,0.0,0.0,0.0,0.0,0,0,0,0,0.0,0.0,,,,,,,0.0,0.0,0.0
2026-04-17,7890,明曜科技,ESB,1,119.5,121.49,-1.64,162.25,0.0,0.0,0.0,0.0,0.0,0,0,0,0,0.0,0.0,,,,,,,0.0,0.0,0.0
2026-04-17,7891,博研醫藥,ESB,1,27.05,27.59,-1.96,18.05,0.0,0.0,0.0,0.0,0.0,0,0,0,0,0.0,0.0,,,,,,,0.0,0.0,0.0
2026-04-17,7892,元鈦科,ESB,1,1205.0,1184.45,1.73,689.64,0.0,0.0,0.0,0.0,0.0,0,0,0,0,0.0,0.0,,,,,,,0.0,0.0,0.0
2026-04-17,7893,睿信,ESB,1,228.5,223.87,2.07,172.39,0.0,0.0,0.0,0.0,0.0,0,0,0,0,0.0,0.0,,,,,,,0.0,0.0,0.0
2026-04-17,7895,元進莊,ESB,1,71.5,70.98,0.73,18.36,0.0,0.0,0.0,0.0,0.0,0,0,0,0,0.0,0.0,,,,,,,0.0,0.0,0.0
2026-04-17,7896,喬越,ESB,1,373.5,361.53,3.31,75.3,0.0,0.0,0.0,0.0,0.0,0,0,0,0,0.0,0.0,,,,,,,0.0,0.0,0.0
2026-04-17,7897,禾迅綠電,ESB,1,43.0,42.48,1.22,24.4,0.0,0.0,0.0,0.0,0.0,0,0,0,0,0.0,0.0,,,,,,,0.0,0.0,0.0
2026-04-17,7899,景美,ESB,1,620.0,617.66,0.38,821.6,0.0,0.0,0.0,0.0,0.0,0,0,0,0,0.0,0.0,,,,,,,0.0,0.0,0.0
2026-04-17,7901,大大寬頻,ESB,1,78.3,78.3001,-0.0,1.14,0.0,0.0,0.0,0.0,0.0,0,0,0,0,0.0,0.0,,,,,,,0.0,0.0,0.0
2026-04-17,7902,宇越生醫*,ESB,1,45.15,45.42,-0.59,480.3,0.0,0.0,0.0,0.0,0.0,0,0,0,0,0.0,0.0,,,,,,,0.0,0.0,0.0
2026-04-17,7904,任開數位,ESB,1,25.85,25.8496,0.0,0.55,0.0,0.0,0.0,0.0,0.0,0,0,0,0,0.0,0.0,,,,,,,0.0,0.0,0.0
2026-04-17,7909,鈺祥,ESB,1,945.0,928.7,1.76,491.39,0.0,0.0,0.0,0.0,0.0,0,0,0,0,0.0,0.0,,,,,,,0.0,0.0,0.0
2026-04-17,8058,耐特,ESB,1,141.5,140.11,0.99,1890.74,0.0,0.0,0.0,0.0,0.0,0,0,0,0,0.0,0.0,,,,,,,0.0,0.0,0.0
2026-04-17,8067,志旭,TPEX,5,13.0,13.7778,-5.65,27.0,0.0,0.0,0.0,0.0,0.0,0,0,0,0,0.0,0.0,,,,,,,0.0,0.0,0.0
2026-04-17,8093,保銳,TPEX,5,20.0,19.9368,0.32,163.0,0.0,0.0,0.0,0.0,0.0,0,0,0,0,0.0,0.0,,,,,,,0.0,0.0,0.0
2026-04-17,8098,慶康科技,ESB,1,447.0,435.87,2.55,216.5,0.0,0.0,0.0,0.0,0.0,0,0,0,0,0.0,0.0,,,,,,,0.0,0.0,0.0
2026-04-17,8101,華冠,TWSE,5,14.25,13.343,6.8,24.75,0.0,0.0,0.0,0.0,0.0,0,0,0,0,0.0,0.0,,,,,,,0.0,0.0,0.0
2026-04-17,8119,公信,ESB,1,12.9,12.6,2.38,2047.25,0.0,0.0,0.0,0.0,0.0,0,0,0,0,0.0,0.0,,,,,,,0.0,0.0,0.0
2026-04-17,8291,尚茂,TPEX,5,,13.8346,,39.0,0.0,0.0,0.0,0.0,0.0,0,0,0,0,0.0,0.0,,,,,,,0.0,0.0,0.0
2026-04-17,8298,威睿,ESB,1,57.0,58.99,-3.37,339.64,0.0,0.0,0.0,0.0,0.0,0,0,0,0,0.0,0.0,,,,,,,0.0,0.0,0.0
2026-04-17,8329,台視,ESB,1,10.6,10.45,1.44,194.0,0.0,0.0,0.0,0.0,0.0,0,0,0,0,0.0,0.0,,,,,,,0.0,0.0,0.0
2026-04-17,8345,超秦,ESB,1,0.0,,,0.0,0.0,0.0,0.0,,,0,0,0,0,0.0,0.0,,,,,,,0.0,0.0,0.0
2026-04-17,8359,錢櫃,ESB,1,70.1,69.52,0.83,32.76,0.0,0.0,0.0,0.0,0.0,0,0,0,0,0.0,0.0,,,,,,,0.0,0.0,0.0
2026-04-17,8455,大拓-KY,TPEX,5,20.7,20.2987,1.98,40.0,0.0,0.0,0.0,0.0,0.0,0,0,0,0,0.0,0.0,,,,,,,0.0,0.0,0.0
2026-04-17,8458,影一,ESB,1,15.55,14.59,6.58,75.92,0.0,0.0,0.0,0.0,0.0,0,0,0,0,0.0,0.0,,,,,,,0.0,0.0,0.0
2026-04-17,8906,花王,TPEX,5,28.55,28.8039,-0.88,232.0,0.0,0.0,0.0,0.0,0.0,0,0,0,0,0.0,0.0,,,,,,,0.0,0.0,0.0
2026-04-17,8921,沈氏,TPEX,5,17.0,17.4349,-2.49,63.0,0.0,0.0,0.0,0.0,0.0,0,0,0,0,0.0,0.0,,,,,,,0.0,0.0,0.0
2026-04-17,8923,時報,TPEX,5,19.85,19.84,0.05,5.0,0.0,0.0,0.0,0.0,0.0,0,0,0,0,0.0,0.0,,,,,,,0.0,0.0,0.0
2026-04-17,8999,台灣積層,ESB,1,39.05,38.41,1.67,12.2,0.0,0.0,0.0,0.0,0.0,0,0,0,0,0.0,0.0,,,,,,,0.0,0.0,0.0
2026-04-17,9110,越南控-DR,TWSE,5,3.1,2.9711,4.34,219.0,0.0,0.0,0.0,0.0,0.0,0,0,0,0,0.0,0.0,,,,,,,0.0,0.0,0.0
2026-04-17,9928,中視,TWSE,5,17.7,17.8574,-0.88,418.05,0.0,0.0,0.0,0.0,0.0,0,0,0,0,0.0,0.0,,,,,,,0.0,0.0,0.0
2026-04-17,9957,燁聯,ESB,1,6.01,6.0,0.17,998.88,0.0,0.0,0.0,0.0,0.0,0,0,0,0,0.0,0.0,,,,,,,0.0,0.0,0.0
2026-04-17,4192,杏國,TPEX,5,19.8,19.9427,-0.72,48.0,-0.0,0.0,-0.0,-0.0,0.0,0,0,0,0,0.0,0.0,,,,,,,0.0,-0.01,-0.01
2026-04-17,5364,力麗店,TPEX,5,11.35,11.8242,-4.01,1811.0,6.0,0.0,6.0,0.33,0.0,0,2,0,0,-5.0,0.0,,,,,,,0.0,-0.07,-0.07
2026-04-17,8099,大世科,TPEX,5,69.7,70.7393,-1.47,1076.0,-8.0,0.0,-8.0,-0.74,0.0,1,0,0,0,20.0,0.0,,,,,,,0.0,-0.08,-0.08
2026-04-17,2485,兆赫,TWSE,5,77.7,79.6389,-2.43,296716.48,-9183.15,39.0,-9144.15,-3.09,0.01,0,2,5,0,-1103.94,8.0,,,,,,,0.0,-0.12,-0.12
2026-04-17,4430,耀億,TPEX,5,17.45,17.4735,-0.13,147.0,-0.12,0.0,-0.12,-0.08,0.0,0,0,0,0,0.0,0.0,,,,,,,0.0,-0.22,-0.22
2026-04-17,4566,時碩工業,TWSE,5,70.1,71.0315,-1.31,20922.99,-172.55,0.0,-172.55,-0.82,0.0,1,0,0,0,191.45,0.0,,,,,,,0.0,-0.31,-0.31
2026-04-17,8374,羅昇,TWSE,5,81.6,83.9764,-2.83,10636.94,-164.56,0.0,-164.56,-1.55,0.0,2,0,0,0,14.44,0.0,,,,,,,0.0,-0.33,-0.33
2026-04-17,2241,艾姆勒,TWSE,5,28.45,28.2132,0.84,1653.26,-13.83,0.0,-13.83,-0.84,0.0,1,0,0,0,66.17,0.0,,,,,,,0.0,-0.34,-0.34
2026-04-17,6512,啟發電,TPEX,5,19.9,19.5301,1.89,68.0,-0.09,0.0,-0.09,-0.14,0.0,0,0,0,0,0.0,0.0,,,,,,,0.0,-0.38,-0.38
2026-04-17,6126,信音,TPEX,5,33.25,33.5912,-1.02,9142.0,-84.0,0.0,-84.0,-0.92,0.0,1,0,0,0,107.0,0.0,,,,,,,0.0,-0.57,-0.57
2026-04-17,3276,宇環,TPEX,5,14.45,14.472,-0.15,1285.0,-12.0,0.0,-12.0,-0.93,0.0,1,0,0,0,31.0,0.0,,,,,,,0.0,-0.61,-0.61
2026-04-17,6768,志強-KY,TWSE,5,85.4,82.9464,2.96,3172.94,231.86,-82.39,149.47,7.31,-2.6,0,3,0,5,-97.03,-3.51,,,,,,,0.0,-0.61,-0.61
2026-04-17,8155,博智,TPEX,5,377.5,342.8644,10.1,23684.0,636.08,-10.0,626.08,2.69,-0.04,0,2,0,0,-237.09,0.0,,,,,,,0.0,-0.62,-0.62
2026-04-17,3685,元創精密,TPEX,5,34.45,31.483,9.42,3699.0,-35.0,0.0,-35.0,-0.95,0.0,1,0,0,0,15.0,0.0,,,,,,,0.0,-0.65,-0.65
2026-04-17,2380,虹光,TWSE,5,5.3,5.2936,0.12,1316.49,-3.08,0.0,-3.08,-0.23,0.0,0,0,0,0,0.0,0.0,,,,,,,0.0,-0.66,-0.66
2026-04-17,6117,迎廣,TWSE,5,81.6,80.8356,0.95,6161.04,-148.56,0.0,-148.56,-2.41,0.0,3,0,0,0,287.44,0.0,,,,,,,0.0,-0.75,-0.75
2026-04-17,5340,建榮,TPEX,5,134.0,123.8627,8.18,83264.0,1543.37,0.0,1543.37,1.85,0.0,0,1,0,0,-1347.98,0.0,,,,,,,0.0,-0.81,-0.81
2026-04-17,4402,郡都開發,TPEX,5,16.05,16.418,-2.24,294.0,-3.0,0.0,-3.0,-1.02,0.0,1,0,0,0,9.0,0.0,,,,,,,0.0,-0.86,-0.86
2026-04-17,2705,六福,TWSE,5,17.6,16.4605,6.92,6774.11,19.93,0.0,19.93,0.29,0.0,0,1,0,0,-66.07,0.0,,,,,,,0.0,-1.18,-1.18
2026-04-17,6028,公勝保經,TPEX,5,80.4,82.157,-2.14,230.0,-1.0,0.0,-1.0,-0.43,0.0,0,0,0,0,0.0,0.0,,,,,,,0.0,-1.22,-1.22
2026-04-17,6223,旺矽,TPEX,5,5195.0,4835.001,7.45,4954.0,-250.45,148.51,-101.93,-5.06,3.0,0,1,2,0,-137.17,126.86,,,,,,,0.0,-1.26,-1.26
2026-04-17,5468,凱鈺,TPEX,5,18.15,18.445,-1.6,383.0,-10.0,0.0,-10.0,-2.61,0.0,3,0,0,0,13.0,0.0,,,,,,,0.0,-1.31,-1.31
2026-04-17,8421,旭源,TPEX,5,13.5,13.4933,0.05,210.0,-4.05,0.0,-4.05,-1.93,0.0,2,0,0,0,2.0,0.0,,,,,,,0.0,-1.41,-1.41
2026-04-17,6185,幃翔,TPEX,5,14.05,13.9839,0.47,825.0,-22.05,0.0,-22.05,-2.67,0.0,3,0,0,0,4.0,0.0,,,,,,,0.0,-1.48,-1.48
2026-04-17,4569,六方科-KY,TWSE,5,194.5,185.6935,4.74,2958.52,-36.85,0.0,-36.85,-1.25,0.0,1,0,0,0,0.15,0.0,,,,,,,0.0,-1.49,-1.49
2026-04-17,1229,聯華,TWSE,5,44.4,44.1169,0.64,11446.75,-246.16,18.0,-228.16,-2.15,0.16,2,0,0,0,19.61,0.0,,,,,,,0.0,-1.5,-1.5
2026-04-17,2069,運錩,TWSE,5,18.5,18.479,0.11,1198.15,-15.47,0.0,-15.47,-1.29,0.0,1,0,0,0,27.53,0.0,,,,,,,0.0,-1.62,-1.62
2026-04-17,6127,九豪,TPEX,5,50.3,48.306,4.13,214630.0,280.02,0.0,280.02,0.13,0.0,0,1,0,0,-3249.99,0.0,,,,,,,0.0,-1.63,-1.63
2026-04-17,2732,六角,TPEX,5,68.3,66.0216,3.45,301.0,-4.0,0.0,-4.0,-1.33,0.0,1,0,0,0,19.98,0.0,,,,,,,0.0,-1.72,-1.72
2026-04-17,3049,精金,TWSE,5,13.8,12.72,8.49,69493.29,1059.91,0.0,1059.91,1.53,0.0,0,1,0,0,-423.57,0.0,,,,,,,0.0,-1.73,-1.73
2026-04-17,6426,統新,TWSE,5,227.0,207.7741,9.25,20594.8,19.24,0.0,19.24,0.09,0.0,1,0,0,0,322.2,0.0,,,,,,,0.0,-1.74,-1.74
2026-04-17,3555,博士旺,TPEX,5,260.0,230.1996,12.95,4264.0,-87.92,0.0,-87.92,-2.06,0.0,2,0,0,0,78.0,0.0,,,,,,,0.0,-1.77,-1.77
2026-04-17,1623,大東電,TWSE,5,209.5,193.2695,8.4,1127.0,17.0,0.0,17.0,1.51,0.0,0,1,0,0,-59.0,0.0,,,,,,,0.0,-1.78,-1.78
2026-04-17,4534,慶騰,TPEX,5,26.3,28.0492,-6.24,11283.0,-152.55,0.0,-152.55,-1.35,0.0,1,0,0,0,125.98,0.0,,,,,,,0.0,-1.79,-1.79
2026-04-17,3675,德微,TPEX,5,206.0,199.5556,3.23,3819.0,2.0,0.0,2.0,0.05,0.0,0,1,0,0,-133.75,0.0,,,,,,,0.0,-1.85,-1.85
2026-04-17,5388,中磊,TWSE,5,82.2,83.1801,-1.18,27525.1,183.48,-17.71,165.78,0.67,-0.06,0,1,0,3,-397.86,-2.71,,,,,,,0.0,-1.85,-1.85
2026-04-17,7717,萊德光電-KY,TPEX,5,875.0,894.0075,-2.13,3978.0,-186.25,50.0,-136.25,-4.68,1.26,1,0,2,0,26.06,20.0,,,,,,,0.0,-1.96,-1.96
2026-04-17,1742,台蠟,TPEX,5,15.85,15.9621,-0.7,323.0,0.0,0.0,0.0,0.0,0.0,0,1,0,0,-1.0,0.0,,,,,,,0.0,-2.0,-2.0
2026-04-17,3672,康聯訊,TPEX,5,11.5,11.3575,1.25,106.0,0.0,0.0,0.0,0.0,0.0,0,1,0,0,-1.0,0.0,,,,,,,0.0,-2.0,-2.0
2026-04-17,5703,亞都,TPEX,5,14.8,15.3207,-3.4,208.0,0.0,0.0,0.0,0.0,0.0,0,1,0,0,-1.0,0.0,,,,,,,0.0,-2.0,-2.0
2026-04-17,6171,大城地產,TPEX,5,25.95,26.1204,-0.65,167.0,0.0,0.0,0.0,0.0,0.0,0,1,0,0,-3.0,0.0,,,,,,,0.0,-2.0,-2.0
2026-04-17,6855,數泓科,TPEX,5,110.5,106.3759,3.88,133.0,0.0,0.0,0.0,0.0,0.0,0,1,0,0,-1.0,0.0,,,,,,,0.0,-2.0,-2.0
2026-04-17,7713,威力德生醫,TPEX,5,67.0,67.4429,-0.66,42.0,0.0,0.0,0.0,0.0,0.0,0,1,0,0,-4.0,0.0,,,,,,,0.0,-2.0,-2.0
2026-04-17,3067,全域,TPEX,5,18.6,19.8026,-6.07,136.0,-1.0,0.0,-1.0,-0.74,0.0,0,0,0,0,0.0,0.0,,,,,,,0.0,-2.06,-2.06
2026-04-17,3040,遠見,TWSE,5,44.7,46.5222,-3.92,1107.1,-0.84,0.0,-0.84,-0.08,0.0,0,1,0,0,-19.84,0.0,,,,,,,0.0,-2.21,-2.21
2026-04-17,4950,金耘國際,TPEX,5,16.8,16.6345,1.0,132.0,-2.0,0.0,-2.0,-1.52,0.0,1,0,0,0,1.0,0.0,,,,,,,0.0,-2.24,-2.24
2026-04-17,3515,華擎,TWSE,5,223.5,222.951,0.25,3983.35,58.56,-35.0,23.56,1.47,-0.88,0,1,0,3,-19.4,-33.0,,,,,,,0.0,-2.28,-2.28
2026-04-17,6215,和椿,TWSE,5,106.0,106.1508,-0.14,10094.44,-155.29,0.0,-155.29,-1.54,0.0,1,0,0,0,232.21,0.0,,,,,,,0.0,-2.31,-2.31
2026-04-17,6708,天擎,TPEX,5,39.3,38.7,1.55,133.0,-3.0,0.0,-3.0,-2.26,0.0,2,0,0,0,2.0,0.0,,,,,,,0.0,-2.32,-2.32
2026-04-17,5228,鈺鎧,TPEX,5,37.1,32.1977,15.23,14074.0,-25.0,0.0,-25.0,-0.18,0.0,0,1,0,0,-15.0,0.0,,,,,,,0.0,-2.5,-2.5
2026-04-17,4108,懷特,TWSE,5,12.65,12.7286,-0.62,1682.28,-27.09,0.0,-27.09,-1.61,0.0,1,0,0,0,46.99,0.0,,,,,,,0.0,-2.51,-2.51
2026-04-17,3593,力銘,TWSE,5,19.35,18.0761,7.05,956.05,-1.8,0.0,-1.8,-0.19,0.0,0,1,0,0,-1.81,0.0,,,,,,,0.0,-2.53,-2.53
2026-04-17,1626,艾美特-KY,TWSE,5,12.0,11.3261,5.95,2846.62,-5.48,0.0,-5.48,-0.19,0.0,0,1,0,0,-150.49,0.0,,,,,,,0.0,-2.54,-2.54
2026-04-17,2451,創見,TWSE,5,246.5,251.0421,-1.81,31952.71,926.85,-1179.88,-253.03,2.9,-3.69,2,0,0,1,24.96,-789.74,,,,,,,0.0,-2.56,-2.56
2026-04-17,3010,華立,TWSE,5,132.5,133.5609,-0.79,9296.24,221.06,-133.2,87.85,2.38,-1.43,1,0,0,5,443.17,-78.7,,,,,,,0.0,-2.57,-2.57
2026-04-17,6152,百一,TWSE,5,17.4,17.7798,-2.14,25466.28,-54.16,0.0,-54.16,-0.21,0.0,0,1,0,0,-1061.16,0.0,,,,,,,0.0,-2.6,-2.6
2026-04-17,2399,映泰,TWSE,5,35.25,35.8393,-1.64,92369.14,1010.19,-47.0,963.19,1.09,-0.05,0,2,0,3,-1391.56,-18.0,,,,,,,0.0,-2.61,-2.61
2026-04-17,6241,易通展,TPEX,5,10.1,10.1409,-0.4,434.0,-1.0,0.0,-1.0,-0.23,0.0,0,1,0,0,-2.0,0.0,,,,,,,0.0,-2.64,-2.64
2026-04-17,1432,大魯閣,TWSE,5,16.95,17.1339,-1.07,1485.86,-3.54,0.0,-3.54,-0.24,0.0,0,1,0,0,-30.55,0.0,,,,,,,0.0,-2.67,-2.67
2026-04-17,6754,匯僑設計,TWSE,5,47.0,47.1654,-0.35,145.26,2.33,-1.18,1.15,1.6,-0.81,1,0,0,5,10.33,-0.56,,,,,,,0.0,-2.69,-2.69
2026-04-17,6730,常廣,TPEX,5,39.0,38.6891,0.8,394.0,-1.0,0.0,-1.0,-0.25,0.0,0,1,0,0,-1.0,0.0,,,,,,,0.0,-2.71,-2.71
2026-04-17,6804,明係,TPEX,5,16.6,16.5922,0.05,103.0,-1.0,0.0,-1.0,-0.97,0.0,0,0,0,0,0.0,0.0,,,,,,,0.0,-2.72,-2.72
2026-04-17,8435,鉅邁,TPEX,5,57.9,57.3806,0.91,252.0,-1.0,0.0,-1.0,-0.4,0.0,0,1,0,0,-4.0,0.0,,,,,,,0.0,-3.11,-3.11
2026-04-17,2067,嘉鋼,TPEX,5,7.21,7.1668,0.6,262.0,-2.95,0.0,-2.95,-1.13,0.0,0,0,0,0,0.0,0.0,,,,,,,0.0,-3.15,-3.15
2026-04-17,4571,鈞興-KY,TWSE,5,160.0,158.2258,1.12,1146.88,-9.87,-1.0,-10.87,-0.86,-0.09,1,0,0,1,32.13,-1.0,,,,,,,0.0,-3.2,-3.2
2026-04-17,1709,和益,TWSE,5,18.95,19.1642,-1.12,7600.93,-250.62,0.0,-250.62,-3.3,0.0,3,0,0,0,197.38,0.0,,,,,,,0.0,-3.23,-3.23
2026-04-17,8072,陞泰,TWSE,5,29.6,29.4876,0.38,1622.2,-7.66,0.0,-7.66,-0.47,0.0,0,1,0,0,-110.6,0.0,,,,,,,0.0,-3.32,-3.32
2026-04-17,3481,群創,TWSE,5,25.9,27.2882,-5.09,1998369.79,37457.89,-792.07,36665.82,1.87,-0.04,0,2,0,3,-111107.21,-1206.06,,,,,,,0.0,-3.38,-3.38
2026-04-17,2351,順德,TWSE,5,129.0,124.2986,3.78,36959.53,72.95,0.0,72.95,0.2,0.0,0,2,0,0,-1222.2,0.0,,,,,,,0.0,-3.45,-3.45
2026-04-17,1308,亞聚,TWSE,5,15.25,16.4511,-7.3,41682.04,-812.29,0.0,-812.29,-1.95,0.0,1,0,0,0,123.95,0.0,,,,,,,0.0,-3.46,-3.46
2026-04-17,5523,豐謙,TPEX,5,30.5,30.3975,0.34,102.0,-2.0,0.0,-2.0,-1.96,0.0,1,0,0,0,1.0,0.0,,,,,,,0.0,-3.49,-3.49
2026-04-17,1540,喬福,TWSE,5,22.0,21.983,0.08,1563.02,-8.57,0.0,-8.57,-0.55,0.0,0,1,0,0,-82.57,0.0,,,,,,,0.0,-3.54,-3.54
2026-04-17,4527,方土霖,TPEX,5,43.2,43.3366,-0.32,101.0,-2.0,0.0,-2.0,-1.98,0.0,1,0,0,0,1.0,0.0,,,,,,,0.0,-3.54,-3.54
2026-04-17,8182,加高,TPEX,5,39.05,35.0704,11.35,15006.0,122.0,0.0,122.0,0.81,0.0,0,1,0,0,-54.0,0.0,,,,,,,0.0,-3.72,-3.72
2026-04-17,2436,偉詮電,TWSE,5,63.1,62.734,0.58,18008.69,-198.05,69.0,-129.05,-1.1,0.38,0,1,0,0,-481.11,0.0,,,,,,,0.0,-3.81,-3.81
2026-04-17,6658,聯策,TWSE,5,79.8,81.3073,-1.85,8661.06,-181.6,0.0,-181.6,-2.1,0.0,1,0,0,0,112.51,0.0,,,,,,,0.0,-3.87,-3.87
2026-04-17,5288,豐祥-KY,TWSE,5,159.0,161.5002,-1.55,3395.31,8.33,-1.0,7.33,0.25,-0.03,0,4,0,1,-18.67,-1.0,,,,,,,0.0,-3.91,-3.91
2026-04-17,6279,胡連,TPEX,5,109.0,105.8881,2.94,2283.0,126.09,-117.0,9.09,5.52,-5.12,2,0,0,5,80.39,-26.0,,,,,,,0.0,-3.95,-3.95
2026-04-17,3168,眾福科,TWSE,5,46.0,46.6944,-1.49,806.52,0.0,0.0,0.0,0.0,0.0,0,2,0,0,-14.0,0.0,,,,,,,0.0,-4.0,-4.0
2026-04-17,6865,偉康科技,TPEX,5,36.3,36.1075,0.53,113.0,0.0,0.0,0.0,0.0,0.0,0,2,0,0,-2.0,0.0,,,,,,,0.0,-4.0,-4.0
2026-04-17,6899,創為精密,TPEX,5,54.8,54.6405,0.29,168.0,0.0,0.0,0.0,0.0,0.0,0,2,0,0,-1.0,0.0,,,,,,,0.0,-4.0,-4.0
2026-04-17,8096,擎亞,TPEX,5,91.5,95.7363,-4.42,56716.0,-407.69,0.0,-407.69,-0.72,0.0,0,1,0,0,-908.12,0.0,,,,,,,0.0,-4.01,-4.01
2026-04-17,6265,方土昶,TPEX,5,38.9,41.0599,-5.26,29053.0,-624.87,0.0,-624.87,-2.15,0.0,1,0,0,0,297.0,0.0,,,,,,,0.0,-4.02,-4.02
2026-04-17,8432,東生華,TPEX,5,50.8,51.0507,-0.49,138.0,-2.0,0.0,-2.0,-1.45,0.0,0,0,0,0,0.0,0.0,,,,,,,0.0,-4.06,-4.06
2026-04-17,3191,雲嘉南,TPEX,5,13.65,13.6051,0.33,68.0,-1.0,0.0,-1.0,-1.47,0.0,0,0,0,0,0.0,0.0,,,,,,,0.0,-4.12,-4.12
2026-04-17,1201,味全,TWSE,5,13.4,13.326,0.55,2280.66,-82.74,0.0,-82.74,-3.63,0.0,3,0,0,0,10.26,0.0,,,,,,,0.0,-4.16,-4.16
2026-04-17,6649,台生材,TPEX,5,39.65,40.0304,-0.95,445.0,-3.5,0.0,-3.5,-0.79,0.0,0,1,0,0,-14.0,0.0,,,,,,,0.0,-4.2,-4.2
2026-04-17,5274,信驊,TPEX,5,13805.0,13548.6488,1.89,1284.0,-345.52,98.96,-246.56,-26.91,7.71,0,2,5,0,-120.33,18.92,,,,,,,0.0,-4.23,-4.23
2026-04-17,8110,華東,TWSE,5,48.3,49.6084,-2.64,37095.19,672.57,-95.0,577.57,1.81,-0.26,0,1,0,5,-672.58,-37.0,,,,,,,0.0,-4.27,-4.27
2026-04-17,6953,家碩,TPEX,5,240.0,222.177,8.02,822.0,-7.0,0.0,-7.0,-0.85,0.0,0,1,0,0,-71.0,0.0,,,,,,,0.0,-4.38,-4.38
2026-04-17,5309,系統電,TPEX,5,58.8,58.4113,0.67,20442.0,345.02,-40.0,305.02,1.69,-0.2,0,1,0,5,-648.0,-7.0,,,,,,,0.0,-4.42,-4.42
2026-04-17,1475,業旺,TWSE,5,28.35,29.531,-4.0,374.74,-8.67,0.0,-8.67,-2.31,0.0,1,0,0,0,1.33,0.0,,,,,,,0.0,-4.48,-4.48
2026-04-17,7730,暉盛-創,TWSE,5,172.5,187.5852,-8.04,510.12,-0.9,0.0,-0.9,-0.18,0.0,0,2,0,0,-34.0,0.0,,,,,,,0.0,-4.49,-4.49
2026-04-17,6672,騰輝電子-KY,TWSE,5,176.0,156.2258,12.66,33458.68,-780.74,0.0,-780.74,-2.33,0.0,1,0,0,0,856.0,0.0,,,,,,,0.0,-4.53,-4.53
2026-04-17,6125,廣運,TPEX,5,56.6,55.2779,2.39,8091.0,-190.0,0.0,-190.0,-2.35,0.0,1,0,0,0,233.0,0.0,,,,,,,0.0,-4.58,-4.58
2026-04-17,4533,協易機,TPEX,5,31.65,31.3856,0.84,12872.0,-396.0,0.0,-396.0,-3.08,0.0,2,0,0,0,182.0,0.0,,,,,,,0.0,-4.61,-4.61
2026-04-17,1325,恆大,TWSE,5,27.05,26.7168,1.25,907.29,-8.58,0.0,-8.58,-0.95,0.0,0,1,0,0,-25.58,0.0,,,,,,,0.0,-4.65,-4.65
2026-04-17,2740,華軒,TPEX,5,38.5,37.04,3.94,60.0,-1.0,0.0,-1.0,-1.67,0.0,0,0,0,0,0.0,0.0,,,,,,,0.0,-4.67,-4.67
2026-04-17,6903,巨漢,TPEX,5,394.0,393.672,0.08,11485.0,-275.79,0.0,-275.79,-2.4,0.0,1,0,0,0,20.0,0.0,,,,,,,0.0,-4.72,-4.72
2026-04-17,1307,三芳,TWSE,5,31.9,32.1292,-0.71,2953.82,2.98,-5.0,-2.02,0.1,-0.17,0,1,0,1,-109.02,-2.0,,,,,,,0.0,-4.78,-4.78
2026-04-17,9950,萬國通,TPEX,5,12.1,12.9313,-6.43,7359.0,-21.0,0.0,-21.0,-0.29,0.0,0,2,0,0,-15.0,0.0,,,,,,,0.0,-4.8,-4.8
2026-04-17,8044,網家,TPEX,5,24.1,23.835,1.11,4779.0,-14.0,0.0,-14.0,-0.29,0.0,0,2,0,0,-96.0,0.0,,,,,,,0.0,-4.82,-4.82
2026-04-17,1595,川寶,TPEX,5,52.5,52.7077,-0.39,14884.0,-151.0,0.0,-151.0,-1.01,0.0,0,1,0,0,-327.0,0.0,,,,,,,0.0,-4.84,-4.84
2026-04-17,3236,千如,TPEX,5,35.25,35.2137,0.1,53648.0,-1694.0,0.0,-1694.0,-3.16,0.0,2,0,0,0,199.0,0.0,,,,,,,0.0,-4.84,-4.84
2026-04-17,2751,王座,TPEX,5,57.0,57.0102,-0.02,98.0,-1.0,0.0,-1.0,-1.02,0.0,0,1,0,0,-2.0,0.0,,,,,,,0.0,-4.86,-4.86
2026-04-17,7782,光速火箭,TPEX,5,29.45,28.8622,2.04,196.0,-2.0,0.0,-2.0,-1.02,0.0,0,1,0,0,-3.0,0.0,,,,,,,0.0,-4.86,-4.86
2026-04-17,2461,光群雷,TWSE,5,17.55,17.5472,0.02,3945.59,-97.44,0.0,-97.44,-2.47,0.0,1,0,0,0,14.84,0.0,,,,,,,0.0,-4.91,-4.91
2026-04-17,6431,光麗-KY,TWSE,5,21.3,21.4187,-0.55,710.9,-22.74,0.0,-22.74,-3.2,0.0,2,0,0,0,15.26,0.0,,,,,,,0.0,-4.96,-4.96
2026-04-17,6281,全國電,TWSE,5,53.0,52.3678,1.21,638.54,-6.8,0.0,-6.8,-1.07,0.0,0,1,0,0,-16.75,0.0,,,,,,,0.0,-4.98,-4.98
2026-04-17,3268,海德威,TPEX,5,17.1,17.0802,0.12,2160.0,-24.0,0.0,-24.0,-1.11,0.0,0,1,0,0,-20.0,0.0,,,,,,,0.0,-5.11,-5.11
2026-04-17,8422,可寧衛*,TWSE,5,29.45,29.417,0.11,53164.86,2964.74,-1976.0,988.74,5.58,-3.72,0,1,0,5,-1600.58,-224.0,,,,,,,0.0,-5.15,-5.15
2026-04-17,3041,揚智,TWSE,5,22.6,22.3187,1.26,3271.97,-37.12,0.0,-37.12,-1.13,0.0,0,1,0,0,-11.43,0.0,,,,,,,0.0,-5.18,-5.18
2026-04-17,3158,嘉實,TPEX,5,89.1,90.3486,-1.38,107.0,-2.0,0.0,-2.0,-1.87,0.0,0,0,0,0,0.0,0.0,,,,,,,0.0,-5.23,-5.23
2026-04-17,5301,寶得利,TPEX,5,9.44,9.3957,0.47,53.0,-1.0,0.0,-1.0,-1.89,0.0,0,0,0,0,0.0,0.0,,,,,,,0.0,-5.28,-5.28
2026-04-17,3171,炎洲流通,TPEX,5,66.4,69.3735,-4.29,1254.0,-15.0,0.0,-15.0,-1.2,0.0,0,1,0,0,-10.0,0.0,,,,,,,0.0,-5.35,-5.35
2026-04-17,5455,昇益,TPEX,5,25.45,24.2898,4.78,167.0,-2.0,0.0,-2.0,-1.2,0.0,0,1,0,0,-1.0,0.0,,,,,,,0.0,-5.35,-5.35
2026-04-17,2363,矽統,TWSE,5,54.4,52.3926,3.83,72902.74,-320.83,-38.0,-358.83,-0.44,-0.05,0,2,0,0,-109.58,0.0,,,,,,,0.0,-5.4,-5.4
2026-04-17,6451,訊芯-KY,TWSE,5,505.0,472.817,6.81,24132.81,-991.09,3.59,-987.51,-4.11,0.01,3,0,0,0,87.12,0.0,,,,,,,0.0,-5.45,-5.45
2026-04-17,8049,晶采,TPEX,5,25.7,25.3868,1.23,775.0,-4.0,0.0,-4.0,-0.52,0.0,0,2,0,0,-1.0,0.0,,,,,,,0.0,-5.45,-5.45
2026-04-17,6190,萬泰科,TPEX,5,62.7,62.9085,-0.33,42919.0,-1755.92,0.0,-1755.92,-4.09,0.0,3,0,0,0,28.0,0.0,,,,,,,0.0,-5.46,-5.46
2026-04-17,3066,李洲,TPEX,5,22.05,21.5858,2.15,7424.0,-40.0,0.0,-40.0,-0.54,0.0,0,2,0,0,-8.0,0.0,,,,,,,0.0,-5.51,-5.51
2026-04-17,6141,柏承,TWSE,5,31.2,27.6691,12.76,16187.77,142.09,0.0,142.09,0.88,0.0,0,2,0,0,-8.0,0.0,,,,,,,0.0,-5.54,-5.54
2026-04-17,1785,光洋科,TPEX,5,156.0,136.9308,13.93,119503.0,1941.32,107.46,2048.77,1.62,0.09,0,2,0,1,-619.79,-0.54,,,,,,,0.0,-5.65,-5.65
2026-04-17,4726,永昕,TPEX,5,29.8,30.0606,-0.87,1821.0,-24.0,0.0,-24.0,-1.32,0.0,0,1,0,0,-62.0,0.0,,,,,,,0.0,-5.69,-5.69
2026-04-17,5347,世界,TPEX,5,132.0,131.197,0.61,127268.0,13068.32,-13374.77,-306.46,10.27,-10.51,1,0,0,1,2741.69,-2702.22,,,,,,,0.0,-5.69,-5.69
2026-04-17,8086,宏捷科,TPEX,5,148.5,144.6208,2.68,54477.0,-1404.69,-0.24,-1404.92,-2.58,-0.0,2,0,0,1,1042.52,-0.24,,,,,,,0.0,-5.72,-5.72
2026-04-17,3042,晶技,TWSE,5,151.5,134.4362,12.69,110070.61,2725.5,-1570.0,1155.5,2.48,-1.43,3,0,0,4,588.79,-83.0,,,,,,,0.0,-5.77,-5.77
2026-04-17,7822,倍利科,TWSE,5,1575.0,1619.8205,-2.77,3652.34,-23.07,0.0,-23.07,-0.63,0.0,0,2,0,0,-49.84,0.0,,,,,,,0.0,-5.77,-5.77
2026-04-17,6781,AES-KY,TWSE,5,1040.0,1005.7311,3.41,5257.68,0.89,-69.0,-68.11,0.02,-1.31,0,2,1,0,-139.69,3.0,,,,,,,0.0,-5.78,-5.78
2026-04-17,6516,勤崴國際,TPEX,5,61.2,61.133,0.11,215.0,-6.0,0.0,-6.0,-2.79,0.0,1,0,0,0,2.0,0.0,,,,,,,0.0,-5.81,-5.81
2026-04-17,3714,富采,TWSE,5,77.9,71.5661,8.85,411710.23,-4534.52,227.0,-4307.52,-1.1,0.06,0,4,2,0,-9586.82,208.0,,,,,,,0.0,-5.9,-5.9
2026-04-17,4535,至興,TPEX,5,28.25,28.3574,-0.38,47.0,-1.0,0.0,-1.0,-2.13,0.0,0,0,0,0,0.0,0.0,,,,,,,0.0,-5.96,-5.96
2026-04-17,3388,崇越電,TPEX,5,99.3,89.5125,10.93,10639.0,-154.0,0.0,-154.0,-1.45,0.0,0,1,0,0,-140.0,0.0,,,,,,,0.0,-6.05,-6.05
2026-04-17,6578,達邦蛋白,TPEX,5,17.75,17.6922,0.33,409.0,-6.0,0.0,-6.0,-1.47,0.0,0,1,0,0,-6.0,0.0,,,,,,,0.0,-6.11,-6.11
2026-04-17,6266,泰詠,TPEX,5,28.2,28.0376,0.58,1251.0,-19.0,0.0,-19.0,-1.52,0.0,0,1,0,0,-27.0,0.0,,,,,,,0.0,-6.25,-6.25
2026-04-17,6264,富裔,TPEX,5,6.2,6.1898,0.16,247.0,-2.0,0.0,-2.0,-0.81,0.0,0,2,0,0,-2.0,0.0,,,,,,,0.0,-6.27,-6.27
2026-04-17,6285,啟碁,TWSE,5,264.5,246.9093,7.12,248523.38,-2057.28,1872.58,-184.7,-0.83,0.75,0,2,0,1,-2843.89,-1096.42,,,,,,,0.0,-6.33,-6.33
2026-04-17,1608,華榮,TWSE,5,33.15,33.1346,0.05,9606.98,197.15,-47.07,150.07,2.05,-0.49,0,2,0,5,-253.85,-17.69,,,,,,,0.0,-6.37,-6.37
2026-04-17,6101,寬魚國際,TPEX,5,39.7,40.1795,-1.19,468.0,-4.0,0.0,-4.0,-0.85,0.0,0,2,0,0,-11.0,0.0,,,,,,,0.0,-6.39,-6.39
2026-04-17,6588,東典光電,TPEX,5,155.0,150.4811,3.0,37248.0,-588.0,0.0,-588.0,-1.58,0.0,0,1,0,0,-356.0,0.0,,,,,,,0.0,-6.42,-6.42
2026-04-17,6670,復盛應用,TWSE,5,260.0,263.0466,-1.16,1986.34,143.55,-109.86,33.69,7.23,-5.53,0,1,0,5,-96.67,-22.76,,,,,,,0.0,-6.52,-6.52
2026-04-17,4939,亞電,TPEX,5,41.15,35.2241,16.82,37076.0,-604.31,0.0,-604.31,-1.63,0.0,0,1,0,0,-186.0,0.0,,,,,,,0.0,-6.56,-6.56
2026-04-17,3310,佳穎,TPEX,5,72.3,70.4726,2.59,453.0,-14.0,0.0,-14.0,-3.09,0.0,1,0,0,0,2.0,0.0,,,,,,,0.0,-6.65,-6.65
2026-04-17,6937,天虹,TWSE,5,306.0,310.0665,-1.31,7209.1,-144.04,-13.0,-157.04,-2.0,-0.18,1,0,0,1,141.96,-4.0,,,,,,,0.0,-6.69,-6.69
2026-04-17,6218,豪勉,TPEX,5,37.6,37.3944,0.55,14989.0,-468.3,0.0,-468.3,-3.12,0.0,1,0,0,0,2.19,0.0,,,,,,,0.0,-6.75,-6.75
2026-04-17,6187,萬潤,TPEX,5,1215.0,1117.9763,8.68,23550.0,-4009.71,1773.43,-2236.28,-17.03,7.53,0,4,4,0,-847.75,705.0,,,,,,,0.0,-6.77,-6.77
2026-04-17,8473,山林水,TWSE,5,37.4,37.6067,-0.55,2188.25,-37.25,0.0,-37.25,-1.7,0.0,0,1,0,0,-125.25,0.0,,,,,,,0.0,-6.77,-6.77
2026-04-17,6143,振曜,TPEX,5,93.0,92.8154,0.2,4827.0,-455.7,198.0,-257.7,-9.44,4.1,0,2,4,0,-349.7,10.0,,,,,,,0.0,-6.9,-6.9
2026-04-17,5450,南良,TPEX,5,13.9,14.1632,-1.86,287.0,-3.0,0.0,-3.0,-1.05,0.0,0,2,0,0,-3.0,0.0,,,,,,,0.0,-6.93,-6.93
2026-04-17,6584,南俊國際,TPEX,5,667.0,673.08,-0.9,4949.0,-241.97,92.0,-149.97,-4.89,1.86,0,1,1,0,-221.0,25.0,,,,,,,0.0,-7.06,-7.06
2026-04-17,6751,智聯服務,TPEX,5,51.0,51.79,-1.53,271.0,-3.0,0.0,-3.0,-1.11,0.0,0,2,0,0,-2.0,0.0,,,,,,,0.0,-7.1,-7.1
2026-04-17,3551,世禾,TPEX,5,198.0,192.2325,3.0,12569.0,-178.85,-291.0,-469.85,-1.42,-2.32,1,0,1,0,144.15,4.0,,,,,,,0.0,-7.12,-7.12
2026-04-17,2032,新鋼,TWSE,5,16.35,16.8373,-2.89,2163.36,-24.35,0.0,-24.35,-1.13,0.0,0,2,0,0,-56.35,0.0,,,,,,,0.0,-7.15,-7.15
2026-04-17,2754,亞洲藏壽司,TPEX,5,69.5,69.9843,-0.69,89.0,-1.0,0.0,-1.0,-1.12,0.0,0,2,0,0,-3.0,0.0,,,,,,,0.0,-7.15,-7.15
2026-04-17,6616,特昇-KY,TPEX,5,10.0,10.1937,-1.9,259.0,-3.0,0.0,-3.0,-1.16,0.0,0,2,0,0,-4.0,0.0,,,,,,,0.0,-7.24,-7.24
2026-04-17,1809,中釉,TWSE,5,27.2,27.0161,0.68,20529.89,-680.26,0.0,-680.26,-3.31,0.0,1,0,0,0,340.83,0.0,,,,,,,0.0,-7.28,-7.28
2026-04-17,6222,立軒,TPEX,5,20.75,20.6326,0.57,152.0,-4.0,0.0,-4.0,-2.63,0.0,0,0,0,0,0.0,0.0,,,,,,,0.0,-7.37,-7.37
2026-04-17,6680,鑫創電子,TPEX,5,55.2,55.4868,-0.52,38.0,-1.0,0.0,-1.0,-2.63,0.0,0,0,0,0,0.0,0.0,,,,,,,0.0,-7.37,-7.37
2026-04-17,2753,八方雲集,TWSE,5,181.5,183.0566,-0.85,851.29,-16.54,0.0,-16.54,-1.94,0.0,0,1,0,0,-27.66,0.0,,,,,,,0.0,-7.44,-7.44
2026-04-17,4503,金雨,TPEX,5,41.55,41.229,0.78,905.0,-30.8,0.0,-30.8,-3.4,0.0,1,0,0,0,65.0,0.0,,,,,,,0.0,-7.53,-7.53
2026-04-17,6147,頎邦,TPEX,5,115.0,113.0795,1.7,154895.0,405.2,-833.21,-428.01,0.26,-0.54,0,2,0,1,-2440.99,-2710.97,,,,,,,0.0,-7.54,-7.54
2026-04-17,3011,今皓,TWSE,5,13.25,12.9492,2.32,6251.01,-124.44,0.0,-124.44,-1.99,0.0,0,1,0,0,-288.44,0.0,,,,,,,0.0,-7.57,-7.57
2026-04-17,8147,正淩,TPEX,5,162.0,152.4337,6.28,4867.0,-201.2,0.0,-201.2,-4.13,0.0,2,0,0,0,29.0,0.0,,,,,,,0.0,-7.58,-7.58
2026-04-17,5438,東友,TPEX,5,19.25,19.0122,1.25,551.0,-11.0,0.0,-11.0,-2.0,0.0,0,1,0,0,-4.0,0.0,,,,,,,0.0,-7.59,-7.59
2026-04-17,2409,友達,TWSE,5,19.85,19.854,-0.02,2518004.02,4016.87,-348.55,3668.32,0.16,-0.01,0,2,0,4,-101463.41,-267.34,,,,,,,0.0,-7.6,-7.6
2026-04-17,8928,鉅明,TPEX,5,23.0,22.7487,1.1,150.0,-3.0,0.0,-3.0,-2.0,0.0,0,1,0,0,-2.0,0.0,,,,,,,0.0,-7.6,-7.6
2026-04-17,4401,東隆興,TPEX,5,14.8,14.862,-0.42,386.0,-5.0,0.0,-5.0,-1.3,0.0,0,2,0,0,-1.0,0.0,,,,,,,0.0,-7.63,-7.63
2026-04-17,3054,立萬利,TWSE,5,75.7,73.4895,3.01,4365.12,-88.73,0.0,-88.73,-2.03,0.0,0,1,0,0,-57.89,0.0,,,,,,,0.0,-7.69,-7.69
2026-04-17,8024,佑華,TPEX,5,13.0,13.2561,-1.93,343.0,-7.0,0.0,-7.0,-2.04,0.0,0,1,0,0,-3.0,0.0,,,,,,,0.0,-7.71,-7.71
2026-04-17,5299,杰力,TPEX,5,84.5,82.2706,2.71,1420.0,-29.0,0.0,-29.0,-2.04,0.0,0,1,0,0,-121.0,0.0,,,,,,,0.0,-7.72,-7.72
2026-04-17,5292,華懋,TWSE,5,230.5,226.0947,1.95,2488.6,-11.79,-7.0,-18.79,-0.47,-0.28,1,0,0,3,27.21,-3.0,,,,,,,0.0,-7.75,-7.75
2026-04-17,2360,致茂,TWSE,5,2255.0,2010.5439,12.16,23829.32,-6106.29,2070.2,-4036.09,-25.63,8.69,0,5,5,0,-1438.39,275.26,,,,,,,0.0,-7.78,-7.78
2026-04-17,6278,台表科,TWSE,5,157.0,136.1696,15.3,123094.29,13946.08,-8337.09,5608.99,11.33,-6.77,1,0,0,5,5713.13,-1521.26,,,,,,,0.0,-7.79,-7.79
2026-04-17,8240,華宏,TPEX,5,66.3,64.5355,2.73,42084.0,-871.8,0.0,-871.8,-2.07,0.0,0,1,0,0,-221.0,0.0,,,,,,,0.0,-7.8,-7.8
2026-04-17,6229,研通,TPEX,5,25.2,25.6256,-1.66,4127.0,-86.0,0.0,-86.0,-2.08,0.0,0,1,0,0,-31.0,0.0,,,,,,,0.0,-7.83,-7.83
2026-04-17,3508,位速,TPEX,5,25.2,23.5113,7.18,9596.0,-200.0,0.0,-200.0,-2.08,0.0,0,1,0,0,-3.0,0.0,,,,,,,0.0,-7.84,-7.84
2026-04-17,2404,漢唐,TWSE,5,1025.0,946.3945,8.31,28744.25,1569.62,-1319.0,250.62,5.46,-4.59,3,0,0,4,3290.93,-274.0,,,,,,,0.0,-7.85,-7.85
2026-04-17,5351,鈺創,TPEX,5,67.5,68.5518,-1.53,61349.0,-2156.44,-28.0,-2184.44,-3.52,-0.05,1,0,0,0,302.0,0.0,,,,,,,0.0,-7.99,-7.99
2026-04-17,2605,新興,TWSE,5,35.65,36.9968,-3.64,65705.78,355.96,-998.0,-642.04,0.54,-1.52,0,1,0,1,-87.14,-1000.0,,,,,,,0.0,-8.0,-8.0
2026-04-17,8088,品安,TPEX,5,50.6,51.1109,-1.0,9332.0,-402.0,0.0,-402.0,-4.31,0.0,2,0,0,0,40.0,0.0,,,,,,,0.0,-8.06,-8.06
2026-04-17,6197,佳必琪,TWSE,5,185.5,182.9697,1.38,19108.58,-501.92,-160.0,-661.92,-2.63,-0.84,1,0,0,0,639.5,0.0,,,,,,,0.0,-8.12,-8.12
2026-04-17,5328,華容,TPEX,5,26.9,27.0715,-0.63,56181.0,-1232.95,0.0,-1232.95,-2.19,0.0,0,1,0,0,-695.0,0.0,,,,,,,0.0,-8.14,-8.14
2026-04-17,3548,兆利,TPEX,5,105.0,102.4834,2.46,11339.0,-413.8,0.0,-413.8,-3.65,0.0,1,0,0,0,69.0,0.0,,,,,,,0.0,-8.22,-8.22
2026-04-17,6174,安碁,TPEX,5,27.5,26.583,3.45,9342.0,-209.0,0.0,-209.0,-2.24,0.0,0,1,0,0,-125.0,0.0,,,,,,,0.0,-8.26,-8.26
2026-04-17,7631,聚賢研發-創,TWSE,5,137.0,130.6666,4.85,986.43,-15.0,0.0,-15.0,-1.52,0.0,0,2,0,0,-34.0,0.0,,,,,,,0.0,-8.26,-8.26
2026-04-17,3645,達邁,TWSE,5,104.5,95.0515,9.94,162154.37,972.11,0.0,972.11,0.6,0.0,0,3,0,0,-1344.42,0.0,,,,,,,0.0,-8.32,-8.32
2026-04-17,2066,世德,TPEX,5,46.3,47.3743,-2.27,395.0,-9.0,0.0,-9.0,-2.28,0.0,0,1,0,0,-9.0,0.0,,,,,,,0.0,-8.38,-8.38
2026-04-17,6425,易發,TPEX,5,85.9,80.3153,6.95,30507.0,-1353.0,0.0,-1353.0,-4.44,0.0,2,0,0,0,460.0,0.0,,,,,,,0.0,-8.42,-8.42
2026-04-17,1536,和大,TWSE,5,51.3,50.8853,0.82,7785.14,-100.61,-210.0,-310.61,-1.29,-2.7,2,0,0,0,171.39,0.0,,,,,,,0.0,-8.52,-8.52
2026-04-17,4558,寶緯,TPEX,5,19.9,20.0698,-0.85,639.0,-24.0,0.0,-24.0,-3.76,0.0,1,0,0,0,7.0,0.0,,,,,,,0.0,-8.52,-8.52
2026-04-17,9960,邁達康,TPEX,5,27.5,26.6017,3.38,957.0,-36.0,0.0,-36.0,-3.76,0.0,1,0,0,0,1.0,0.0,,,,,,,0.0,-8.53,-8.53
2026-04-17,3465,進泰電子,TPEX,5,34.2,34.6066,-1.17,342.0,-8.0,0.0,-8.0,-2.34,0.0,0,1,0,0,-2.0,0.0,,,,,,,0.0,-8.55,-8.55
2026-04-17,3050,鈺德,TWSE,5,13.15,13.2005,-0.38,3714.36,-87.27,0.0,-87.27,-2.35,0.0,0,1,0,0,-259.27,0.0,,,,,,,0.0,-8.58,-8.58
2026-04-17,5474,聰泰,TPEX,5,147.5,144.2711,2.24,1798.0,-29.7,0.0,-29.7,-1.65,0.0,0,2,0,0,-46.0,0.0,,,,,,,0.0,-8.63,-8.63
2026-04-17,6994,富威電力,TWSE,5,73.4,69.1585,6.13,2960.96,-112.5,0.0,-112.5,-3.8,0.0,1,0,0,0,5.0,0.0,,,,,,,0.0,-8.64,-8.64
2026-04-17,3489,森寶,TPEX,5,23.7,23.917,-0.91,800.0,-19.0,0.0,-19.0,-2.38,0.0,0,1,0,0,-9.0,0.0,,,,,,,0.0,-8.65,-8.65
2026-04-17,6697,東捷資訊,TPEX,5,41.1,40.8399,0.64,184.0,-7.0,0.0,-7.0,-3.8,0.0,1,0,0,0,4.0,0.0,,,,,,,0.0,-8.65,-8.65
2026-04-17,6124,業強,TPEX,5,31.05,31.2423,-0.62,421.0,-10.06,0.0,-10.06,-2.39,0.0,0,1,0,0,-11.0,0.0,,,,,,,0.0,-8.69,-8.69
2026-04-17,8042,金山電,TPEX,5,66.2,65.2833,1.4,38522.0,-1471.58,0.0,-1471.58,-3.82,0.0,1,0,0,0,505.0,0.0,,,,,,,0.0,-8.7,-8.7
2026-04-17,8043,蜜望實,TPEX,5,96.6,92.0632,4.93,85534.0,-1473.0,0.0,-1473.0,-1.72,0.0,0,2,0,0,-54.0,0.0,,,,,,,0.0,-8.82,-8.82
2026-04-17,6791,虎門科技,TPEX,5,135.0,132.042,2.24,2001.0,-48.93,0.0,-48.93,-2.45,0.0,0,1,0,0,-66.93,0.0,,,,,,,0.0,-8.85,-8.85
2026-04-17,1305,華夏,TWSE,5,14.9,16.7482,-11.04,66126.34,1204.95,-1200.0,4.95,1.82,-1.81,0,3,0,2,-122.56,-700.0,,,,,,,0.0,-8.89,-8.89
2026-04-17,3071,協禧,TPEX,5,30.15,30.0932,0.19,9525.0,-372.0,0.0,-372.0,-3.91,0.0,1,0,0,0,141.0,0.0,,,,,,,0.0,-8.94,-8.94
2026-04-17,5353,台林,TPEX,5,25.0,25.0714,-0.28,276.0,-7.0,0.0,-7.0,-2.54,0.0,0,1,0,0,-2.0,0.0,,,,,,,0.0,-9.1,-9.1
2026-04-17,3044,健鼎,TWSE,5,411.5,399.428,3.02,26837.61,2109.71,-1188.75,920.96,7.86,-4.43,0,2,0,5,-216.06,-66.83,,,,,,,0.0,-9.11,-9.11
2026-04-17,6573,虹揚-KY,TWSE,5,12.5,12.3399,1.3,700.48,-12.8,0.0,-12.8,-1.83,0.0,0,2,0,0,-72.8,0.0,,,,,,,0.0,-9.12,-9.12
2026-04-17,1515,力山,TWSE,5,23.15,23.0185,0.57,1968.63,-51.1,0.0,-51.1,-2.6,0.0,0,1,0,0,-127.1,0.0,,,,,,,0.0,-9.27,-9.27
2026-04-17,4931,新盛力,TPEX,5,145.0,140.4681,3.23,20823.0,-838.0,0.0,-838.0,-4.02,0.0,1,0,0,0,136.0,0.0,,,,,,,0.0,-9.27,-9.27
2026-04-17,5498,凱崴,TPEX,5,68.8,68.2984,0.73,126409.0,-3282.08,0.0,-3282.08,-2.6,0.0,0,1,0,0,-6705.39,0.0,,,,,,,0.0,-9.27,-9.27
2026-04-17,6620,漢達,TPEX,5,80.7,73.6967,9.5,2687.0,-108.39,0.0,-108.39,-4.03,0.0,1,0,0,0,8.0,0.0,,,,,,,0.0,-9.29,-9.29
2026-04-17,3416,融程電,TWSE,5,160.0,159.1258,0.55,3499.13,-166.98,0.0,-166.98,-4.77,0.0,2,0,0,0,20.89,0.0,,,,,,,0.0,-9.36,-9.36
2026-04-17,6203,海韻電,TPEX,5,65.6,64.5322,1.65,880.0,-42.0,0.0,-42.0,-4.77,0.0,2,0,0,0,60.0,0.0,,,,,,,0.0,-9.36,-9.36
2026-04-17,2316,楠梓電,TWSE,5,114.5,116.4043,-1.64,46072.22,-828.12,-2.0,-830.12,-1.8,-0.0,0,1,0,1,-810.33,-1.0,,,,,,,0.0,-9.55,-9.55
2026-04-17,3520,華盈,TPEX,5,13.9,13.9781,-0.56,820.0,-28.0,0.0,-28.0,-3.41,0.0,0,0,0,0,0.0,0.0,,,,,,,0.0,-9.56,-9.56
2026-04-17,5706,鳳凰,TWSE,5,52.7,54.185,-2.74,5889.81,-159.58,0.0,-159.58,-2.71,0.0,0,1,0,0,-110.58,0.0,,,,,,,0.0,-9.59,-9.59
2026-04-17,1735,日勝化,TWSE,5,29.3,29.6537,-1.19,17225.54,-224.76,0.0,-224.76,-1.3,0.0,0,3,0,0,-205.76,0.0,,,,,,,0.0,-9.65,-9.65
2026-04-17,3713,新晶投控,TPEX,5,16.4,16.1718,1.41,1517.0,-74.0,0.0,-74.0,-4.88,0.0,2,0,0,0,36.0,0.0,,,,,,,0.0,-9.66,-9.66
2026-04-17,6217,中探針,TPEX,5,244.0,241.7077,0.95,47194.0,-1967.23,2.0,-1965.23,-4.17,0.0,1,0,0,0,357.0,0.0,,,,,,,0.0,-9.66,-9.66
2026-04-17,1590,亞德客-KY,TWSE,5,1255.0,1172.1784,7.07,7203.72,-141.21,-70.17,-211.38,-1.96,-0.97,2,0,0,2,137.95,-61.0,,,,,,,0.0,-9.7,-9.7
2026-04-17,2496,卓越,TWSE,5,65.9,65.934,-0.05,92.49,-1.91,0.0,-1.91,-2.06,0.0,0,2,0,0,-2.91,0.0,,,,,,,0.0,-9.77,-9.77
2026-04-17,2462,良得電,TWSE,5,22.75,22.4463,1.35,2606.6,-72.64,0.0,-72.64,-2.79,0.0,0,1,0,0,-245.64,0.0,,,,,,,0.0,-9.8,-9.8
2026-04-17,6114,久威,TPEX,5,29.8,29.3832,1.42,113.0,-4.0,0.0,-4.0,-3.54,0.0,0,0,0,0,0.0,0.0,,,,,,,0.0,-9.91,-9.91
2026-04-17,2314,台揚,TWSE,5,15.45,13.7178,12.63,2813.36,-79.73,0.0,-79.73,-2.83,0.0,0,1,0,0,-2.74,0.0,,,,,,,0.0,-9.94,-9.94
2026-04-17,6863,永道-KY,TWSE,5,99.0,98.9942,0.01,634.85,-36.13,0.0,-36.13,-5.69,0.0,3,0,0,0,4.37,0.0,,,,,,,0.0,-9.94,-9.94
2026-04-17,3479,安勤,TPEX,5,92.2,91.5376,0.72,2657.0,-114.8,0.0,-114.8,-4.32,0.0,1,0,0,0,51.0,0.0,,,,,,,0.0,-10.1,-10.1
2026-04-17,8249,菱光,TWSE,5,50.2,50.1552,0.09,2328.58,-68.43,0.0,-68.43,-2.94,0.0,0,1,0,0,-1.43,0.0,,,,,,,0.0,-10.23,-10.23
2026-04-17,3006,晶豪科,TWSE,5,153.0,160.0481,-4.4,63730.16,375.13,-95.0,280.13,0.59,-0.15,0,1,0,5,-969.52,-28.0,,,,,,,0.0,-10.34,-10.34
2026-04-17,2618,長榮航,TWSE,5,35.3,35.0832,0.62,100206.67,11154.61,-10336.38,818.23,11.13,-10.32,0,1,0,4,-224.61,-1833.45,,,,,,,0.0,-10.35,-10.35
2026-04-17,1810,和成,TWSE,5,18.5,18.207,1.61,7634.61,84.3,-93.48,-9.18,1.1,-1.22,0,1,0,3,-610.7,-31.16,,,,,,,0.0,-10.45,-10.45
2026-04-17,2061,風青,TPEX,5,16.1,16.4003,-1.83,742.0,-33.0,0.0,-33.0,-4.45,0.0,1,0,0,0,12.0,0.0,,,,,,,0.0,-10.45,-10.45
2026-04-17,3563,牧德,TWSE,5,957.0,934.9561,2.36,13932.72,-722.93,87.0,-635.93,-5.19,0.62,1,0,0,0,30.13,0.0,,,,,,,0.0,-10.47,-10.47
2026-04-17,6902,GOGOLOOK,TWSE,5,99.1,91.9169,7.81,2905.87,-88.55,0.0,-88.55,-3.05,0.0,0,1,0,0,-111.55,0.0,,,,,,,0.0,-10.53,-10.53
2026-04-17,6470,宇智,TPEX,5,47.7,46.3167,2.99,492.0,-15.0,0.0,-15.0,-3.05,0.0,0,1,0,0,-2.0,0.0,,,,,,,0.0,-10.54,-10.54
2026-04-17,4746,台耀,TWSE,5,52.7,52.7633,-0.12,3516.96,-82.7,0.0,-82.7,-2.35,0.0,0,2,0,0,-202.7,0.0,,,,,,,0.0,-10.58,-10.58
2026-04-17,6757,台灣虎航,TWSE,5,49.6,49.6432,-0.09,3910.23,-119.87,0.0,-119.87,-3.07,0.0,0,1,0,0,-375.77,0.0,,,,,,,0.0,-10.58,-10.58
2026-04-17,6703,軒郁,TPEX,5,115.0,115.5821,-0.5,402.0,-21.0,0.0,-21.0,-5.22,0.0,2,0,0,0,9.0,0.0,,,,,,,0.0,-10.63,-10.63
2026-04-17,4129,聯合,TPEX,5,105.5,104.2627,1.19,1439.0,-65.0,0.0,-65.0,-4.52,0.0,1,0,0,0,36.0,0.0,,,,,,,0.0,-10.65,-10.65
2026-04-17,4568,科際精密,TPEX,5,41.5,41.4173,0.2,26.0,-1.0,0.0,-1.0,-3.85,0.0,0,0,0,0,0.0,0.0,,,,,,,0.0,-10.77,-10.77
2026-04-17,6654,天正國際,TPEX,5,87.6,85.8332,2.06,202.0,-2.0,0.0,-2.0,-0.99,0.0,0,4,0,0,-1.0,0.0,,,,,,,0.0,-10.77,-10.77
2026-04-17,8424,惠普,TPEX,5,74.7,74.2481,0.61,52.0,-2.0,0.0,-2.0,-3.85,0.0,0,0,0,0,0.0,0.0,,,,,,,0.0,-10.77,-10.77
2026-04-17,2428,興勤,TWSE,5,182.5,182.6562,-0.09,11805.76,-601.42,-2.0,-603.42,-5.09,-0.02,3,0,0,1,278.6,-1.0,,,,,,,0.0,-10.82,-10.82
2026-04-17,3093,港建*,TPEX,5,73.0,70.7818,3.13,31177.0,-760.06,0.0,-760.06,-2.44,0.0,0,2,0,0,-524.0,0.0,,,,,,,0.0,-10.83,-10.83
2026-04-17,1309,台達化,TWSE,5,19.6,22.1439,-11.49,86193.26,-2123.65,0.0,-2123.65,-2.46,0.0,0,2,0,0,-531.02,0.0,,,,,,,0.0,-10.9,-10.9
2026-04-17,4747,強生,TPEX,5,52.8,53.1087,-0.58,219.0,-7.0,0.0,-7.0,-3.2,0.0,0,1,0,0,-8.0,0.0,,,,,,,0.0,-10.95,-10.95
2026-04-17,2444,兆勁,TWSE,5,13.9,13.2272,5.09,4327.48,-76.75,0.0,-76.75,-1.77,0.0,0,3,0,0,-3.75,0.0,,,,,,,0.0,-10.97,-10.97
2026-04-17,4153,鈺緯,TPEX,5,32.0,32.2784,-0.86,480.0,-12.0,0.0,-12.0,-2.5,0.0,0,2,0,0,-2.0,0.0,,,,,,,0.0,-11.0,-11.0
2026-04-17,8077,洛碁,TPEX,5,41.6,44.586,-6.7,25.0,-1.0,0.0,-1.0,-4.0,0.0,0,0,0,0,0.0,0.0,,,,,,,0.0,-11.2,-11.2
2026-04-17,1781,合世,TPEX,5,11.5,11.5165,-0.14,421.0,-17.0,0.0,-17.0,-4.04,0.0,0,0,0,0,0.0,0.0,,,,,,,0.0,-11.31,-11.31
2026-04-17,5015,華祺,TPEX,5,24.45,24.9231,-1.9,270.0,-9.0,0.0,-9.0,-3.33,0.0,0,1,0,0,-8.0,0.0,,,,,,,0.0,-11.33,-11.33
2026-04-17,3323,加百裕,TPEX,5,33.15,32.55,1.84,3038.0,-145.76,0.0,-145.76,-4.8,0.0,1,0,0,0,21.0,0.0,,,,,,,0.0,-11.43,-11.43
2026-04-17,4714,永捷,TPEX,5,15.2,15.1984,0.01,9825.0,-473.0,0.0,-473.0,-4.81,0.0,1,0,0,0,8.0,0.0,,,,,,,0.0,-11.48,-11.48
2026-04-17,6026,福邦證,TPEX,5,14.8,14.7984,0.01,5081.0,-172.0,0.0,-172.0,-3.39,0.0,0,1,0,0,-222.0,0.0,,,,,,,0.0,-11.48,-11.48
2026-04-17,6204,艾華,TPEX,5,68.5,66.5213,2.97,1543.0,-86.0,0.0,-86.0,-5.57,0.0,2,0,0,0,54.0,0.0,,,,,,,0.0,-11.61,-11.61
2026-04-17,4510,高鋒,TPEX,5,47.05,47.3873,-0.71,22212.0,-763.99,0.0,-763.99,-3.44,0.0,0,1,0,0,-31.0,0.0,,,,,,,0.0,-11.63,-11.63
2026-04-17,3092,鴻碩,TWSE,5,35.3,35.2947,0.01,14173.46,-693.31,0.0,-693.31,-4.89,0.0,1,0,0,0,93.53,0.0,,,,,,,0.0,-11.7,-11.7
2026-04-17,4995,晶達,TPEX,5,42.65,41.9116,1.76,202.0,-7.0,0.0,-7.0,-3.47,0.0,0,1,0,0,-5.0,0.0,,,,,,,0.0,-11.7,-11.7
2026-04-17,5905,南仁湖,TPEX,5,8.73,8.8007,-0.8,7695.0,-268.74,0.0,-268.74,-3.49,0.0,0,1,0,0,-23.94,0.0,,,,,,,0.0,-11.78,-11.78
2026-04-17,2302,麗正,TWSE,5,19.4,18.8889,2.71,5497.41,-192.17,0.0,-192.17,-3.5,0.0,0,1,0,0,-441.17,0.0,,,,,,,0.0,-11.79,-11.79
2026-04-17,6155,鈞寶,TWSE,5,50.6,50.837,-0.47,29104.12,-1021.91,0.0,-1021.91,-3.51,0.0,0,1,0,0,-1210.57,0.0,,,,,,,0.0,-11.83,-11.83
2026-04-17,4720,德淵,TWSE,5,22.1,20.8913,5.79,48940.46,-228.18,-8.52,-236.71,-0.47,-0.02,1,0,0,5,1010.52,-4.01,,,,,,,0.0,-11.86,-11.86
2026-04-17,4951,精拓科,TPEX,5,72.3,70.8654,2.02,778.0,-33.0,0.0,-33.0,-4.24,0.0,0,0,0,0,0.0,0.0,,,,,,,0.0,-11.88,-11.88
2026-04-17,4908,前鼎,TPEX,5,170.5,143.1331,19.12,36880.0,-777.11,0.0,-777.11,-2.11,0.0,0,3,0,0,-46.05,0.0,,,,,,,0.0,-11.9,-11.9
2026-04-17,1702,南僑,TWSE,5,36.7,36.7038,-0.01,1668.04,86.4,-70.69,15.71,5.18,-4.24,0,3,0,5,-9.54,-10.6,,,,,,,0.0,-11.98,-11.98
2026-04-17,7704,明遠精密,TPEX,5,63.9,61.2669,4.3,1937.0,-97.0,0.0,-97.0,-5.01,0.0,1,0,0,0,9.0,0.0,,,,,,,0.0,-12.02,-12.02
2026-04-17,8097,常珵,TPEX,5,53.5,54.7484,-2.28,670.0,-24.0,0.0,-24.0,-3.58,0.0,0,1,0,0,-6.0,0.0,,,,,,,0.0,-12.03,-12.03
2026-04-17,8905,裕國,TPEX,5,40.55,40.4209,0.32,139.0,-5.0,0.0,-5.0,-3.6,0.0,0,1,0,0,-1.0,0.0,,,,,,,0.0,-12.07,-12.07
2026-04-17,3490,單井,TPEX,5,29.0,28.6779,1.12,19437.0,-701.0,0.0,-701.0,-3.61,0.0,0,1,0,0,-122.0,0.0,,,,,,,0.0,-12.1,-12.1
2026-04-17,4919,新唐,TWSE,5,129.0,108.816,18.55,140963.15,-551.24,-2.0,-553.24,-0.39,-0.0,0,3,0,2,-1238.6,-1.0,,,,,,,0.0,-12.1,-12.1
2026-04-17,5283,禾聯碩,TWSE,5,55.4,54.7213,1.24,555.13,-39.96,0.0,-39.96,-7.2,0.0,4,0,0,0,13.44,0.0,,,,,,,0.0,-12.16,-12.16
2026-04-17,8104,錸寶,TWSE,5,40.0,37.767,5.91,22702.44,-504.3,0.0,-504.3,-2.22,0.0,0,3,0,0,-626.3,0.0,,,,,,,0.0,-12.22,-12.22
2026-04-17,6741,91APP*-KY,TPEX,5,63.7,62.6541,1.67,1400.0,-51.2,0.0,-51.2,-3.66,0.0,0,1,0,0,-15.0,0.0,,,,,,,0.0,-12.24,-12.24
2026-04-17,1304,台聚,TWSE,5,14.55,15.9402,-8.72,93305.07,-1463.98,0.0,-1463.98,-1.57,0.0,0,4,0,0,-3126.91,0.0,,,,,,,0.0,-12.39,-12.39
2026-04-17,6282,康舒,TWSE,5,50.9,50.6719,0.45,204699.99,-4753.37,-244.0,-4997.37,-2.32,-0.12,1,0,0,3,3785.03,-97.0,,,,,,,0.0,-12.4,-12.4
2026-04-17,4163,鐿鈦,TPEX,5,108.0,108.3149,-0.29,154.0,-8.0,0.0,-8.0,-5.19,0.0,1,0,0,0,2.0,0.0,,,,,,,0.0,-12.55,-12.55
2026-04-17,5469,瀚宇博,TWSE,5,94.4,92.6297,1.91,30740.27,-320.95,-1040.0,-1360.95,-1.04,-3.38,2,0,0,1,957.21,-592.0,,,,,,,0.0,-12.59,-12.59
2026-04-17,3484,崧騰,TPEX,5,46.0,45.7904,0.46,1224.0,-64.0,0.0,-64.0,-5.23,0.0,1,0,0,0,9.0,0.0,,,,,,,0.0,-12.64,-12.64
2026-04-17,5519,隆大,TWSE,5,33.0,33.2037,-0.61,3340.57,-103.89,0.0,-103.89,-3.11,0.0,0,2,0,0,-156.91,0.0,,,,,,,0.0,-12.71,-12.71
2026-04-17,2305,全友,TWSE,5,17.7,18.6573,-5.13,34012.4,-1060.98,0.0,-1060.98,-3.12,0.0,0,2,0,0,-284.98,0.0,,,,,,,0.0,-12.73,-12.73
2026-04-17,6456,GIS-KY,TWSE,5,77.6,72.1354,7.58,141933.25,-4447.85,0.0,-4447.85,-3.13,0.0,0,2,0,0,-4851.22,0.0,,,,,,,0.0,-12.77,-12.77
2026-04-17,5291,邑昇,TPEX,5,70.3,75.2485,-6.58,14133.0,-544.0,0.0,-544.0,-3.85,0.0,0,1,0,0,-205.0,0.0,,,,,,,0.0,-12.78,-12.78
2026-04-17,1449,佳和,TWSE,5,14.4,14.8679,-3.15,18696.74,-1124.41,0.0,-1124.41,-6.01,0.0,2,0,0,0,133.59,0.0,,,,,,,0.0,-12.84,-12.84
2026-04-17,3036,文曄,TWSE,5,230.0,230.4054,-0.18,33259.55,8736.48,-8472.51,263.97,26.27,-25.47,0,1,0,5,-748.3,-171.12,,,,,,,0.0,-12.87,-12.87
2026-04-17,4161,聿新科,TPEX,5,24.2,24.3091,-0.45,947.0,-30.0,0.0,-30.0,-3.17,0.0,0,2,0,0,-28.0,0.0,,,,,,,0.0,-12.87,-12.87
2026-04-17,3533,嘉澤,TWSE,5,2490.0,2377.1186,4.75,5848.73,-331.84,61.55,-270.3,-5.67,1.05,0,4,3,0,-123.75,85.0,,,,,,,0.0,-12.91,-12.91
2026-04-17,6895,宏碩系統,TPEX,5,168.0,166.4717,0.92,548.0,-37.0,0.0,-37.0,-6.75,0.0,3,0,0,0,18.0,0.0,,,,,,,0.0,-12.91,-12.91
2026-04-17,1582,信錦,TWSE,5,99.2,103.9836,-4.6,38676.92,-335.4,-409.13,-744.53,-0.87,-1.06,0,1,0,2,-1204.39,-378.13,,,,,,,0.0,-12.92,-12.92
2026-04-17,5258,虹堡,TWSE,5,52.0,49.5332,4.98,3730.48,-118.88,0.0,-118.88,-3.19,0.0,0,2,0,0,-273.45,0.0,,,,,,,0.0,-12.92,-12.92
2026-04-17,2247,汎德永業,TWSE,5,234.5,236.5565,-0.87,342.4,-1.58,-10.0,-11.58,-0.46,-2.92,0,1,0,0,-5.6,0.0,,,,,,,0.0,-12.93,-12.93
2026-04-17,8272,全景軟體,TPEX,5,71.9,70.9808,1.29,125.0,-4.0,0.0,-4.0,-3.2,0.0,0,2,0,0,-3.0,0.0,,,,,,,0.0,-12.96,-12.96
2026-04-17,6843,進典,TPEX,5,46.85,46.9353,-0.18,51.0,-2.0,0.0,-2.0,-3.92,0.0,0,1,0,0,-1.0,0.0,,,,,,,0.0,-12.98,-12.98
2026-04-17,4911,德英,TPEX,5,37.35,37.5631,-0.57,160.0,-4.0,0.0,-4.0,-2.5,0.0,0,3,0,0,-4.0,0.0,,,,,,,0.0,-13.0,-13.0
2026-04-17,2429,銘旺科,TWSE,5,39.85,40.4043,-1.37,2877.74,-92.77,0.0,-92.77,-3.22,0.0,0,2,0,0,-73.77,0.0,,,,,,,0.0,-13.03,-13.03
2026-04-17,2491,吉祥全,TWSE,5,17.0,15.9371,6.67,1006.14,-39.79,0.0,-39.79,-3.96,0.0,0,1,0,0,-129.79,0.0,,,,,,,0.0,-13.07,-13.07
2026-04-17,5487,通泰,TPEX,5,29.1,28.5213,2.03,122.0,-4.0,0.0,-4.0,-3.28,0.0,0,2,0,0,-4.0,0.0,,,,,,,0.0,-13.18,-13.18
2026-04-17,9935,慶豐富,TWSE,5,19.1,18.8194,1.49,2064.11,-82.87,0.0,-82.87,-4.01,0.0,0,1,0,0,-109.12,0.0,,,,,,,0.0,-13.24,-13.24
2026-04-17,3188,鑫龍騰,TPEX,5,26.65,26.7716,-0.45,1910.0,-77.0,0.0,-77.0,-4.03,0.0,0,1,0,0,-32.0,0.0,,,,,,,0.0,-13.29,-13.29
2026-04-17,8423,保綠-KY,TPEX,5,18.3,18.2246,0.41,63.0,-3.0,0.0,-3.0,-4.76,0.0,0,0,0,0,0.0,0.0,,,,,,,0.0,-13.33,-13.33
2026-04-17,6104,創惟,TPEX,5,93.9,91.2963,2.85,6862.0,-149.6,-5.0,-154.6,-2.18,-0.07,0,1,0,2,-245.0,-1.0,,,,,,,0.0,-13.34,-13.34
2026-04-17,1451,年興,TWSE,5,17.3,18.1103,-4.47,1612.4,-42.91,0.0,-42.91,-2.66,0.0,0,3,0,0,-36.92,0.0,,,,,,,0.0,-13.45,-13.45
2026-04-17,6968,萬達寵物,TPEX,5,46.6,46.8322,-0.5,244.0,-10.0,0.0,-10.0,-4.1,0.0,0,1,0,0,-12.0,0.0,,,,,,,0.0,-13.48,-13.48
2026-04-17,5512,力麒,TPEX,5,7.84,7.8482,-0.1,3725.0,-153.0,0.0,-153.0,-4.11,0.0,0,1,0,0,-88.0,0.0,,,,,,,0.0,-13.5,-13.5
2026-04-17,2472,立隆電,TWSE,5,184.5,180.4963,2.22,35192.48,-878.09,-2.18,-880.27,-2.5,-0.01,0,2,0,1,-938.08,-1.18,,,,,,,0.0,-13.51,-13.51
2026-04-17,1587,吉茂,TWSE,5,34.4,34.734,-0.96,1741.09,-71.61,0.0,-71.61,-4.11,0.0,0,1,0,0,-125.61,0.0,,,,,,,0.0,-13.52,-13.52
2026-04-17,6861,睿生光電,TWSE,5,161.5,152.0966,6.18,14355.16,-797.97,0.0,-797.97,-5.56,0.0,1,0,0,0,397.1,0.0,,,,,,,0.0,-13.56,-13.56
2026-04-17,5345,馥鴻,TPEX,5,23.2,23.2167,-0.07,24.0,-1.0,0.0,-1.0,-4.17,0.0,0,1,0,0,-1.0,0.0,,,,,,,0.0,-13.67,-13.67
2026-04-17,2947,振宇五金,TPEX,5,78.0,78.2275,-0.29,204.0,-10.0,0.0,-10.0,-4.9,0.0,0,0,0,0,0.0,0.0,,,,,,,0.0,-13.73,-13.73
2026-04-17,4128,中天,TPEX,5,17.15,17.4226,-1.56,14160.0,-595.15,0.0,-595.15,-4.2,0.0,0,1,0,0,-468.0,0.0,,,,,,,0.0,-13.77,-13.77
2026-04-17,1259,安心,TPEX,5,59.5,59.5561,-0.09,57.0,-1.99,0.0,-1.99,-3.49,0.0,0,2,0,0,-2.0,0.0,,,,,,,0.0,-13.78,-13.78
2026-04-17,4543,萬在,TPEX,5,37.5,37.1295,1.0,7759.0,-216.3,0.0,-216.3,-2.79,0.0,0,3,0,0,-184.0,0.0,,,,,,,0.0,-13.81,-13.81
2026-04-17,7556,意德士,TPEX,5,265.5,266.467,-0.36,2451.0,-121.0,0.0,-121.0,-4.94,0.0,0,0,0,0,0.0,0.0,,,,,,,0.0,-13.82,-13.82
2026-04-17,6533,晶心科,TWSE,5,235.0,216.5536,8.52,8734.51,-367.73,-1.0,-368.73,-4.21,-0.01,0,1,0,0,-491.27,0.0,,,,,,,0.0,-13.83,-13.83
2026-04-17,1446,宏和,TWSE,5,16.55,16.4552,0.58,736.29,-31.32,0.0,-31.32,-4.25,0.0,0,1,0,0,-79.32,0.0,,,,,,,0.0,-13.91,-13.91
2026-04-17,6835,圓裕,TWSE,5,38.35,39.0272,-1.74,2138.45,-75.67,0.0,-75.67,-3.54,0.0,0,2,0,0,-47.67,0.0,,,,,,,0.0,-13.91,-13.91
2026-04-17,6613,朋億*,TPEX,5,237.5,236.2236,0.54,4134.0,-59.9,51.35,-8.55,-1.45,1.24,0,2,0,4,-17.0,-4.99,,,,,,,0.0,-13.96,-13.96
2026-04-17,6692,進能服,TPEX,5,32.05,32.3916,-1.05,317.0,-7.0,0.0,-7.0,-2.21,0.0,0,4,0,0,-1.0,0.0,,,,,,,0.0,-14.18,-14.18
2026-04-17,3705,永信,TWSE,5,55.4,55.7997,-0.72,1211.95,-37.26,-4.0,-41.26,-3.07,-0.33,0,1,0,1,-59.34,-2.0,,,,,,,0.0,-14.2,-14.2
2026-04-17,8021,尖點,TWSE,5,390.5,347.5119,12.37,61367.13,-422.94,-1072.39,-1495.33,-0.69,-1.75,3,0,0,5,323.11,-15.0,,,,,,,0.0,-14.2,-14.2
2026-04-17,5344,立衛,TPEX,5,14.6,14.5637,0.25,324.0,-12.0,0.0,-12.0,-3.7,0.0,0,2,0,0,-7.0,0.0,,,,,,,0.0,-14.37,-14.37
2026-04-17,5521,工信,TWSE,5,12.3,12.2636,0.3,27736.63,-1028.68,0.0,-1028.68,-3.71,0.0,0,2,0,0,-176.55,0.0,,,,,,,0.0,-14.38,-14.38
2026-04-17,8102,傑霖科技,TPEX,5,67.8,63.9936,5.95,407.0,-18.0,0.0,-18.0,-4.42,0.0,0,1,0,0,-16.0,0.0,,,,,,,0.0,-14.38,-14.38
2026-04-17,7708,全家餐飲,TPEX,5,92.2,92.1467,0.06,45.0,-2.0,0.0,-2.0,-4.44,0.0,0,1,0,0,-2.0,0.0,,,,,,,0.0,-14.44,-14.44
2026-04-17,3664,安瑞-KY,TPEX,5,7.34,7.854,-6.54,465.0,-24.0,0.0,-24.0,-5.16,0.0,0,0,0,0,0.0,0.0,,,,,,,0.0,-14.45,-14.45
2026-04-17,3207,耀勝,TPEX,5,65.4,66.9257,-2.28,1767.0,-79.0,0.0,-79.0,-4.47,0.0,0,1,0,0,-40.0,0.0,,,,,,,0.0,-14.52,-14.52
2026-04-17,8478,東哥遊艇,TWSE,5,171.5,171.2571,0.14,1242.85,-82.51,0.0,-82.51,-6.64,0.0,2,0,0,0,31.47,0.0,,,,,,,0.0,-14.59,-14.59
2026-04-17,3095,及成,TPEX,5,34.3,34.1048,0.57,156.0,-6.0,0.0,-6.0,-3.85,0.0,0,2,0,0,-1.0,0.0,,,,,,,0.0,-14.77,-14.77
2026-04-17,3017,奇鋐,TWSE,5,2400.0,2356.34,1.85,18676.28,-1979.45,405.58,-1573.86,-10.6,2.17,0,3,5,0,-1101.24,123.92,,,,,,,0.0,-14.81,-14.81
2026-04-17,8091,翔名,TPEX,5,181.5,181.6078,-0.06,5211.0,-265.64,-1.21,-266.85,-5.1,-0.02,1,0,0,1,282.0,-1.21,,,,,,,0.0,-14.85,-14.85
2026-04-17,8083,瑞穎,TPEX,5,173.5,172.1716,0.77,437.0,-17.0,0.0,-17.0,-3.89,0.0,0,2,0,0,-2.0,0.0,,,,,,,0.0,-14.89,-14.89
2026-04-17,2392,正崴,TWSE,5,36.6,36.0542,1.51,17408.22,-555.15,1.0,-554.15,-3.19,0.01,0,3,0,0,-29.46,0.0,,,,,,,0.0,-14.91,-14.91
2026-04-17,8039,台虹,TWSE,5,143.5,140.1128,2.42,115058.3,-4275.68,-3.0,-4278.68,-3.72,-0.0,0,1,0,1,-1154.6,-7.0,,,,,,,0.0,-14.91,-14.91
2026-04-17,2926,誠品生活,TPEX,5,36.2,36.5292,-0.9,65.0,-3.0,0.0,-3.0,-4.62,0.0,0,1,0,0,-4.0,0.0,,,,,,,0.0,-14.92,-14.92
2026-04-17,1442,名軒,TWSE,5,29.0,27.7328,4.57,3815.33,-72.51,-8.0,-80.51,-1.9,-0.21,0,2,0,2,-115.58,-5.0,,,,,,,0.0,-15.01,-15.01
2026-04-17,3711,日月光投控,TWSE,5,442.0,438.245,0.86,125008.11,-4010.05,179.65,-3830.4,-3.21,0.14,0,2,0,1,-1307.09,-280.48,,,,,,,0.0,-15.01,-15.01
2026-04-17,8930,青鋼,TPEX,5,30.25,30.43,-0.59,257.0,-12.0,0.0,-12.0,-4.67,0.0,0,1,0,0,-8.0,0.0,,,,,,,0.0,-15.07,-15.07
2026-04-17,1616,億泰,TWSE,5,23.65,23.5645,0.36,1971.47,-78.04,0.0,-78.04,-3.96,0.0,0,2,0,0,-98.04,0.0,,,,,,,0.0,-15.08,-15.08
2026-04-17,6877,鏵友益,TPEX,5,157.5,140.3852,12.19,4893.0,-197.0,0.0,-197.0,-4.03,0.0,0,2,0,0,-114.0,0.0,,,,,,,0.0,-15.27,-15.27
2026-04-17,8011,台通,TWSE,5,20.25,20.5208,-1.32,4629.32,-220.16,0.0,-220.16,-4.76,0.0,0,1,0,0,-105.16,0.0,,,,,,,0.0,-15.32,-15.32
2026-04-17,6294,智基,TPEX,5,39.3,40.9587,-4.05,229.0,-6.06,0.0,-6.06,-2.65,0.0,0,4,0,0,-1.0,0.0,,,,,,,0.0,-15.41,-15.41
2026-04-17,4104,佳醫,TWSE,5,79.1,78.8083,0.37,1241.11,-59.5,0.0,-59.5,-4.79,0.0,0,1,0,0,-84.09,0.0,,,,,,,0.0,-15.42,-15.42
2026-04-17,6179,亞通,TPEX,5,24.4,24.7747,-1.51,6209.0,-389.0,0.0,-389.0,-6.27,0.0,1,0,0,0,144.0,0.0,,,,,,,0.0,-15.54,-15.54
2026-04-17,4763,材料*-KY,TWSE,5,47.15,45.6829,3.21,59494.96,1512.13,-2199.05,-686.92,2.54,-3.7,1,0,0,5,1756.22,-706.68,,,,,,,0.0,-15.58,-15.58
2026-04-17,6582,申豐,TWSE,5,32.25,32.6688,-1.28,421.85,-20.47,0.0,-20.47,-4.85,0.0,0,1,0,0,-57.47,0.0,,,,,,,0.0,-15.59,-15.59
2026-04-17,4749,新應材,TPEX,5,895.0,909.0322,-1.54,9797.0,79.29,-367.22,-287.93,0.81,-3.75,1,0,0,3,165.09,-59.09,,,,,,,0.0,-15.6,-15.6
2026-04-17,8917,欣泰,TPEX,5,52.8,52.9793,-0.34,111.0,-7.0,0.0,-7.0,-6.31,0.0,1,0,0,0,2.0,0.0,,,,,,,0.0,-15.66,-15.66
2026-04-17,5210,寶碩,TPEX,5,22.1,22.3776,-1.24,798.0,-39.0,0.0,-39.0,-4.89,0.0,0,1,0,0,-34.0,0.0,,,,,,,0.0,-15.68,-15.68
2026-04-17,6209,今國光,TWSE,5,62.1,62.3457,-0.39,34962.01,-222.92,-43.0,-265.92,-0.64,-0.12,0,3,0,3,-712.13,-17.0,,,,,,,0.0,-15.69,-15.69
2026-04-17,7402,邑錡,TPEX,5,125.5,124.0434,1.17,4136.0,-146.0,0.0,-146.0,-3.53,0.0,0,3,0,0,-3.0,0.0,,,,,,,0.0,-15.88,-15.88
2026-04-17,4113,聯上,TPEX,5,16.0,16.0415,-0.26,1628.0,-81.0,0.0,-81.0,-4.98,0.0,0,1,0,0,-18.0,0.0,,,,,,,0.0,-15.93,-15.93
2026-04-17,3294,英濟,TPEX,5,33.4,33.346,0.16,3605.0,-182.0,0.0,-182.0,-5.05,0.0,0,1,0,0,-112.8,0.0,,,,,,,0.0,-16.14,-16.14
2026-04-17,5321,美而快,TPEX,5,24.4,24.3687,0.13,719.0,-36.92,0.0,-36.92,-5.14,0.0,0,1,0,0,-21.0,0.0,,,,,,,0.0,-16.38,-16.38
2026-04-17,7610,聯友金屬-創,TWSE,5,638.0,595.5294,7.13,5425.59,-357.98,0.0,-357.98,-6.6,0.0,1,0,0,0,18.01,0.0,,,,,,,0.0,-16.47,-16.47
2026-04-17,1909,榮成,TWSE,5,9.61,9.7461,-1.4,11931.08,-618.7,0.0,-618.7,-5.19,0.0,0,1,0,0,-1018.7,0.0,,,,,,,0.0,-16.52,-16.52
2026-04-17,2442,新美齊,TWSE,5,19.45,19.9175,-2.35,16662.07,-871.49,0.0,-871.49,-5.23,0.0,0,1,0,0,-1482.49,0.0,,,,,,,0.0,-16.65,-16.65
2026-04-17,7738,東聯互動,TPEX,5,180.0,182.2037,-1.21,270.0,-18.0,0.0,-18.0,-6.67,0.0,1,0,0,0,9.0,0.0,,,,,,,0.0,-16.67,-16.67
2026-04-17,2734,易飛網,TPEX,5,17.3,17.8872,-3.28,1955.0,-103.0,0.0,-103.0,-5.27,0.0,0,1,0,0,-18.0,0.0,,,,,,,0.0,-16.75,-16.75
2026-04-17,8112,至上,TWSE,5,87.2,84.3008,3.44,90094.13,-3205.88,599.72,-2606.16,-3.56,0.67,0,2,0,2,-3537.51,-10.94,,,,,,,0.0,-16.77,-16.77
2026-04-17,6961,旅天下,TPEX,5,57.4,58.189,-1.36,283.0,-17.0,0.0,-17.0,-6.01,0.0,0,0,0,0,0.0,0.0,,,,,,,0.0,-16.82,-16.82
2026-04-17,3135,凌航,TWSE,5,119.0,121.5224,-2.08,10404.88,-477.3,0.0,-477.3,-4.59,0.0,0,2,0,0,-731.97,0.0,,,,,,,0.0,-16.84,-16.84
2026-04-17,4556,旭然,TPEX,5,32.75,31.3662,4.41,1962.0,-104.0,0.0,-104.0,-5.3,0.0,0,1,0,0,-136.0,0.0,,,,,,,0.0,-16.84,-16.84
2026-04-17,2937,集雅社,TPEX,5,45.1,44.953,0.33,33.0,-2.0,0.0,-2.0,-6.06,0.0,0,0,0,0,0.0,0.0,,,,,,,0.0,-16.97,-16.97
2026-04-17,4441,振大環球,TWSE,5,194.5,192.7896,0.89,343.03,-21.0,-4.0,-25.0,-6.12,-1.17,2,0,0,0,3.0,0.0,,,,,,,0.0,-16.99,-16.99
2026-04-17,2489,瑞軒,TWSE,5,44.65,46.8469,-4.69,290569.2,-19715.96,1.0,-19714.96,-6.79,0.0,1,0,0,0,1535.02,0.0,,,,,,,0.0,-17.0,-17.0
2026-04-17,6967,汎瑋材料,TPEX,5,70.0,70.3701,-0.53,616.0,-33.0,0.0,-33.0,-5.36,0.0,0,1,0,0,-22.0,0.0,,,,,,,0.0,-17.0,-17.0
2026-04-17,2460,建通,TWSE,5,36.8,34.7521,5.89,17158.02,-799.16,0.0,-799.16,-4.66,0.0,0,2,0,0,-108.16,0.0,,,,,,,0.0,-17.04,-17.04
2026-04-17,2017,官田鋼,TWSE,5,9.33,9.5544,-2.35,4685.27,-251.78,0.0,-251.78,-5.37,0.0,0,1,0,0,-155.78,0.0,,,,,,,0.0,-17.05,-17.05
2026-04-17,9902,台火,TWSE,5,14.8,14.695,0.71,826.34,-38.51,0.0,-38.51,-4.66,0.0,0,2,0,0,-93.51,0.0,,,,,,,0.0,-17.05,-17.05
2026-04-17,5452,佶優,TPEX,5,34.15,34.307,-0.46,13659.0,-737.39,0.0,-737.39,-5.4,0.0,0,1,0,0,-482.0,0.0,,,,,,,0.0,-17.12,-17.12
2026-04-17,6191,精成科,TWSE,5,104.5,102.4893,1.96,51844.25,-2566.74,-1142.0,-3708.74,-4.95,-2.2,0,3,4,0,-1203.55,135.0,,,,,,,0.0,-17.13,-17.13
2026-04-17,6263,普萊德,TPEX,5,131.5,131.1348,0.28,471.0,-39.01,0.0,-39.01,-8.28,0.0,3,0,0,0,2.0,0.0,,,,,,,0.0,-17.19,-17.19
2026-04-17,3535,晶彩科,TWSE,5,120.5,129.235,-6.76,40410.65,-2786.58,12.0,-2774.58,-6.9,0.03,1,0,0,0,314.84,0.0,,,,,,,0.0,-17.21,-17.21
2026-04-17,4168,醣聯,TPEX,5,23.8,23.8163,-0.07,969.0,-39.0,0.0,-39.0,-4.02,0.0,0,3,0,0,-9.0,0.0,,,,,,,0.0,-17.27,-17.27
2026-04-17,2641,正德,TPEX,5,18.2,18.2591,-0.32,6660.0,-318.03,0.0,-318.03,-4.78,0.0,0,2,0,0,-95.0,0.0,,,,,,,0.0,-17.37,-17.37
2026-04-17,5223,安力-KY,TPEX,5,26.5,25.7268,3.01,250.0,-12.0,0.0,-12.0,-4.8,0.0,0,2,0,0,-10.0,0.0,,,,,,,0.0,-17.44,-17.44
2026-04-17,8438,昶昕,TWSE,5,88.3,88.0681,0.26,15558.86,-791.81,-12.0,-803.81,-5.09,-0.08,1,0,0,2,171.85,-5.0,,,,,,,0.0,-17.5,-17.5
2026-04-17,6118,建達,TPEX,5,17.1,17.1199,-0.12,1246.0,-87.0,0.0,-87.0,-6.98,0.0,1,0,0,0,11.0,0.0,,,,,,,0.0,-17.55,-17.55
2026-04-17,5601,台聯櫃,TPEX,5,36.55,36.3472,0.56,18.0,-1.0,0.0,-1.0,-5.56,0.0,0,1,0,0,-1.0,0.0,,,,,,,0.0,-17.56,-17.56
2026-04-17,2375,凱美,TWSE,5,88.0,87.4396,0.64,37834.4,-2310.26,-0.18,-2310.44,-6.11,-0.0,1,0,0,1,141.54,-0.18,,,,,,,0.0,-17.6,-17.6
2026-04-17,8415,大國鋼,TPEX,5,33.7,33.9081,-0.61,1877.0,-201.0,25.0,-176.0,-10.71,1.33,0,3,5,0,-19.0,6.0,,,,,,,0.0,-17.67,-17.67
2026-04-17,3332,幸康,TPEX,5,62.1,61.1973,1.48,184.0,-13.0,0.0,-13.0,-7.07,0.0,1,0,0,0,12.0,0.0,,,,,,,0.0,-17.78,-17.78
2026-04-17,4906,正文,TWSE,5,37.75,39.9513,-5.51,223043.53,-5769.01,-112.2,-5881.21,-2.59,-0.05,1,0,0,5,190.24,-18.08,,,,,,,0.0,-17.91,-17.91
2026-04-17,3257,虹冠電,TWSE,5,55.1,53.9556,2.12,1332.47,-2.8,-16.0,-18.8,-0.21,-1.2,0,3,0,3,-11.8,-6.0,,,,,,,0.0,-18.05,-18.05
2026-04-17,1905,華紙,TWSE,5,14.1,14.3065,-1.44,16918.51,-854.91,0.0,-854.91,-5.05,0.0,0,2,0,0,-222.02,0.0,,,,,,,0.0,-18.15,-18.15
2026-04-17,8081,致新,TWSE,5,241.0,236.0154,2.11,1957.41,-29.55,-20.69,-50.24,-1.51,-1.06,1,0,0,5,145.43,-8.69,,,,,,,0.0,-18.22,-18.22
2026-04-17,3163,波若威,TPEX,5,1225.0,1188.1449,3.1,3043.0,97.4,-292.29,-194.89,3.2,-9.61,1,0,1,0,45.99,25.71,,,,,,,0.0,-18.23,-18.23
2026-04-17,3609,三一東林,TPEX,5,25.95,26.0673,-0.45,452.0,-23.0,0.0,-23.0,-5.09,0.0,0,2,0,0,-1.0,0.0,,,,,,,0.0,-18.25,-18.25
2026-04-17,2836,高雄銀,TWSE,5,12.2,12.222,-0.18,9915.55,-576.46,0.0,-576.46,-5.81,0.0,0,1,0,0,-339.46,0.0,,,,,,,0.0,-18.28,-18.28
2026-04-17,3056,富華新,TWSE,5,14.65,14.7255,-0.51,5789.01,-278.51,-6.0,-284.51,-4.81,-0.1,0,1,0,1,-512.8,-3.0,,,,,,,0.0,-18.31,-18.31
2026-04-17,3052,夆典,TWSE,5,11.05,11.0324,0.16,3066.61,-180.41,0.0,-180.41,-5.88,0.0,0,1,0,0,-139.41,0.0,,,,,,,0.0,-18.47,-18.47
2026-04-17,4538,大詠城,TPEX,5,18.9,18.7723,0.68,121.0,-8.0,0.0,-8.0,-6.61,0.0,0,0,0,0,0.0,0.0,,,,,,,0.0,-18.51,-18.51
2026-04-17,2104,國際中橡,TWSE,5,11.45,11.609,-1.37,16271.99,-963.11,0.0,-963.11,-5.92,0.0,0,1,0,0,-784.11,0.0,,,,,,,0.0,-18.57,-18.57
2026-04-17,3376,新日興,TWSE,5,195.0,196.8421,-0.94,25555.59,-3199.21,70.0,-3129.21,-12.52,0.27,0,1,5,0,-470.75,1.0,,,,,,,0.0,-18.61,-18.61
2026-04-17,8284,三竹,TPEX,5,63.8,63.894,-0.15,84.0,-5.0,0.0,-5.0,-5.95,0.0,0,1,0,0,-5.0,0.0,,,,,,,0.0,-18.67,-18.67
2026-04-17,4973,廣穎,TPEX,5,77.6,80.1476,-3.18,24356.0,-1453.65,0.0,-1453.65,-5.97,0.0,0,1,0,0,-189.0,0.0,,,,,,,0.0,-18.71,-18.71
2026-04-17,6716,應廣,TPEX,5,77.8,77.1762,0.81,2497.0,-149.0,0.0,-149.0,-5.97,0.0,0,1,0,0,-12.0,0.0,,,,,,,0.0,-18.71,-18.71
2026-04-17,5276,達輝-KY,TPEX,5,15.5,15.451,0.32,50.0,-3.0,0.0,-3.0,-6.0,0.0,0,1,0,0,-2.0,0.0,,,,,,,0.0,-18.8,-18.8
2026-04-17,2413,環科,TWSE,5,52.0,52.4794,-0.91,18761.61,-878.24,-19.0,-897.24,-4.68,-0.1,1,0,0,3,830.32,-7.0,,,,,,,0.0,-18.94,-18.94
2026-04-17,8431,匯鑽科,TPEX,5,66.2,67.3763,-1.75,7635.0,-355.19,0.0,-355.19,-4.65,0.0,0,3,0,0,-43.2,0.0,,,,,,,0.0,-19.03,-19.03
2026-04-17,4961,天鈺,TWSE,5,153.0,153.482,-0.31,5116.86,-48.4,-30.0,-78.4,-0.95,-0.59,0,1,0,5,-238.4,-11.0,,,,,,,0.0,-19.08,-19.08
2026-04-17,8087,麗升能源,TPEX,5,35.45,37.1639,-4.61,490.0,-30.0,0.0,-30.0,-6.12,0.0,0,1,0,0,-1.0,0.0,,,,,,,0.0,-19.14,-19.14
2026-04-17,3712,永崴投控,TWSE,5,19.3,18.3005,5.46,7052.36,-331.58,0.0,-331.58,-4.7,0.0,0,3,0,0,-157.78,0.0,,,,,,,0.0,-19.16,-19.16
2026-04-17,5443,均豪,TPEX,5,114.0,114.3392,-0.3,52240.0,-4107.2,135.0,-3972.2,-7.86,0.26,1,0,0,0,669.99,0.0,,,,,,,0.0,-19.16,-19.16
2026-04-17,8054,安國,TPEX,5,105.0,104.2567,0.71,17794.0,-444.56,-10.0,-454.56,-2.5,-0.06,0,1,0,4,-559.7,-1.0,,,,,,,0.0,-19.18,-19.18
2026-04-17,2385,群光,TWSE,5,125.5,125.2312,0.21,18669.98,205.02,-581.01,-375.99,1.1,-3.11,0,1,0,4,-511.85,-526.1,,,,,,,0.0,-19.19,-19.19
2026-04-17,3219,倚強科,TPEX,5,69.6,67.7459,2.74,2064.0,-112.0,0.0,-112.0,-5.43,0.0,0,2,0,0,-85.0,0.0,,,,,,,0.0,-19.19,-19.19
2026-04-17,8908,欣雄,TPEX,5,41.75,40.5789,2.89,1780.0,-135.3,0.0,-135.3,-7.6,0.0,1,0,0,0,27.0,0.0,,,,,,,0.0,-19.28,-19.28
2026-04-17,2474,可成,TWSE,5,217.0,206.7045,4.98,18377.45,1638.29,-2023.27,-384.98,8.91,-11.01,1,0,0,5,948.44,-1040.9,,,,,,,0.0,-19.35,-19.35
2026-04-17,2528,皇普,TWSE,5,24.05,24.1086,-0.24,2355.3,7.96,-42.0,-34.04,0.34,-1.78,0,1,0,5,-263.48,-15.0,,,,,,,0.0,-19.44,-19.44
2026-04-17,3498,陽程,TPEX,5,84.6,84.9612,-0.43,25523.0,-868.94,0.0,-868.94,-3.4,0.0,0,5,0,0,-22.0,0.0,,,,,,,0.0,-19.53,-19.53
2026-04-17,4949,有成精密,TWSE,5,90.4,89.9943,0.45,37258.6,-2345.68,0.0,-2345.68,-6.3,0.0,0,1,0,0,-31.9,0.0,,,,,,,0.0,-19.63,-19.63
2026-04-17,6664,群翊,TPEX,5,438.5,422.2194,3.86,17166.0,-847.1,35.0,-812.1,-4.93,0.2,0,2,0,1,-229.0,-1.0,,,,,,,0.0,-19.64,-19.64
2026-04-17,2009,第一銅,TWSE,5,40.5,41.401,-2.18,10781.09,-335.13,-50.0,-385.13,-3.11,-0.46,0,1,0,3,-543.21,-19.0,,,,,,,0.0,-19.73,-19.73
2026-04-17,4138,曜亞,TPEX,5,63.9,63.161,1.17,182.0,-9.0,0.0,-9.0,-4.95,0.0,0,3,0,0,-3.0,0.0,,,,,,,0.0,-19.85,-19.85
2026-04-17,2762,世界健身-KY,TWSE,5,73.8,73.4626,0.46,186.97,-12.0,0.0,-12.0,-6.42,0.0,0,1,0,0,-45.0,0.0,,,,,,,0.0,-19.97,-19.97
2026-04-17,4770,上品,TWSE,5,230.5,229.4249,0.47,1425.96,-92.01,0.0,-92.01,-6.45,0.0,0,1,0,0,-28.6,0.0,,,,,,,0.0,-20.07,-20.07
2026-04-17,4903,聯光通,TPEX,5,47.8,48.738,-1.92,44375.0,-2571.9,0.0,-2571.9,-5.8,0.0,0,2,0,0,-1001.9,0.0,,,,,,,0.0,-20.23,-20.23
2026-04-17,5464,霖宏,TPEX,5,30.0,29.8311,0.57,1534.0,-67.0,0.0,-67.0,-4.37,0.0,0,4,0,0,-6.0,0.0,,,,,,,0.0,-20.23,-20.23
2026-04-17,3264,欣銓,TPEX,5,172.0,185.8611,-7.46,92650.0,-6234.25,-1675.23,-7909.48,-6.73,-1.81,1,0,1,0,2589.07,80.33,,,,,,,0.0,-20.31,-20.31
2026-04-17,2726,雅茗-KY,TPEX,5,9.9,10.2017,-2.96,406.0,-15.0,0.0,-15.0,-3.69,0.0,0,5,0,0,-2.0,0.0,,,,,,,0.0,-20.34,-20.34
2026-04-17,4958,臻鼎-KY,TWSE,5,282.0,261.8202,7.71,142631.29,-7550.58,-1175.37,-8725.95,-5.29,-0.82,1,0,0,2,4216.79,-545.0,,,,,,,0.0,-20.54,-20.54
2026-04-17,6585,鼎基,TWSE,5,88.8,91.7889,-3.26,582.73,-38.66,0.0,-38.66,-6.63,0.0,0,1,0,0,-52.66,0.0,,,,,,,0.0,-20.58,-20.58
2026-04-17,3031,佰鴻,TWSE,5,33.2,30.9292,7.34,97592.05,-3697.07,0.0,-3697.07,-3.79,0.0,0,5,0,0,-329.57,0.0,,,,,,,0.0,-20.61,-20.61
2026-04-17,2466,冠西電,TWSE,5,62.7,64.2329,-2.39,11153.53,-399.15,-42.0,-441.15,-3.58,-0.38,0,1,0,3,-55.15,-17.0,,,,,,,0.0,-20.76,-20.76
2026-04-17,8932,智通*,TPEX,5,89.9,87.0273,3.3,8976.0,-730.22,0.0,-730.22,-8.14,0.0,1,0,0,0,272.99,0.0,,,,,,,0.0,-20.78,-20.78
2026-04-17,3078,僑威,TPEX,5,57.4,55.6041,3.23,5939.0,-37.96,-82.01,-119.97,-0.64,-1.38,0,1,0,5,-38.56,-44.01,,,,,,,0.0,-20.85,-20.85
2026-04-17,3162,精確,TPEX,5,64.5,65.7872,-1.96,22425.0,-1831.21,0.0,-1831.21,-8.17,0.0,1,0,0,0,343.0,0.0,,,,,,,0.0,-20.86,-20.86
2026-04-17,4123,晟德,TPEX,5,40.4,41.0777,-1.65,16306.0,-1992.45,20.0,-1972.45,-12.22,0.12,0,2,5,0,-2182.0,4.0,,,,,,,0.0,-20.87,-20.87
2026-04-17,3666,光耀,TPEX,5,24.7,24.8402,-0.56,369.0,-25.0,0.0,-25.0,-6.77,0.0,0,1,0,0,-8.0,0.0,,,,,,,0.0,-20.97,-20.97
2026-04-17,1264,德麥,TPEX,5,278.0,275.987,0.73,269.0,-24.0,0.0,-24.0,-8.92,0.0,2,0,0,0,1.0,0.0,,,,,,,0.0,-20.98,-20.98
2026-04-17,4406,新昕纖,TPEX,5,10.0,9.8338,1.69,40.0,-3.0,0.0,-3.0,-7.5,0.0,0,0,0,0,0.0,0.0,,,,,,,0.0,-21.0,-21.0
2026-04-17,3521,台鋼建設,TPEX,5,14.55,14.2745,1.93,493.0,-30.0,0.0,-30.0,-6.09,0.0,0,2,0,0,-10.0,0.0,,,,,,,0.0,-21.04,-21.04
2026-04-17,4303,信立,TPEX,5,54.5,54.7399,-0.44,3107.0,-213.95,0.0,-213.95,-6.89,0.0,0,1,0,0,-173.0,0.0,,,,,,,0.0,-21.28,-21.28
2026-04-17,2707,晶華,TWSE,5,180.5,188.1016,-4.04,2779.28,-197.28,-4.0,-201.28,-7.1,-0.14,2,0,0,2,2.37,-2.0,,,,,,,0.0,-21.35,-21.35
2026-04-17,6807,峰源-KY,TWSE,5,38.6,40.2876,-4.19,215.62,-11.87,0.0,-11.87,-5.5,0.0,0,3,0,0,-3.87,0.0,,,,,,,0.0,-21.41,-21.41
2026-04-17,5547,久舜,TPEX,5,21.9,22.0034,-0.47,341.0,-14.0,0.0,-14.0,-4.11,0.0,0,5,0,0,-7.0,0.0,,,,,,,0.0,-21.5,-21.5
2026-04-17,6169,昱泉,TPEX,5,16.95,17.0265,-0.45,130.0,-11.0,0.0,-11.0,-8.46,0.0,1,0,0,0,5.0,0.0,,,,,,,0.0,-21.69,-21.69
2026-04-17,5206,坤悅,TPEX,5,25.15,25.7417,-2.3,1428.0,-60.0,0.0,-60.0,-4.2,0.0,0,5,0,0,-6.0,0.0,,,,,,,0.0,-21.76,-21.76
2026-04-17,6409,旭隼,TWSE,5,781.0,764.3771,2.17,5047.93,-105.41,-30.2,-135.6,-2.09,-0.6,0,2,0,4,-107.51,-5.81,,,,,,,0.0,-21.82,-21.82
2026-04-17,4554,橙的,TPEX,5,29.9,29.79,0.37,403.0,-20.0,0.0,-20.0,-4.96,0.0,0,4,0,0,-1.0,0.0,,,,,,,0.0,-21.9,-21.9
2026-04-17,1580,新麥,TPEX,5,126.0,126.8988,-0.71,336.0,-24.0,0.0,-24.0,-7.14,0.0,0,1,0,0,-4.0,0.0,,,,,,,0.0,-22.0,-22.0
2026-04-17,6576,逸達,TPEX,5,76.6,76.5544,0.06,715.0,-46.0,0.0,-46.0,-6.43,0.0,0,2,0,0,-21.0,0.0,,,,,,,0.0,-22.01,-22.01
2026-04-17,2718,全心投控,TPEX,5,47.7,47.9167,-0.45,198.0,-10.0,0.0,-10.0,-5.05,0.0,0,4,0,0,-3.0,0.0,,,,,,,0.0,-22.14,-22.14
2026-04-17,6552,易華電,TWSE,5,27.6,27.2774,1.18,1005.42,-86.79,0.0,-86.79,-8.63,0.0,1,0,0,0,36.21,0.0,,,,,,,0.0,-22.17,-22.17
2026-04-17,5220,萬達光電,TPEX,5,20.25,20.2719,-0.11,366.0,-29.0,0.0,-29.0,-7.92,0.0,0,0,0,0,0.0,0.0,,,,,,,0.0,-22.19,-22.19
2026-04-17,7714,創泓科技,TPEX,5,134.0,132.3967,1.21,450.0,-26.3,0.0,-26.3,-5.84,0.0,0,3,0,0,-12.0,0.0,,,,,,,0.0,-22.36,-22.36
2026-04-17,6925,意藍,TPEX,5,73.5,71.0949,3.38,395.0,-29.0,0.0,-29.0,-7.34,0.0,0,1,0,0,-47.0,0.0,,,,,,,0.0,-22.56,-22.56
2026-04-17,6133,金橋,TWSE,5,23.1,23.6946,-2.51,12916.4,-767.42,0.0,-767.42,-5.94,0.0,0,3,0,0,-124.42,0.0,,,,,,,0.0,-22.64,-22.64
2026-04-17,2851,中再保,TWSE,5,29.55,30.173,-2.06,18967.67,-3810.03,61.0,-3749.03,-20.09,0.32,0,2,5,0,-278.03,10.0,,,,,,,0.0,-22.7,-22.7
2026-04-17,9958,世紀鋼,TWSE,5,106.0,104.4346,1.5,8398.87,-536.9,-11.0,-547.9,-6.39,-0.13,0,1,0,1,-134.06,-5.0,,,,,,,0.0,-22.83,-22.83
2026-04-17,3094,聯傑,TWSE,5,24.8,24.7115,0.36,4831.81,-360.59,0.0,-360.59,-7.46,0.0,0,1,0,0,-721.59,0.0,,,,,,,0.0,-22.9,-22.9
2026-04-17,2441,超豐,TWSE,5,88.4,91.5367,-3.43,37836.36,-2547.59,-413.0,-2960.59,-6.73,-1.09,1,0,0,1,252.83,-155.0,,,,,,,0.0,-22.96,-22.96
2026-04-17,1514,亞力,TWSE,5,114.0,110.3518,3.31,16514.3,-1474.58,0.0,-1474.58,-8.93,0.0,1,0,0,0,217.37,0.0,,,,,,,0.0,-23.0,-23.0
2026-04-17,2059,川湖,TWSE,5,3640.0,3486.3357,4.41,3859.35,-366.69,128.96,-237.72,-9.5,3.34,0,5,1,0,-7.92,176.04,,,,,,,0.0,-23.08,-23.08
2026-04-17,8390,金益鼎,TPEX,5,90.0,90.7624,-0.84,4815.0,-362.99,0.0,-362.99,-7.54,0.0,0,1,0,0,-186.0,0.0,,,,,,,0.0,-23.11,-23.11
2026-04-17,6291,沛亨,TPEX,5,421.5,425.9728,-1.05,11590.0,-628.05,0.0,-628.05,-5.42,0.0,0,4,0,0,-109.8,0.0,,,,,,,0.0,-23.17,-23.17
2026-04-17,4735,豪展,TPEX,5,30.6,30.9,-0.97,82.0,-8.0,0.0,-8.0,-9.76,0.0,2,0,0,0,1.0,0.0,,,,,,,0.0,-23.32,-23.32
2026-04-17,8163,達方,TWSE,5,28.15,28.0524,0.35,5427.86,-48.46,-76.15,-124.61,-0.89,-1.4,0,2,0,5,-54.61,-11.42,,,,,,,0.0,-23.63,-23.63
2026-04-17,2337,旺宏,TWSE,5,131.0,147.4535,-11.16,881699.06,-38778.95,-4903.0,-43681.95,-4.4,-0.56,0,1,0,3,-15324.79,-4705.0,,,,,,,0.0,-23.65,-23.65
2026-04-17,5609,中菲行,TPEX,5,80.2,79.2661,1.18,710.0,-70.13,0.0,-70.13,-9.88,0.0,2,0,0,0,20.0,0.0,,,,,,,0.0,-23.66,-23.66
2026-04-17,9951,皇田,TPEX,5,55.6,54.9488,1.19,322.0,-25.0,0.0,-25.0,-7.76,0.0,0,1,0,0,-3.0,0.0,,,,,,,0.0,-23.74,-23.74
2026-04-17,2201,裕隆,TWSE,5,26.75,27.2556,-1.85,29516.56,-1282.33,-14.0,-1296.33,-4.34,-0.05,0,2,0,3,-2096.62,-4.0,,,,,,,0.0,-23.82,-23.82
2026-04-17,6806,森崴能源,TWSE,5,24.65,19.3515,27.38,10473.31,-593.6,-0.33,-593.92,-5.67,-0.0,0,4,0,0,-59.93,0.0,,,,,,,0.0,-23.88,-23.88
2026-04-17,8114,振樺電,TWSE,5,174.0,167.5706,3.84,2042.04,-236.45,-1.0,-237.45,-11.58,-0.05,4,0,0,1,61.38,-1.0,,,,,,,0.0,-23.92,-23.92
2026-04-17,2367,燿華,TWSE,5,68.5,72.2887,-5.24,181041.68,-7930.55,-187.0,-8117.55,-4.38,-0.1,0,2,0,3,-1639.08,-73.0,,,,,,,0.0,-24.11,-24.11
2026-04-17,6486,互動,TPEX,5,88.2,87.9384,0.3,1444.0,-114.0,0.0,-114.0,-7.89,0.0,0,1,0,0,-46.0,0.0,,,,,,,0.0,-24.11,-24.11
2026-04-17,2520,冠德,TWSE,5,31.05,30.889,0.52,6970.04,-434.87,-14.0,-448.87,-6.24,-0.2,0,3,0,0,-348.98,0.0,,,,,,,0.0,-24.13,-24.13
2026-04-17,9910,豐泰,TWSE,5,77.5,77.5415,-0.05,9552.73,-689.75,12.19,-677.55,-7.22,0.13,0,1,0,1,-232.7,-7.27,,,,,,,0.0,-24.3,-24.3
2026-04-17,6884,海柏特,TPEX,5,35.0,34.1287,2.55,68.0,-6.0,0.0,-6.0,-8.82,0.0,0,0,0,0,0.0,0.0,,,,,,,0.0,-24.71,-24.71
2026-04-17,2745,五福,TPEX,5,104.5,110.1724,-5.15,3072.0,-250.0,0.0,-250.0,-8.14,0.0,0,1,0,0,-65.0,0.0,,,,,,,0.0,-24.79,-24.79
2026-04-17,6846,綠茵,TPEX,5,71.1,71.1124,-0.02,89.0,-6.0,0.0,-6.0,-6.74,0.0,0,3,0,0,-2.0,0.0,,,,,,,0.0,-24.88,-24.88
2026-04-17,8279,生展,TPEX,5,106.0,106.5169,-0.49,89.0,-6.0,0.0,-6.0,-6.74,0.0,0,3,0,0,-1.0,0.0,,,,,,,0.0,-24.88,-24.88
2026-04-17,3580,友威科,TPEX,5,84.0,84.5978,-0.71,9748.0,-587.86,0.0,-587.86,-6.03,0.0,0,4,0,0,-117.09,0.0,,,,,,,0.0,-24.89,-24.89
2026-04-17,3483,力致,TPEX,5,88.0,91.1406,-3.45,9043.0,-466.0,-1.53,-467.53,-5.15,-0.02,0,4,0,1,-40.6,-1.53,,,,,,,0.0,-24.98,-24.98
2026-04-17,4561,健椿,TPEX,5,36.65,36.7452,-0.26,2205.0,-166.0,0.0,-166.0,-7.53,0.0,0,2,0,0,-66.0,0.0,,,,,,,0.0,-25.08,-25.08
2026-04-17,5312,寶島科,TPEX,5,99.0,98.3309,0.68,139.0,-16.0,0.0,-16.0,-11.51,0.0,2,0,0,0,11.0,0.0,,,,,,,0.0,-25.21,-25.21
2026-04-17,8271,宇瞻,TWSE,5,179.5,163.6391,9.69,35637.54,-2492.05,-28.0,-2520.05,-6.99,-0.08,1,0,0,3,805.0,-11.0,,,,,,,0.0,-25.34,-25.34
2026-04-17,6662,樂斯科,TPEX,5,30.4,30.2009,0.66,55.0,-5.0,0.0,-5.0,-9.09,0.0,0,0,0,0,0.0,0.0,,,,,,,0.0,-25.45,-25.45
2026-04-17,6805,富世達,TWSE,5,1870.0,1810.2955,3.3,12192.44,433.66,-1142.44,-708.77,3.56,-9.37,0,1,0,1,-232.26,-106.0,,,,,,,0.0,-25.46,-25.46
2026-04-17,1314,中石化,TWSE,5,7.7,7.7896,-1.15,121953.01,-10248.53,0.0,-10248.53,-8.4,0.0,0,1,0,0,-5738.59,0.0,,,,,,,0.0,-25.53,-25.53
2026-04-17,3130,一零四,TWSE,5,221.5,220.9623,0.24,163.68,-26.84,0.0,-26.84,-16.39,0.0,3,0,0,0,3.16,0.0,,,,,,,0.0,-26.0,-26.0
2026-04-17,7547,碩網,TPEX,5,69.6,70.5118,-1.29,684.0,-44.0,0.0,-44.0,-6.43,0.0,0,4,0,0,-4.0,0.0,,,,,,,0.0,-26.01,-26.01
2026-04-17,6228,全譜,TPEX,5,,24.8919,,43.0,-4.0,0.0,-4.0,-9.3,0.0,0,0,0,0,0.0,0.0,,,,,,,0.0,-26.05,-26.05
2026-04-17,4583,台灣精銳,TWSE,5,734.0,718.5937,2.14,1948.48,-165.92,-25.0,-190.92,-8.52,-1.28,1,0,0,0,68.91,0.0,,,,,,,0.0,-26.08,-26.08
2026-04-17,2103,台橡,TWSE,5,19.05,19.4958,-2.29,18769.51,-1611.29,-3.0,-1614.29,-8.58,-0.02,0,1,0,0,-949.5,0.0,,,,,,,0.0,-26.09,-26.09
2026-04-17,2423,固緯,TWSE,5,51.4,50.7584,1.26,1610.7,-116.28,-19.0,-135.28,-7.22,-1.18,0,1,0,0,-9.28,0.0,,,,,,,0.0,-26.11,-26.11
2026-04-17,2640,大車隊,TPEX,5,187.0,180.237,3.75,441.0,-38.0,0.0,-38.0,-8.62,0.0,0,1,0,0,-21.0,0.0,,,,,,,0.0,-26.13,-26.13
2026-04-17,3552,同致,TPEX,5,59.5,55.3274,7.54,3033.0,-308.98,0.0,-308.98,-10.19,0.0,1,0,0,0,3.0,0.0,,,,,,,0.0,-26.15,-26.15
2026-04-17,3003,健和興,TWSE,5,54.8,53.7846,1.89,6873.23,-446.23,0.0,-446.23,-6.49,0.0,0,4,0,0,-24.23,0.0,,,,,,,0.0,-26.18,-26.18
2026-04-17,5522,遠雄,TWSE,5,69.7,70.721,-1.44,5480.37,-1250.06,94.0,-1156.06,-22.81,1.72,2,0,0,1,90.94,-20.0,,,,,,,0.0,-26.21,-26.21
2026-04-17,2065,世豐,TPEX,5,30.75,30.9736,-0.72,445.0,-32.25,0.0,-32.25,-7.25,0.0,0,3,0,0,-4.9,0.0,,,,,,,0.0,-26.29,-26.29
2026-04-17,8183,精星,TPEX,5,36.85,36.1656,1.89,3766.0,-300.0,0.0,-300.0,-7.97,0.0,0,2,0,0,-420.0,0.0,,,,,,,0.0,-26.3,-26.3
2026-04-17,5230,雷笛克光學,TPEX,5,18.25,17.8657,2.15,2872.0,-301.86,0.0,-301.86,-10.51,0.0,1,0,0,0,3.0,0.0,,,,,,,0.0,-26.41,-26.41
2026-04-17,3081,聯亞,TPEX,5,2600.0,2305.7894,12.76,14955.0,-106.32,-928.57,-1034.89,-0.71,-6.21,3,0,0,4,360.84,-2.34,,,,,,,0.0,-26.48,-26.48
2026-04-17,3019,亞光,TWSE,5,129.0,128.5905,0.32,16134.98,-1612.67,-0.25,-1612.92,-9.99,-0.0,2,0,0,1,94.4,-0.25,,,,,,,0.0,-26.49,-26.49
2026-04-17,2331,精英,TWSE,5,21.8,21.8309,-0.14,11255.33,-579.25,-91.0,-670.25,-5.15,-0.81,0,1,0,3,-535.23,-26.0,,,,,,,0.0,-26.58,-26.58
2026-04-17,7810,捷創科技,TPEX,5,243.5,253.8248,-4.07,1176.0,-95.0,0.0,-95.0,-8.08,0.0,0,2,0,0,-5.0,0.0,,,,,,,0.0,-26.62,-26.62
2026-04-17,7740,熙特爾-創,TWSE,5,178.0,179.8759,-1.04,1762.51,-191.0,0.0,-191.0,-10.84,0.0,1,0,0,0,8.0,0.0,,,,,,,0.0,-26.67,-26.67
2026-04-17,4107,邦特,TPEX,5,119.5,120.0439,-0.45,239.0,-26.0,0.0,-26.0,-10.88,0.0,1,0,0,0,2.0,0.0,,,,,,,0.0,-26.7,-26.7
2026-04-17,6194,育富,TPEX,5,32.95,33.207,-0.77,365.0,-27.0,0.0,-27.0,-7.4,0.0,0,3,0,0,-18.0,0.0,,,,,,,0.0,-26.71,-26.71
2026-04-17,1569,濱川,TPEX,5,52.5,55.0727,-4.67,7138.0,-430.0,0.0,-430.0,-6.02,0.0,0,5,0,0,-89.0,0.0,,,,,,,0.0,-26.87,-26.87
2026-04-17,6020,大展證,TPEX,5,19.15,19.2532,-0.54,31.0,-3.0,0.0,-3.0,-9.68,0.0,0,0,0,0,0.0,0.0,,,,,,,0.0,-27.1,-27.1
2026-04-17,6934,心誠鎂,TWSE,5,89.2,91.7983,-2.83,1521.63,-127.0,0.0,-127.0,-8.35,0.0,0,2,0,0,-5.0,0.0,,,,,,,0.0,-27.37,-27.37
2026-04-17,3303,岱稜,TPEX,5,46.5,46.2605,0.52,934.0,-85.0,0.0,-85.0,-9.1,0.0,0,1,0,0,-14.0,0.0,,,,,,,0.0,-27.48,-27.48
2026-04-17,2371,大同,TWSE,5,33.1,32.3947,2.18,85494.32,-3682.58,-248.55,-3931.13,-4.31,-0.29,0,1,0,5,-6010.8,-89.0,,,,,,,0.0,-27.52,-27.52
2026-04-17,8472,夠麻吉,TPEX,5,74.3,75.9094,-2.12,117.0,-9.0,0.0,-9.0,-7.69,0.0,0,3,0,0,-1.0,0.0,,,,,,,0.0,-27.54,-27.54
2026-04-17,9946,三發地產,TWSE,5,16.8,17.0276,-1.34,2493.24,-227.38,0.0,-227.38,-9.12,0.0,0,1,0,0,-137.38,0.0,,,,,,,0.0,-27.54,-27.54
2026-04-17,6907,雅特力-KY,TPEX,5,129.0,130.6164,-1.24,5873.0,-368.36,0.0,-368.36,-6.27,0.0,0,5,0,0,-250.26,0.0,,,,,,,0.0,-27.56,-27.56
2026-04-17,8064,東捷,TPEX,5,78.0,77.9256,0.1,81341.0,-9781.39,0.0,-9781.39,-12.03,0.0,1,0,0,0,1363.5,0.0,,,,,,,0.0,-27.62,-27.62
2026-04-17,8942,森鉅,TPEX,5,44.85,44.663,0.42,6596.0,-510.0,0.0,-510.0,-7.73,0.0,0,3,0,0,-89.0,0.0,,,,,,,0.0,-27.65,-27.65
2026-04-17,4137,麗豐-KY,TWSE,5,110.5,109.5455,0.87,636.38,-76.99,0.0,-76.99,-12.1,0.0,1,0,0,0,5.29,0.0,,,,,,,0.0,-27.68,-27.68
2026-04-17,3234,光環,TPEX,5,115.5,117.796,-1.95,22691.0,-2085.3,0.0,-2085.3,-9.19,0.0,0,1,0,0,-138.9,0.0,,,,,,,0.0,-27.73,-27.73
2026-04-17,1104,環泥,TWSE,5,29.35,29.2775,0.25,4226.4,-735.86,2.0,-733.86,-17.41,0.05,2,0,0,0,189.41,0.0,,,,,,,0.0,-27.88,-27.88
2026-04-17,3441,聯一光,TPEX,5,32.4,33.1246,-2.19,1952.0,-351.0,0.0,-351.0,-17.98,0.0,2,0,0,0,6.0,0.0,,,,,,,0.0,-28.0,-28.0
2026-04-17,5903,全家,TPEX,5,191.0,190.198,0.42,101.0,-16.9,0.0,-16.9,-16.73,0.0,2,0,0,0,2.0,0.0,,,,,,,0.0,-28.0,-28.0
2026-04-17,2383,台光電,TWSE,5,3800.0,3687.5395,3.05,15555.82,204.83,-716.28,-511.45,1.32,-4.6,0,2,0,5,-49.31,-256.34,,,,,,,0.0,-28.01,-28.01
2026-04-17,6202,盛群,TWSE,5,55.0,53.4109,2.98,17023.05,-1424.2,-8.0,-1432.2,-8.37,-0.05,0,1,0,1,-1073.44,-7.0,,,,,,,0.0,-28.08,-28.08
2026-04-17,3030,德律,TWSE,5,338.5,311.6408,8.62,38880.85,-2381.05,-53.0,-2434.05,-6.12,-0.14,1,0,0,5,461.61,-22.0,,,,,,,0.0,-28.1,-28.1
2026-04-17,1210,大成,TWSE,5,54.2,54.7107,-0.93,11838.99,872.87,-1369.0,-496.13,7.37,-11.56,0,1,0,5,-343.48,-250.0,,,,,,,0.0,-28.11,-28.11
2026-04-17,2357,華碩,TWSE,5,599.0,587.2148,2.01,20479.89,-898.26,-485.62,-1383.88,-4.39,-2.37,1,0,0,4,1472.42,-298.28,,,,,,,0.0,-28.11,-28.11
2026-04-17,6240,松崗,TPEX,5,18.75,18.5424,1.12,59.0,-6.0,0.0,-6.0,-10.17,0.0,0,0,0,0,0.0,0.0,,,,,,,0.0,-28.14,-28.14
2026-04-17,2887,台新新光金,TWSE,5,24.3,24.491,-0.78,316745.4,-4694.06,-11589.55,-16283.61,-1.48,-3.66,0,1,0,4,-32617.96,-7255.7,,,,,,,0.0,-28.22,-28.22
2026-04-17,5203,訊連,TWSE,5,65.3,63.9767,2.07,1270.66,-119.54,0.0,-119.54,-9.41,0.0,0,1,0,0,-106.6,0.0,,,,,,,0.0,-28.34,-28.34
2026-04-17,3597,映興,TPEX,5,24.7,24.3728,1.34,134.0,-14.0,0.0,-14.0,-10.45,0.0,0,0,0,0,0.0,0.0,,,,,,,0.0,-28.36,-28.36
2026-04-17,4907,富宇,TPEX,5,39.75,40.3675,-1.53,286.0,-27.0,0.0,-27.0,-9.44,0.0,0,1,0,0,-5.0,0.0,,,,,,,0.0,-28.43,-28.43
2026-04-17,8416,實威,TPEX,5,169.5,169.25,0.15,56.0,-6.0,0.0,-6.0,-10.71,0.0,0,0,0,0,0.0,0.0,,,,,,,0.0,-28.57,-28.57
2026-04-17,2743,山富,TPEX,5,72.9,75.7669,-3.78,1793.0,-120.0,0.0,-120.0,-6.69,0.0,0,5,0,0,-12.0,0.0,,,,,,,0.0,-28.74,-28.74
2026-04-17,4768,晶呈科技,TPEX,5,462.5,488.3206,-5.29,9259.0,-819.91,0.0,-819.91,-8.86,0.0,0,2,0,0,-250.97,0.0,,,,,,,0.0,-28.79,-28.79
2026-04-17,5213,亞昕,TPEX,5,26.65,26.6955,-0.17,2883.0,-277.0,0.0,-277.0,-9.61,0.0,0,1,0,0,-54.0,0.0,,,,,,,0.0,-28.9,-28.9
2026-04-17,6509,聚和,TPEX,5,44.25,45.8828,-3.56,22847.0,-1377.59,-36.0,-1413.59,-6.03,-0.16,0,2,0,3,-79.0,-16.0,,,,,,,0.0,-28.9,-28.9
2026-04-17,5484,慧友,TWSE,5,38.8,39.1926,-1.0,2105.16,-159.67,-14.0,-173.67,-7.58,-0.67,1,0,0,3,22.33,-5.0,,,,,,,0.0,-28.93,-28.93
2026-04-17,1720,生達,TWSE,5,63.0,63.4057,-0.64,1180.4,-101.11,-2.0,-103.11,-8.57,-0.17,0,1,0,1,-228.11,-1.0,,,,,,,0.0,-29.04,-29.04
2026-04-17,6872,浩宇生醫,TPEX,5,18.5,18.2199,1.54,381.0,-37.0,0.0,-37.0,-9.71,0.0,0,1,0,0,-32.0,0.0,,,,,,,0.0,-29.19,-29.19
2026-04-17,7723,築間,TPEX,5,34.45,34.5074,-0.17,700.0,-53.0,0.0,-53.0,-7.57,0.0,0,4,0,0,-3.0,0.0,,,,,,,0.0,-29.2,-29.2
2026-04-17,6929,佑全,TPEX,5,30.0,30.2049,-0.68,41.0,-4.0,0.0,-4.0,-9.76,0.0,0,1,0,0,-3.0,0.0,,,,,,,0.0,-29.32,-29.32
2026-04-17,8027,鈦昇,TPEX,5,148.5,149.0069,-0.34,47088.0,-3940.55,0.0,-3940.55,-8.37,0.0,0,3,0,0,-350.6,0.0,,,,,,,0.0,-29.43,-29.43
2026-04-17,6735,美達科技,TPEX,5,75.9,73.0401,3.92,1508.0,-137.0,0.0,-137.0,-9.08,0.0,0,2,0,0,-76.0,0.0,,,,,,,0.0,-29.44,-29.44
2026-04-17,3611,鼎翰,TPEX,5,187.0,187.3168,-0.17,202.0,-29.0,0.0,-29.0,-14.36,0.0,1,0,0,0,6.0,0.0,,,,,,,0.0,-29.49,-29.49
2026-04-17,3360,尚立,TPEX,5,14.15,14.2896,-0.98,1700.0,-167.0,0.0,-167.0,-9.82,0.0,0,1,0,0,-137.0,0.0,,,,,,,0.0,-29.51,-29.51
2026-04-17,6625,必應,TWSE,5,76.6,80.812,-5.21,2738.94,-191.72,0.0,-191.72,-7.0,0.0,0,5,0,0,-49.72,0.0,,,,,,,0.0,-29.6,-29.6
2026-04-17,6739,竹陞科技,TPEX,5,1560.0,1538.0872,1.42,5552.0,-514.87,65.0,-449.87,-9.27,1.17,0,5,1,0,-62.95,7.0,,,,,,,0.0,-29.6,-29.6
2026-04-17,6213,聯茂,TWSE,5,270.5,238.5286,13.4,223364.39,-15695.46,537.0,-15158.46,-7.03,0.24,0,3,0,2,-14407.75,-310.0,,,,,,,0.0,-29.88,-29.88
2026-04-17,2596,綠意,TPEX,5,32.3,32.1727,0.4,582.0,-97.0,0.0,-97.0,-16.67,0.0,1,0,0,0,5.0,0.0,,,,,,,0.0,-30.0,-30.0
2026-04-17,2643,捷迅,TPEX,5,68.4,68.8421,-0.64,114.0,-22.0,0.0,-22.0,-19.3,0.0,1,0,0,0,1.0,0.0,,,,,,,0.0,-30.0,-30.0
2026-04-17,3540,曜越,TPEX,5,27.1,26.7457,1.32,1385.0,-237.0,0.0,-237.0,-17.11,0.0,1,0,0,0,6.0,0.0,,,,,,,0.0,-30.0,-30.0
2026-04-17,4562,穎漢,TWSE,5,35.5,36.6975,-3.26,9843.82,-773.56,0.0,-773.56,-7.86,0.0,0,4,0,0,-83.56,0.0,,,,,,,0.0,-30.0,-30.0
2026-04-17,5209,新鼎,TPEX,5,165.5,165.5705,-0.04,227.0,-39.09,0.0,-39.09,-17.22,0.0,1,0,0,0,6.0,0.0,,,,,,,0.0,-30.0,-30.0
2026-04-17,5392,能率,TPEX,5,39.0,38.772,0.59,11328.0,-1884.1,0.0,-1884.1,-16.63,0.0,1,0,0,0,153.0,0.0,,,,,,,0.0,-30.0,-30.0
2026-04-17,5511,德昌,TPEX,5,70.5,71.3138,-1.14,1461.0,-270.98,0.0,-270.98,-18.55,0.0,1,0,0,0,24.0,0.0,,,,,,,0.0,-30.0,-30.0
2026-04-17,6499,益安,TPEX,5,83.6,85.0817,-1.74,2901.0,-502.98,0.0,-502.98,-17.34,0.0,1,0,0,0,1.0,0.0,,,,,,,0.0,-30.0,-30.0
2026-04-17,6982,大井泵浦,TPEX,5,58.9,58.3558,0.93,575.0,-168.0,0.0,-168.0,-29.22,0.0,1,0,0,0,6.0,0.0,,,,,,,0.0,-30.0,-30.0
2026-04-17,7805,威聯通,TPEX,5,671.0,661.7534,1.4,588.0,-111.0,0.0,-111.0,-18.88,0.0,1,0,0,0,11.0,0.0,,,,,,,0.0,-30.0,-30.0
2026-04-17,5426,振發,TPEX,5,19.25,19.2924,-0.22,1959.0,-168.0,0.0,-168.0,-8.58,0.0,0,3,0,0,-148.0,0.0,,,,,,,0.0,-30.01,-30.01
2026-04-17,6547,高端疫苗,TPEX,5,48.0,51.719,-7.19,25200.0,-2350.12,0.0,-2350.12,-9.33,0.0,0,2,0,0,-1170.5,0.0,,,,,,,0.0,-30.11,-30.11
2026-04-17,6243,迅杰,TWSE,5,30.95,30.9053,0.14,922.06,-79.8,0.0,-79.8,-8.65,0.0,0,3,0,0,-52.81,0.0,,,,,,,0.0,-30.23,-30.23
2026-04-17,3013,晟銘電,TWSE,5,111.0,107.6625,3.1,19919.89,-1733.27,1.0,-1732.27,-8.7,0.01,0,3,0,0,-571.45,0.0,,,,,,,0.0,-30.35,-30.35
2026-04-17,2323,中環,TWSE,5,10.75,10.8635,-1.04,27000.31,-2848.6,0.0,-2848.6,-10.55,0.0,0,1,0,0,-2344.6,0.0,,,,,,,0.0,-30.44,-30.44
2026-04-17,2832,台產,TWSE,5,49.0,48.7584,0.5,1025.36,-108.74,0.0,-108.74,-10.6,0.0,0,1,0,0,-65.74,0.0,,,,,,,0.0,-30.48,-30.48
2026-04-17,7777,能率亞洲,TPEX,5,26.5,26.3761,0.47,5569.0,-594.0,0.0,-594.0,-10.67,0.0,0,1,0,0,-132.0,0.0,,,,,,,0.0,-30.53,-30.53
2026-04-17,6418,詠昇,TPEX,5,28.9,28.915,-0.05,506.0,-48.0,0.0,-48.0,-9.49,0.0,0,2,0,0,-52.0,0.0,,,,,,,0.0,-30.56,-30.56
2026-04-17,2408,南亞科,TWSE,5,210.0,220.9864,-4.97,487238.81,-26673.43,-8702.77,-35376.21,-5.47,-1.79,0,1,0,3,-1759.82,-2361.79,,,,,,,0.0,-30.72,-30.72
2026-04-17,2852,第一保,TWSE,5,26.15,26.245,-0.36,1676.73,-44.25,-45.15,-89.4,-2.64,-2.69,0,1,0,5,-99.25,-17.01,,,,,,,0.0,-30.78,-30.78
2026-04-17,6462,神盾,TPEX,5,122.5,116.5332,5.12,13556.0,-1173.93,-2.0,-1175.93,-8.66,-0.01,0,2,0,1,-258.94,-2.0,,,,,,,0.0,-30.8,-30.8
2026-04-17,3026,禾伸堂,TWSE,5,233.5,224.9583,3.8,44688.79,-2921.24,-6.6,-2927.84,-6.54,-0.01,0,5,0,1,-700.47,-4.0,,,,,,,0.0,-30.85,-30.85
2026-04-17,3260,威剛,TPEX,5,368.5,373.7656,-1.41,107577.0,-2972.34,-5742.56,-8714.89,-2.76,-5.34,1,0,0,3,2262.26,-1691.56,,,,,,,0.0,-30.85,-30.85
2026-04-17,4432,銘旺實,TPEX,5,15.05,15.1972,-0.97,180.0,-20.0,0.0,-20.0,-11.11,0.0,0,1,0,0,-2.0,0.0,,,,,,,0.0,-30.89,-30.89
2026-04-17,6770,力積電,TWSE,5,52.6,54.163,-2.89,486522.28,-28326.43,-703.0,-29029.43,-5.82,-0.14,0,1,0,5,-10114.73,-382.0,,,,,,,0.0,-31.28,-31.28
2026-04-17,4772,台特化,TPEX,5,308.5,307.1912,0.43,11343.0,-1376.41,-40.7,-1417.11,-12.13,-0.36,1,0,0,1,285.0,-0.7,,,,,,,0.0,-31.39,-31.39
2026-04-17,3088,艾訊,TPEX,5,97.8,94.2045,3.82,12427.0,-1465.0,0.0,-1465.0,-11.79,0.0,0,1,0,0,-378.0,0.0,,,,,,,0.0,-31.43,-31.43
2026-04-17,4121,優盛,TPEX,5,15.5,15.4689,0.2,744.0,-89.0,0.0,-89.0,-11.96,0.0,0,1,0,0,-10.0,0.0,,,,,,,0.0,-31.57,-31.57
2026-04-17,8426,紅木-KY,TPEX,5,24.85,24.7244,0.51,166.0,-14.0,0.0,-14.0,-8.43,0.0,0,4,0,0,-4.0,0.0,,,,,,,0.0,-31.61,-31.61
2026-04-17,5381,光譜,TPEX,5,25.3,24.9483,1.41,4105.0,-494.1,0.0,-494.1,-12.04,0.0,0,1,0,0,-5.0,0.0,,,,,,,0.0,-31.63,-31.63
2026-04-17,6923,中台,TWSE,5,82.8,79.1376,4.63,1364.12,-166.61,0.0,-166.61,-12.21,0.0,0,1,0,0,-236.0,0.0,,,,,,,0.0,-31.77,-31.77
2026-04-17,3526,凡甲,TPEX,5,273.5,280.1005,-2.36,4616.0,-512.6,-2.0,-514.6,-11.1,-0.04,1,0,0,2,247.5,-1.0,,,,,,,0.0,-32.03,-32.03
2026-04-17,8227,巨有科技,TPEX,5,141.0,134.9995,4.44,3906.0,-367.0,0.0,-367.0,-9.4,0.0,0,3,0,0,-240.0,0.0,,,,,,,0.0,-32.31,-32.31
2026-04-17,8076,伍豐,TPEX,5,23.35,23.3411,0.04,4551.0,-590.6,0.0,-590.6,-12.98,0.0,0,1,0,0,-161.6,0.0,,,,,,,0.0,-32.38,-32.38
2026-04-17,3622,洋華,TWSE,5,55.8,55.7031,0.17,1656.1,-127.25,-2.0,-129.25,-7.68,-0.12,0,4,0,1,-5.25,-1.0,,,,,,,0.0,-32.41,-32.41
2026-04-17,6870,騰雲,TPEX,5,190.5,190.2353,0.14,459.0,-60.0,0.0,-60.0,-13.07,0.0,0,1,0,0,-20.0,0.0,,,,,,,0.0,-32.46,-32.46
2026-04-17,2023,燁輝,TWSE,5,14.0,14.0401,-0.29,9953.52,-878.13,4.0,-874.13,-8.82,0.04,0,4,0,0,-81.13,0.0,,,,,,,0.0,-32.57,-32.57
2026-04-17,3455,由田,TPEX,5,192.5,186.4377,3.25,14087.0,-1009.31,-1.4,-1010.71,-7.16,-0.01,0,5,0,1,-30.38,-1.4,,,,,,,0.0,-32.59,-32.59
2026-04-17,6212,理銘,TPEX,5,28.15,27.9367,0.76,15.0,-2.0,0.0,-2.0,-13.33,0.0,0,1,0,0,-1.0,0.0,,,,,,,0.0,-32.67,-32.67
2026-04-17,3523,迎輝,TPEX,5,12.55,12.1615,3.19,104.0,-14.0,0.0,-14.0,-13.46,0.0,0,1,0,0,-5.0,0.0,,,,,,,0.0,-32.77,-32.77
2026-04-17,6944,兆聯實業,TWSE,5,917.0,913.4515,0.39,6199.95,-916.06,132.52,-783.54,-14.78,2.14,1,0,0,4,1.9,-0.83,,,,,,,0.0,-32.77,-32.77
2026-04-17,4417,金洲,TPEX,5,48.05,48.1725,-0.25,1570.0,-212.0,0.0,-212.0,-13.5,0.0,0,1,0,0,-17.0,0.0,,,,,,,0.0,-32.8,-32.8
2026-04-17,8028,昇陽半導體,TWSE,5,187.0,191.747,-2.48,49477.16,-4772.54,-43.0,-4815.54,-9.65,-0.09,1,0,0,3,29.78,-17.0,,,,,,,0.0,-32.8,-32.8
2026-04-17,6442,光聖,TWSE,5,2155.0,2165.0252,-0.46,21504.09,-1213.37,-1010.7,-2224.07,-5.64,-4.7,0,2,1,0,-25.52,7.0,,,,,,,0.0,-32.81,-32.81
2026-04-17,6712,長聖,TPEX,5,140.0,142.1915,-1.54,854.0,-94.0,0.0,-94.0,-11.01,0.0,0,2,0,0,-50.0,0.0,,,,,,,0.0,-32.81,-32.81
2026-04-17,3680,家登,TPEX,5,430.0,411.479,4.5,19155.0,-539.65,-753.53,-1293.18,-2.82,-3.93,0,1,0,4,-846.47,-0.2,,,,,,,0.0,-32.87,-32.87
2026-04-17,4923,力士,TPEX,5,35.25,35.8245,-1.6,277.0,-31.0,0.0,-31.0,-11.19,0.0,0,2,0,0,-18.0,0.0,,,,,,,0.0,-32.95,-32.95
2026-04-17,2204,中華,TWSE,5,54.5,54.782,-0.51,5463.42,-222.06,-118.92,-340.98,-4.06,-2.18,0,1,0,5,-661.25,-31.08,,,,,,,0.0,-33.06,-33.06
2026-04-17,2344,華邦電,TWSE,5,87.8,92.1807,-4.75,625246.55,-1141.25,-45853.46,-46994.71,-0.18,-7.33,2,0,0,5,9192.63,-18967.08,,,,,,,0.0,-33.21,-33.21
2026-04-17,4119,旭富,TWSE,5,48.55,49.6864,-2.29,1279.84,-180.39,0.0,-180.39,-14.09,0.0,0,1,0,0,-118.39,0.0,,,,,,,0.0,-33.28,-33.28
2026-04-17,7770,君曜,TPEX,5,50.3,48.883,2.9,109.0,-13.0,0.0,-13.0,-11.93,0.0,0,2,0,0,-14.0,0.0,,,,,,,0.0,-33.54,-33.54
2026-04-17,4557,永新-KY,TWSE,5,53.6,53.9593,-0.67,512.26,-74.77,0.0,-74.77,-14.6,0.0,0,1,0,0,-89.77,0.0,,,,,,,0.0,-33.68,-33.68
2026-04-17,4147,中裕,TPEX,5,53.3,53.2928,0.01,4335.0,-642.0,0.0,-642.0,-14.81,0.0,0,1,0,0,-415.0,0.0,,,,,,,0.0,-33.85,-33.85
2026-04-17,1712,興農,TWSE,5,42.65,42.579,0.17,2793.45,-513.81,1.0,-512.81,-18.39,0.04,0,1,0,0,-134.91,0.0,,,,,,,0.0,-33.91,-33.91
2026-04-17,1612,宏泰,TWSE,5,35.65,35.4584,0.54,2877.12,-471.3,0.0,-471.3,-16.38,0.0,0,1,0,0,-194.43,0.0,,,,,,,0.0,-34.0,-34.0
2026-04-17,1808,潤隆,TWSE,5,30.05,30.1935,-0.48,6995.51,-1772.97,0.0,-1772.97,-25.34,0.0,0,1,0,0,-581.97,0.0,,,,,,,0.0,-34.0,-34.0
2026-04-17,3032,偉訓,TWSE,5,61.8,61.7338,0.11,3034.35,-468.21,0.0,-468.21,-15.43,0.0,0,1,0,0,-95.49,0.0,,,,,,,0.0,-34.0,-34.0
2026-04-17,3176,基亞,TPEX,5,30.5,31.157,-2.11,1246.0,-240.0,0.0,-240.0,-19.26,0.0,0,1,0,0,-153.0,0.0,,,,,,,0.0,-34.0,-34.0
2026-04-17,3716,中化控股,TWSE,5,32.7,32.7507,-0.15,790.27,-140.26,0.0,-140.26,-17.75,0.0,0,1,0,0,-64.26,0.0,,,,,,,0.0,-34.0,-34.0
2026-04-17,4420,光明,TPEX,5,44.2,45.308,-2.45,437.0,-73.0,0.0,-73.0,-16.7,0.0,0,1,0,0,-9.0,0.0,,,,,,,0.0,-34.0,-34.0
2026-04-17,5530,龍巖,TPEX,5,44.95,44.9659,-0.04,1985.0,-360.95,0.0,-360.95,-18.18,0.0,0,1,0,0,-47.0,0.0,,,,,,,0.0,-34.0,-34.0
2026-04-17,6727,亞泰金屬,TPEX,5,399.0,384.7415,3.71,1358.0,-219.0,0.0,-219.0,-16.13,0.0,0,1,0,0,-53.0,0.0,,,,,,,0.0,-34.0,-34.0
2026-04-17,6785,昱展新藥,TPEX,5,168.0,169.0445,-0.62,393.0,-73.0,0.0,-73.0,-18.58,0.0,0,1,0,0,-38.0,0.0,,,,,,,0.0,-34.0,-34.0
2026-04-17,8047,星雲,TPEX,5,55.3,56.7298,-2.52,540.0,-82.0,0.0,-82.0,-15.19,0.0,0,1,0,0,-11.0,0.0,,,,,,,0.0,-34.0,-34.0
2026-04-17,8084,巨虹,TPEX,5,46.1,46.5688,-1.01,390.0,-85.5,0.0,-85.5,-21.92,0.0,0,1,0,0,-6.0,0.0,,,,,,,0.0,-34.0,-34.0
2026-04-17,8476,台境*,TWSE,5,18.2,18.4276,-1.24,2388.14,-436.18,0.0,-436.18,-18.26,0.0,0,1,0,0,-167.18,0.0,,,,,,,0.0,-34.0,-34.0
2026-04-17,4105,東洋,TPEX,5,74.6,74.2983,0.41,2853.0,-828.0,-3.0,-831.0,-29.02,-0.11,0,1,0,0,-1.0,0.0,,,,,,,0.0,-34.26,-34.26
2026-04-17,6720,久昌,TPEX,5,162.5,164.1901,-1.03,313.0,-34.0,0.0,-34.0,-10.86,0.0,0,3,0,0,-5.0,0.0,,,,,,,0.0,-34.69,-34.69
2026-04-17,3265,台星科,TPEX,5,167.0,171.5873,-2.67,25051.0,-3320.64,-1.46,-3322.09,-13.26,-0.01,0,1,0,1,-547.75,-1.46,,,,,,,0.0,-35.12,-35.12
2026-04-17,6257,矽格,TWSE,5,177.5,179.1657,-0.93,83321.15,-1442.24,-3533.12,-4975.36,-1.73,-4.24,0,2,0,5,-961.21,-802.0,,,,,,,0.0,-35.34,-35.34
2026-04-17,8436,大江,TPEX,5,125.0,123.0527,1.58,3794.0,-309.96,-72.06,-382.01,-8.17,-1.9,3,0,0,5,113.0,-18.96,,,,,,,0.0,-35.64,-35.64
2026-04-17,6603,富強鑫,TPEX,5,25.45,24.1294,5.47,11007.0,-1351.0,0.0,-1351.0,-12.27,0.0,0,3,0,0,-479.0,0.0,,,,,,,0.0,-35.82,-35.82
2026-04-17,2027,大成鋼,TWSE,5,37.6,37.9078,-0.81,98357.1,-16348.72,-347.0,-16695.72,-16.62,-0.35,1,0,0,2,1269.64,-380.0,,,,,,,0.0,-35.88,-35.88
2026-04-17,3499,環天科,TPEX,5,16.65,17.0589,-2.4,1006.0,-125.0,0.0,-125.0,-12.43,0.0,0,3,0,0,-69.0,0.0,,,,,,,0.0,-35.94,-35.94
2026-04-17,2816,旺旺保,TWSE,5,30.85,31.3552,-1.61,1438.03,-214.89,0.0,-214.89,-14.94,0.0,0,2,0,0,-29.89,0.0,,,,,,,0.0,-35.95,-35.95
2026-04-17,1316,上曜,TWSE,5,12.0,11.8837,0.98,10794.07,-1804.45,0.0,-1804.45,-16.72,0.0,0,2,0,0,-1455.38,0.0,,,,,,,0.0,-36.0,-36.0
2026-04-17,2739,寒舍,TWSE,5,36.75,36.3926,0.98,4263.88,-744.55,0.0,-744.55,-17.46,0.0,0,2,0,0,-40.55,0.0,,,,,,,0.0,-36.0,-36.0
2026-04-17,2755,揚秦,TPEX,5,139.5,139.4855,0.01,242.0,-60.0,0.0,-60.0,-24.79,0.0,0,2,0,0,-27.0,0.0,,,,,,,0.0,-36.0,-36.0
2026-04-17,4167,松瑞藥,TPEX,5,19.9,19.9363,-0.18,5095.0,-1026.0,0.0,-1026.0,-20.14,0.0,0,2,0,0,-36.0,0.0,,,,,,,0.0,-36.0,-36.0
2026-04-17,6598,ABC-KY,TWSE,5,22.8,22.6905,0.48,714.61,-180.5,0.0,-180.5,-25.26,0.0,0,2,0,0,-63.51,0.0,,,,,,,0.0,-36.0,-36.0
2026-04-17,6657,華安,TWSE,5,46.2,46.8134,-1.31,3660.4,-609.58,0.0,-609.58,-16.65,0.0,0,2,0,0,-281.58,0.0,,,,,,,0.0,-36.0,-36.0
2026-04-17,8121,越峰,TPEX,5,29.35,27.8458,5.4,6139.0,-1392.0,0.0,-1392.0,-22.67,0.0,0,2,0,0,-1174.0,0.0,,,,,,,0.0,-36.0,-36.0
2026-04-17,4744,皇將,TPEX,5,32.0,32.9504,-2.88,2775.0,-278.0,0.0,-278.0,-10.02,0.0,0,4,0,0,-8.0,0.0,,,,,,,0.0,-36.01,-36.01
2026-04-17,4532,瑞智,TWSE,5,24.6,24.3171,1.16,5956.68,-497.59,-112.67,-610.26,-8.35,-1.89,3,0,0,5,136.25,-16.9,,,,,,,0.0,-36.13,-36.13
2026-04-17,3703,欣陸,TWSE,5,21.85,22.0406,-0.86,6096.15,-778.92,1.0,-777.92,-12.78,0.02,0,3,0,0,-483.92,0.0,,,,,,,0.0,-36.17,-36.17
2026-04-17,5201,凱衛,TPEX,5,39.1,38.9247,0.45,221.0,-28.14,0.0,-28.14,-12.73,0.0,0,3,0,0,-5.0,0.0,,,,,,,0.0,-36.19,-36.19
2026-04-17,5398,慕康生醫,TPEX,5,20.7,20.8484,-0.71,321.0,-33.0,0.0,-33.0,-10.28,0.0,0,4,0,0,-15.0,0.0,,,,,,,0.0,-36.22,-36.22
2026-04-17,8454,富邦媒,TWSE,5,175.5,179.6807,-2.33,2613.14,-393.6,1.66,-391.94,-15.06,0.06,0,1,0,1,-346.07,-1.13,,,,,,,0.0,-36.34,-36.34
2026-04-17,8404,百和興業-KY,TWSE,5,17.95,17.9822,-0.18,2269.5,-296.91,0.0,-296.91,-13.08,0.0,0,3,0,0,-49.92,0.0,,,,,,,0.0,-36.47,-36.47
2026-04-17,6534,正瀚-創,TWSE,5,99.6,98.9055,0.7,1843.15,-243.0,0.0,-243.0,-13.18,0.0,0,3,0,0,-60.0,0.0,,,,,,,0.0,-36.55,-36.55
2026-04-17,1722,台肥,TWSE,5,45.65,46.1495,-1.08,15965.31,-1711.75,-2.0,-1713.75,-10.72,-0.01,0,4,0,0,-1093.14,0.0,,,,,,,0.0,-36.62,-36.62
2026-04-17,6138,茂達,TPEX,5,229.0,224.3814,2.06,1518.0,-22.0,-102.0,-124.0,-1.45,-6.72,1,0,0,5,77.0,-6.0,,,,,,,0.0,-36.73,-36.73
2026-04-17,2886,兆豐金,TWSE,5,39.5,39.4831,0.04,100747.58,3729.51,-9958.66,-6229.15,3.7,-9.88,0,1,0,5,-426.0,-1987.49,,,,,,,0.0,-36.75,-36.75
2026-04-17,4736,泰博,TWSE,5,125.5,125.6029,-0.08,767.05,-152.16,-1.0,-153.16,-19.84,-0.13,0,1,0,1,-66.76,-1.0,,,,,,,0.0,-36.83,-36.83
2026-04-17,2424,隴華,TWSE,5,22.45,23.2429,-3.41,802.69,-90.0,0.0,-90.0,-11.21,0.0,0,4,0,0,-9.0,0.0,,,,,,,0.0,-36.97,-36.97
2026-04-17,6763,綠界科技*,TPEX,5,48.6,49.1254,-1.07,2090.0,-176.73,-2.0,-178.73,-8.46,-0.1,0,4,0,2,-122.96,-1.0,,,,,,,0.0,-36.99,-36.99
2026-04-17,2362,藍天,TWSE,5,38.35,38.5124,-0.42,3035.68,-337.96,-1.0,-338.96,-11.13,-0.03,0,4,0,0,-79.86,0.0,,,,,,,0.0,-37.02,-37.02
2026-04-17,4130,健亞,TPEX,5,32.5,33.9127,-4.17,8216.0,-817.0,0.0,-817.0,-9.94,0.0,0,5,0,0,-60.0,0.0,,,,,,,0.0,-37.84,-37.84
2026-04-17,5009,榮剛,TPEX,5,31.3,31.2761,0.08,8965.0,-1512.03,-103.0,-1615.03,-16.87,-1.15,1,0,0,2,129.0,-78.0,,,,,,,0.0,-37.87,-37.87
2026-04-17,2607,榮運,TWSE,5,50.3,50.6078,-0.61,2983.49,-423.46,-5.0,-428.46,-14.19,-0.17,0,3,0,0,-239.35,0.0,,,,,,,0.0,-37.91,-37.91
2026-04-17,1714,和桐,TWSE,5,9.63,10.0907,-4.57,37322.19,-5559.85,0.0,-5559.85,-14.9,0.0,0,3,0,0,-1986.95,0.0,,,,,,,0.0,-37.92,-37.92
2026-04-17,1340,勝悅-KY,TWSE,5,6.41,6.4443,-0.53,946.65,-165.74,0.0,-165.74,-17.51,0.0,0,3,0,0,-117.24,0.0,,,,,,,0.0,-38.0,-38.0
2026-04-17,1604,聲寶,TWSE,5,23.8,24.6952,-3.62,6061.82,-1012.08,0.0,-1012.08,-16.7,0.0,0,3,0,0,-430.09,0.0,,,,,,,0.0,-38.0,-38.0
2026-04-17,3083,網龍,TPEX,5,27.05,27.2198,-0.62,521.0,-118.0,0.0,-118.0,-22.65,0.0,0,3,0,0,-20.0,0.0,,,,,,,0.0,-38.0,-38.0
2026-04-17,5386,青雲,TPEX,5,352.0,363.2038,-3.08,9044.0,-2271.62,0.0,-2271.62,-25.12,0.0,0,3,0,0,-322.52,0.0,,,,,,,0.0,-38.0,-38.0
2026-04-17,5529,鉅陞,TPEX,5,24.2,24.7676,-2.29,148.0,-25.0,0.0,-25.0,-16.89,0.0,0,3,0,0,-18.0,0.0,,,,,,,0.0,-38.0,-38.0
2026-04-17,6015,宏遠證,TPEX,5,13.0,13.352,-2.64,9595.0,-2996.0,0.0,-2996.0,-31.22,0.0,0,3,0,0,-244.0,0.0,,,,,,,0.0,-38.0,-38.0
2026-04-17,6021,美好證,TPEX,5,28.8,29.9057,-3.7,1518.0,-338.0,0.0,-338.0,-22.27,0.0,0,3,0,0,-35.0,0.0,,,,,,,0.0,-38.0,-38.0
2026-04-17,6150,撼訊,TPEX,5,53.4,53.9772,-1.07,1271.0,-250.0,0.0,-250.0,-19.67,0.0,0,3,0,0,-55.0,0.0,,,,,,,0.0,-38.0,-38.0
2026-04-17,9925,新保,TWSE,5,40.75,40.7245,0.06,1178.54,-204.69,0.0,-204.69,-17.37,0.0,0,3,0,0,-41.08,0.0,,,,,,,0.0,-38.0,-38.0
2026-04-17,4987,科誠,TPEX,5,81.4,81.4114,-0.01,79.0,-8.0,0.0,-8.0,-10.13,0.0,0,5,0,0,-1.0,0.0,,,,,,,0.0,-38.1,-38.1
2026-04-17,1101,台泥,TWSE,5,25.1,25.0353,0.26,123248.8,-13804.58,-313.0,-14117.58,-11.2,-0.25,2,0,0,5,1666.0,-109.0,,,,,,,0.0,-38.3,-38.3
2026-04-17,3567,逸昌,TPEX,5,26.0,26.26,-0.99,309.0,-33.0,0.0,-33.0,-10.68,0.0,0,5,0,0,-9.0,0.0,,,,,,,0.0,-38.54,-38.54
2026-04-17,4542,科嶠,TPEX,5,169.5,176.3564,-3.89,5199.0,-610.82,0.0,-610.82,-11.75,0.0,0,5,0,0,-21.6,0.0,,,,,,,0.0,-39.4,-39.4
2026-04-17,2505,國揚,TWSE,5,18.8,18.9307,-0.69,2228.29,-262.06,0.0,-262.06,-11.76,0.0,0,5,0,0,-95.06,0.0,,,,,,,0.0,-39.41,-39.41
2026-04-17,3029,零壹,TWSE,5,97.3,97.4727,-0.18,4852.58,-545.76,-16.25,-562.02,-11.25,-0.33,0,1,0,3,-115.23,-5.75,,,,,,,0.0,-39.6,-39.6
2026-04-17,1603,華電,TWSE,5,32.8,32.5304,0.83,1558.1,-299.93,0.0,-299.93,-19.25,0.0,0,4,0,0,-119.05,0.0,,,,,,,0.0,-40.0,-40.0
2026-04-17,1718,中纖,TWSE,5,6.89,7.0912,-2.84,29676.98,-5462.61,0.0,-5462.61,-18.41,0.0,0,4,0,0,-3373.63,0.0,,,,,,,0.0,-40.0,-40.0
2026-04-17,1783,和康生,TWSE,5,41.75,42.1386,-0.92,535.51,-109.46,0.0,-109.46,-20.44,0.0,0,4,0,0,-17.56,0.0,,,,,,,0.0,-40.0,-40.0
2026-04-17,1784,訊聯,TPEX,5,80.2,81.9786,-2.17,1184.0,-257.0,0.0,-257.0,-21.71,0.0,0,4,0,0,-25.0,0.0,,,,,,,0.0,-40.0,-40.0
2026-04-17,2102,泰豐,TWSE,5,18.9,19.5632,-3.39,1883.05,-654.66,0.0,-654.66,-34.77,0.0,0,4,0,0,-150.66,0.0,,,,,,,0.0,-40.0,-40.0
2026-04-17,2515,中工,TWSE,5,13.85,13.7199,0.95,45623.1,-9955.03,0.0,-9955.03,-21.82,0.0,0,4,0,0,-5115.84,0.0,,,,,,,0.0,-40.0,-40.0
2026-04-17,3058,立德,TWSE,5,9.22,9.1805,0.43,4549.35,-690.57,0.0,-690.57,-15.18,0.0,0,4,0,0,-200.07,0.0,,,,,,,0.0,-40.0,-40.0
2026-04-17,3543,州巧,TWSE,5,42.45,44.0293,-3.59,6714.52,-1491.95,0.0,-1491.95,-22.22,0.0,0,4,0,0,-320.74,0.0,,,,,,,0.0,-40.0,-40.0
2026-04-17,4442,竣邦-KY,TPEX,5,58.1,58.8931,-1.35,290.0,-136.0,0.0,-136.0,-46.9,0.0,0,4,0,0,-1.0,0.0,,,,,,,0.0,-40.0,-40.0
2026-04-17,6220,岳豐,TPEX,5,33.4,35.3433,-5.5,3689.0,-665.0,0.0,-665.0,-18.03,0.0,0,4,0,0,-26.0,0.0,,,,,,,0.0,-40.0,-40.0
2026-04-17,6796,晉弘,TWSE,5,75.5,74.7372,1.02,297.54,-46.8,0.0,-46.8,-15.73,0.0,0,4,0,0,-33.8,0.0,,,,,,,0.0,-40.0,-40.0
2026-04-17,1477,聚陽,TWSE,5,215.0,215.4723,-0.22,7857.24,47.82,-651.82,-603.99,0.61,-8.3,0,1,0,5,-76.59,-107.09,,,,,,,0.0,-40.17,-40.17
2026-04-17,6176,瑞儀,TWSE,5,90.9,89.7021,1.34,21468.71,200.62,-1842.4,-1641.78,0.93,-8.58,0,1,0,5,-13.46,-612.09,,,,,,,0.0,-40.2,-40.2
2026-04-17,5289,宜鼎,TPEX,5,1005.0,1107.4315,-9.25,19860.0,-1774.07,-169.58,-1943.66,-8.93,-0.85,0,5,0,1,-130.24,-1011.3,,,,,,,0.0,-40.33,-40.33
2026-04-17,3491,昇達科,TPEX,5,1670.0,1759.1165,-5.07,8574.0,-1110.38,-27.97,-1138.35,-12.95,-0.33,0,2,0,2,-667.12,-18.23,,,,,,,0.0,-40.44,-40.44
2026-04-17,6523,達爾膚,TPEX,5,104.5,109.0821,-4.2,798.0,-107.9,0.0,-107.9,-13.52,0.0,0,5,0,0,-9.0,0.0,,,,,,,0.0,-40.82,-40.82
2026-04-17,9945,潤泰新,TWSE,5,24.65,25.144,-1.96,35326.05,-7094.18,0.0,-7094.18,-20.08,0.0,0,2,0,2,-5050.99,-8.0,,,,,,,0.0,-41.0,-41.0
2026-04-17,5489,彩富,TPEX,5,41.05,41.0472,0.01,320.0,-46.0,0.0,-46.0,-14.37,0.0,0,5,0,0,-5.0,0.0,,,,,,,0.0,-41.5,-41.5
2026-04-17,6560,欣普羅,TPEX,5,38.4,38.3564,0.11,187.0,-27.0,0.0,-27.0,-14.44,0.0,0,5,0,0,-3.0,0.0,,,,,,,0.0,-41.55,-41.55
2026-04-17,6121,新普,TPEX,5,348.5,350.8019,-0.66,2256.0,51.03,-354.36,-303.33,2.26,-15.71,1,0,0,5,102.0,-101.51,,,,,,,0.0,-41.73,-41.73
2026-04-17,1565,精華,TPEX,5,108.5,106.5566,1.82,980.0,-279.47,0.0,-279.47,-28.52,0.0,0,5,0,0,-42.35,0.0,,,,,,,0.0,-42.0,-42.0
2026-04-17,2013,中鋼構,TWSE,5,44.05,43.9717,0.18,668.47,-113.01,0.0,-113.01,-16.91,0.0,0,5,0,0,-19.01,0.0,,,,,,,0.0,-42.0,-42.0
2026-04-17,2020,美亞,TWSE,5,23.15,24.5938,-5.87,6443.6,-2133.67,0.0,-2133.67,-33.11,0.0,0,5,0,0,-370.67,0.0,,,,,,,0.0,-42.0,-42.0
2026-04-17,2022,聚亨,TWSE,5,8.83,8.9253,-1.07,5261.2,-1078.34,0.0,-1078.34,-20.5,0.0,0,5,0,0,-133.34,0.0,,,,,,,0.0,-42.0,-42.0
2026-04-17,2616,山隆,TWSE,5,15.45,15.9115,-2.9,3705.22,-590.32,0.0,-590.32,-15.93,0.0,0,5,0,0,-150.32,0.0,,,,,,,0.0,-42.0,-42.0
2026-04-17,4164,承業醫,TWSE,5,31.15,31.1002,0.16,4290.07,-751.13,0.0,-751.13,-17.51,0.0,0,5,0,0,-335.2,0.0,,,,,,,0.0,-42.0,-42.0
2026-04-17,4555,氣立,TWSE,5,41.05,39.5239,3.86,3175.43,-573.66,0.0,-573.66,-18.07,0.0,0,5,0,0,-37.66,0.0,,,,,,,0.0,-42.0,-42.0
2026-04-17,4745,合富-KY,TPEX,5,19.05,19.8939,-4.24,3159.0,-1751.0,0.0,-1751.0,-55.43,0.0,0,5,0,0,-131.0,0.0,,,,,,,0.0,-42.0,-42.0
2026-04-17,5287,數字,TPEX,5,161.0,164.5554,-2.16,352.0,-105.18,0.0,-105.18,-29.88,0.0,0,5,0,0,-32.0,0.0,,,,,,,0.0,-42.0,-42.0
2026-04-17,5490,同亨,TPEX,5,26.45,26.1097,1.3,1609.0,-278.0,0.0,-278.0,-17.28,0.0,0,5,0,0,-27.0,0.0,,,,,,,0.0,-42.0,-42.0
2026-04-17,5534,長虹,TWSE,5,79.0,81.2929,-2.82,5655.9,-1838.67,0.0,-1838.67,-32.51,0.0,0,5,0,0,-388.47,0.0,,,,,,,0.0,-42.0,-42.0
2026-04-17,6170,統振,TPEX,5,51.2,51.1374,0.12,984.0,-223.0,0.0,-223.0,-22.66,0.0,0,5,0,0,-20.0,0.0,,,,,,,0.0,-42.0,-42.0
2026-04-17,6248,沛波,TPEX,5,20.0,19.9567,0.22,882.0,-173.0,0.0,-173.0,-19.61,0.0,0,5,0,0,-4.0,0.0,,,,,,,0.0,-42.0,-42.0
2026-04-17,6596,寬宏藝術,TPEX,5,100.5,102.6971,-2.14,1806.0,-491.0,0.0,-491.0,-27.19,0.0,0,5,0,0,-43.0,0.0,,,,,,,0.0,-42.0,-42.0
2026-04-17,6803,崑鼎,TPEX,5,289.5,290.0113,-0.18,265.0,-101.0,0.0,-101.0,-38.11,0.0,0,5,0,0,-6.0,0.0,,,,,,,0.0,-42.0,-42.0
2026-04-17,6894,衛司特,TPEX,5,348.5,370.8309,-6.02,1632.0,-329.99,0.0,-329.99,-20.22,0.0,0,5,0,0,-67.0,0.0,,,,,,,0.0,-42.0,-42.0
2026-04-17,8444,綠河-KY,TPEX,5,5.16,5.2158,-1.07,360.0,-78.14,0.0,-78.14,-21.71,0.0,0,5,0,0,-0.14,0.0,,,,,,,0.0,-42.0,-42.0
2026-04-17,8446,華研,TPEX,5,90.5,96.1979,-5.92,1886.0,-521.0,0.0,-521.0,-27.62,0.0,0,5,0,0,-15.0,0.0,,,,,,,0.0,-42.0,-42.0
2026-04-17,8936,國統,TPEX,5,50.1,50.22,-0.24,8285.0,-2658.0,0.0,-2658.0,-32.08,0.0,0,5,0,0,-216.0,0.0,,,,,,,0.0,-42.0,-42.0
2026-04-17,8938,明安,TPEX,5,63.0,63.0899,-0.14,1334.0,-321.0,0.0,-321.0,-24.06,0.0,0,5,0,0,-8.0,0.0,,,,,,,0.0,-42.0,-42.0
2026-04-17,2731,雄獅,TWSE,5,159.5,163.6091,-2.51,7369.41,-2869.52,-1.0,-2870.52,-38.94,-0.01,0,5,0,0,-465.63,0.0,,,,,,,0.0,-42.03,-42.03
2026-04-17,2480,敦陽科,TWSE,5,140.5,139.4927,0.72,1323.66,-256.44,-10.95,-267.39,-19.37,-0.83,2,0,0,5,40.53,-4.95,,,,,,,0.0,-42.57,-42.57
2026-04-17,2354,鴻準,TWSE,5,51.6,51.733,-0.26,32328.79,-3006.29,-57.0,-3063.29,-9.3,-0.18,0,3,0,4,-913.12,-42.0,,,,,,,0.0,-42.62,-42.62
2026-04-17,4966,譜瑞-KY,TPEX,5,546.0,541.8788,0.76,5603.0,-543.83,-27.0,-570.83,-9.71,-0.48,0,1,0,5,-80.01,-11.0,,,,,,,0.0,-43.27,-43.27
2026-04-17,6605,帝寶,TWSE,5,129.5,131.6635,-1.64,2634.93,-1079.21,-2.0,-1081.21,-40.96,-0.08,0,5,0,1,-209.17,-1.0,,,,,,,0.0,-44.69,-44.69
2026-04-17,2597,潤弘,TWSE,5,165.5,155.7305,6.27,3892.36,-832.35,-13.0,-845.35,-21.38,-0.33,0,5,0,1,-24.65,-8.0,,,,,,,0.0,-45.33,-45.33
2026-04-17,1476,儒鴻,TWSE,5,349.5,338.6092,3.22,6392.21,-652.42,-103.07,-755.5,-10.21,-1.61,0,1,0,4,-92.02,-8.42,,,,,,,0.0,-45.49,-45.49
2026-04-17,2312,金寶,TWSE,5,24.55,24.4571,0.38,155618.74,-13140.51,-1982.0,-15122.51,-8.44,-1.27,0,3,0,5,-14191.57,-6.0,,,,,,,0.0,-46.35,-46.35
2026-04-17,2449,京元電子,TWSE,5,275.0,290.6284,-5.38,154609.66,-13220.79,-5114.39,-18335.19,-8.55,-3.31,0,1,0,4,-5114.98,-3150.36,,,,,,,0.0,-46.86,-46.86
2026-04-17,9938,百和,TWSE,5,46.35,46.0608,0.63,8593.75,-3012.49,-176.0,-3188.49,-35.05,-2.05,0,5,0,0,-429.59,0.0,,,,,,,0.0,-47.12,-47.12
2026-04-17,1513,中興電,TWSE,5,153.0,152.4316,0.37,21011.02,-1460.83,-997.0,-2457.83,-6.95,-4.75,0,1,0,4,-1064.85,-607.0,,,,,,,0.0,-47.13,-47.13
2026-04-17,1795,美時,TWSE,5,234.5,236.2014,-0.72,18433.86,-3379.87,-5.68,-3385.55,-18.34,-0.03,0,4,0,3,-161.79,-2.89,,,,,,,0.0,-47.58,-47.58
2026-04-17,2892,第一金,TWSE,5,28.8,28.7147,0.3,73155.2,-590.68,-6977.81,-7568.49,-0.81,-9.54,0,1,0,5,-358.33,-1087.55,,,,,,,0.0,-48.24,-48.24
2026-04-17,4766,南寶,TWSE,5,347.5,354.5867,-2.0,6569.52,-1018.74,-123.0,-1141.74,-15.51,-1.87,0,5,0,1,-67.7,-41.0,,,,,,,0.0,-49.18,-49.18
2026-04-17,2903,遠百,TWSE,5,23.05,22.9237,0.55,9705.55,-684.8,-748.0,-1432.8,-7.06,-7.71,0,1,0,1,-150.97,-137.0,,,,,,,0.0,-49.69,-49.69
2026-04-17,1519,華城,TWSE,5,872.0,858.931,1.52,18268.24,-2672.58,-312.4,-2984.98,-14.63,-1.71,0,3,0,3,-445.72,-111.65,,,,,,,0.0,-49.78,-49.78
2026-04-17,1402,遠東新,TWSE,5,26.3,26.367,-0.25,81810.95,-22386.77,-257.32,-22644.09,-27.36,-0.31,0,5,0,3,-4677.75,-128.29,,,,,,,0.0,-50.29,-50.29
2026-04-17,2812,台中銀,TWSE,5,20.55,20.7388,-0.91,63563.61,-22352.25,-28.0,-22380.25,-35.17,-0.04,0,5,0,4,-6633.75,-39.0,,,,,,,0.0,-52.11,-52.11
2026-04-17,6412,群電,TWSE,5,78.6,80.4485,-2.3,7081.05,-944.7,-31.59,-976.29,-13.34,-0.45,0,4,0,5,-195.02,-5.77,,,,,,,0.0,-52.65,-52.65
2026-04-17,2883,凱基金,TWSE,5,20.95,20.9767,-0.13,203731.88,-18690.42,-8113.55,-26803.97,-9.17,-3.98,0,1,0,5,-10493.26,-1111.61,,,,,,,0.0,-53.33,-53.33
2026-04-17,2313,華通,TWSE,5,261.5,268.2472,-2.52,328612.53,-30185.18,-11584.25,-41769.44,-9.19,-3.53,0,2,0,5,-3254.0,-226.0,,,,,,,0.0,-53.85,-53.85
2026-04-17,2539,櫻花建,TWSE,5,46.7,47.1748,-1.01,4204.45,-764.33,-31.95,-796.28,-18.18,-0.76,0,5,0,4,-206.89,-11.98,,,,,,,0.0,-53.9,-53.9
2026-04-17,6188,廣明,TPEX,5,86.3,87.146,-0.97,9682.0,-472.33,-1333.0,-1805.33,-4.88,-13.77,1,0,0,4,20.67,-546.0,,,,,,,0.0,-54.76,-54.76
2026-04-17,1504,東元,TWSE,5,62.9,61.8837,1.64,47809.79,-6027.57,-621.0,-6648.57,-12.61,-1.3,0,4,0,5,-1904.6,-127.0,,,,,,,0.0,-54.87,-54.87
2026-04-17,8299,群聯,TPEX,5,1570.0,1687.0772,-6.94,42540.0,-4782.54,-2980.76,-7763.3,-11.24,-7.01,1,0,0,3,31.38,-1186.15,,,,,,,0.0,-55.02,-55.02
2026-04-17,1532,勤美,TWSE,5,21.8,21.9747,-0.8,3466.29,-602.12,-125.3,-727.42,-17.37,-3.61,0,1,0,5,-419.12,-26.07,,,,,,,0.0,-55.54,-55.54
2026-04-17,2882,國泰金,TWSE,5,75.0,72.9667,2.79,138963.92,-3373.52,-16384.1,-19757.62,-2.43,-11.79,0,1,0,5,-2361.45,-4589.78,,,,,,,0.0,-55.73,-55.73
2026-04-17,2609,陽明,TWSE,5,50.7,50.8167,-0.23,80883.37,-21862.28,-450.44,-22312.72,-27.03,-0.56,0,5,0,5,-4355.61,-145.45,,,,,,,0.0,-55.89,-55.89
2026-04-17,6005,群益證,TWSE,5,27.6,27.9697,-1.32,78463.24,-38181.14,-1237.28,-39418.43,-48.66,-1.58,0,5,0,4,-11380.64,-587.95,,,,,,,0.0,-55.94,-55.94
2026-04-17,6177,達麗,TWSE,5,45.75,46.2664,-1.12,4990.66,-1369.12,-131.0,-1500.12,-27.43,-2.62,0,5,0,3,-587.47,-51.0,,,,,,,0.0,-56.06,-56.06
2026-04-17,2881,富邦金,TWSE,5,88.0,87.4664,0.61,102736.19,-2813.17,-14603.5,-17416.67,-2.74,-14.21,0,1,0,5,-4564.05,-3003.52,,,,,,,0.0,-56.98,-56.98
2026-04-17,3211,順達,TPEX,5,359.0,353.7636,1.48,34272.0,-2384.87,-2965.42,-5350.29,-6.96,-8.65,1,0,0,5,458.05,-70.18,,,,,,,0.0,-58.05,-58.05
2026-04-17,2542,興富發,TWSE,5,34.95,35.6539,-1.97,25841.44,-5017.04,-1246.0,-6263.04,-19.41,-4.82,0,1,0,5,-2384.59,-409.0,,,,,,,0.0,-58.55,-58.55
2026-04-17,5876,上海商銀,TWSE,5,39.85,39.4687,0.97,30011.54,-6391.4,-2294.65,-8686.05,-21.3,-7.65,1,0,0,4,51.01,-1487.0,,,,,,,0.0,-59.11,-59.11
2026-04-17,9907,統一實,TWSE,5,18.0,18.0394,-0.22,14035.08,-7790.89,-545.78,-8336.67,-55.51,-3.89,0,5,0,3,-1091.08,-311.07,,,,,,,0.0,-59.22,-59.22
2026-04-17,1522,堤維西,TWSE,5,32.8,32.7606,0.12,4484.88,-1062.44,-87.44,-1149.88,-23.69,-1.95,0,5,0,5,-434.44,-20.5,,,,,,,0.0,-59.37,-59.37
2026-04-17,3005,神基,TWSE,5,98.9,98.2129,0.7,25324.83,-1250.79,-2411.0,-3661.79,-4.94,-9.52,0,1,0,5,-84.26,-953.0,,,,,,,0.0,-59.75,-59.75
2026-04-17,2439,美律,TWSE,5,90.0,88.6033,1.58,11171.97,-611.24,-1268.11,-1879.35,-5.47,-11.35,0,1,0,5,-329.45,-153.48,,,,,,,0.0,-62.44,-62.44
2026-04-17,2610,華航,TWSE,5,18.3,18.2583,0.23,148032.81,-22710.42,-8157.0,-30867.42,-15.34,-5.51,0,5,0,3,-2255.31,-4403.0,,,,,,,0.0,-63.28,-63.28
2026-04-17,1215,卜蜂,TWSE,5,142.5,143.5589,-0.74,5793.56,-2182.22,-281.0,-2463.22,-37.67,-4.85,0,5,0,4,-445.27,-117.0,,,,,,,0.0,-64.13,-64.13
2026-04-17,2206,三陽工業,TWSE,5,58.6,58.9502,-0.59,4043.95,-338.12,-452.78,-790.9,-8.36,-11.2,1,0,0,5,133.78,-136.59,,,,,,,0.0,-64.22,-64.22
2026-04-17,2727,王品,TWSE,5,226.0,226.1387,-0.06,1310.43,-372.5,-110.45,-482.94,-28.43,-8.43,0,2,0,3,-0.58,-2.48,,,,,,,0.0,-64.57,-64.57
2026-04-17,2504,國產,TWSE,5,35.85,36.1242,-0.76,10895.36,-5204.15,-489.71,-5693.86,-47.76,-4.49,0,5,0,5,-650.15,-120.22,,,,,,,0.0,-65.74,-65.74
2026-04-17,1319,東陽,TWSE,5,78.5,78.4415,0.07,17652.85,-1417.37,-2516.17,-3933.54,-8.03,-14.25,0,1,0,5,-868.06,-825.53,,,,,,,0.0,-67.56,-67.56
2026-04-17,4915,致伸,TWSE,5,75.1,73.9803,1.51,12025.69,-1466.94,-1020.27,-2487.22,-12.2,-8.48,0,1,0,5,-110.7,-133.44,,,,,,,0.0,-67.71,-67.71
2026-04-17,2603,長榮,TWSE,5,198.0,200.9288,-1.46,54817.83,-7413.1,-4500.13,-11913.23,-13.52,-8.21,0,2,0,5,-5211.35,-1173.13,,,,,,,0.0,-69.02,-69.02
2026-04-17,1102,亞泥,TWSE,5,35.7,35.4487,0.71,49348.63,-12993.14,-3377.06,-16370.2,-26.33,-6.84,0,5,0,4,-2598.64,-1358.17,,,,,,,0.0,-69.11,-69.11
2026-04-17,2891,中信金,TWSE,5,53.1,53.0911,0.02,236252.08,-35070.21,-34454.03,-69524.24,-14.84,-14.58,0,1,0,5,-12749.63,-9734.74,,,,,,,0.0,-71.5,-71.5
2026-04-17,9904,寶成,TWSE,5,27.9,28.0511,-0.54,66900.05,-16077.37,-6562.19,-22639.56,-24.03,-9.81,0,5,0,4,-5172.22,-1718.28,,,,,,,0.0,-76.52,-76.52
2026-04-17,2915,潤泰全,TWSE,5,45.2,46.0332,-1.81,16165.9,-3618.95,-1789.0,-5407.95,-22.39,-11.07,0,5,0,4,-732.61,-25.0,,,,,,,0.0,-77.0,-77.0
2026-04-17,6239,力成,TWSE,5,207.5,216.6638,-4.23,70925.32,-18708.7,-6736.59,-25445.29,-26.38,-9.5,0,5,0,5,-874.9,-2195.0,,,,,,,0.0,-78.25,-78.25
