latest_date,stock_id,name,market,observed_days,close,20d_avg_price,close_vs_avg_pct,20d_volume_lot,20d_foreign_net_lot,20d_trust_net_lot,20d_inst_net_lot,foreign_net_volume_pct,trust_net_volume_pct,foreign_buy_streak,foreign_sell_streak,trust_buy_streak,trust_sell_streak,latest_foreign_net_lot,latest_trust_net_lot,top_buy_branch_name,top_buy_branch_net_lot,top_buy_branch_avg_price,top_sell_branch_name,top_sell_branch_net_lot,top_sell_branch_avg_price,branch_score,chip_score,total_score
2026-04-24,2373,震旦行,TWSE,20,57.3,57.1214,0.31,877.72,232.17,103.92,336.1,26.45,11.84,0,2,0,0,-1.0,0.0,,,,,,,0.0,59.0,59.0
2026-04-24,6488,環球晶,TPEX,20,582.0,523.4035,11.2,124267.0,15862.83,7420.81,23283.64,12.77,5.97,5,0,1,0,1269.37,759.33,,,,,,,0.0,55.43,55.43
2026-04-24,2347,聯強,TWSE,20,82.6,80.9665,2.02,114831.89,5122.43,12438.17,17560.6,4.46,10.83,0,5,5,0,-1728.77,1946.97,,,,,,,0.0,54.42,54.42
2026-04-24,3661,世芯-KY,TWSE,20,4215.0,3333.5355,26.44,57353.28,7096.28,891.18,7987.47,12.37,1.55,11,0,9,0,251.31,94.95,,,,,,,0.0,53.53,53.53
2026-04-24,3045,台灣大,TWSE,20,113.0,111.2347,1.59,199713.46,31244.86,5332.99,36577.84,15.64,2.67,0,2,5,0,-6181.54,1431.52,,,,,,,0.0,53.18,53.18
2026-04-24,1707,葡萄王,TWSE,20,116.5,118.7032,-1.86,3545.3,377.32,249.0,626.32,10.64,7.02,0,2,0,0,-27.0,0.0,,,,,,,0.0,51.56,51.56
2026-04-24,2867,三商壽,TWSE,20,7.82,7.8051,0.19,195263.91,68946.64,26.0,68972.64,35.31,0.01,10,0,1,0,1788.0,26.0,,,,,,,0.0,50.53,50.53
2026-04-24,2420,新巨,TWSE,20,55.4,54.1051,2.39,6212.13,1198.99,3.51,1202.5,19.3,0.06,6,0,0,0,44.07,0.0,,,,,,,0.0,48.14,48.14
2026-04-24,1463,強盛新,TWSE,20,17.95,17.4834,2.67,2497.9,1287.43,0.0,1287.43,51.54,0.0,13,0,0,0,482.0,0.0,,,,,,,0.0,48.0,48.0
2026-04-24,2024,志聯,TWSE,20,14.4,14.5795,-1.23,309.81,79.0,0.0,79.0,25.5,0.0,11,0,0,0,2.0,0.0,,,,,,,0.0,48.0,48.0
2026-04-24,2849,安泰銀,TWSE,20,13.8,13.6161,1.35,2762.76,1390.46,0.0,1390.46,50.33,0.0,14,0,0,0,10.0,0.0,,,,,,,0.0,48.0,48.0
2026-04-24,3266,昇陽,TWSE,20,13.55,13.6711,-0.89,1481.73,287.11,0.0,287.11,19.38,0.0,13,0,0,0,5.0,0.0,,,,,,,0.0,48.0,48.0
2026-04-24,5538,東明-KY,TWSE,20,31.8,31.122,2.18,611.86,183.0,0.0,183.0,29.91,0.0,13,0,0,0,2.0,0.0,,,,,,,0.0,48.0,48.0
2026-04-24,9937,全國,TWSE,20,56.4,56.7762,-0.66,1219.36,391.54,0.0,391.54,32.11,0.0,16,0,0,0,12.0,0.0,,,,,,,0.0,48.0,48.0
2026-04-24,1315,達新,TWSE,20,62.6,64.4466,-2.87,774.84,114.25,0.0,114.25,14.74,0.0,14,0,0,0,9.0,0.0,,,,,,,0.0,47.8,47.8
2026-04-24,3231,緯創,TWSE,20,141.5,135.2998,4.58,773544.82,125482.1,3889.59,129371.69,16.22,0.5,1,0,5,0,8434.61,1416.89,,,,,,,0.0,47.76,47.76
2026-04-24,2945,三商家購,TWSE,20,41.7,41.3926,0.74,365.96,52.34,0.0,52.34,14.3,0.0,14,0,0,0,12.0,0.0,,,,,,,0.0,47.44,47.44
2026-04-24,6115,鎰勝,TWSE,20,48.05,47.5128,1.13,2752.5,454.93,-0.04,454.9,16.53,-0.0,4,0,0,0,98.0,0.0,,,,,,,0.0,46.0,46.0
2026-04-24,6283,淳安,TWSE,20,22.25,22.194,0.25,4715.68,361.34,236.0,597.34,7.66,5.0,1,0,0,0,18.0,0.0,,,,,,,0.0,45.97,45.97
2026-04-24,6237,驊訊,TPEX,20,39.45,38.4362,2.64,5983.0,741.01,0.0,741.01,12.39,0.0,10,0,0,0,76.0,0.0,,,,,,,0.0,45.91,45.91
2026-04-24,6491,晶碩,TWSE,20,283.5,287.2092,-1.29,7618.08,1307.3,42.0,1349.3,17.16,0.55,3,0,0,0,29.01,0.0,,,,,,,0.0,45.38,45.38
2026-04-24,4737,華廣,TWSE,20,61.8,67.4971,-8.44,4926.79,867.67,0.0,867.67,17.61,0.0,5,0,0,0,45.0,0.0,,,,,,,0.0,45.0,45.0
2026-04-24,6728,上洋,TPEX,20,118.0,117.7678,0.2,506.0,55.05,0.0,55.05,10.88,0.0,5,0,0,0,17.0,0.0,,,,,,,0.0,44.7,44.7
2026-04-24,7751,竑騰,TPEX,20,2405.0,2002.5489,20.1,7970.0,60.36,773.0,833.36,0.76,9.7,1,0,6,0,71.77,266.0,,,,,,,0.0,44.63,44.63
2026-04-24,1737,臺鹽,TWSE,20,31.6,31.917,-0.99,2234.44,328.0,4.0,332.0,14.68,0.18,1,0,1,0,1.0,4.0,,,,,,,0.0,42.83,42.83
2026-04-24,2910,統領,TWSE,20,22.1,22.0431,0.26,526.35,119.87,0.0,119.87,22.77,0.0,2,0,0,0,2.0,0.0,,,,,,,0.0,42.0,42.0
2026-04-24,2923,鼎固-KY,TWSE,20,24.3,22.9673,5.8,2773.82,1350.3,0.0,1350.3,48.68,0.0,14,0,0,0,25.0,0.0,,,,,,,0.0,42.0,42.0
2026-04-24,4572,駐龍,TWSE,20,147.5,143.1053,3.07,722.73,129.28,0.0,129.28,17.89,0.0,14,0,0,0,7.0,0.0,,,,,,,0.0,42.0,42.0
2026-04-24,6165,浪凡,TWSE,20,51.6,48.0427,7.4,12082.19,1968.12,0.0,1968.12,16.29,0.0,8,0,0,0,568.0,0.0,,,,,,,0.0,42.0,42.0
2026-04-24,6166,凌華,TWSE,20,76.0,72.2236,5.23,29886.66,4727.57,-2.06,4725.51,15.82,-0.01,11,0,0,0,141.1,0.0,,,,,,,0.0,41.98,41.98
2026-04-24,3209,全科,TWSE,20,54.5,46.9758,16.02,84121.06,10346.33,408.64,10754.98,12.3,0.49,1,0,5,0,2169.14,72.56,,,,,,,0.0,41.94,41.94
2026-04-24,2356,英業達,TWSE,20,48.1,44.8337,7.29,465009.5,118209.21,-3881.85,114327.35,25.42,-0.83,1,0,4,0,15936.12,3358.52,,,,,,,0.0,41.91,41.91
2026-04-24,1583,程泰,TWSE,20,47.05,46.1061,2.05,443.93,65.55,0.0,65.55,14.77,0.0,2,0,0,0,1.0,0.0,,,,,,,0.0,41.81,41.81
2026-04-24,1234,黑松,TWSE,20,35.45,35.883,-1.21,2659.17,368.94,1.0,369.94,13.87,0.04,1,0,1,0,5.0,1.0,,,,,,,0.0,41.72,41.72
2026-04-24,8080,泰霖,TPEX,20,28.45,28.9291,-1.66,685.0,62.0,0.0,62.0,9.05,0.0,6,0,0,0,10.0,0.0,,,,,,,0.0,41.34,41.34
2026-04-24,6023,元大期,TPEX,20,98.9,97.5036,1.43,4467.0,605.09,232.0,837.09,13.55,5.19,0,6,0,0,-30.0,0.0,,,,,,,0.0,40.98,40.98
2026-04-24,3438,類比科,TPEX,20,52.3,48.7135,7.36,2765.0,372.0,0.0,372.0,13.45,0.0,7,0,0,0,65.0,0.0,,,,,,,0.0,40.76,40.76
2026-04-24,2712,遠雄來,TWSE,20,17.2,16.1501,6.5,609.51,80.29,0.0,80.29,13.17,0.0,13,0,0,0,1.0,0.0,,,,,,,0.0,40.54,40.54
2026-04-24,6874,倍力,TPEX,20,89.4,89.4348,-0.04,1573.0,148.0,0.0,148.0,9.41,0.0,4,0,0,0,33.0,0.0,,,,,,,0.0,40.34,40.34
2026-04-24,6146,耕興,TPEX,20,225.0,210.2906,6.99,10763.0,2057.5,2.02,2059.52,19.12,0.02,0,1,4,0,-149.2,0.1,,,,,,,0.0,40.05,40.05
2026-04-24,6277,宏正,TWSE,20,69.9,70.3388,-0.62,12427.39,1048.29,15.96,1064.26,8.44,0.13,11,0,0,0,8.0,0.0,,,,,,,0.0,40.04,40.04
2026-04-24,1233,天仁,TWSE,20,28.6,29.0823,-1.66,307.16,59.11,0.0,59.11,19.24,0.0,1,0,0,0,4.0,0.0,,,,,,,0.0,40.0,40.0
2026-04-24,1470,大統新創,TWSE,20,22.6,22.4198,0.8,268.69,56.31,0.0,56.31,20.96,0.0,1,0,0,0,2.0,0.0,,,,,,,0.0,40.0,40.0
2026-04-24,1527,鑽全,TWSE,20,32.45,32.7193,-0.82,3579.4,580.59,0.0,580.59,16.22,0.0,1,0,0,0,19.0,0.0,,,,,,,0.0,40.0,40.0
2026-04-24,2433,互盛電,TWSE,20,45.6,45.6996,-0.22,809.58,160.66,0.0,160.66,19.84,0.0,1,0,0,0,19.0,0.0,,,,,,,0.0,40.0,40.0
2026-04-24,2701,萬企,TWSE,20,10.7,10.8445,-1.33,1840.42,411.24,0.0,411.24,22.34,0.0,1,0,0,0,12.0,0.0,,,,,,,0.0,40.0,40.0
2026-04-24,3528,安馳,TWSE,20,76.3,71.282,7.04,6015.82,902.3,0.0,902.3,15.0,0.0,4,0,0,0,50.0,0.0,,,,,,,0.0,40.0,40.0
2026-04-24,3546,宇峻,TPEX,20,70.9,70.3932,0.72,2938.0,495.94,0.0,495.94,16.88,0.0,1,0,0,0,20.0,0.0,,,,,,,0.0,40.0,40.0
2026-04-24,5906,台南-KY,TWSE,20,50.0,48.5915,2.9,35.34,11.09,0.0,11.09,31.38,0.0,1,0,0,0,1.0,0.0,,,,,,,0.0,40.0,40.0
2026-04-24,6464,台數科,TWSE,20,76.0,76.3652,-0.48,557.4,96.65,0.0,96.65,17.34,0.0,1,0,0,0,8.0,0.0,,,,,,,0.0,40.0,40.0
2026-04-24,6581,鋼聯,TWSE,20,108.5,107.4387,0.99,422.79,103.28,0.0,103.28,24.43,0.0,1,0,0,0,2.0,0.0,,,,,,,0.0,40.0,40.0
2026-04-24,8467,波力-KY,TWSE,20,149.0,153.1626,-2.72,621.92,165.28,0.0,165.28,26.58,0.0,1,0,0,0,2.0,0.0,,,,,,,0.0,40.0,40.0
2026-04-24,8482,商億-KY,TWSE,20,50.2,49.1641,2.11,168.82,62.22,0.0,62.22,36.86,0.0,1,0,0,0,2.0,0.0,,,,,,,0.0,40.0,40.0
2026-04-24,9926,新海,TWSE,20,49.5,49.8001,-0.6,1166.99,202.16,0.0,202.16,17.32,0.0,1,0,0,0,6.27,0.0,,,,,,,0.0,40.0,40.0
2026-04-24,6183,關貿,TWSE,20,94.0,93.5412,0.49,637.49,173.55,-0.04,173.52,27.22,-0.01,1,0,0,0,1.0,0.0,,,,,,,0.0,39.99,39.99
2026-04-24,6016,康和證,TPEX,20,18.9,17.5074,7.95,109404.0,13545.64,0.0,13545.64,12.38,0.0,8,0,0,0,5961.0,0.0,,,,,,,0.0,39.91,39.91
2026-04-24,9942,茂順,TWSE,20,116.5,116.4753,0.02,1585.62,305.54,-1.0,304.54,19.27,-0.06,1,0,0,0,1.0,0.0,,,,,,,0.0,39.84,39.84
2026-04-24,2250,IKKA-KY,TWSE,20,63.6,62.7609,1.34,1373.88,199.08,0.0,199.08,14.49,0.0,1,0,0,0,31.0,0.0,,,,,,,0.0,39.59,39.59
2026-04-24,8464,億豐,TWSE,20,356.0,352.0049,1.13,18782.4,2665.27,344.2,3009.47,14.19,1.83,1,0,0,2,35.55,-0.02,,,,,,,0.0,39.58,39.58
2026-04-24,2855,統一證,TWSE,20,35.25,32.8097,7.44,125383.12,19027.88,-53.0,18974.88,15.18,-0.04,5,0,0,1,2033.73,-22.0,,,,,,,0.0,39.39,39.39
2026-04-24,4590,富田-創,TWSE,20,73.1,75.5675,-3.27,3487.96,588.7,0.0,588.7,16.88,0.0,2,0,0,0,7.0,0.0,,,,,,,0.0,39.0,39.0
2026-04-24,6492,生華科,TPEX,20,50.9,52.1585,-2.41,8780.0,982.0,0.0,982.0,11.18,0.0,2,0,0,0,12.82,0.0,,,,,,,0.0,38.95,38.95
2026-04-24,6414,樺漢,TWSE,20,312.5,293.9658,6.3,32822.03,9005.71,-796.92,8208.79,27.44,-2.43,11,0,1,0,170.14,39.12,,,,,,,0.0,38.43,38.43
2026-04-24,3679,新至陞,TWSE,20,119.0,120.2132,-1.01,1100.21,141.16,0.0,141.16,12.83,0.0,1,0,0,0,7.0,0.0,,,,,,,0.0,38.26,38.26
2026-04-24,4904,遠傳,TWSE,20,96.6,94.4732,2.25,131667.7,6922.47,5952.48,12874.95,5.26,4.52,0,5,5,0,-1916.91,1907.74,,,,,,,0.0,38.14,38.14
2026-04-24,1341,富林-KY,TWSE,20,61.0,59.8754,1.88,132.95,32.13,0.0,32.13,24.16,0.0,0,0,0,0,0.0,0.0,,,,,,,0.0,38.0,38.0
2026-04-24,1413,宏洲,TWSE,20,9.75,9.7648,-0.15,415.83,74.5,0.0,74.5,17.92,0.0,0,0,0,0,0.0,0.0,,,,,,,0.0,38.0,38.0
2026-04-24,2706,第一店,TWSE,20,12.25,12.56,-2.47,2646.87,479.99,0.0,479.99,18.13,0.0,0,0,0,0,0.0,0.0,,,,,,,0.0,38.0,38.0
2026-04-24,4728,雙美,TPEX,20,389.5,390.6006,-0.28,318.0,259.93,0.0,259.93,81.74,0.0,0,0,0,0,0.0,0.0,,,,,,,0.0,38.0,38.0
2026-04-24,3035,智原,TWSE,20,185.0,171.3009,8.0,148664.68,14484.6,246.41,14731.01,9.74,0.17,11,0,0,0,3598.4,0.0,,,,,,,0.0,37.83,37.83
2026-04-24,1723,中碳,TWSE,20,81.0,83.3235,-2.79,49827.69,5017.79,-419.0,4598.79,10.07,-0.84,2,0,1,0,27.06,1.0,,,,,,,0.0,37.78,37.78
2026-04-24,6498,久禾光,TPEX,20,90.0,91.6938,-1.85,1159.0,115.0,0.0,115.0,9.92,0.0,2,0,0,0,19.0,0.0,,,,,,,0.0,37.78,37.78
2026-04-24,1615,大山,TWSE,20,46.7,46.4098,0.63,2052.61,249.97,0.0,249.97,12.18,0.0,1,0,0,0,2.0,0.0,,,,,,,0.0,37.74,37.74
2026-04-24,6918,愛派司,TWSE,20,74.0,75.8831,-2.48,1248.93,96.9,0.0,96.9,7.76,0.0,6,0,0,0,6.0,0.0,,,,,,,0.0,37.72,37.72
2026-04-24,9944,新麗,TWSE,20,16.45,16.46,-0.06,837.01,101.12,0.0,101.12,12.08,0.0,1,0,0,0,3.0,0.0,,,,,,,0.0,37.66,37.66
2026-04-24,2115,六暉-KY,TWSE,20,21.5,21.5317,-0.15,1479.59,178.52,0.0,178.52,12.07,0.0,1,0,0,0,5.0,0.0,,,,,,,0.0,37.65,37.65
2026-04-24,3564,其陽,TPEX,20,41.7,41.7787,-0.19,2151.0,252.0,0.0,252.0,11.72,0.0,1,0,0,0,18.0,0.0,,,,,,,0.0,37.37,37.37
2026-04-24,1539,巨庭,TWSE,20,16.3,16.3631,-0.39,1988.12,229.17,0.0,229.17,11.53,0.0,1,0,0,0,16.0,0.0,,,,,,,0.0,37.22,37.22
2026-04-24,1521,大億,TWSE,20,24.9,25.082,-0.73,523.62,59.38,0.0,59.38,11.34,0.0,1,0,0,0,3.0,0.0,,,,,,,0.0,37.07,37.07
2026-04-24,6645,金萬林-創,TWSE,20,13.0,13.3231,-2.42,1015.8,115.0,0.0,115.0,11.32,0.0,1,0,0,0,1.0,0.0,,,,,,,0.0,37.06,37.06
2026-04-24,5525,順天,TWSE,20,23.85,24.8908,-4.18,1414.78,302.58,0.0,302.58,21.39,0.0,1,0,0,0,8.0,0.0,,,,,,,0.0,37.0,37.0
2026-04-24,9929,秋雨,TWSE,20,11.7,12.3599,-5.34,1044.86,174.5,0.0,174.5,16.7,0.0,1,0,0,0,2.0,0.0,,,,,,,0.0,37.0,37.0
2026-04-24,3501,維熹,TWSE,20,47.35,47.8503,-1.05,2688.4,298.81,0.0,298.81,11.11,0.0,1,0,0,0,56.0,0.0,,,,,,,0.0,36.89,36.89
2026-04-24,6951,青新-創,TWSE,20,79.6,79.7112,-0.14,1291.48,143.0,0.0,143.0,11.07,0.0,1,0,0,0,33.0,0.0,,,,,,,0.0,36.86,36.86
2026-04-24,1203,味王,TWSE,20,44.1,41.8345,5.42,801.91,199.19,1.0,200.19,24.84,0.12,1,0,1,0,5.0,1.0,,,,,,,0.0,36.81,36.81
2026-04-24,7736,虎山,TWSE,20,79.8,80.3552,-0.69,736.43,81.01,0.0,81.01,11.0,0.0,1,0,0,0,46.0,0.0,,,,,,,0.0,36.8,36.8
2026-04-24,1438,三地開發,TWSE,20,26.95,27.966,-3.63,553.75,80.86,0.0,80.86,14.6,0.0,1,0,0,0,8.0,0.0,,,,,,,0.0,36.68,36.68
2026-04-24,1235,興泰,TWSE,20,44.9,43.7495,2.63,1454.54,156.47,0.0,156.47,10.76,0.0,1,0,0,0,2.0,0.0,,,,,,,0.0,36.61,36.61
2026-04-24,6216,居易,TWSE,20,25.0,25.2269,-0.9,2794.48,299.46,0.0,299.46,10.72,0.0,1,0,0,0,10.0,0.0,,,,,,,0.0,36.57,36.57
2026-04-24,3016,嘉晶,TWSE,20,67.5,66.6271,1.31,72318.76,7719.51,-1.12,7718.39,10.67,-0.0,1,0,0,0,451.82,0.0,,,,,,,0.0,36.53,36.53
2026-04-24,1232,大統益,TWSE,20,149.0,149.8333,-0.56,1589.91,260.47,16.0,276.47,16.38,1.01,0,2,0,0,-16.98,0.0,,,,,,,0.0,36.52,36.52
2026-04-24,3131,弘塑,TPEX,20,3130.0,3108.884,0.68,21500.0,1307.1,-68.35,1238.75,6.08,-0.32,1,0,6,0,75.44,38.03,,,,,,,0.0,36.47,36.47
2026-04-24,1732,毛寶,TWSE,20,25.7,26.15,-1.72,2621.19,341.41,0.0,341.41,13.03,0.0,0,0,0,0,0.0,0.0,,,,,,,0.0,36.42,36.42
2026-04-24,8499,鼎炫-KY,TWSE,20,270.0,268.5335,0.55,2157.86,225.21,0.0,225.21,10.44,0.0,1,0,0,0,36.0,0.0,,,,,,,0.0,36.35,36.35
2026-04-24,2509,全坤建,TWSE,20,13.9,14.1601,-1.84,3942.09,407.83,0.0,407.83,10.35,0.0,1,0,0,0,4.0,0.0,,,,,,,0.0,36.28,36.28
2026-04-24,4442,竣邦-KY,TPEX,20,55.9,61.3691,-8.91,2257.0,314.0,0.0,314.0,13.91,0.0,1,0,0,0,3.0,0.0,,,,,,,0.0,36.13,36.13
2026-04-24,6742,澤米,TWSE,20,40.45,42.4237,-4.65,6158.09,854.04,0.0,854.04,13.87,0.0,1,0,0,0,48.0,0.0,,,,,,,0.0,36.09,36.09
2026-04-24,5285,界霖,TWSE,20,53.7,53.7924,-0.17,6845.44,688.44,-0.04,688.41,10.06,-0.0,1,0,0,0,31.0,0.0,,,,,,,0.0,36.04,36.04
2026-04-24,1734,杏輝,TWSE,20,31.65,31.6809,-0.1,7328.03,1266.9,0.0,1266.9,17.29,0.0,0,1,0,0,-38.0,0.0,,,,,,,0.0,36.0,36.0
2026-04-24,2417,圓剛,TWSE,20,40.5,39.7733,1.83,22268.81,4740.75,0.0,4740.75,21.29,0.0,0,1,0,0,-99.0,0.0,,,,,,,0.0,36.0,36.0
2026-04-24,4581,光隆精密-KY,TWSE,20,50.4,50.0709,0.66,231.06,51.08,0.0,51.08,22.11,0.0,0,1,0,0,-1.0,0.0,,,,,,,0.0,36.0,36.0
2026-04-24,6762,達亞,TPEX,20,160.0,164.5705,-2.78,78.0,22.0,0.0,22.0,28.21,0.0,0,1,0,0,-1.0,0.0,,,,,,,0.0,36.0,36.0
2026-04-24,7732,金興精密,TWSE,20,35.6,35.2319,1.04,222.12,46.0,0.0,46.0,20.71,0.0,0,1,0,0,-1.0,0.0,,,,,,,0.0,36.0,36.0
2026-04-24,8443,阿瘦,TWSE,20,11.95,11.9628,-0.11,1048.49,161.15,0.0,161.15,15.37,0.0,0,1,0,0,-2.0,0.0,,,,,,,0.0,36.0,36.0
2026-04-24,8927,北基,TPEX,20,23.1,23.4697,-1.58,11087.0,2010.41,0.0,2010.41,18.13,0.0,0,1,0,0,-62.0,0.0,,,,,,,0.0,36.0,36.0
2026-04-24,6151,晉倫,TPEX,20,35.3,34.5206,2.26,13884.0,990.0,0.0,990.0,7.13,0.0,7,0,0,0,14.0,0.0,,,,,,,0.0,35.97,35.97
2026-04-24,1256,鮮活果汁-KY,TWSE,20,158.0,154.5324,2.24,1158.28,166.77,0.0,166.77,14.4,0.0,0,1,0,0,-6.0,0.0,,,,,,,0.0,35.52,35.52
2026-04-24,7734,印能科技,TPEX,20,3765.0,2541.1756,48.16,11781.0,194.68,1120.49,1315.18,1.65,9.51,0,2,3,0,-108.0,340.02,,,,,,,0.0,35.51,35.51
2026-04-24,1342,八貫,TWSE,20,96.3,94.059,2.38,10034.6,1439.48,0.0,1439.48,14.35,0.0,0,1,0,0,-43.96,0.0,,,,,,,0.0,35.48,35.48
2026-04-24,6535,順藥,TPEX,20,125.0,135.9314,-8.04,3833.0,487.04,0.0,487.04,12.71,0.0,1,0,0,0,65.0,0.0,,,,,,,0.0,35.17,35.17
2026-04-24,4938,和碩,TWSE,20,84.3,81.1038,3.94,270545.45,22542.76,4172.45,26715.21,8.33,1.54,0,3,5,0,-3153.74,1666.23,,,,,,,0.0,34.92,34.92
2026-04-24,1530,亞崴,TWSE,20,26.8,27.2242,-1.56,680.61,65.41,0.0,65.41,9.61,0.0,1,0,0,0,4.0,0.0,,,,,,,0.0,34.91,34.91
2026-04-24,1326,台化,TWSE,20,49.35,48.5045,1.74,991932.61,131325.17,-17147.0,114178.17,13.24,-1.73,2,0,0,0,2956.17,0.0,,,,,,,0.0,34.89,34.89
2026-04-24,4142,國光生,TWSE,20,17.9,18.4042,-2.74,28413.67,2469.14,2.27,2471.4,8.69,0.01,1,0,1,0,74.0,2.27,,,,,,,0.0,34.86,34.86
2026-04-24,8068,全達,TPEX,20,23.2,22.9938,0.9,9296.0,621.0,0.0,621.0,6.68,0.0,7,0,0,0,54.0,0.0,,,,,,,0.0,34.7,34.7
2026-04-24,2114,鑫永銓,TWSE,20,88.5,88.2703,0.26,666.78,63.39,0.0,63.39,9.51,0.0,1,0,0,0,4.0,0.0,,,,,,,0.0,34.62,34.62
2026-04-24,2537,聯上發,TWSE,20,10.5,10.4612,0.37,14693.85,1920.12,0.0,1920.12,13.07,0.0,0,1,0,0,-103.0,0.0,,,,,,,0.0,34.45,34.45
2026-04-24,2208,台船,TWSE,20,20.3,20.8177,-2.49,72558.84,4187.16,-83.0,4104.16,5.77,-0.11,9,0,1,0,246.92,4.0,,,,,,,0.0,34.28,34.28
2026-04-24,1626,艾美特-KY,TWSE,20,11.0,11.1324,-1.19,5855.82,544.3,0.0,544.3,9.29,0.0,1,0,0,0,92.0,0.0,,,,,,,0.0,34.03,34.03
2026-04-24,6164,華興,TWSE,20,12.05,12.7025,-5.14,15716.83,1774.4,0.0,1774.4,11.29,0.0,1,0,0,0,8.0,0.0,,,,,,,0.0,34.03,34.03
2026-04-24,7795,長廣,TWSE,20,390.5,389.6663,0.21,16206.94,1443.41,-44.9,1398.51,8.91,-0.28,2,0,0,0,88.0,0.0,,,,,,,0.0,34.02,34.02
2026-04-24,1614,三洋電,TWSE,20,32.1,31.954,0.46,1224.82,230.26,0.0,230.26,18.8,0.0,0,2,0,0,-1.0,0.0,,,,,,,0.0,34.0,34.0
2026-04-24,2227,裕日車,TWSE,20,54.4,52.7566,3.12,828.07,262.48,0.0,262.48,31.7,0.0,1,0,0,0,4.0,0.0,,,,,,,0.0,34.0,34.0
2026-04-24,2524,京城,TWSE,20,37.5,38.6066,-2.87,1662.9,395.89,0.0,395.89,23.81,0.0,0,2,0,0,-21.02,0.0,,,,,,,0.0,34.0,34.0
2026-04-24,6112,邁達特,TWSE,20,45.15,46.4337,-2.76,10880.23,1666.35,0.0,1666.35,15.32,0.0,0,2,0,0,-149.0,0.0,,,,,,,0.0,34.0,34.0
2026-04-24,6201,亞弘電,TWSE,20,50.3,50.6123,-0.62,751.72,117.44,0.0,117.44,15.62,0.0,0,2,0,0,-1.0,0.0,,,,,,,0.0,34.0,34.0
2026-04-24,6655,科定,TWSE,20,140.5,133.3698,5.35,178.06,47.37,0.0,47.37,26.6,0.0,1,0,0,0,1.0,0.0,,,,,,,0.0,34.0,34.0
2026-04-24,6703,軒郁,TPEX,20,111.5,115.5427,-3.5,1651.0,182.66,0.0,182.66,11.06,0.0,1,0,0,0,27.0,0.0,,,,,,,0.0,33.85,33.85
2026-04-24,1817,凱撒衛,TWSE,20,38.65,38.7078,-0.15,760.68,112.35,0.0,112.35,14.77,0.0,0,2,0,0,-2.0,0.0,,,,,,,0.0,33.82,33.82
2026-04-24,8411,福貞-KY,TWSE,20,12.15,12.2097,-0.49,1755.32,258.75,0.0,258.75,14.74,0.0,0,2,0,0,-9.0,0.0,,,,,,,0.0,33.79,33.79
2026-04-24,6579,研揚,TWSE,20,117.0,117.7488,-0.64,4097.41,601.84,-0.39,601.45,14.69,-0.01,0,2,0,0,-18.0,0.0,,,,,,,0.0,33.72,33.72
2026-04-24,2028,威致,TWSE,20,18.05,18.6515,-3.23,3727.49,402.61,0.0,402.61,10.8,0.0,1,0,0,0,10.0,0.0,,,,,,,0.0,33.64,33.64
2026-04-24,2109,華豐,TWSE,20,14.5,14.6708,-1.16,2270.73,273.2,0.0,273.2,12.03,0.0,0,1,0,0,-4.0,0.0,,,,,,,0.0,33.63,33.63
2026-04-24,3704,合勤控,TWSE,20,34.45,35.4737,-2.89,72547.74,12432.78,-131.03,12301.75,17.14,-0.18,0,2,0,0,-511.5,0.0,,,,,,,0.0,33.55,33.55
2026-04-24,4157,太景*-KY,TPEX,20,10.1,10.7602,-6.14,26129.0,2685.05,0.0,2685.05,10.28,0.0,1,0,0,0,380.0,0.0,,,,,,,0.0,33.22,33.22
2026-04-24,2897,王道銀行,TWSE,20,10.05,10.1459,-0.94,74105.14,21593.57,319.0,21912.57,29.14,0.43,0,3,0,0,-125.0,0.0,,,,,,,0.0,33.08,33.08
2026-04-24,2012,春雨,TWSE,20,15.2,15.7563,-3.53,999.47,257.86,0.0,257.86,25.8,0.0,0,1,0,0,-1.0,0.0,,,,,,,0.0,33.0,33.0
2026-04-24,7823,奧義賽博-KY創,TWSE,20,76.8,79.4955,-3.39,411.75,83.0,0.0,83.0,20.16,0.0,0,1,0,0,-1.0,0.0,,,,,,,0.0,33.0,33.0
2026-04-24,6782,視陽,TWSE,20,221.0,217.6913,1.52,9342.16,973.69,12.0,985.69,10.42,0.13,0,1,0,0,-101.09,0.0,,,,,,,0.0,32.76,32.76
2026-04-24,6834,天二科技,TWSE,20,34.35,36.5325,-5.97,16718.66,2447.43,0.0,2447.43,14.64,0.0,0,1,0,0,-2.0,0.0,,,,,,,0.0,32.71,32.71
2026-04-24,6415,矽力*-KY,TWSE,20,436.0,343.5955,26.89,163515.29,9805.99,2884.02,12690.01,6.0,1.76,2,0,4,0,606.96,321.0,,,,,,,0.0,32.61,32.61
2026-04-24,2072,世紀風電,TWSE,20,175.0,184.4688,-5.13,18763.38,1158.0,586.0,1744.0,6.17,3.12,1,0,0,0,50.0,0.0,,,,,,,0.0,32.59,32.59
2026-04-24,2034,允強,TWSE,20,20.2,20.7153,-2.49,26078.15,3417.51,0.0,3417.51,13.1,0.0,0,2,0,0,-677.63,0.0,,,,,,,0.0,32.48,32.48
2026-04-24,2395,研華,TWSE,20,354.0,346.6328,2.13,55087.25,11467.18,-682.07,10785.1,20.82,-1.24,14,0,0,14,138.37,-13.28,,,,,,,0.0,32.4,32.4
2026-04-24,4771,望隼,TWSE,20,189.0,189.6915,-0.36,3825.75,392.97,0.0,392.97,10.27,0.0,0,1,0,0,-6.0,0.0,,,,,,,0.0,32.22,32.22
2026-04-24,1512,瑞利,TWSE,20,7.32,7.4192,-1.34,2172.76,277.0,0.0,277.0,12.75,0.0,0,2,0,0,-2.0,0.0,,,,,,,0.0,32.2,32.2
2026-04-24,2476,鉅祥,TWSE,20,123.5,111.0924,11.17,125673.11,12426.37,165.53,12591.9,9.89,0.13,4,0,0,0,160.05,0.0,,,,,,,0.0,32.12,32.12
2026-04-24,2430,燦坤,TWSE,20,21.0,21.6043,-2.8,1862.56,160.15,0.0,160.15,8.6,0.0,1,0,0,0,7.0,0.0,,,,,,,0.0,32.07,32.07
2026-04-24,1468,昶和,TWSE,20,12.25,11.955,2.47,1247.5,156.22,0.0,156.22,12.52,0.0,0,2,0,0,-1.0,0.0,,,,,,,0.0,32.02,32.02
2026-04-24,1103,嘉泥,TWSE,20,13.55,13.771,-1.61,5782.08,882.96,0.0,882.96,15.27,0.0,0,3,0,0,-25.0,0.0,,,,,,,0.0,32.0,32.0
2026-04-24,4506,崇友,TPEX,20,118.5,118.956,-0.38,954.0,273.72,0.0,273.72,28.69,0.0,0,3,0,0,-3.0,0.0,,,,,,,0.0,32.0,32.0
2026-04-24,5478,智冠,TPEX,20,98.2,99.6974,-1.5,3311.0,404.8,0.0,404.8,12.23,0.0,0,2,0,0,-27.0,0.0,,,,,,,0.0,31.78,31.78
2026-04-24,6792,詠業,TWSE,20,59.7,58.4542,2.13,1748.07,148.24,0.0,148.24,8.48,0.0,1,0,0,0,17.0,0.0,,,,,,,0.0,31.74,31.74
2026-04-24,3034,聯詠,TWSE,20,418.0,404.4114,3.36,96529.78,6573.26,188.11,6761.37,6.81,0.19,1,0,4,0,510.51,361.56,,,,,,,0.0,31.71,31.71
2026-04-24,1713,國化,TWSE,20,47.1,47.5959,-1.04,3397.29,411.25,0.0,411.25,12.11,0.0,0,2,0,0,-20.0,0.0,,,,,,,0.0,31.68,31.68
2026-04-24,2929,淘帝-KY,TWSE,20,5.83,6.1033,-4.48,5653.34,534.55,0.0,534.55,9.46,0.0,1,0,0,0,84.0,0.0,,,,,,,0.0,31.48,31.48
2026-04-24,3706,神達,TWSE,20,81.9,81.3638,0.66,222932.49,21946.11,1631.33,23577.44,9.84,0.73,0,1,0,1,-553.5,-8.0,,,,,,,0.0,31.48,31.48
2026-04-24,4991,環宇-KY,TPEX,20,596.0,531.9593,12.04,46641.0,1682.75,1250.19,2932.93,3.61,2.68,2,0,10,0,262.51,125.13,,,,,,,0.0,31.45,31.45
2026-04-24,6606,建德工業,TWSE,20,24.1,24.1907,-0.37,1485.92,173.28,0.0,173.28,11.66,0.0,0,2,0,0,-8.0,0.0,,,,,,,0.0,31.33,31.33
2026-04-24,1459,聯發,TWSE,20,11.65,11.7016,-0.44,2540.25,295.81,0.0,295.81,11.64,0.0,0,2,0,0,-3.0,0.0,,,,,,,0.0,31.32,31.32
2026-04-24,3596,智易,TWSE,20,164.5,168.5071,-2.38,44502.58,6366.93,-298.06,6068.86,14.31,-0.67,0,2,0,0,-364.91,0.0,,,,,,,0.0,31.24,31.24
2026-04-24,2450,神腦,TWSE,20,29.95,29.826,0.42,3482.56,347.18,-7.35,339.83,9.97,-0.21,0,1,0,0,-56.0,0.0,,,,,,,0.0,31.22,31.22
2026-04-24,9930,中聯資源,TWSE,20,69.9,70.4711,-0.81,1230.57,166.07,-6.0,160.07,13.5,-0.49,0,2,0,0,-5.0,0.0,,,,,,,0.0,31.19,31.19
2026-04-24,5465,富驊,TPEX,20,25.95,25.9809,-0.12,2693.0,309.0,0.0,309.0,11.47,0.0,0,2,0,0,-27.0,0.0,,,,,,,0.0,31.18,31.18
2026-04-24,6965,中傑-KY,TWSE,20,85.6,87.1283,-1.75,1032.96,118.0,0.0,118.0,11.42,0.0,0,2,0,0,-5.0,0.0,,,,,,,0.0,31.14,31.14
2026-04-24,3533,嘉澤,TWSE,20,2520.0,2313.8168,8.91,36079.54,1032.69,2035.83,3068.52,2.86,5.64,3,0,1,0,170.57,8.2,,,,,,,0.0,31.13,31.13
2026-04-24,1443,立益物流,TWSE,20,21.9,23.3687,-6.29,673.02,108.67,0.0,108.67,16.15,0.0,0,2,0,0,-5.0,0.0,,,,,,,0.0,31.0,31.0
2026-04-24,1423,利華,TWSE,20,41.8,40.7082,2.68,1037.88,116.5,0.0,116.5,11.22,0.0,0,2,0,0,-2.0,0.0,,,,,,,0.0,30.98,30.98
2026-04-24,1617,榮星,TWSE,20,15.65,15.4204,1.49,2815.83,313.39,0.0,313.39,11.13,0.0,0,2,0,0,-21.0,0.0,,,,,,,0.0,30.9,30.9
2026-04-24,2637,慧洋-KY,TWSE,20,72.0,72.0909,-0.13,49234.28,9162.78,374.67,9537.46,18.61,0.76,0,2,0,2,-413.3,-10.65,,,,,,,0.0,30.9,30.9
2026-04-24,2506,太設,TWSE,20,8.86,8.9188,-0.66,2464.32,273.98,0.0,273.98,11.12,0.0,0,2,0,0,-63.97,0.0,,,,,,,0.0,30.89,30.89
2026-04-24,1416,廣豐,TWSE,20,11.45,11.5287,-0.68,3549.62,289.94,0.0,289.94,8.17,0.0,1,0,0,0,4.0,0.0,,,,,,,0.0,30.87,30.87
2026-04-24,4976,佳凌,TWSE,20,29.1,29.4525,-1.2,11429.48,1267.33,0.0,1267.33,11.09,0.0,0,2,0,0,-43.0,0.0,,,,,,,0.0,30.87,30.87
2026-04-24,2243,宏旭-KY,TWSE,20,24.25,22.4579,7.98,28488.25,1949.85,99.0,2048.85,6.84,0.35,0,1,5,0,-443.0,18.0,,,,,,,0.0,30.81,30.81
2026-04-24,6570,維田,TPEX,20,39.4,38.99,1.05,1534.0,81.0,0.0,81.0,5.28,0.0,5,0,0,0,11.0,0.0,,,,,,,0.0,30.78,30.78
2026-04-24,5263,智崴,TPEX,20,92.0,92.9715,-1.04,3822.0,308.96,0.0,308.96,8.08,0.0,1,0,0,0,9.0,0.0,,,,,,,0.0,30.63,30.63
2026-04-24,3607,谷崧,TWSE,20,14.95,14.9425,0.05,8721.4,828.31,0.0,828.31,9.5,0.0,0,1,0,0,-38.0,0.0,,,,,,,0.0,30.59,30.59
2026-04-24,2393,億光,TWSE,20,70.9,70.6676,0.33,53979.28,8953.79,-634.09,8319.7,16.59,-1.17,0,1,0,1,-142.85,-82.17,,,,,,,0.0,30.56,30.56
2026-04-24,6698,旭暉應材,TWSE,20,30.15,31.0423,-2.87,4427.35,466.27,0.0,466.27,10.53,0.0,0,2,0,0,-2.0,0.0,,,,,,,0.0,30.43,30.43
2026-04-24,6244,茂迪,TPEX,20,28.3,28.1073,0.69,182832.0,10612.43,0.0,10612.43,5.8,0.0,4,0,0,0,2513.0,0.0,,,,,,,0.0,30.25,30.25
2026-04-24,3537,堡達,TPEX,20,43.4,44.7373,-2.99,3123.0,248.0,0.0,248.0,7.94,0.0,1,0,0,0,26.0,0.0,,,,,,,0.0,30.24,30.24
2026-04-24,4935,茂林-KY,TWSE,20,38.8,37.8826,2.42,2389.75,187.69,1.0,188.69,7.85,0.04,1,0,0,0,4.0,0.0,,,,,,,0.0,30.13,30.13
2026-04-24,6914,阜爾運通,TWSE,20,147.0,150.7205,-2.47,1752.1,138.0,0.0,138.0,7.88,0.0,1,0,0,0,7.0,0.0,,,,,,,0.0,30.05,30.05
2026-04-24,5013,強新,TPEX,20,29.0,30.1237,-3.73,196.0,22.0,0.0,22.0,11.22,0.0,0,1,0,0,-1.0,0.0,,,,,,,0.0,29.98,29.98
2026-04-24,8213,志超,TWSE,20,37.9,36.216,4.65,22384.18,3789.19,-2.17,3787.01,16.93,-0.01,0,1,0,0,-35.0,0.0,,,,,,,0.0,29.98,29.98
2026-04-24,6184,大豐電,TWSE,20,47.3,47.4718,-0.36,1078.94,134.39,0.0,134.39,12.46,0.0,0,3,0,0,-3.0,0.0,,,,,,,0.0,29.96,29.96
2026-04-24,6245,立端,TPEX,20,81.1,77.8448,4.18,32168.0,5624.58,-4.64,5619.94,17.49,-0.01,0,1,0,0,-10.0,0.0,,,,,,,0.0,29.96,29.96
2026-04-24,6955,邦睿生技-創,TWSE,20,,164.9803,,170.38,21.0,0.0,21.0,12.33,0.0,0,0,0,0,0.0,0.0,,,,,,,0.0,29.86,29.86
2026-04-24,6472,保瑞,TWSE,20,408.5,424.3307,-3.73,16822.8,2179.85,-281.58,1898.27,12.96,-1.67,1,0,0,0,29.72,0.0,,,,,,,0.0,29.84,29.84
2026-04-24,1435,中福,TWSE,20,14.2,16.3165,-12.97,98.72,9.45,0.0,9.45,9.57,0.0,0,0,0,0,0.0,0.0,,,,,,,0.0,29.8,29.8
2026-04-24,1419,新紡,TWSE,20,62.2,62.739,-0.86,2095.16,206.49,1.0,207.49,9.86,0.05,0,2,0,0,-39.0,0.0,,,,,,,0.0,29.75,29.75
2026-04-24,2820,華票,TWSE,20,16.8,16.9697,-1.0,20381.8,1997.68,259.0,2256.68,9.8,1.27,0,4,0,0,-393.0,0.0,,,,,,,0.0,29.64,29.64
2026-04-24,1439,雋揚,TWSE,20,26.5,26.5677,-0.25,1237.2,148.23,0.0,148.23,11.98,0.0,0,3,0,0,-3.0,0.0,,,,,,,0.0,29.58,29.58
2026-04-24,6715,嘉基,TWSE,20,403.5,404.1604,-0.16,37423.6,-1168.91,2475.65,1306.74,-3.12,6.62,0,1,8,0,-142.0,12.0,,,,,,,0.0,29.58,29.58
2026-04-24,2501,國建,TWSE,20,25.6,24.2396,5.61,64901.08,21035.19,-111.0,20924.19,32.41,-0.17,0,1,0,0,-97.85,0.0,,,,,,,0.0,29.57,29.57
2026-04-24,6525,捷敏-KY,TWSE,20,92.8,89.5,3.69,8626.35,850.45,12.0,862.45,9.86,0.14,2,0,0,1,227.0,-1.0,,,,,,,0.0,29.56,29.56
2026-04-24,2722,夏都,TWSE,20,23.9,24.498,-2.44,1496.34,104.01,0.0,104.01,6.95,0.0,2,0,0,0,11.0,0.0,,,,,,,0.0,29.46,29.46
2026-04-24,3073,天方能源,TPEX,20,24.8,26.4578,-6.27,1958.0,254.0,0.0,254.0,12.97,0.0,0,2,0,0,-3.0,0.0,,,,,,,0.0,29.38,29.38
2026-04-24,6274,台燿,TPEX,20,1045.0,742.5811,40.73,205229.0,8228.46,4762.39,12990.85,4.01,2.32,1,0,9,0,1720.22,2.38,,,,,,,0.0,29.38,29.38
2026-04-24,1609,大亞,TWSE,20,32.7,33.2856,-1.76,54353.82,3594.33,-108.0,3486.33,6.61,-0.2,4,0,0,1,275.39,-10.0,,,,,,,0.0,29.36,29.36
2026-04-24,1773,勝一,TWSE,20,175.5,159.9704,9.71,41107.43,3859.64,58.89,3918.53,9.39,0.14,2,0,1,0,89.53,22.09,,,,,,,0.0,29.26,29.26
2026-04-24,3284,太普高,TPEX,20,17.05,18.4516,-7.6,3006.0,195.96,0.0,195.96,6.52,0.0,4,0,0,0,11.0,0.0,,,,,,,0.0,29.25,29.25
2026-04-24,6417,韋僑,TPEX,20,115.0,111.7129,2.94,3657.0,199.0,0.0,199.0,5.44,0.0,4,0,0,0,8.0,0.0,,,,,,,0.0,29.24,29.24
2026-04-24,2538,基泰,TWSE,20,10.0,10.0659,-0.65,5944.52,683.29,0.0,683.29,11.49,0.0,0,3,0,0,-17.99,0.0,,,,,,,0.0,29.2,29.2
2026-04-24,1301,台塑,TWSE,20,50.2,50.2361,-0.07,740913.26,172853.34,1841.73,174695.06,23.33,0.25,0,1,0,3,-1306.98,-2384.53,,,,,,,0.0,29.12,29.12
2026-04-24,3447,展達,TWSE,20,37.75,38.9108,-2.98,4046.25,390.28,0.0,390.28,9.65,0.0,0,2,0,0,-50.0,0.0,,,,,,,0.0,29.01,29.01
2026-04-24,5864,致和證,TPEX,20,26.5,24.7047,7.27,54239.0,3658.86,0.0,3658.86,6.75,0.0,5,0,0,0,2015.0,0.0,,,,,,,0.0,28.89,28.89
2026-04-24,2387,精元,TWSE,20,41.7,40.9539,1.82,22252.87,1777.13,0.88,1778.01,7.99,0.0,0,1,1,0,-12.95,3.0,,,,,,,0.0,28.87,28.87
2026-04-24,8105,凌巨,TWSE,20,13.2,13.8213,-4.5,49382.37,5259.18,200.0,5459.18,10.65,0.41,0,2,0,0,-1217.0,0.0,,,,,,,0.0,28.86,28.86
2026-04-24,2352,佳世達,TWSE,20,24.6,24.4664,0.55,95588.57,16639.38,-1033.05,15606.34,17.41,-1.08,0,2,0,1,-945.69,-12.0,,,,,,,0.0,28.8,28.8
2026-04-24,5434,崇越,TWSE,20,416.0,383.8728,8.37,22032.24,4528.93,18.92,4547.86,20.56,0.09,0,1,1,0,-18.02,25.0,,,,,,,0.0,28.71,28.71
2026-04-24,1444,力麗,TWSE,20,6.23,6.4495,-3.4,19100.05,2297.67,0.0,2297.67,12.03,0.0,0,2,0,0,-159.0,0.0,,,,,,,0.0,28.62,28.62
2026-04-24,3158,嘉實,TPEX,20,89.9,92.529,-2.84,621.0,50.0,0.0,50.0,8.05,0.0,0,0,0,0,0.0,0.0,,,,,,,0.0,28.54,28.54
2026-04-24,6958,日盛台駿,TWSE,20,19.2,19.0725,0.67,3909.28,366.99,2.0,368.99,9.39,0.05,0,2,0,0,-14.0,0.0,,,,,,,0.0,28.45,28.45
2026-04-24,1708,東鹼,TWSE,20,41.05,41.5809,-1.28,138809.41,6257.84,-79.0,6178.84,4.51,-0.06,6,0,0,0,1257.13,0.0,,,,,,,0.0,28.44,28.44
2026-04-24,2453,凌群,TWSE,20,53.2,53.9169,-1.33,8066.16,585.59,0.0,585.59,7.26,0.0,1,0,0,0,1.0,0.0,,,,,,,0.0,28.33,28.33
2026-04-24,3290,東浦,TPEX,20,48.75,47.6106,2.39,22288.0,1458.0,0.0,1458.0,6.54,0.0,2,0,0,0,202.0,0.0,,,,,,,0.0,28.32,28.32
2026-04-24,4541,晟田,TPEX,20,47.45,46.854,1.27,25552.0,2217.0,0.0,2217.0,8.68,0.0,0,1,0,0,-124.0,0.0,,,,,,,0.0,28.29,28.29
2026-04-24,4190,佐登-KY,TWSE,20,26.2,26.8923,-2.57,872.61,62.32,0.0,62.32,7.14,0.0,1,0,0,0,2.02,0.0,,,,,,,0.0,28.0,28.0
2026-04-24,6411,晶焱,TPEX,20,79.5,78.114,1.77,7676.0,547.97,0.0,547.97,7.14,0.0,1,0,0,0,62.0,0.0,,,,,,,0.0,27.99,27.99
2026-04-24,8085,福華,TPEX,20,13.6,14.8482,-8.41,10422.0,631.0,0.0,631.0,6.05,0.0,4,0,0,0,27.0,0.0,,,,,,,0.0,27.95,27.95
2026-04-24,6108,競國,TWSE,20,19.35,18.0829,7.01,16991.29,1331.4,0.0,1331.4,7.84,0.0,3,0,0,0,436.0,0.0,,,,,,,0.0,27.94,27.94
2026-04-24,2105,正新,TWSE,20,32.1,31.9308,0.53,245006.39,-6265.45,13776.79,7511.34,-2.56,5.62,0,1,5,0,-7373.71,3138.6,,,,,,,0.0,27.9,27.9
2026-04-24,4760,勤凱,TPEX,20,227.5,236.9098,-3.97,25923.0,1925.26,0.0,1925.26,7.43,0.0,2,0,0,0,44.0,0.0,,,,,,,0.0,27.8,27.8
2026-04-24,2901,欣欣,TWSE,20,22.8,23.4699,-2.85,751.99,61.3,1.0,62.3,8.15,0.13,0,2,1,0,-1.0,1.0,,,,,,,0.0,27.76,27.76
2026-04-24,3028,增你強,TWSE,20,62.4,59.5083,4.86,92997.71,6521.59,0.0,6521.59,7.01,0.0,4,0,0,0,463.16,0.0,,,,,,,0.0,27.64,27.64
2026-04-24,6214,精誠,TWSE,20,120.0,120.9961,-0.82,25648.32,2405.45,-9.08,2396.37,9.38,-0.04,0,1,0,1,-157.94,-1.0,,,,,,,0.0,27.64,27.64
2026-04-24,6733,博晟生醫,TPEX,20,29.95,31.5349,-5.03,4050.0,437.16,0.0,437.16,10.79,0.0,0,2,0,0,-44.0,0.0,,,,,,,0.0,27.64,27.64
2026-04-24,6117,迎廣,TWSE,20,85.1,81.4995,4.42,16309.17,1023.14,0.0,1023.14,6.27,0.0,8,0,0,0,239.0,0.0,,,,,,,0.0,27.57,27.57
2026-04-24,6129,普誠,TPEX,20,17.1,16.6726,2.56,19332.0,1074.0,0.0,1074.0,5.56,0.0,3,0,0,0,201.0,0.0,,,,,,,0.0,27.56,27.56
2026-04-24,6806,森崴能源,TWSE,20,23.35,26.393,-11.53,31562.33,3976.04,-146.32,3829.71,12.6,-0.46,0,2,0,0,-1.3,0.0,,,,,,,0.0,27.55,27.55
2026-04-24,3128,昇銳,TPEX,20,24.2,24.637,-1.77,3047.0,299.0,0.0,299.0,9.81,0.0,0,3,0,0,-26.0,0.0,,,,,,,0.0,27.48,27.48
2026-04-24,6869,雲豹能源,TWSE,20,82.3,85.9408,-4.24,11832.93,1117.76,1.0,1118.76,9.45,0.01,0,1,0,0,-47.86,0.0,,,,,,,0.0,27.48,27.48
2026-04-24,8222,寶一,TWSE,20,36.6,36.5685,0.09,8012.14,556.8,0.0,556.8,6.95,0.0,1,0,0,0,97.0,0.0,,,,,,,0.0,27.46,27.46
2026-04-24,4160,訊聯基因,TPEX,20,43.55,44.6688,-2.5,717.0,49.79,0.0,49.79,6.94,0.0,1,0,0,0,2.0,0.0,,,,,,,0.0,27.44,27.44
2026-04-24,1110,東泥,TWSE,20,14.95,15.1898,-1.58,3998.29,353.42,1.0,354.42,8.84,0.03,0,3,1,0,-39.0,1.0,,,,,,,0.0,27.33,27.33
2026-04-24,3014,聯陽,TWSE,20,125.5,121.8057,3.03,18782.99,1421.78,84.94,1506.72,7.57,0.45,1,0,1,0,196.03,92.69,,,,,,,0.0,27.19,27.19
2026-04-24,6443,元晶,TWSE,20,36.5,40.5962,-10.09,488629.65,24761.42,0.0,24761.42,5.07,0.0,11,0,0,0,1223.22,0.0,,,,,,,0.0,27.19,27.19
2026-04-24,2029,盛餘,TWSE,20,20.2,20.5512,-1.71,3493.12,341.6,-29.0,312.6,9.78,-0.83,0,3,1,0,-53.0,1.0,,,,,,,0.0,27.14,27.14
2026-04-24,2906,高林,TWSE,20,12.5,12.8964,-3.07,2260.7,194.52,0.0,194.52,8.6,0.0,0,0,0,0,0.0,0.0,,,,,,,0.0,27.09,27.09
2026-04-24,4171,瑞基,TPEX,20,20.0,19.451,2.82,3971.0,212.82,0.0,212.82,5.36,0.0,3,0,0,0,41.0,0.0,,,,,,,0.0,27.01,27.01
2026-04-24,2458,義隆,TWSE,20,136.5,132.698,2.87,87379.69,22972.62,-2972.67,19999.95,26.29,-3.4,13,0,0,9,481.08,-872.34,,,,,,,0.0,26.99,26.99
2026-04-24,2454,聯發科,TWSE,20,2435.0,1870.3841,30.19,280415.96,8269.07,5271.34,13540.41,2.95,1.88,2,0,9,0,828.91,1769.06,,,,,,,0.0,26.96,26.96
2026-04-24,2478,大毅,TWSE,20,65.7,70.9287,-7.37,54828.16,5653.44,-47.94,5605.5,10.31,-0.09,0,2,0,0,-259.0,0.0,,,,,,,0.0,26.96,26.96
2026-04-24,2254,巨鎧精密-創,TWSE,20,77.9,78.7463,-1.07,974.23,58.32,0.0,58.32,5.99,0.0,2,0,0,0,14.0,0.0,,,,,,,0.0,26.76,26.76
2026-04-24,1531,高林股,TWSE,20,13.0,13.175,-1.33,3344.99,295.68,0.0,295.68,8.84,0.0,0,2,0,0,-31.0,0.0,,,,,,,0.0,26.75,26.75
2026-04-24,6988,威力暘-創,TWSE,20,14.0,14.6077,-4.16,751.19,58.0,0.0,58.0,7.72,0.0,1,0,0,0,4.0,0.0,,,,,,,0.0,26.62,26.62
2026-04-24,8024,佑華,TPEX,20,12.7,12.9021,-1.57,1453.0,107.0,0.0,107.0,7.36,0.0,0,0,0,0,0.0,0.0,,,,,,,0.0,26.62,26.62
2026-04-24,6154,順發,TPEX,20,13.4,13.3547,0.34,748.0,28.0,0.0,28.0,3.74,0.0,5,0,0,0,1.0,0.0,,,,,,,0.0,26.48,26.48
2026-04-24,2327,國巨*,TWSE,20,297.0,301.842,-1.6,740635.1,94374.81,1525.2,95900.01,12.74,0.21,1,0,0,5,1249.47,-3031.67,,,,,,,0.0,26.37,26.37
2026-04-24,2464,盟立,TWSE,20,91.7,84.2307,8.87,184777.34,19165.26,-3.67,19161.58,10.37,-0.0,1,0,0,0,3523.05,0.0,,,,,,,0.0,26.29,26.29
2026-04-24,4540,全球傳動,TWSE,20,53.8,54.383,-1.07,105746.16,8418.67,0.0,8418.67,7.96,0.0,0,1,0,0,-292.98,0.0,,,,,,,0.0,26.29,26.29
2026-04-24,7786,東方風能,TWSE,20,130.5,135.108,-3.41,4018.6,304.41,0.0,304.41,7.58,0.0,1,0,0,0,12.58,0.0,,,,,,,0.0,26.21,26.21
2026-04-24,7791,皇家可口,TWSE,20,65.2,65.6904,-0.75,1181.76,102.0,0.0,102.0,8.63,0.0,0,2,0,0,-2.0,0.0,,,,,,,0.0,26.17,26.17
2026-04-24,2107,厚生,TWSE,20,26.0,25.763,0.92,6371.63,549.52,0.0,549.52,8.62,0.0,0,2,0,0,-18.0,0.0,,,,,,,0.0,26.15,26.15
2026-04-24,6130,上亞科技,TPEX,20,25.8,25.7714,0.11,7440.0,586.0,0.0,586.0,7.88,0.0,0,1,0,0,-6.0,0.0,,,,,,,0.0,26.05,26.05
2026-04-24,2488,漢平,TWSE,20,50.6,50.2091,0.78,5780.28,537.4,0.0,537.4,9.3,0.0,0,3,0,0,-59.0,0.0,,,,,,,0.0,26.03,26.03
2026-04-24,3023,信邦,TWSE,20,290.0,268.2126,8.12,47300.76,9382.06,-2662.94,6719.12,19.83,-5.63,15,0,1,0,1458.23,9.04,,,,,,,0.0,25.79,25.79
2026-04-24,9905,大華,TWSE,20,21.65,21.4687,0.84,3007.71,189.92,0.0,189.92,6.31,0.0,1,0,0,0,13.0,0.0,,,,,,,0.0,25.68,25.68
2026-04-24,4106,雃博,TWSE,20,22.3,22.284,0.07,1483.82,93.48,0.0,93.48,6.3,0.0,1,0,0,0,2.0,0.0,,,,,,,0.0,25.64,25.64
2026-04-24,4523,永彰,TPEX,20,30.6,30.2691,1.09,4149.0,261.0,0.0,261.0,6.29,0.0,1,0,0,0,166.0,0.0,,,,,,,0.0,25.61,25.61
2026-04-24,2548,華固,TWSE,20,130.5,125.4366,4.04,38477.42,11583.39,57.0,11640.39,30.1,0.15,0,1,0,2,-44.92,-1.0,,,,,,,0.0,25.37,25.37
2026-04-24,3669,圓展,TWSE,20,37.7,38.1105,-1.08,5255.85,173.46,0.0,173.46,3.3,0.0,8,0,0,0,13.0,0.0,,,,,,,0.0,25.24,25.24
2026-04-24,5215,科嘉-KY,TWSE,20,37.9,37.64,0.69,1010.94,62.16,0.0,62.16,6.15,0.0,1,0,0,0,4.0,0.0,,,,,,,0.0,25.22,25.22
2026-04-24,6505,台塑化,TWSE,20,51.6,54.9112,-6.03,307217.18,27660.26,2341.43,30001.69,9.0,0.76,1,0,0,3,680.47,-66.48,,,,,,,0.0,25.22,25.22
2026-04-24,1455,集盛,TWSE,20,8.48,8.8245,-3.9,15528.98,1268.4,245.0,1513.4,8.17,1.58,0,3,0,0,-359.0,0.0,,,,,,,0.0,25.08,25.08
2026-04-24,6142,友勁,TWSE,20,9.03,9.2725,-2.62,17414.98,1429.58,0.0,1429.58,8.21,0.0,0,2,0,0,-192.0,0.0,,,,,,,0.0,24.98,24.98
2026-04-24,6526,達發,TWSE,20,601.0,553.7123,8.54,20973.69,2650.79,-42.15,2608.64,12.64,-0.2,1,0,0,1,1385.31,-93.0,,,,,,,0.0,24.95,24.95
2026-04-24,2062,橋椿,TWSE,20,21.8,21.9415,-0.65,7622.72,937.99,-69.0,868.99,12.31,-0.91,0,4,0,0,-18.0,0.0,,,,,,,0.0,24.86,24.86
2026-04-24,2431,聯昌,TWSE,20,11.2,11.5478,-3.01,10866.74,770.2,0.0,770.2,7.09,0.0,1,0,0,0,4.0,0.0,,,,,,,0.0,24.85,24.85
2026-04-24,3057,喬鼎,TWSE,20,19.3,18.2656,5.66,7255.07,590.77,0.0,590.77,8.14,0.0,1,0,0,0,160.0,0.0,,,,,,,0.0,24.8,24.8
2026-04-24,8070,長華*,TWSE,20,46.85,47.2092,-0.76,80460.32,9496.91,-1618.47,7878.45,11.8,-2.01,0,2,0,0,-86.0,0.0,,,,,,,0.0,24.8,24.8
2026-04-24,6823,濾能,TPEX,20,76.8,76.8693,-0.09,8873.0,275.0,0.0,275.0,3.1,0.0,6,0,0,0,11.0,0.0,,,,,,,0.0,24.68,24.68
2026-04-24,3512,皇龍,TPEX,20,21.75,21.5192,1.07,1820.0,107.82,0.0,107.82,5.92,0.0,1,0,0,0,5.0,0.0,,,,,,,0.0,24.59,24.59
2026-04-24,8487,愛爾達-創,TWSE,20,78.9,79.2731,-0.47,665.1,44.0,0.0,44.0,6.62,0.0,0,0,0,0,0.0,0.0,,,,,,,0.0,24.52,24.52
2026-04-24,8046,南電,TWSE,20,874.0,671.581,30.14,473618.87,4807.23,16008.63,20815.85,1.01,3.38,1,0,8,0,4987.02,2891.0,,,,,,,0.0,24.5,24.5
2026-04-24,2258,鴻華先進-創,TWSE,20,29.4,28.2974,3.9,19253.56,1778.64,7.0,1785.64,9.24,0.04,0,2,1,0,-164.0,5.0,,,,,,,0.0,24.49,24.49
2026-04-24,2645,長榮航太,TWSE,20,163.5,157.3115,3.93,22432.49,3653.55,-421.0,3232.55,16.29,-1.88,10,0,0,9,247.03,-7.0,,,,,,,0.0,24.34,24.34
2026-04-24,3390,旭軟,TPEX,20,28.75,26.9053,6.86,27434.0,1404.0,0.0,1404.0,5.12,0.0,11,0,0,0,52.0,0.0,,,,,,,0.0,24.33,24.33
2026-04-24,1535,中宇,TWSE,20,51.5,52.2592,-1.45,1365.7,79.61,0.0,79.61,5.83,0.0,1,0,0,0,9.0,0.0,,,,,,,0.0,24.32,24.32
2026-04-24,6666,羅麗芬-KY,TWSE,20,42.6,41.2581,3.25,352.28,36.24,0.0,36.24,10.29,0.0,0,2,0,0,-1.0,0.0,,,,,,,0.0,24.23,24.23
2026-04-24,6416,瑞祺電通,TWSE,20,81.5,80.577,1.15,4205.42,304.27,-1.45,302.82,7.24,-0.03,0,1,0,0,-8.0,0.0,,,,,,,0.0,24.14,24.14
2026-04-24,6957,裕慶-KY,TWSE,20,160.5,158.8216,1.06,1650.63,112.0,2.18,114.18,6.79,0.13,0,2,1,0,-2.0,2.18,,,,,,,0.0,23.94,23.94
2026-04-24,1108,幸福,TWSE,20,14.55,14.8027,-1.71,5736.98,531.01,0.0,531.01,9.26,0.0,0,4,0,0,-19.0,0.0,,,,,,,0.0,23.92,23.92
2026-04-24,1597,直得,TWSE,20,108.5,110.9117,-2.17,70968.45,1693.9,159.0,1852.9,2.39,0.22,0,1,5,0,-88.0,27.0,,,,,,,0.0,23.92,23.92
2026-04-24,4426,利勤,TWSE,20,8.53,8.7137,-2.11,3340.98,165.43,0.0,165.43,4.95,0.0,2,0,0,0,23.0,0.0,,,,,,,0.0,23.86,23.86
2026-04-24,6916,華凌,TWSE,20,19.15,18.6796,2.52,1021.14,87.0,0.0,87.0,8.52,0.0,0,3,0,0,-1.0,0.0,,,,,,,0.0,23.86,23.86
2026-04-24,6952,大武山,TWSE,20,38.8,37.9252,2.31,820.48,58.0,0.0,58.0,7.07,0.0,0,1,0,0,-1.0,0.0,,,,,,,0.0,23.79,23.79
2026-04-24,1736,喬山,TWSE,20,111.0,119.2014,-6.88,10944.01,1152.3,-320.68,831.63,10.53,-2.93,1,0,0,0,79.54,0.0,,,,,,,0.0,23.75,23.75
2026-04-24,8440,綠電,TPEX,20,21.9,22.5287,-2.79,2114.0,164.0,0.0,164.0,7.76,0.0,0,2,0,0,-4.0,0.0,,,,,,,0.0,23.72,23.72
2026-04-24,6182,合晶,TPEX,20,40.7,40.5672,0.33,471367.0,26447.19,0.0,26447.19,5.61,0.0,1,0,0,0,1489.31,0.0,,,,,,,0.0,23.71,23.71
2026-04-24,3529,力旺,TPEX,20,3900.0,3309.8329,17.83,21899.0,1531.82,636.48,2168.3,6.99,2.91,3,0,0,3,211.23,-52.9,,,,,,,0.0,23.68,23.68
2026-04-24,2736,富野,TPEX,20,13.15,13.9821,-5.95,3800.0,143.0,0.0,143.0,3.76,0.0,8,0,0,0,2.0,0.0,,,,,,,0.0,23.54,23.54
2026-04-24,6790,永豐實,TWSE,20,39.55,40.3799,-2.06,4051.39,264.33,40.0,304.33,6.52,0.99,0,2,0,0,-37.0,0.0,,,,,,,0.0,23.53,23.53
2026-04-24,1726,永記,TWSE,20,76.4,75.7533,0.85,535.2,41.1,0.0,41.1,7.68,0.0,0,2,0,0,-1.13,0.0,,,,,,,0.0,23.5,23.5
2026-04-24,2834,臺企銀,TWSE,20,16.3,15.8979,2.53,620871.04,49026.8,-232.45,48794.35,7.9,-0.04,0,1,0,1,-10704.93,-18.07,,,,,,,0.0,23.49,23.49
2026-04-24,3003,健和興,TWSE,20,54.0,53.698,0.56,14341.95,382.77,-1.1,381.67,2.67,-0.01,5,0,0,0,21.0,0.0,,,,,,,0.0,23.45,23.45
2026-04-24,7730,暉盛-創,TWSE,20,170.0,178.8379,-4.94,2419.62,158.46,0.0,158.46,6.55,0.0,1,0,0,0,21.0,0.0,,,,,,,0.0,23.34,23.34
2026-04-24,6722,輝創,TWSE,20,39.25,39.6251,-0.95,1959.39,107.0,0.0,107.0,5.46,0.0,1,0,0,0,4.0,0.0,,,,,,,0.0,23.29,23.29
2026-04-24,4551,智伸科,TWSE,20,131.0,136.2255,-3.84,9986.06,675.64,100.0,775.64,6.77,1.0,0,1,0,0,-4.97,0.0,,,,,,,0.0,23.25,23.25
2026-04-24,6617,共信-KY,TPEX,20,64.8,65.315,-0.79,5242.0,210.0,0.0,210.0,4.01,0.0,3,0,0,0,117.0,0.0,,,,,,,0.0,23.22,23.22
2026-04-24,2355,敬鵬,TWSE,20,53.1,52.1952,1.73,711039.74,5090.19,1300.18,6390.38,0.72,0.18,1,0,5,0,10022.73,111.95,,,,,,,0.0,23.11,23.11
2026-04-24,3033,威健,TWSE,20,34.6,33.8125,2.33,77538.61,19815.48,-131.87,19683.61,25.56,-0.17,0,1,0,13,-19.8,-7.35,,,,,,,0.0,23.07,23.07
2026-04-24,6928,攸泰科技,TWSE,20,47.1,47.4915,-0.82,2591.68,139.0,0.0,139.0,5.36,0.0,1,0,0,0,14.0,0.0,,,,,,,0.0,23.02,23.02
2026-04-24,4585,達明,TWSE,20,300.5,307.8977,-2.4,6200.36,328.81,2.65,331.47,5.3,0.04,1,0,0,0,48.78,0.0,,,,,,,0.0,22.99,22.99
2026-04-24,3379,彬台,TPEX,20,34.5,36.8495,-6.38,4110.0,263.0,0.0,263.0,6.4,0.0,1,0,0,0,31.0,0.0,,,,,,,0.0,22.92,22.92
2026-04-24,6674,鋐寶科技,TWSE,20,18.4,19.0817,-3.57,769.73,49.11,0.0,49.11,6.38,0.0,1,0,0,0,1.0,0.0,,,,,,,0.0,22.87,22.87
2026-04-24,9933,中鼎,TWSE,20,36.95,36.8747,0.2,160401.17,6641.59,-132.0,6509.59,4.14,-0.08,4,0,0,1,1858.13,-11.0,,,,,,,0.0,22.82,22.82
2026-04-24,3362,先進光,TPEX,20,108.5,110.6217,-1.92,21229.0,818.5,0.0,818.5,3.86,0.0,3,0,0,0,20.0,0.0,,,,,,,0.0,22.8,22.8
2026-04-24,6921,嘉雨思-創,TWSE,20,94.1,86.6211,8.63,2131.91,204.0,0.0,204.0,9.57,0.0,0,0,0,0,0.0,0.0,,,,,,,0.0,22.79,22.79
2026-04-24,1109,信大,TWSE,20,15.4,15.3679,0.21,3131.98,231.85,0.0,231.85,7.4,0.0,0,2,0,0,-5.0,0.0,,,,,,,0.0,22.73,22.73
2026-04-24,3532,台勝科,TWSE,20,172.5,168.7911,2.2,69563.62,464.92,2705.4,3170.32,0.67,3.89,1,0,0,0,52.67,0.0,,,,,,,0.0,22.71,22.71
2026-04-24,1236,宏亞,TWSE,20,25.55,26.0343,-1.86,1003.06,81.28,6.0,87.28,8.1,0.6,0,4,0,0,-1.0,0.0,,,,,,,0.0,22.66,22.66
2026-04-24,4576,大銀微系統,TWSE,20,179.0,167.3593,6.96,94587.65,4903.92,0.0,4903.92,5.18,0.0,4,0,0,0,114.0,0.0,,,,,,,0.0,22.52,22.52
2026-04-24,1593,祺驊,TPEX,20,32.75,33.4567,-2.11,495.0,15.0,0.0,15.0,3.03,0.0,4,0,0,0,2.0,0.0,,,,,,,0.0,22.48,22.48
2026-04-24,4552,力達-KY,TWSE,20,20.25,20.9918,-3.53,2165.33,64.29,60.0,124.29,2.97,2.77,1,0,0,0,12.0,0.0,,,,,,,0.0,22.46,22.46
2026-04-24,1709,和益,TWSE,20,18.65,18.7446,-0.5,16195.61,719.48,0.0,719.48,4.44,0.0,2,0,0,0,84.0,0.0,,,,,,,0.0,22.44,22.44
2026-04-24,6640,均華,TPEX,20,1505.0,1515.6279,-0.7,20227.0,-361.39,670.0,308.61,-1.79,3.31,0,1,9,0,-95.79,184.0,,,,,,,0.0,22.43,22.43
2026-04-24,6109,亞元,TPEX,20,12.4,12.0009,3.33,10723.0,475.01,0.0,475.01,4.43,0.0,8,0,0,0,57.0,0.0,,,,,,,0.0,22.4,22.4
2026-04-24,6189,豐藝,TWSE,20,46.75,46.9083,-0.34,13093.73,1485.15,-86.36,1398.79,11.34,-0.66,1,0,0,14,74.11,-7.0,,,,,,,0.0,22.4,22.4
2026-04-24,2908,特力,TWSE,20,20.5,20.1391,1.79,3384.86,270.53,0.0,270.53,7.99,0.0,0,3,0,0,-84.0,0.0,,,,,,,0.0,22.38,22.38
2026-04-24,9917,中保科,TWSE,20,114.0,114.8863,-0.77,11542.62,1997.23,-402.0,1595.23,17.3,-3.48,0,3,0,0,-129.94,0.0,,,,,,,0.0,22.35,22.35
2026-04-24,6838,台新藥,TWSE,20,27.2,30.6661,-11.3,10109.69,910.75,0.0,910.75,9.01,0.0,0,3,0,0,-39.0,0.0,,,,,,,0.0,22.22,22.22
2026-04-24,1762,中化生,TWSE,20,27.9,28.6082,-2.48,2298.15,116.39,0.0,116.39,5.06,0.0,1,0,0,0,4.0,0.0,,,,,,,0.0,22.18,22.18
2026-04-24,3312,弘憶股,TWSE,20,41.0,42.7898,-4.18,52355.18,3209.3,0.0,3209.3,6.13,0.0,1,0,0,0,286.0,0.0,,,,,,,0.0,22.16,22.16
2026-04-24,4162,智擎,TPEX,20,54.4,57.5507,-5.47,6421.0,390.25,0.0,390.25,6.08,0.0,1,0,0,0,75.0,0.0,,,,,,,0.0,22.02,22.02
2026-04-24,2729,瓦城,TPEX,20,169.5,171.794,-1.34,318.0,11.34,0.0,11.34,3.57,0.0,3,0,0,0,1.0,0.0,,,,,,,0.0,21.98,21.98
2026-04-24,7705,三商餐飲,TWSE,20,34.05,34.6945,-1.86,722.88,51.42,0.0,51.42,7.11,0.0,0,2,0,0,-3.0,0.0,,,,,,,0.0,21.92,21.92
2026-04-24,5515,建國,TWSE,20,40.25,40.5972,-0.86,18055.1,3315.0,-116.0,3199.0,18.36,-0.64,0,1,0,8,-56.0,-14.0,,,,,,,0.0,21.89,21.89
2026-04-24,8109,博大,TPEX,20,121.5,111.3096,9.16,6038.0,601.44,0.0,601.44,9.96,0.0,0,1,0,0,-32.0,0.0,,,,,,,0.0,21.89,21.89
2026-04-24,7769,鴻勁,TWSE,20,4730.0,4253.5072,11.2,23885.76,3304.26,-777.22,2527.05,13.83,-3.25,0,1,3,0,-78.28,16.97,,,,,,,0.0,21.83,21.83
2026-04-24,1731,美吾華,TWSE,20,21.8,21.7682,0.15,2111.23,149.33,0.0,149.33,7.07,0.0,0,2,0,0,-10.0,0.0,,,,,,,0.0,21.8,21.8
2026-04-24,4564,元翎,TWSE,20,18.6,19.0577,-2.4,20941.26,1289.66,3.11,1292.77,6.16,0.01,0,2,1,0,-172.0,3.11,,,,,,,0.0,21.79,21.79
2026-04-24,8084,巨虹,TPEX,20,43.4,46.1733,-6.01,1839.0,110.0,0.0,110.0,5.98,0.0,1,0,0,0,22.0,0.0,,,,,,,0.0,21.75,21.75
2026-04-24,5904,寶雅,TPEX,20,540.0,515.161,4.82,6149.0,84.67,389.15,473.82,1.38,6.33,1,0,0,2,57.0,-3.0,,,,,,,0.0,21.74,21.74
2026-04-24,5439,高技,TPEX,20,365.5,360.6343,1.35,173675.0,6543.6,4236.25,10779.85,3.77,2.44,1,0,0,2,1164.95,-1355.88,,,,,,,0.0,21.6,21.6
2026-04-24,6732,昇佳電子,TPEX,20,160.5,154.9934,3.55,4097.0,291.2,-4.0,287.2,7.11,-0.1,1,0,0,0,78.0,0.0,,,,,,,0.0,21.58,21.58
2026-04-24,2606,裕民,TWSE,20,60.9,61.3223,-0.69,80744.42,-1761.5,3689.12,1927.62,-2.18,4.57,0,3,5,0,-2200.87,813.44,,,,,,,0.0,21.47,21.47
2026-04-24,2401,凌陽,TWSE,20,25.5,23.998,6.26,147488.24,12382.48,-66.31,12316.18,8.4,-0.04,0,1,0,0,-1292.0,0.0,,,,,,,0.0,21.36,21.36
2026-04-24,8435,鉅邁,TPEX,20,56.3,57.1304,-1.45,569.0,19.0,0.0,19.0,3.34,0.0,3,0,0,0,2.0,0.0,,,,,,,0.0,21.35,21.35
2026-04-24,2455,全新,TWSE,20,346.0,281.923,22.73,327572.44,-3122.82,5432.15,2309.33,-0.95,1.66,8,0,5,0,680.06,251.0,,,,,,,0.0,21.3,21.3
2026-04-24,1417,嘉裕,TWSE,20,8.9,9.0386,-1.53,2902.93,199.9,0.0,199.9,6.89,0.0,0,2,0,0,-4.0,0.0,,,,,,,0.0,21.28,21.28
2026-04-24,8488,吉源-KY,TWSE,20,10.15,10.0046,1.45,2070.35,98.22,0.0,98.22,4.74,0.0,1,0,0,0,3.0,0.0,,,,,,,0.0,21.28,21.28
2026-04-24,6969,成信實業*-創,TWSE,20,29.5,29.5064,-0.02,1943.83,92.0,0.0,92.0,4.73,0.0,1,0,0,0,2.0,0.0,,,,,,,0.0,21.25,21.25
2026-04-24,1730,花仙子,TWSE,20,52.5,52.743,-0.46,628.51,43.16,0.0,43.16,6.87,0.0,0,2,0,0,-3.0,0.0,,,,,,,0.0,21.23,21.23
2026-04-24,1533,車王電,TWSE,20,30.9,30.6477,0.82,2191.98,150.49,0.0,150.49,6.87,0.0,0,2,0,0,-14.0,0.0,,,,,,,0.0,21.22,21.22
2026-04-24,3293,鈊象,TPEX,20,753.0,770.4887,-2.27,38873.0,7596.01,-983.96,6612.04,19.54,-2.53,1,0,0,11,87.42,-90.5,,,,,,,0.0,21.17,21.17
2026-04-24,1452,宏益,TWSE,20,11.55,11.8633,-2.64,2692.47,183.66,0.0,183.66,6.82,0.0,0,2,0,0,-2.0,0.0,,,,,,,0.0,21.1,21.1
2026-04-24,5546,永固-KY,TWSE,20,16.8,16.7554,0.27,802.11,49.0,0.0,49.0,6.11,0.0,0,1,0,0,-1.0,0.0,,,,,,,0.0,21.1,21.1
2026-04-24,3004,豐達科,TWSE,20,114.5,112.9621,1.36,8945.32,289.19,1.0,290.19,3.23,0.01,3,0,0,0,4.0,0.0,,,,,,,0.0,21.09,21.09
2026-04-24,5284,jpp-KY,TWSE,20,330.5,322.1377,2.6,45576.72,2771.32,0.0,2771.32,6.08,0.0,0,1,0,0,-332.9,0.0,,,,,,,0.0,21.03,21.03
2026-04-24,1445,大宇,TWSE,20,13.05,12.8357,1.67,1651.26,100.36,0.0,100.36,6.08,0.0,0,1,0,0,-3.0,0.0,,,,,,,0.0,21.02,21.02
2026-04-24,8150,南茂,TWSE,20,69.8,70.1227,-0.46,584275.98,31687.76,471.78,32159.54,5.42,0.08,1,0,0,1,339.05,-3.0,,,,,,,0.0,20.95,20.95
2026-04-24,1465,偉全,TWSE,20,12.45,12.4795,-0.24,1890.91,114.19,0.0,114.19,6.04,0.0,0,1,0,0,-4.0,0.0,,,,,,,0.0,20.91,20.91
2026-04-24,6875,國邑*,TPEX,20,37.75,37.3731,1.01,1781.0,82.0,0.0,82.0,4.6,0.0,1,0,0,0,72.0,0.0,,,,,,,0.0,20.89,20.89
2026-04-24,8016,矽創,TWSE,20,229.5,216.514,6.0,25174.43,2549.04,-896.46,1652.58,10.13,-3.56,1,0,1,0,440.51,3.1,,,,,,,0.0,20.85,20.85
2026-04-24,2002,中鋼,TWSE,20,19.0,19.6778,-3.44,880124.95,150427.3,-2326.1,148101.2,17.09,-0.26,0,3,0,3,-28571.45,-140.74,,,,,,,0.0,20.84,20.84
2026-04-24,5288,豐祥-KY,TWSE,20,169.5,160.5059,5.6,6945.02,267.93,-1.0,266.93,3.86,-0.01,5,0,0,0,63.2,0.0,,,,,,,0.0,20.75,20.75
2026-04-24,2388,威盛,TWSE,20,78.2,67.3578,16.1,255649.83,18548.48,1066.51,19614.99,7.26,0.42,0,1,2,0,-58.99,238.72,,,,,,,0.0,20.69,20.69
2026-04-24,3527,聚積,TPEX,20,57.9,57.5985,0.52,5802.0,263.0,0.0,263.0,4.53,0.0,1,0,0,0,47.0,0.0,,,,,,,0.0,20.69,20.69
2026-04-24,6269,台郡,TWSE,20,66.2,65.1361,1.63,79955.99,5336.09,1.0,5337.09,6.67,0.0,0,2,0,0,-136.0,0.0,,,,,,,0.0,20.69,20.69
2026-04-24,9912,偉聯,TWSE,20,12.35,12.5547,-1.63,1455.55,65.28,0.0,65.28,4.48,0.0,1,0,0,0,4.0,0.0,,,,,,,0.0,20.56,20.56
2026-04-24,5464,霖宏,TPEX,20,30.95,30.1819,2.54,6270.0,236.21,0.0,236.21,3.77,0.0,2,0,0,0,56.0,0.0,,,,,,,0.0,20.55,20.55
2026-04-24,2440,太空梭,TWSE,20,16.2,15.6259,3.67,8664.82,448.68,0.0,448.68,5.18,0.0,3,0,0,0,46.0,0.0,,,,,,,0.0,20.5,20.5
2026-04-24,1560,中砂,TWSE,20,535.0,508.1938,5.27,52110.8,7254.2,-1289.1,5965.1,13.92,-2.47,8,0,0,8,578.71,-662.0,,,,,,,0.0,20.47,20.47
2026-04-24,8481,政伸,TWSE,20,41.4,41.8401,-1.05,469.45,24.17,0.0,24.17,5.15,0.0,0,0,0,0,0.0,0.0,,,,,,,0.0,20.41,20.41
2026-04-24,2305,全友,TWSE,20,15.75,17.5782,-10.4,109520.6,1025.02,93.0,1118.02,0.94,0.08,1,0,5,0,437.0,17.0,,,,,,,0.0,20.4,20.4
2026-04-24,1418,東華,TWSE,20,18.2,18.5639,-1.96,297.99,15.24,0.0,15.24,5.11,0.0,0,0,0,0,0.0,0.0,,,,,,,0.0,20.32,20.32
2026-04-24,6246,臺龍,TPEX,20,15.65,16.5132,-5.23,1149.0,71.0,0.0,71.0,6.18,0.0,0,0,0,0,0.0,0.0,,,,,,,0.0,20.3,20.3
2026-04-24,4942,嘉彰,TWSE,20,38.2,38.2763,-0.2,2214.57,36.78,-3.21,33.58,1.66,-0.14,5,0,0,0,6.0,0.0,,,,,,,0.0,20.17,20.17
2026-04-24,6026,福邦證,TPEX,20,14.9,14.7699,0.88,26321.0,1144.01,0.0,1144.01,4.35,0.0,1,0,0,0,1708.0,0.0,,,,,,,0.0,20.17,20.17
2026-04-24,8261,富鼎,TWSE,20,116.0,118.3905,-2.02,79876.53,4601.07,-11.0,4590.07,5.76,-0.01,0,1,0,0,-454.96,0.0,,,,,,,0.0,20.08,20.08
2026-04-24,4974,亞泰,TPEX,20,73.4,71.4496,2.73,3719.0,160.0,0.0,160.0,4.3,0.0,1,0,0,0,8.0,0.0,,,,,,,0.0,20.05,20.05
2026-04-24,2615,萬海,TWSE,20,74.2,76.8725,-3.48,175859.04,18418.74,-3691.07,14727.67,10.47,-2.1,4,0,0,9,1367.6,-20.42,,,,,,,0.0,19.95,19.95
2026-04-24,3037,欣興,TWSE,20,790.0,603.2303,30.96,366902.07,-14703.45,30690.7,15987.25,-4.01,8.36,9,0,0,1,2176.6,-492.81,,,,,,,0.0,19.88,19.88
2026-04-24,3036,文曄,TWSE,20,199.0,221.968,-10.35,159384.66,19822.41,-9946.03,9876.39,12.44,-6.24,5,0,0,1,50.63,-556.61,,,,,,,0.0,19.86,19.86
2026-04-24,2382,廣達,TWSE,20,323.0,311.369,3.74,459863.74,88251.29,-3038.49,85212.8,19.19,-0.66,1,0,0,9,5907.77,-2403.08,,,,,,,0.0,19.85,19.85
2026-04-24,2101,南港,TWSE,20,33.4,35.7878,-6.67,42977.32,2891.49,0.0,2891.49,6.73,0.0,0,1,0,0,-132.0,0.0,,,,,,,0.0,19.84,19.84
2026-04-24,3021,鴻名,TWSE,20,16.7,16.4409,1.58,2643.57,111.24,0.0,111.24,4.21,0.0,1,0,0,0,43.0,0.0,,,,,,,0.0,19.78,19.78
2026-04-24,8437,大地-KY,TPEX,20,12.95,12.7992,1.18,1979.0,69.0,0.0,69.0,3.49,0.0,2,0,0,0,27.0,0.0,,,,,,,0.0,19.76,19.76
2026-04-24,6561,是方,TPEX,20,363.0,363.7619,-0.21,1932.0,108.14,0.0,108.14,5.6,0.0,0,1,0,0,-11.78,0.0,,,,,,,0.0,19.67,19.67
2026-04-24,2359,所羅門,TWSE,20,109.0,113.3077,-3.8,21318.02,1108.98,0.0,1108.98,5.2,0.0,1,0,0,0,11.0,0.0,,,,,,,0.0,19.57,19.57
2026-04-24,6922,宸曜,TPEX,20,164.0,164.4744,-0.29,1112.0,45.9,0.0,45.9,4.13,0.0,1,0,0,0,4.0,0.0,,,,,,,0.0,19.56,19.56
2026-04-24,7738,東聯互動,TPEX,20,184.5,183.8953,0.33,817.0,22.0,0.0,22.0,2.69,0.0,3,0,0,0,6.0,0.0,,,,,,,0.0,19.54,19.54
2026-04-24,1337,再生-KY,TWSE,20,5.1,5.9632,-14.48,20941.71,1086.48,0.0,1086.48,5.19,0.0,1,0,0,0,62.0,0.0,,,,,,,0.0,19.53,19.53
2026-04-24,1591,駿吉-KY,TPEX,20,59.3,57.7056,2.76,19547.0,524.71,0.0,524.71,2.68,0.0,3,0,0,0,45.3,0.0,,,,,,,0.0,19.52,19.52
2026-04-24,5011,久陽,TPEX,20,13.9,13.9967,-0.69,8121.0,449.0,0.0,449.0,5.53,0.0,0,1,0,0,-49.0,0.0,,,,,,,0.0,19.48,19.48
2026-04-24,2049,上銀,TWSE,20,293.5,272.1138,7.86,190696.09,13081.84,-152.82,12929.02,6.86,-0.08,0,1,1,0,-95.74,43.83,,,,,,,0.0,19.44,19.44
2026-04-24,1525,江申,TWSE,20,60.8,61.982,-1.91,687.27,53.25,-10.0,43.25,7.75,-1.46,0,3,1,0,-4.0,3.0,,,,,,,0.0,19.39,19.39
2026-04-24,6776,展碁國際,TWSE,20,58.0,59.6238,-2.72,9567.2,388.44,0.0,388.44,4.06,0.0,1,0,0,0,14.0,0.0,,,,,,,0.0,19.37,19.37
2026-04-24,1517,利奇,TWSE,20,10.65,11.0965,-4.02,5225.8,379.32,0.0,379.32,7.26,0.0,0,2,0,0,-63.0,0.0,,,,,,,0.0,19.32,19.32
2026-04-24,1584,精剛,TPEX,20,19.95,21.3477,-6.55,16437.0,1427.43,0.0,1427.43,8.68,0.0,0,4,0,0,-176.0,0.0,,,,,,,0.0,19.32,19.32
2026-04-24,6219,富旺,TPEX,20,12.8,13.9612,-8.32,6956.0,454.0,0.0,454.0,6.53,0.0,0,1,0,0,-4.0,0.0,,,,,,,0.0,19.27,19.27
2026-04-24,8367,建新國際,TWSE,20,42.75,43.2502,-1.16,903.55,54.94,0.0,54.94,6.08,0.0,0,2,0,0,-3.0,0.0,,,,,,,0.0,19.03,19.03
2026-04-24,6614,資拓宏宇,TWSE,20,40.9,40.8091,0.22,2147.37,115.0,0.0,115.0,5.36,0.0,0,1,0,0,-3.0,0.0,,,,,,,0.0,19.0,19.0
2026-04-24,2376,技嘉,TWSE,20,278.0,265.9099,4.55,184800.13,36085.18,-782.73,35302.46,19.53,-0.42,0,1,0,4,-268.51,-161.63,,,,,,,0.0,18.94,18.94
2026-04-24,7767,仁大資訊,TPEX,20,44.5,44.3572,0.32,326.0,15.0,0.0,15.0,4.6,0.0,0,0,0,0,0.0,0.0,,,,,,,0.0,18.88,18.88
2026-04-24,3022,威強電,TWSE,20,69.0,66.7722,3.34,19631.87,2066.4,-302.25,1764.15,10.53,-1.54,0,1,0,1,-143.0,-3.0,,,,,,,0.0,18.84,18.84
2026-04-24,4139,馬光-KY,TPEX,20,23.9,24.6087,-2.88,288.0,11.0,0.0,11.0,3.82,0.0,1,0,0,0,1.0,0.0,,,,,,,0.0,18.69,18.69
2026-04-24,8103,瀚荃,TWSE,20,106.0,95.5065,10.99,45053.74,3328.63,0.0,3328.63,7.39,0.0,1,0,0,0,321.85,0.0,,,,,,,0.0,18.69,18.69
2026-04-24,3357,臺慶科,TPEX,20,169.5,171.0577,-0.91,59668.0,3217.49,-80.48,3137.01,5.39,-0.13,0,1,0,0,-73.0,0.0,,,,,,,0.0,18.65,18.65
2026-04-24,5536,聖暉*,TPEX,20,972.0,810.7979,19.88,48306.0,10174.83,-1322.65,8852.18,21.06,-2.74,6,0,0,8,582.96,-98.84,,,,,,,0.0,18.65,18.65
2026-04-24,2755,揚秦,TPEX,20,133.5,139.1588,-4.07,1143.0,39.23,0.0,39.23,3.43,0.0,3,0,0,0,5.0,0.0,,,,,,,0.0,18.61,18.61
2026-04-24,3018,隆銘綠能,TWSE,20,10.6,10.942,-3.13,635.68,30.77,0.0,30.77,4.84,0.0,1,0,0,0,1.0,0.0,,,,,,,0.0,18.56,18.56
2026-04-24,3026,禾伸堂,TWSE,20,216.0,183.8739,17.47,183365.15,3242.55,592.46,3835.0,1.77,0.32,2,0,5,0,367.86,55.0,,,,,,,0.0,18.52,18.52
2026-04-24,2025,千興,TWSE,20,11.4,11.6989,-2.56,3572.79,208.41,0.0,208.41,5.83,0.0,0,2,0,0,-3.0,0.0,,,,,,,0.0,18.33,18.33
2026-04-24,5483,中美晶,TPEX,20,130.0,123.6865,5.1,226813.0,34711.07,-7930.15,26780.92,15.3,-3.5,13,0,0,6,3876.33,-3132.95,,,,,,,0.0,18.21,18.21
2026-04-24,9802,鈺齊-KY,TWSE,20,74.3,77.3273,-3.91,23818.28,2051.88,-211.0,1840.88,8.61,-0.89,0,3,0,0,-101.02,0.0,,,,,,,0.0,18.2,18.2
2026-04-24,1454,台富,TWSE,20,13.8,13.0832,5.48,1242.14,35.7,0.0,35.7,2.87,0.0,5,0,0,0,4.0,0.0,,,,,,,0.0,18.05,18.05
2026-04-24,3557,嘉威,TWSE,20,30.5,30.8497,-1.13,1222.24,43.82,0.0,43.82,3.58,0.0,1,0,0,0,6.0,0.0,,,,,,,0.0,18.04,18.04
2026-04-24,2465,麗臺,TWSE,20,67.6,65.3162,3.5,32753.9,2343.62,0.0,2343.62,7.16,0.0,0,1,0,0,-132.0,0.0,,,,,,,0.0,18.03,18.03
2026-04-24,3665,貿聯-KY,TWSE,20,2765.0,2235.2349,23.7,62929.17,-1055.51,4034.5,2979.0,-1.68,6.41,0,1,3,0,-279.18,264.98,,,,,,,0.0,17.96,17.96
2026-04-24,8045,達運光電,TWSE,20,75.3,76.979,-2.18,6389.65,363.55,0.0,363.55,5.69,0.0,0,2,0,0,-23.0,0.0,,,,,,,0.0,17.93,17.93
2026-04-24,8463,潤泰材,TWSE,20,22.55,22.7092,-0.7,1879.82,66.47,0.0,66.47,3.54,0.0,1,0,0,0,4.0,0.0,,,,,,,0.0,17.9,17.9
2026-04-24,4108,懷特,TWSE,20,12.45,12.6549,-1.62,4325.05,152.71,0.0,152.71,3.53,0.0,1,0,0,0,18.0,0.0,,,,,,,0.0,17.89,17.89
2026-04-24,2472,立隆電,TWSE,20,172.5,158.8605,8.59,110091.6,3433.77,823.92,4257.69,3.12,0.75,0,1,5,0,-118.95,94.0,,,,,,,0.0,17.7,17.7
2026-04-24,4956,光鋐,TWSE,20,45.55,41.1155,10.79,226123.65,4400.4,165.0,4565.4,1.95,0.07,3,0,4,0,683.5,29.0,,,,,,,0.0,17.69,17.69
2026-04-24,5403,中菲,TPEX,20,93.0,95.2133,-2.32,2814.0,97.35,0.0,97.35,3.46,0.0,1,0,0,0,15.0,0.0,,,,,,,0.0,17.69,17.69
2026-04-24,4305,世坤,TPEX,20,43.35,43.8153,-1.06,72.0,3.0,0.0,3.0,4.17,0.0,0,0,0,0,0.0,0.0,,,,,,,0.0,17.67,17.67
2026-04-24,8429,金麗-KY,TWSE,20,6.61,6.7997,-2.79,4680.72,161.46,0.0,161.46,3.45,0.0,1,0,0,0,60.0,0.0,,,,,,,0.0,17.66,17.66
2026-04-24,2368,金像電,TWSE,20,1390.0,1075.3124,29.26,137890.36,2067.76,4361.78,6429.54,1.5,3.16,1,0,2,0,300.83,1007.75,,,,,,,0.0,17.64,17.64
2026-04-24,1569,濱川,TPEX,20,62.1,57.3401,8.3,40337.0,1675.0,0.0,1675.0,4.15,0.0,5,0,0,0,405.0,0.0,,,,,,,0.0,17.63,17.63
2026-04-24,5601,台聯櫃,TPEX,20,35.35,35.9767,-1.74,118.0,4.0,0.0,4.0,3.39,0.0,1,0,0,0,5.0,0.0,,,,,,,0.0,17.49,17.49
2026-04-24,2492,華新科,TWSE,20,130.0,137.5988,-5.52,214642.68,11382.63,2319.79,13702.42,5.3,1.08,0,2,0,0,-396.97,0.0,,,,,,,0.0,17.42,17.42
2026-04-24,3040,遠見,TWSE,20,46.3,48.476,-4.49,4433.59,-5.23,84.0,78.77,-0.12,1.89,0,2,5,0,-31.0,15.0,,,,,,,0.0,17.42,17.42
2026-04-24,6486,互動,TPEX,20,90.4,87.4056,3.43,5835.0,320.0,0.0,320.0,5.48,0.0,1,0,0,0,162.0,0.0,,,,,,,0.0,17.36,17.36
2026-04-24,1526,日馳,TWSE,20,16.2,16.6564,-2.74,2496.23,83.15,0.0,83.15,3.33,0.0,1,0,0,0,8.0,0.0,,,,,,,0.0,17.33,17.33
2026-04-24,2014,中鴻,TWSE,20,17.15,18.4893,-7.24,128278.1,9301.54,0.0,9301.54,7.25,0.0,0,3,0,0,-297.0,0.0,,,,,,,0.0,17.3,17.3
2026-04-24,5457,宣德,TPEX,20,37.0,38.2077,-3.16,25181.0,1925.07,-48.0,1877.07,7.64,-0.19,0,2,0,1,-14.18,-4.0,,,,,,,0.0,17.28,17.28
2026-04-24,6669,緯穎,TWSE,20,4635.0,3853.8416,20.27,45311.23,-1676.3,2902.69,1226.39,-3.7,6.41,0,1,6,0,-537.94,664.34,,,,,,,0.0,17.28,17.28
2026-04-24,8383,千附,TPEX,20,64.3,61.1297,5.19,74765.0,5140.46,0.0,5140.46,6.88,0.0,0,1,0,0,-393.94,0.0,,,,,,,0.0,17.25,17.25
2026-04-24,5529,鉅陞,TPEX,20,21.85,23.6541,-7.63,995.0,15.0,0.0,15.0,1.51,0.0,5,0,0,0,5.0,0.0,,,,,,,0.0,17.22,17.22
2026-04-24,6767,台微醫,TPEX,20,27.4,27.7124,-1.13,275.0,11.0,0.0,11.0,4.0,0.0,0,0,0,0,0.0,0.0,,,,,,,0.0,17.2,17.2
2026-04-24,6771,平和環保-創,TWSE,20,45.6,44.7279,1.95,876.6,41.0,0.0,41.0,4.68,0.0,0,1,0,0,-1.0,0.0,,,,,,,0.0,17.1,17.1
2026-04-24,2527,宏璟,TWSE,20,33.9,35.8307,-5.39,18123.28,2362.34,-103.13,2259.21,13.03,-0.57,0,1,0,13,-86.0,-0.97,,,,,,,0.0,17.05,17.05
2026-04-24,8249,菱光,TWSE,20,48.1,49.3004,-2.43,9906.0,318.51,0.0,318.51,3.22,0.0,1,0,0,0,32.0,0.0,,,,,,,0.0,17.0,17.0
2026-04-24,3164,景岳,TWSE,20,17.85,18.1416,-1.61,1102.17,35.3,0.0,35.3,3.2,0.0,1,0,0,0,11.0,0.0,,,,,,,0.0,16.97,16.97
2026-04-24,2916,滿心,TPEX,20,45.9,46.8061,-1.94,1540.0,49.01,0.0,49.01,3.18,0.0,1,0,0,0,4.0,0.0,,,,,,,0.0,16.91,16.91
2026-04-24,1752,南光,TWSE,20,35.0,35.665,-1.86,1122.03,59.41,0.0,59.41,5.3,0.0,0,2,0,0,-8.0,0.0,,,,,,,0.0,16.83,16.83
2026-04-24,8410,森田,TPEX,20,37.15,36.6481,1.37,539.0,17.0,0.0,17.0,3.15,0.0,1,0,0,0,1.0,0.0,,,,,,,0.0,16.83,16.83
2026-04-24,4702,中美實,TPEX,20,9.86,10.0187,-1.58,1928.0,60.59,0.0,60.59,3.14,0.0,1,0,0,0,3.0,0.0,,,,,,,0.0,16.8,16.8
2026-04-24,6679,鈺太,TPEX,20,275.5,261.7339,5.26,11500.0,425.45,84.0,509.45,3.7,0.73,2,0,0,0,57.0,0.0,,,,,,,0.0,16.77,16.77
2026-04-24,3189,景碩,TWSE,20,526.0,424.8801,23.8,547913.35,22586.43,-5486.07,17100.37,4.12,-1.0,5,0,1,0,6593.09,2534.0,,,,,,,0.0,16.74,16.74
2026-04-24,3168,眾福科,TWSE,20,44.35,45.4923,-2.51,1269.26,39.0,0.0,39.0,3.07,0.0,1,0,0,0,6.0,0.0,,,,,,,0.0,16.6,16.6
2026-04-24,3489,森寶,TPEX,20,22.7,23.1763,-2.06,2922.0,27.0,0.0,27.0,0.92,0.0,4,0,0,0,2.0,0.0,,,,,,,0.0,16.59,16.59
2026-04-24,2514,龍邦,TWSE,20,13.35,13.472,-0.91,3087.66,160.52,0.0,160.52,5.2,0.0,0,2,0,0,-12.0,0.0,,,,,,,0.0,16.56,16.56
2026-04-24,2303,聯電,TWSE,20,74.5,68.7597,8.35,3380017.98,191257.22,94327.54,285584.76,5.66,2.79,0,1,0,1,-4078.4,-38.58,,,,,,,0.0,16.55,16.55
2026-04-24,2438,翔耀,TWSE,20,22.55,22.3805,0.76,5261.72,273.31,0.0,273.31,5.19,0.0,0,2,0,0,-29.0,0.0,,,,,,,0.0,16.54,16.54
2026-04-24,6156,松上,TPEX,20,20.5,20.1762,1.61,9776.0,506.0,0.0,506.0,5.18,0.0,0,2,0,0,-53.0,0.0,,,,,,,0.0,16.49,16.49
2026-04-24,3088,艾訊,TPEX,20,97.3,94.9706,2.45,28765.0,1277.2,0.0,1277.2,4.44,0.0,0,1,0,0,-47.32,0.0,,,,,,,0.0,16.43,16.43
2026-04-24,5258,虹堡,TWSE,20,48.55,48.921,-0.76,10930.23,328.51,0.0,328.51,3.01,0.0,1,0,0,0,40.0,0.0,,,,,,,0.0,16.42,16.42
2026-04-24,7744,崴寶,TPEX,20,542.0,502.7544,7.81,3587.0,234.93,0.0,234.93,6.55,0.0,0,1,0,0,-33.47,0.0,,,,,,,0.0,16.34,16.34
2026-04-24,3234,光環,TPEX,20,106.0,105.4981,0.48,81757.0,1804.41,30.0,1834.41,2.21,0.04,2,0,0,0,98.0,0.0,,,,,,,0.0,16.3,16.3
2026-04-24,1786,科妍,TWSE,20,61.0,61.9257,-1.49,6311.66,365.8,0.0,365.8,5.8,0.0,0,3,0,0,-93.12,0.0,,,,,,,0.0,16.23,16.23
2026-04-24,6901,鑽石投資,TWSE,20,13.7,14.1326,-3.06,14320.42,880.22,0.0,880.22,6.15,0.0,0,2,0,0,-22.0,0.0,,,,,,,0.0,16.21,16.21
2026-04-24,3689,湧德,TPEX,20,133.0,130.292,2.08,122845.0,3584.2,0.0,3584.2,2.92,0.0,1,0,0,0,186.0,0.0,,,,,,,0.0,16.17,16.17
2026-04-24,6843,進典,TPEX,20,46.1,45.9168,0.4,722.0,21.0,0.0,21.0,2.91,0.0,1,0,0,0,6.0,0.0,,,,,,,0.0,16.14,16.14
2026-04-24,2485,兆赫,TWSE,20,60.5,75.5971,-19.97,710919.05,-1982.05,859.0,-1123.05,-0.28,0.12,2,0,14,0,12401.43,102.0,,,,,,,0.0,16.12,16.12
2026-04-24,6120,達運,TWSE,20,12.95,14.2829,-9.33,123137.96,7542.88,-15.0,7527.88,6.13,-0.01,0,2,0,0,-1395.33,0.0,,,,,,,0.0,16.11,16.11
2026-04-24,1474,弘裕,TWSE,20,10.1,10.2268,-1.24,1857.17,53.43,0.0,53.43,2.88,0.0,1,0,0,0,11.0,0.0,,,,,,,0.0,16.06,16.06
2026-04-24,1702,南僑,TWSE,20,35.85,36.3219,-1.3,5291.63,468.4,60.33,528.73,8.85,1.14,0,3,0,12,-37.0,-10.6,,,,,,,0.0,16.05,16.05
2026-04-24,3294,英濟,TPEX,20,30.5,32.8177,-7.06,11967.0,471.4,0.0,471.4,3.94,0.0,1,0,0,0,32.13,0.0,,,,,,,0.0,16.03,16.03
2026-04-24,3017,奇鋐,TWSE,20,2945.0,2350.155,25.31,90128.89,-3587.92,3459.9,-128.01,-3.98,3.84,1,0,10,0,341.11,228.81,,,,,,,0.0,16.02,16.02
2026-04-24,5533,皇鼎,TWSE,20,14.4,14.5073,-0.74,3870.21,220.84,0.0,220.84,5.71,0.0,0,3,0,0,-4.93,0.0,,,,,,,0.0,15.98,15.98
2026-04-24,3031,佰鴻,TWSE,20,31.35,29.7915,5.23,173529.41,-1775.57,168.0,-1607.57,-1.02,0.1,3,0,5,0,865.6,31.0,,,,,,,0.0,15.95,15.95
2026-04-24,9943,好樂迪,TWSE,20,55.7,56.9557,-2.2,1656.65,46.63,0.0,46.63,2.81,0.0,1,0,0,0,6.51,0.0,,,,,,,0.0,15.88,15.88
2026-04-24,6438,迅得,TWSE,20,173.5,178.5684,-2.84,73201.7,805.98,151.0,956.98,1.1,0.21,3,0,0,0,145.49,0.0,,,,,,,0.0,15.76,15.76
2026-04-24,1541,錩泰,TWSE,20,24.55,25.4222,-3.43,996.64,59.39,0.0,59.39,5.96,0.0,0,2,0,0,-4.0,0.0,,,,,,,0.0,15.69,15.69
2026-04-24,3162,精確,TPEX,20,81.8,71.0719,15.09,109851.0,8496.62,0.0,8496.62,7.73,0.0,0,1,0,0,-2398.28,0.0,,,,,,,0.0,15.66,15.66
2026-04-24,2845,遠東銀,TWSE,20,12.35,12.5386,-1.5,115329.2,9752.92,-1251.0,8501.92,8.46,-1.08,0,4,0,1,-2408.0,-18.0,,,,,,,0.0,15.6,15.6
2026-04-24,4113,聯上,TPEX,20,15.05,16.3152,-7.75,6071.0,185.14,0.0,185.14,3.05,0.0,2,0,0,0,44.0,0.0,,,,,,,0.0,15.54,15.54
2026-04-24,2379,瑞昱,TWSE,20,539.0,521.1733,3.42,71213.05,19560.48,-3979.94,15580.53,27.47,-5.59,12,0,0,9,315.42,-111.1,,,,,,,0.0,15.53,15.53
2026-04-24,3432,台端,TWSE,20,18.7,17.5282,6.68,2457.63,118.59,0.0,118.59,4.83,0.0,1,0,0,0,6.0,0.0,,,,,,,0.0,15.51,15.51
2026-04-24,6175,立敦,TPEX,20,63.5,57.9579,9.56,145484.0,4921.23,0.0,4921.23,3.38,0.0,5,0,0,0,297.0,0.0,,,,,,,0.0,15.47,15.47
2026-04-24,6494,九齊,TPEX,20,55.7,52.2801,6.54,7408.0,356.0,0.0,356.0,4.81,0.0,1,0,0,0,14.0,0.0,,,,,,,0.0,15.46,15.46
2026-04-24,6558,興能高,TWSE,20,29.75,29.6409,0.37,11153.26,615.85,0.0,615.85,5.52,0.0,0,3,0,0,-63.0,0.0,,,,,,,0.0,15.46,15.46
2026-04-24,8089,康全電訊,TPEX,20,21.15,22.2754,-5.05,4767.0,176.99,0.0,176.99,3.71,0.0,1,0,0,0,15.0,0.0,,,,,,,0.0,15.4,15.4
2026-04-24,2704,國賓,TWSE,20,41.75,42.6497,-2.11,2759.1,150.82,0.0,150.82,5.47,0.0,0,3,0,0,-15.0,0.0,,,,,,,0.0,15.31,15.31
2026-04-24,1473,台南,TWSE,20,22.65,23.4995,-3.62,2384.98,87.6,0.0,87.6,3.67,0.0,1,0,0,0,16.0,0.0,,,,,,,0.0,15.28,15.28
2026-04-24,2349,錸德,TWSE,20,12.8,13.5295,-5.39,88544.38,5146.26,0.0,5146.26,5.81,0.0,0,2,0,0,-136.69,0.0,,,,,,,0.0,15.27,15.27
2026-04-24,3717,聯嘉投控,TWSE,20,20.65,22.4201,-7.9,37714.94,2185.61,0.0,2185.61,5.8,0.0,0,2,0,0,-24.0,0.0,,,,,,,0.0,15.23,15.23
2026-04-24,8916,光隆,TPEX,20,48.0,47.619,0.8,1624.0,65.0,0.0,65.0,4.0,0.0,0,1,0,0,-39.0,0.0,,,,,,,0.0,15.21,15.21
2026-04-24,4919,新唐,TWSE,20,145.0,116.0003,25.0,401823.03,11866.43,-701.7,11164.74,2.95,-0.17,2,0,3,0,632.15,35.0,,,,,,,0.0,15.19,15.19
2026-04-24,8111,立碁,TPEX,20,68.1,73.5961,-7.47,126962.0,3697.74,0.0,3697.74,2.91,0.0,2,0,0,0,147.55,0.0,,,,,,,0.0,15.15,15.15
2026-04-24,6931,青松健康,TWSE,20,50.0,50.0463,-0.09,2287.52,107.0,0.0,107.0,4.68,0.0,0,2,0,0,-7.0,0.0,,,,,,,0.0,15.1,15.1
2026-04-24,1453,大將,TWSE,20,12.1,12.1988,-0.81,1613.37,74.57,0.0,74.57,4.62,0.0,0,2,0,0,-4.0,0.0,,,,,,,0.0,14.94,14.94
2026-04-24,5220,萬達光電,TPEX,20,20.5,20.1995,1.49,1129.0,28.0,0.0,28.0,2.48,0.0,1,0,0,0,1.0,0.0,,,,,,,0.0,14.94,14.94
2026-04-24,3287,廣寰科,TPEX,20,28.35,28.8423,-1.71,866.0,40.0,0.0,40.0,4.62,0.0,0,2,0,0,-6.0,0.0,,,,,,,0.0,14.93,14.93
2026-04-24,1777,生泰,TPEX,20,70.9,71.2874,-0.54,522.0,24.0,0.0,24.0,4.6,0.0,0,2,0,0,-2.0,0.0,,,,,,,0.0,14.87,14.87
2026-04-24,6593,台灣銘板,TPEX,20,37.35,37.6483,-0.79,1009.0,39.11,0.0,39.11,3.88,0.0,0,1,0,0,-4.0,0.0,,,,,,,0.0,14.85,14.85
2026-04-24,4528,江興鍛,TPEX,20,16.0,16.3952,-2.41,900.0,21.9,0.0,21.9,2.43,0.0,1,0,0,0,6.0,0.0,,,,,,,0.0,14.81,14.81
2026-04-24,2415,錩新,TWSE,20,27.0,29.1598,-7.41,5716.85,322.45,0.0,322.45,5.64,0.0,0,2,0,0,-9.0,0.0,,,,,,,0.0,14.79,14.79
2026-04-24,6496,科懋,TPEX,20,25.4,26.1492,-2.87,124.0,3.89,0.0,3.89,3.14,0.0,0,0,0,0,0.0,0.0,,,,,,,0.0,14.79,14.79
2026-04-24,2432,倚天酷碁-創,TWSE,20,28.7,28.3576,1.21,1435.69,65.31,0.0,65.31,4.55,0.0,0,2,0,0,-7.0,0.0,,,,,,,0.0,14.74,14.74
2026-04-24,2642,宅配通,TWSE,20,22.3,22.9111,-2.67,1342.54,32.32,0.0,32.32,2.41,0.0,1,0,0,0,11.0,0.0,,,,,,,0.0,14.74,14.74
2026-04-24,3406,玉晶光,TWSE,20,514.0,510.5995,0.67,33465.44,4902.91,-1673.49,3229.42,14.65,-5.0,3,0,0,7,305.85,-248.0,,,,,,,0.0,14.72,14.72
2026-04-24,6230,尼得科超眾,TWSE,20,168.0,155.6496,7.93,3540.18,178.16,0.93,179.09,5.03,0.03,0,1,1,0,-9.0,1.77,,,,,,,0.0,14.68,14.68
2026-04-24,1785,光洋科,TPEX,20,146.0,108.6599,34.36,570980.0,-12132.87,193.07,-11939.8,-2.12,0.03,4,0,5,0,2074.02,26.0,,,,,,,0.0,14.66,14.66
2026-04-24,2239,英利-KY,TWSE,20,22.2,23.1796,-4.23,1686.51,106.3,0.0,106.3,6.3,0.0,0,3,0,0,-6.0,0.0,,,,,,,0.0,14.65,14.65
2026-04-24,3059,華晶科,TWSE,20,38.5,37.5133,2.63,41874.35,997.36,-2.04,995.32,2.38,-0.0,1,0,0,0,1054.0,0.0,,,,,,,0.0,14.65,14.65
2026-04-24,8409,商之器,TPEX,20,20.0,20.5959,-2.89,423.0,7.0,0.0,7.0,1.66,0.0,2,0,0,0,1.0,0.0,,,,,,,0.0,14.63,14.63
2026-04-24,9136,巨騰-DR,TWSE,20,,10.0377,,42648.92,2207.0,0.0,2207.0,5.17,0.0,0,0,0,0,0.0,0.0,,,,,,,0.0,14.49,14.49
2026-04-24,3363,上詮,TPEX,20,821.0,851.2642,-3.56,68953.0,117.24,82.11,199.34,0.17,0.12,0,1,6,0,-281.97,0.14,,,,,,,0.0,14.37,14.37
2026-04-24,1220,台榮,TWSE,20,12.45,12.5633,-0.9,2653.36,116.92,0.0,116.92,4.41,0.0,0,2,0,0,-1.0,0.0,,,,,,,0.0,14.34,14.34
2026-04-24,5469,瀚宇博,TWSE,20,91.4,91.5606,-0.18,90116.81,8041.88,-595.52,7446.36,8.92,-0.66,0,1,0,6,-383.0,-104.0,,,,,,,0.0,14.31,14.31
2026-04-24,1456,怡華,TWSE,20,13.8,14.444,-4.46,2336.66,110.46,0.0,110.46,4.73,0.0,0,1,0,0,-25.0,0.0,,,,,,,0.0,14.24,14.24
2026-04-24,6573,虹揚-KY,TWSE,20,12.85,12.9486,-0.76,4229.12,154.4,0.0,154.4,3.65,0.0,0,1,0,0,-19.0,0.0,,,,,,,0.0,14.22,14.22
2026-04-24,6584,南俊國際,TPEX,20,737.0,712.8453,3.39,16158.0,-229.94,793.28,563.34,-1.42,4.91,1,0,0,0,19.64,0.0,,,,,,,0.0,14.22,14.22
2026-04-24,7711,永擎,TWSE,20,405.0,332.8447,21.68,21192.98,378.21,45.82,424.03,1.78,0.22,8,0,1,0,13.89,45.82,,,,,,,0.0,14.21,14.21
2026-04-24,1506,正道,TWSE,20,10.9,11.0708,-1.54,3330.62,145.0,0.0,145.0,4.35,0.0,0,2,0,0,-7.0,0.0,,,,,,,0.0,14.19,14.19
2026-04-24,4933,友輝,TPEX,20,67.5,62.11,8.68,6824.0,393.76,0.0,393.76,5.77,0.0,1,0,0,0,429.76,0.0,,,,,,,0.0,14.16,14.16
2026-04-24,4534,慶騰,TPEX,20,24.35,26.3239,-7.5,24965.0,459.29,0.0,459.29,1.84,0.0,3,0,0,0,17.0,0.0,,,,,,,0.0,14.15,14.15
2026-04-24,6152,百一,TWSE,20,14.15,16.9526,-16.53,99288.74,2518.94,0.0,2518.94,2.54,0.0,2,0,0,0,629.1,0.0,,,,,,,0.0,14.1,14.1
2026-04-24,3653,健策,TWSE,20,5370.0,4303.0998,24.79,27228.83,-967.71,1116.11,148.4,-3.55,4.1,1,0,8,0,201.62,1.21,,,,,,,0.0,14.08,14.08
2026-04-24,5234,達興材料,TWSE,20,424.0,407.0051,4.18,21939.48,1427.88,-445.22,982.66,6.51,-2.03,9,0,0,3,73.96,-21.0,,,,,,,0.0,14.03,14.03
2026-04-24,2108,南帝,TWSE,20,26.6,26.4758,0.47,36173.2,1294.44,0.0,1294.44,3.58,0.0,0,1,0,0,-385.0,0.0,,,,,,,0.0,14.02,14.02
2026-04-24,6908,宏碁遊戲-創,TWSE,20,39.0,41.2327,-5.41,1283.76,23.0,0.0,23.0,1.79,0.0,3,0,0,0,1.0,0.0,,,,,,,0.0,14.02,14.02
2026-04-24,3259,鑫創,TPEX,20,17.3,17.7969,-2.79,1779.0,38.0,0.0,38.0,2.14,0.0,1,0,0,0,28.0,0.0,,,,,,,0.0,13.98,13.98
2026-04-24,4716,大立,TPEX,20,15.4,15.4062,-0.04,12007.0,427.98,0.0,427.98,3.56,0.0,0,1,0,0,-62.0,0.0,,,,,,,0.0,13.98,13.98
2026-04-24,6577,勁豐,TPEX,20,80.3,78.5237,2.26,519.0,11.0,0.0,11.0,2.12,0.0,1,0,0,0,2.0,0.0,,,,,,,0.0,13.93,13.93
2026-04-24,6835,圓裕,TWSE,20,38.85,38.591,0.67,7805.77,165.33,0.0,165.33,2.12,0.0,1,0,0,0,30.0,0.0,,,,,,,0.0,13.93,13.93
2026-04-24,8210,勤誠,TWSE,20,1210.0,969.6564,24.79,68421.6,1578.16,-1679.06,-100.89,2.31,-2.45,4,0,3,0,689.24,230.0,,,,,,,0.0,13.86,13.86
2026-04-24,1776,展宇,TWSE,20,16.05,16.3794,-2.01,1827.4,64.15,0.0,64.15,3.51,0.0,0,1,0,0,-11.0,0.0,,,,,,,0.0,13.83,13.83
2026-04-24,4754,國碳科,TPEX,20,37.3,37.3702,-0.19,367.0,12.89,0.0,12.89,3.51,0.0,0,1,0,0,-1.0,0.0,,,,,,,0.0,13.83,13.83
2026-04-24,6103,合邦,TPEX,20,,42.4208,,142.0,7.0,0.0,7.0,4.93,0.0,0,0,0,0,0.0,0.0,,,,,,,0.0,13.8,13.8
2026-04-24,2545,皇翔,TWSE,20,37.65,36.7787,2.37,6545.14,228.65,0.0,228.65,3.49,0.0,0,1,0,0,-90.54,0.0,,,,,,,0.0,13.78,13.78
2026-04-24,5432,新門,TPEX,20,147.5,139.5132,5.72,2389.0,100.0,0.0,100.0,4.19,0.0,1,0,0,0,45.0,0.0,,,,,,,0.0,13.72,13.72
2026-04-24,5443,均豪,TPEX,20,117.0,113.7749,2.83,184383.0,3229.98,444.0,3673.98,1.75,0.24,1,0,0,0,3165.0,0.0,,,,,,,0.0,13.7,13.7
2026-04-24,2301,光寶科,TWSE,20,169.5,160.2969,5.74,477640.53,79925.1,-13331.96,66593.14,16.73,-2.79,1,0,0,10,5151.91,-1434.61,,,,,,,0.0,13.68,13.68
2026-04-24,5245,智晶,TPEX,20,24.5,24.8184,-1.28,1980.0,40.0,0.0,40.0,2.02,0.0,1,0,0,0,11.0,0.0,,,,,,,0.0,13.66,13.66
2026-04-24,1599,宏佳騰,TPEX,20,25.2,25.5433,-1.34,656.0,17.9,0.0,17.9,2.73,0.0,0,0,0,0,0.0,0.0,,,,,,,0.0,13.64,13.64
2026-04-24,1310,台苯,TWSE,20,9.77,10.8577,-10.02,250279.28,5870.1,0.0,5870.1,2.35,0.0,2,0,0,0,309.0,0.0,,,,,,,0.0,13.57,13.57
2026-04-24,6890,來億-KY,TWSE,20,159.0,164.0409,-3.07,14660.68,658.85,-1.0,657.85,4.49,-0.01,0,1,0,0,-133.98,0.0,,,,,,,0.0,13.56,13.56
2026-04-24,3666,光耀,TPEX,20,24.75,24.9887,-0.96,1265.0,25.0,0.0,25.0,1.98,0.0,1,0,0,0,21.0,0.0,,,,,,,0.0,13.53,13.53
2026-04-24,2748,雲品,TWSE,20,39.6,42.3681,-6.53,4771.36,246.52,0.0,246.52,5.17,0.0,0,2,0,0,-27.0,0.0,,,,,,,0.0,13.47,13.47
2026-04-24,2230,泰茂,TPEX,20,29.0,30.566,-5.12,6038.0,181.25,0.0,181.25,3.0,0.0,1,0,0,0,35.0,0.0,,,,,,,0.0,13.4,13.4
2026-04-24,8450,霹靂,TPEX,20,16.65,17.4311,-4.48,912.0,33.8,0.0,33.8,3.71,0.0,0,0,0,0,0.0,0.0,,,,,,,0.0,13.38,13.38
2026-04-24,5314,世紀*,TPEX,20,77.3,79.2191,-2.42,109166.0,1703.94,-175.0,1528.94,1.56,-0.16,3,0,0,1,109.61,-212.0,,,,,,,0.0,13.34,13.34
2026-04-24,3624,光頡,TPEX,20,50.2,53.8993,-6.86,40788.0,915.59,0.0,915.59,2.24,0.0,2,0,0,0,19.0,0.0,,,,,,,0.0,13.29,13.29
2026-04-24,6949,沛爾生醫-創,TWSE,20,840.0,700.3854,19.93,4072.61,280.15,0.0,280.15,6.88,0.0,0,1,0,0,-20.26,0.0,,,,,,,0.0,13.26,13.26
2026-04-24,4979,華星光,TPEX,20,604.0,514.7472,17.34,150083.0,6699.07,-822.87,5876.2,4.46,-0.55,2,0,1,0,926.99,182.18,,,,,,,0.0,13.19,13.19
2026-04-24,3008,大立光,TWSE,20,2520.0,2580.1825,-2.33,32254.0,4101.07,-1225.56,2875.51,12.71,-3.8,1,0,0,13,160.32,-114.31,,,,,,,0.0,13.13,13.13
2026-04-24,6967,汎瑋材料,TPEX,20,76.0,71.9653,5.61,3171.0,126.0,0.0,126.0,3.97,0.0,1,0,0,0,93.0,0.0,,,,,,,0.0,13.13,13.13
2026-04-24,4960,誠美材,TWSE,20,39.55,28.2841,39.83,421046.17,13653.08,0.0,13653.08,3.24,0.0,4,0,0,0,65.54,0.0,,,,,,,0.0,13.08,13.08
2026-04-24,3570,大塚,TPEX,20,164.0,163.571,0.26,739.0,29.0,0.0,29.0,3.92,0.0,0,2,0,0,-5.0,0.0,,,,,,,0.0,12.99,12.99
2026-04-24,6482,弘煜科,TPEX,20,30.7,31.4873,-2.5,621.0,11.0,0.0,11.0,1.77,0.0,1,0,0,0,3.0,0.0,,,,,,,0.0,12.96,12.96
2026-04-24,1303,南亞,TWSE,20,85.9,84.166,2.06,1850870.98,123316.42,-35214.79,88101.63,6.66,-1.9,1,0,0,3,2297.13,-2602.57,,,,,,,0.0,12.88,12.88
2026-04-24,2248,華勝-KY,TWSE,20,59.9,55.1316,8.65,1982.23,77.0,0.0,77.0,3.88,0.0,3,0,0,0,5.0,0.0,,,,,,,0.0,12.88,12.88
2026-04-24,3226,龍鋒,TPEX,20,39.6,41.6992,-5.03,199.0,7.0,0.0,7.0,3.52,0.0,0,0,0,0,0.0,0.0,,,,,,,0.0,12.85,12.85
2026-04-24,2419,仲琦,TWSE,20,30.6,35.2368,-13.16,327734.09,-2234.44,252.0,-1982.44,-0.68,0.08,1,0,5,0,863.05,46.0,,,,,,,0.0,12.84,12.84
2026-04-24,2851,中再保,TWSE,20,30.05,30.4326,-1.26,43949.59,2406.46,68.0,2474.46,5.48,0.15,0,2,0,2,-68.0,-3.0,,,,,,,0.0,12.84,12.84
2026-04-24,1903,士紙,TWSE,20,49.45,49.7787,-0.66,5180.03,198.89,0.71,199.6,3.84,0.01,0,2,0,0,-17.0,0.0,,,,,,,0.0,12.8,12.8
2026-04-24,8028,昇陽半導體,TWSE,20,242.0,203.412,18.97,328249.73,18249.35,-1371.04,16878.31,5.56,-0.42,6,0,0,3,2018.73,-73.0,,,,,,,0.0,12.69,12.69
2026-04-24,6173,信昌電,TPEX,20,76.2,80.9001,-5.81,200604.0,8353.57,0.0,8353.57,4.16,0.0,0,1,0,0,-450.11,0.0,,,,,,,0.0,12.66,12.66
2026-04-24,1321,大洋,TWSE,20,31.4,32.9985,-4.84,4640.48,193.13,0.0,193.13,4.16,0.0,0,1,0,0,-33.0,0.0,,,,,,,0.0,12.65,12.65
2026-04-24,2939,永邑-KY,TWSE,20,25.2,25.3176,-0.46,342.73,8.12,0.0,8.12,2.37,0.0,0,0,0,0,0.0,0.0,,,,,,,0.0,12.64,12.64
2026-04-24,6597,立誠,TPEX,20,60.0,58.8034,2.03,380.0,9.0,0.0,9.0,2.37,0.0,0,0,0,0,0.0,0.0,,,,,,,0.0,12.63,12.63
2026-04-24,3046,建碁,TWSE,20,47.6,48.137,-1.12,2966.28,133.39,0.0,133.39,4.5,0.0,0,3,0,0,-14.0,0.0,,,,,,,0.0,12.59,12.59
2026-04-24,6116,彩晶,TWSE,20,8.33,8.6978,-4.23,449690.66,21756.66,0.0,21756.66,4.84,0.0,0,2,0,0,-1896.0,0.0,,,,,,,0.0,12.55,12.55
2026-04-24,2702,華園,TWSE,20,15.6,15.3772,1.45,9753.48,157.15,0.0,157.15,1.61,0.0,1,0,0,0,45.0,0.0,,,,,,,0.0,12.51,12.51
2026-04-24,1441,大東,TWSE,20,12.6,12.5658,0.27,3242.24,52.12,0.0,52.12,1.61,0.0,1,0,0,0,1.0,0.0,,,,,,,0.0,12.5,12.5
2026-04-24,2383,台光電,TWSE,20,4475.0,3422.5538,30.75,68411.99,-1335.39,1541.83,206.44,-1.95,2.25,1,0,5,0,262.56,273.18,,,,,,,0.0,12.47,12.47
2026-04-24,8032,光菱,TPEX,20,36.5,36.5875,-0.24,1985.0,60.0,0.0,60.0,3.02,0.0,0,1,0,0,-11.0,0.0,,,,,,,0.0,12.46,12.46
2026-04-24,2483,百容,TWSE,20,22.95,22.472,2.13,3453.28,54.54,0.0,54.54,1.58,0.0,1,0,0,0,49.0,0.0,,,,,,,0.0,12.42,12.42
2026-04-24,4908,前鼎,TPEX,20,175.5,129.875,35.13,102251.0,3042.29,0.0,3042.29,2.98,0.0,4,0,0,0,266.0,0.0,,,,,,,0.0,12.33,12.33
2026-04-24,2850,新產,TWSE,20,124.5,121.9864,2.06,5729.1,1265.35,-212.0,1053.35,22.09,-3.7,0,2,0,6,-20.23,-3.0,,,,,,,0.0,12.25,12.25
2026-04-24,6147,頎邦,TPEX,20,145.0,97.5958,48.57,776157.0,-18010.46,20567.86,2557.41,-2.32,2.65,2,0,4,0,506.27,589.4,,,,,,,0.0,12.25,12.25
2026-04-24,8171,天宇,TPEX,20,23.05,24.0757,-4.26,2412.0,62.0,0.0,62.0,2.57,0.0,1,0,0,0,19.0,0.0,,,,,,,0.0,12.2,12.2
2026-04-24,1460,宏遠,TWSE,20,6.88,6.9797,-1.43,13011.28,188.36,0.0,188.36,1.45,0.0,1,0,0,0,157.0,0.0,,,,,,,0.0,12.05,12.05
2026-04-24,2536,宏普,TWSE,20,21.85,22.3062,-2.05,6591.23,283.66,0.0,283.66,4.3,0.0,0,3,0,0,-14.0,0.0,,,,,,,0.0,12.05,12.05
2026-04-24,3178,公準,TPEX,20,71.3,67.81,5.15,8966.0,257.64,0.0,257.64,2.87,0.0,2,0,0,0,3.0,0.0,,,,,,,0.0,12.05,12.05
2026-04-24,4807,日成-KY,TWSE,20,15.9,14.9839,6.11,2535.49,72.45,0.0,72.45,2.86,0.0,2,0,0,0,5.0,0.0,,,,,,,0.0,12.0,12.0
2026-04-24,5498,凱崴,TPEX,20,71.5,71.8291,-0.46,429082.0,2932.33,0.0,2932.33,0.68,0.0,2,0,0,0,407.14,0.0,,,,,,,0.0,11.91,11.91
2026-04-24,5410,國眾,TPEX,20,32.2,31.7727,1.34,7837.0,221.0,0.0,221.0,2.82,0.0,0,1,0,0,-97.0,0.0,,,,,,,0.0,11.9,11.9
2026-04-24,8201,無敵,TWSE,20,13.35,13.2891,0.46,1820.39,38.31,0.0,38.31,2.1,0.0,0,0,0,0,0.0,0.0,,,,,,,0.0,11.89,11.89
2026-04-24,7717,萊德光電-KY,TPEX,20,721.0,824.3167,-12.53,21218.0,-225.05,470.0,244.95,-1.06,2.22,1,0,1,0,10.23,25.0,,,,,,,0.0,11.84,11.84
2026-04-24,3055,蔚華科,TWSE,20,78.9,77.0057,2.46,17994.81,503.36,0.0,503.36,2.8,0.0,0,1,0,0,-247.0,0.0,,,,,,,0.0,11.83,11.83
2026-04-24,3444,利機,TPEX,20,91.0,85.004,7.05,18923.0,929.99,0.0,929.99,4.91,0.0,0,1,0,0,-36.0,0.0,,,,,,,0.0,11.76,11.76
2026-04-24,1217,愛之味,TWSE,20,10.05,10.3027,-2.45,10592.61,368.53,0.0,368.53,3.48,0.0,0,2,0,0,-312.0,0.0,,,,,,,0.0,11.74,11.74
2026-04-24,5455,昇益,TPEX,20,25.2,25.1158,0.34,374.0,5.0,0.0,5.0,1.34,0.0,1,0,0,0,2.0,0.0,,,,,,,0.0,11.74,11.74
2026-04-24,9951,皇田,TPEX,20,54.0,54.3044,-0.56,1282.0,17.0,0.0,17.0,1.33,0.0,1,0,0,0,4.0,0.0,,,,,,,0.0,11.71,11.71
2026-04-24,3673,TPK-KY,TWSE,20,58.9,61.7608,-4.63,322616.99,12287.39,0.0,12287.39,3.81,0.0,0,1,0,0,-1042.71,0.0,,,,,,,0.0,11.66,11.66
2026-04-24,2457,飛宏,TWSE,20,24.25,24.916,-2.67,52195.76,674.95,0.0,674.95,1.29,0.0,1,0,0,0,132.0,0.0,,,,,,,0.0,11.62,11.62
2026-04-24,1324,地球,TWSE,20,10.75,11.6778,-7.95,9801.73,161.38,0.0,161.38,1.65,0.0,2,0,0,0,7.0,0.0,,,,,,,0.0,11.61,11.61
2026-04-24,6271,同欣電,TWSE,20,178.0,175.1211,1.64,179119.79,231.06,3933.57,4164.63,0.13,2.2,0,1,0,0,-844.98,0.0,,,,,,,0.0,11.61,11.61
2026-04-24,7792,安葆,TPEX,20,345.5,348.1752,-0.77,6764.0,87.03,0.0,87.03,1.29,0.0,1,0,0,0,17.0,0.0,,,,,,,0.0,11.6,11.6
2026-04-24,2484,希華,TWSE,20,40.2,38.9515,3.21,320647.19,3493.82,4.05,3497.87,1.09,0.0,3,0,1,0,1063.1,4.05,,,,,,,0.0,11.56,11.56
2026-04-24,2885,元大金,TWSE,20,49.95,48.2113,3.61,526080.62,5811.39,9477.28,15288.67,1.1,1.8,0,5,5,0,-9074.13,3145.76,,,,,,,0.0,11.54,11.54
2026-04-24,3356,奇偶,TWSE,20,51.2,51.6701,-0.91,11346.1,283.5,0.17,283.68,2.5,0.0,0,2,1,0,-42.0,0.17,,,,,,,0.0,11.5,11.5
2026-04-24,6592,和潤企業,TWSE,20,62.2,63.5354,-2.1,14675.89,741.42,-8.0,733.42,5.05,-0.05,0,3,0,1,-62.0,-2.0,,,,,,,0.0,11.47,11.47
2026-04-24,7749,意騰-KY,TWSE,20,432.5,401.1782,7.81,5317.18,271.62,-14.0,257.62,5.11,-0.26,0,1,0,0,-14.44,0.0,,,,,,,0.0,11.43,11.43
2026-04-24,1240,茂生農經,TPEX,20,59.2,59.2619,-0.1,415.0,8.0,0.0,8.0,1.93,0.0,0,0,0,0,0.0,0.0,,,,,,,0.0,11.4,11.4
2026-04-24,5475,德宏,TPEX,20,335.5,284.8208,17.79,94117.0,991.34,1839.0,2830.34,1.05,1.95,3,0,0,0,229.57,0.0,,,,,,,0.0,11.4,11.4
2026-04-24,9918,欣天然,TWSE,20,43.2,46.7999,-7.69,9111.24,142.98,0.0,142.98,1.57,0.0,2,0,0,0,23.0,0.0,,,,,,,0.0,11.39,11.39
2026-04-24,8289,泰藝,TPEX,20,44.95,46.4021,-3.13,111375.0,1735.0,0.0,1735.0,1.56,0.0,2,0,0,0,137.0,0.0,,,,,,,0.0,11.36,11.36
2026-04-24,4755,三福化,TWSE,20,161.0,156.6353,2.79,26963.94,708.03,0.0,708.03,2.63,0.0,0,1,0,0,-11.04,0.0,,,,,,,0.0,11.35,11.35
2026-04-24,1475,業旺,TWSE,20,28.05,29.0735,-3.52,914.35,40.23,0.0,40.23,4.4,0.0,0,2,0,0,-1.0,0.0,,,,,,,0.0,11.32,11.32
2026-04-24,8423,保綠-KY,TPEX,20,18.4,18.3103,0.49,375.0,7.01,0.0,7.01,1.87,0.0,0,0,0,0,0.0,0.0,,,,,,,0.0,11.23,11.23
2026-04-24,6637,醫影,TPEX,20,71.9,71.8202,0.11,615.0,7.0,0.0,7.0,1.14,0.0,1,0,0,0,3.0,0.0,,,,,,,0.0,11.19,11.19
2026-04-24,2008,高興昌,TWSE,20,27.9,27.0774,3.04,3605.43,169.64,0.0,169.64,4.71,0.0,0,1,0,0,-2.0,0.0,,,,,,,0.0,11.17,11.17
2026-04-24,5299,杰力,TPEX,20,86.4,82.8936,4.23,5144.0,58.0,0.0,58.0,1.13,0.0,4,0,0,0,81.0,0.0,,,,,,,0.0,11.16,11.16
2026-04-24,3455,由田,TPEX,20,215.0,179.8119,19.57,68798.0,2742.16,-3.29,2738.87,3.99,-0.0,2,0,0,0,11.1,0.0,,,,,,,0.0,11.14,11.14
2026-04-24,8048,德勝,TPEX,20,64.3,66.6175,-3.48,22616.0,815.73,0.0,815.73,3.61,0.0,0,1,0,0,-48.0,0.0,,,,,,,0.0,11.1,11.1
2026-04-24,6195,詩肯,TPEX,20,24.25,24.4145,-0.67,428.0,13.88,0.0,13.88,3.24,0.0,0,2,0,0,-1.0,0.0,,,,,,,0.0,11.08,11.08
2026-04-24,2007,燁興,TWSE,20,7.54,8.0439,-6.26,6663.03,334.63,0.0,334.63,5.02,0.0,0,3,0,0,-64.0,0.0,,,,,,,0.0,11.06,11.06
2026-04-24,4133,亞諾法,TWSE,20,22.25,22.6024,-1.56,1743.67,31.25,0.0,31.25,1.79,0.0,0,0,0,0,0.0,0.0,,,,,,,0.0,11.02,11.02
2026-04-24,6615,慧智,TPEX,20,33.95,33.7553,0.58,394.0,7.0,0.0,7.0,1.78,0.0,0,0,0,0,0.0,0.0,,,,,,,0.0,10.98,10.98
2026-04-24,1325,恆大,TWSE,20,25.85,27.0873,-4.57,4799.91,102.42,0.0,102.42,2.13,0.0,1,0,0,0,45.0,0.0,,,,,,,0.0,10.97,10.97
2026-04-24,2911,麗嬰房,TWSE,20,4.96,5.0154,-1.1,1687.56,29.75,0.0,29.75,1.76,0.0,0,0,0,0,0.0,0.0,,,,,,,0.0,10.94,10.94
2026-04-24,6276,安鈦克,TPEX,20,31.8,31.862,-0.19,1139.0,36.0,0.0,36.0,3.16,0.0,0,2,0,0,-9.0,0.0,,,,,,,0.0,10.85,10.85
2026-04-24,6212,理銘,TPEX,20,28.3,28.114,0.66,197.0,2.0,0.0,2.0,1.02,0.0,1,0,0,0,1.0,0.0,,,,,,,0.0,10.84,10.84
2026-04-24,3289,宜特,TPEX,20,182.5,167.8811,8.71,101316.0,3202.83,-10.0,3192.83,3.16,-0.01,3,0,0,0,20.36,0.0,,,,,,,0.0,10.82,10.82
2026-04-24,8358,金居,TPEX,20,359.5,311.046,15.58,608597.0,24424.35,155.23,24579.58,4.01,0.03,3,0,0,1,1167.78,-1466.67,,,,,,,0.0,10.82,10.82
2026-04-24,4916,事欣科,TWSE,20,65.8,65.0111,1.21,144519.06,10324.91,-349.0,9975.91,7.14,-0.24,0,1,0,8,-534.0,-49.0,,,,,,,0.0,10.71,10.71
2026-04-24,6658,聯策,TWSE,20,110.5,85.9973,28.49,51885.63,1076.8,55.0,1131.8,2.08,0.11,3,0,1,0,285.0,29.0,,,,,,,0.0,10.66,10.66
2026-04-24,4440,宜新實業,TWSE,20,17.85,17.7011,0.84,1401.31,33.17,0.0,33.17,2.37,0.0,0,1,0,0,-4.0,0.0,,,,,,,0.0,10.63,10.63
2026-04-24,6913,鴻呈,TPEX,20,134.5,125.4725,7.19,8667.0,391.0,0.0,391.0,4.51,0.0,0,1,0,0,-128.0,0.0,,,,,,,0.0,10.63,10.63
2026-04-24,1477,聚陽,TWSE,20,217.0,225.822,-3.91,41898.35,6717.2,-2900.86,3816.34,16.03,-6.92,5,0,0,11,723.04,-551.69,,,,,,,0.0,10.48,10.48
2026-04-24,6161,捷波,TPEX,20,41.5,41.0506,1.09,1709.0,15.05,0.0,15.05,0.88,0.0,1,0,0,0,3.0,0.0,,,,,,,0.0,10.47,10.47
2026-04-24,2425,承啟,TWSE,20,29.6,29.8807,-0.94,9032.95,79.48,0.0,79.48,0.88,0.0,1,0,0,0,30.0,0.0,,,,,,,0.0,10.46,10.46
2026-04-24,8477,創業家,TPEX,20,13.95,13.5819,2.71,808.0,7.0,0.0,7.0,0.87,0.0,1,0,0,0,2.0,0.0,,,,,,,0.0,10.43,10.43
2026-04-24,7765,中華資安,TWSE,20,221.5,229.388,-3.44,1722.98,57.01,-7.04,49.97,3.31,-0.41,1,0,0,1,7.0,-1.9,,,,,,,0.0,10.42,10.42
2026-04-24,1805,寶徠,TWSE,20,10.55,10.6435,-0.88,2276.34,19.62,0.0,19.62,0.86,0.0,1,0,0,0,12.0,0.0,,,,,,,0.0,10.41,10.41
2026-04-24,1440,南紡,TWSE,20,12.75,13.1695,-3.19,35611.49,1441.62,6.0,1447.62,4.05,0.02,0,2,0,0,-707.0,0.0,,,,,,,0.0,10.39,10.39
2026-04-24,6885,全福生技,TWSE,20,22.9,23.8564,-4.01,5642.28,108.02,0.0,108.02,1.91,0.0,1,0,0,0,109.02,0.0,,,,,,,0.0,10.36,10.36
2026-04-24,2317,鴻海,TWSE,20,221.5,207.7998,6.59,1260124.34,71142.24,-3751.32,67390.92,5.65,-0.3,0,1,0,1,-4276.75,-487.69,,,,,,,0.0,10.33,10.33
2026-04-24,6944,兆聯實業,TWSE,20,986.0,889.7237,10.82,24099.61,261.16,240.33,501.5,1.08,1.0,4,0,0,0,12.39,0.0,,,,,,,0.0,10.33,10.33
2026-04-24,4721,美琪瑪,TPEX,20,82.8,86.1307,-3.87,46902.0,888.99,0.0,888.99,1.9,0.0,1,0,0,0,58.0,0.0,,,,,,,0.0,10.31,10.31
2026-04-24,8074,鉅橡,TPEX,20,75.5,73.5935,2.59,163831.0,3674.27,0.0,3674.27,2.24,0.0,0,1,0,0,-297.2,0.0,,,,,,,0.0,10.28,10.28
2026-04-24,5604,中連,TPEX,20,33.6,34.4001,-2.33,357.0,8.0,0.0,8.0,2.24,0.0,0,1,0,0,-7.0,0.0,,,,,,,0.0,10.27,10.27
2026-04-24,3591,艾笛森,TWSE,20,23.15,23.7636,-2.58,123331.44,2750.86,0.0,2750.86,2.23,0.0,0,1,0,0,-105.0,0.0,,,,,,,0.0,10.25,10.25
2026-04-24,6909,創控,TWSE,20,58.6,58.1177,0.83,84347.4,68.7,0.0,68.7,0.08,0.0,2,0,0,0,77.0,0.0,,,,,,,0.0,10.23,10.23
2026-04-24,3558,神準,TPEX,20,112.0,112.6401,-0.57,3615.0,131.56,0.0,131.56,3.64,0.0,0,3,0,0,-24.0,0.0,,,,,,,0.0,10.19,10.19
2026-04-24,2756,聯發國際,TPEX,20,67.1,69.9789,-4.11,702.0,18.0,0.0,18.0,2.56,0.0,0,0,0,0,0.0,0.0,,,,,,,0.0,10.18,10.18
2026-04-24,9949,琉園,TPEX,20,33.05,33.1915,-0.43,5243.0,40.0,0.0,40.0,0.76,0.0,1,0,0,0,1.0,0.0,,,,,,,0.0,10.14,10.14
2026-04-24,1410,南染,TWSE,20,30.5,31.359,-2.74,1754.83,38.32,0.0,38.32,2.18,0.0,0,1,0,0,-11.0,0.0,,,,,,,0.0,10.11,10.11
2026-04-24,7718,友鋮,TPEX,20,47.0,48.1913,-2.47,681.0,10.0,0.0,10.0,1.47,0.0,0,0,0,0,0.0,0.0,,,,,,,0.0,10.11,10.11
2026-04-24,2390,云辰,TWSE,20,9.94,10.1769,-2.33,9705.6,71.77,0.0,71.77,0.74,0.0,1,0,0,0,6.0,0.0,,,,,,,0.0,10.07,10.07
2026-04-24,8933,愛地雅,TPEX,20,6.13,6.7046,-8.57,9663.0,174.97,0.0,174.97,1.81,0.0,1,0,0,0,6.0,0.0,,,,,,,0.0,10.07,10.07
2026-04-24,6794,向榮生技,TWSE,20,80.8,81.3233,-0.64,657.38,18.92,0.0,18.92,2.88,0.0,0,2,0,0,-5.08,0.0,,,,,,,0.0,10.06,10.06
2026-04-24,7715,裕山,TPEX,20,28.5,28.9058,-1.4,601.0,13.0,0.0,13.0,2.16,0.0,0,1,0,0,-2.0,0.0,,,,,,,0.0,10.06,10.06
2026-04-24,2069,運錩,TWSE,20,18.8,18.7233,0.41,5074.89,180.53,0.0,180.53,3.56,0.0,0,3,0,0,-36.0,0.0,,,,,,,0.0,9.96,9.96
2026-04-24,3354,律勝,TPEX,20,27.25,29.45,-7.47,21802.0,696.97,0.0,696.97,3.2,0.0,0,1,0,0,-117.0,0.0,,,,,,,0.0,9.95,9.95
2026-04-24,3592,瑞鼎,TWSE,20,240.0,234.3647,2.4,14562.91,364.51,19.38,383.9,2.5,0.13,0,3,1,0,-108.92,6.17,,,,,,,0.0,9.95,9.95
2026-04-24,6799,來頡,TWSE,20,92.7,85.4376,8.5,6525.82,91.98,0.0,91.98,1.41,0.0,8,0,0,0,69.77,0.0,,,,,,,0.0,9.95,9.95
2026-04-24,6153,嘉聯益,TWSE,20,18.55,18.5175,0.18,158188.78,3472.57,-100.0,3372.57,2.2,-0.06,0,1,0,0,-1026.0,0.0,,,,,,,0.0,9.94,9.94
2026-04-24,4714,永捷,TPEX,20,15.2,15.6529,-2.89,39129.0,824.95,0.0,824.95,2.11,0.0,0,1,0,0,-393.0,0.0,,,,,,,0.0,9.9,9.9
2026-04-24,6804,明係,TPEX,20,16.05,16.6316,-3.5,632.0,2.0,0.0,2.0,0.32,0.0,3,0,0,0,1.0,0.0,,,,,,,0.0,9.89,9.89
2026-04-24,8462,柏文,TWSE,20,143.5,141.7533,1.23,2308.7,87.51,-2.0,85.51,3.79,-0.09,0,2,0,1,-5.0,-1.0,,,,,,,0.0,9.83,9.83
2026-04-24,4905,台聯電,TPEX,20,85.8,89.4029,-4.03,2161.0,37.03,0.0,37.03,1.71,0.0,1,0,0,0,2.0,0.0,,,,,,,0.0,9.8,9.8
2026-04-24,6831,邁科,TWSE,20,490.0,447.0069,9.62,35135.52,2494.74,43.27,2538.02,7.1,0.12,0,2,0,1,-315.55,-159.75,,,,,,,0.0,9.79,9.79
2026-04-24,3376,新日興,TWSE,20,213.0,209.2458,1.79,136856.49,1443.69,1173.71,2617.4,1.05,0.86,0,1,0,0,-2672.98,0.0,,,,,,,0.0,9.78,9.78
2026-04-24,3229,晟鈦,TWSE,20,37.2,31.7107,17.31,14408.96,398.0,0.0,398.0,2.76,0.0,3,0,0,0,60.0,0.0,,,,,,,0.0,9.73,9.73
2026-04-24,2904,匯僑,TWSE,20,16.25,16.625,-2.26,1082.36,37.38,0.0,37.38,3.45,0.0,0,3,0,0,-3.0,0.0,,,,,,,0.0,9.67,9.67
2026-04-24,6123,上奇,TPEX,20,42.65,42.565,0.2,1778.0,48.56,0.0,48.56,2.73,0.0,0,2,0,0,-5.0,0.0,,,,,,,0.0,9.65,9.65
2026-04-24,6148,驊宏資,TPEX,20,31.2,33.2479,-6.16,4864.0,185.0,0.0,185.0,3.8,0.0,0,2,0,0,-16.0,0.0,,,,,,,0.0,9.65,9.65
2026-04-24,3709,鑫聯大投控,TPEX,20,80.7,74.1057,8.9,81420.0,4548.35,0.0,4548.35,5.59,0.0,0,1,0,0,-925.0,0.0,,,,,,,0.0,9.64,9.64
2026-04-24,1538,正峰,TWSE,20,13.3,12.7879,4.0,668.47,23.0,0.0,23.0,3.44,0.0,0,0,0,0,0.0,0.0,,,,,,,0.0,9.63,9.63
2026-04-24,1570,力肯,TPEX,20,37.3,37.8973,-1.58,13254.0,76.58,0.0,76.58,0.58,0.0,1,0,0,0,37.0,0.0,,,,,,,0.0,9.62,9.62
2026-04-24,3317,尼克森,TPEX,20,55.2,52.4382,5.27,45030.0,1222.13,0.0,1222.13,2.71,0.0,1,0,0,0,449.95,0.0,,,,,,,0.0,9.6,9.6
2026-04-24,6612,奈米醫材,TPEX,20,68.1,69.3423,-1.79,395.0,2.26,0.0,2.26,0.57,0.0,1,0,0,0,1.0,0.0,,,,,,,0.0,9.6,9.6
2026-04-24,1802,台玻,TWSE,20,65.0,66.912,-2.86,2930434.1,58041.54,148.0,58189.54,1.98,0.01,0,1,0,0,-18407.42,0.0,,,,,,,0.0,9.56,9.56
2026-04-24,9939,宏全,TWSE,20,112.5,113.9397,-1.26,30418.02,3485.96,-656.0,2829.96,11.46,-2.16,0,3,0,6,-57.94,-108.0,,,,,,,0.0,9.55,9.55
2026-04-24,6589,台康生技,TWSE,20,45.6,50.938,-10.48,18601.46,300.66,0.0,300.66,1.62,0.0,1,0,0,0,405.53,0.0,,,,,,,0.0,9.53,9.53
2026-04-24,6292,迅德,TPEX,20,45.45,47.9472,-5.21,5084.0,189.97,0.0,189.97,3.74,0.0,0,2,0,0,-22.0,0.0,,,,,,,0.0,9.46,9.46
2026-04-24,6510,精測,TPEX,20,3630.0,3600.505,0.82,17376.0,278.7,103.02,381.72,1.6,0.59,1,0,0,2,29.09,-10.97,,,,,,,0.0,9.45,9.45
2026-04-24,2801,彰銀,TWSE,20,21.05,21.0192,0.15,321220.14,51906.72,-12637.68,39269.04,16.16,-3.93,0,2,0,9,-2485.13,-24.63,,,,,,,0.0,9.44,9.44
2026-04-24,4543,萬在,TPEX,20,37.6,36.1784,3.93,23307.0,285.49,0.0,285.49,1.22,0.0,3,0,0,0,18.0,0.0,,,,,,,0.0,9.43,9.43
2026-04-24,6171,大城地產,TPEX,20,25.6,26.3319,-2.78,797.0,4.0,0.0,4.0,0.5,0.0,1,0,0,0,1.0,0.0,,,,,,,0.0,9.41,9.41
2026-04-24,6125,廣運,TPEX,20,54.3,55.2854,-1.78,27119.0,135.66,0.0,135.66,0.5,0.0,1,0,0,0,111.0,0.0,,,,,,,0.0,9.4,9.4
2026-04-24,3581,博磊,TPEX,20,163.5,97.6752,67.39,28443.0,1156.03,0.0,1156.03,4.06,0.0,1,0,0,0,372.0,0.0,,,,,,,0.0,9.38,9.38
2026-04-24,4527,方土霖,TPEX,20,42.5,43.036,-1.25,609.0,16.0,0.0,16.0,2.63,0.0,0,2,0,0,-5.0,0.0,,,,,,,0.0,9.36,9.36
2026-04-24,3450,聯鈞,TWSE,20,318.0,322.2328,-1.31,407194.51,13525.68,1272.51,14798.19,3.32,0.31,0,1,0,2,-1227.6,-1136.0,,,,,,,0.0,9.33,9.33
2026-04-24,2434,統懋,TWSE,20,30.5,29.6106,3.0,373.49,15.09,0.0,15.09,4.04,0.0,0,1,0,0,-3.0,0.0,,,,,,,0.0,9.31,9.31
2026-04-24,3043,科風,TWSE,20,22.8,20.7412,9.93,2686.91,166.1,0.0,166.1,6.18,0.0,0,2,0,0,-3.0,0.0,,,,,,,0.0,9.31,9.31
2026-04-24,6144,得利影,TPEX,20,15.8,16.1191,-1.98,341.0,4.0,0.0,4.0,1.17,0.0,0,0,0,0,0.0,0.0,,,,,,,0.0,9.28,9.28
2026-04-24,3551,世禾,TPEX,20,209.5,200.2219,4.63,37471.0,-129.17,-146.0,-275.17,-0.34,-0.39,2,0,3,0,360.0,20.0,,,,,,,0.0,9.25,9.25
2026-04-24,1457,宜進,TWSE,20,14.65,15.1265,-3.15,4262.05,155.66,0.0,155.66,3.65,0.0,0,2,0,0,-3.0,0.0,,,,,,,0.0,9.23,9.23
2026-04-24,6754,匯僑設計,TWSE,20,46.75,46.2669,1.04,437.64,29.33,-4.03,25.3,6.7,-0.92,0,0,0,13,0.0,-0.21,,,,,,,0.0,9.23,9.23
2026-04-24,3114,好德,TPEX,20,26.45,26.4716,-0.08,2251.0,42.0,0.0,42.0,1.87,0.0,0,1,0,0,-2.0,0.0,,,,,,,0.0,9.22,9.22
2026-04-24,3118,進階,TPEX,20,33.55,33.5267,0.07,485.0,9.0,0.0,9.0,1.86,0.0,0,1,0,0,-1.0,0.0,,,,,,,0.0,9.2,9.2
2026-04-24,6028,公勝保經,TPEX,20,79.0,86.104,-8.25,2445.66,89.0,0.0,89.0,3.64,0.0,0,2,0,0,-1.0,0.0,,,,,,,0.0,9.19,9.19
2026-04-24,4430,耀億,TPEX,20,17.75,17.5814,0.96,447.0,1.89,0.0,1.89,0.42,0.0,1,0,0,0,2.0,0.0,,,,,,,0.0,9.18,9.18
2026-04-24,4549,桓達,TPEX,20,101.0,99.1899,1.82,5439.0,21.05,0.0,21.05,0.39,0.0,1,0,0,0,3.0,0.0,,,,,,,0.0,9.08,9.08
2026-04-24,5871,中租-KY,TWSE,20,121.5,114.1917,6.4,185027.91,59448.65,-15134.07,44314.59,32.13,-8.18,10,0,0,13,7065.16,-2542.07,,,,,,,0.0,9.05,9.05
2026-04-24,6693,廣閎科,TPEX,20,145.0,136.3927,6.31,30201.0,548.24,180.0,728.24,1.82,0.6,1,0,0,0,34.0,0.0,,,,,,,0.0,9.05,9.05
2026-04-24,3491,昇達科,TPEX,20,1570.0,1655.5622,-5.17,45318.0,-63.28,264.53,201.26,-0.14,0.58,1,0,1,0,473.69,4.0,,,,,,,0.0,9.04,9.04
2026-04-24,3038,全台,TWSE,20,22.75,22.5981,0.67,10609.14,415.78,274.62,690.4,3.92,2.59,0,2,0,6,-140.0,-1.44,,,,,,,0.0,9.02,9.02
2026-04-24,6227,茂綸,TPEX,20,89.5,92.6016,-3.35,16408.0,235.8,0.0,235.8,1.44,0.0,1,0,0,0,2.0,0.0,,,,,,,0.0,9.02,9.02
2026-04-24,6515,穎崴,TWSE,20,10060.0,9110.8858,10.42,6462.81,116.95,86.34,203.28,1.81,1.34,3,0,0,1,44.78,-61.27,,,,,,,0.0,8.98,8.98
2026-04-24,6840,東研信超,TPEX,20,71.2,68.9566,3.25,3951.0,155.0,0.0,155.0,3.92,0.0,0,1,0,0,-10.0,0.0,,,,,,,0.0,8.98,8.98
2026-04-24,1313,聯成,TWSE,20,11.55,12.6882,-8.97,192523.07,2723.97,0.0,2723.97,1.41,0.0,1,0,0,0,125.0,0.0,,,,,,,0.0,8.96,8.96
2026-04-24,2937,集雅社,TPEX,20,43.8,46.0838,-4.96,188.0,4.0,0.0,4.0,2.13,0.0,0,0,0,0,0.0,0.0,,,,,,,0.0,8.96,8.96
2026-04-24,6683,雍智科技,TPEX,20,1825.0,1518.855,20.16,24219.0,-827.98,1617.0,789.02,-3.42,6.68,0,1,1,0,-28.7,7.0,,,,,,,0.0,8.96,8.96
2026-04-24,1788,杏昌,TPEX,20,136.0,136.1804,-0.13,474.0,5.0,0.0,5.0,1.05,0.0,0,0,0,0,0.0,0.0,,,,,,,0.0,8.95,8.95
2026-04-24,8255,朋程,TPEX,20,129.5,128.5457,0.74,10274.0,181.48,0.0,181.48,1.77,0.0,0,1,0,0,-74.0,0.0,,,,,,,0.0,8.95,8.95
2026-04-24,3550,聯穎,TWSE,20,18.95,19.6652,-3.64,66541.47,1884.81,0.0,1884.81,2.83,0.0,0,1,0,0,-139.46,0.0,,,,,,,0.0,8.93,8.93
2026-04-24,6233,旺玖,TPEX,20,28.75,27.115,6.03,13968.0,345.0,0.0,345.0,2.47,0.0,1,0,0,0,173.0,0.0,,,,,,,0.0,8.92,8.92
2026-04-24,2063,世鎧,TPEX,20,25.8,26.8627,-3.96,432.0,6.0,0.0,6.0,1.39,0.0,1,0,0,0,4.0,0.0,,,,,,,0.0,8.89,8.89
2026-04-24,8272,全景軟體,TPEX,20,70.6,71.218,-0.87,388.0,4.0,0.0,4.0,1.03,0.0,0,0,0,0,0.0,0.0,,,,,,,0.0,8.89,8.89
2026-04-24,6284,佳邦,TPEX,20,79.1,85.7261,-7.73,35173.0,1494.02,-1.0,1493.02,4.25,-0.0,0,3,0,0,-387.0,0.0,,,,,,,0.0,8.88,8.88
2026-04-24,2630,亞航,TWSE,20,50.3,49.0861,2.47,26581.31,453.15,0.0,453.15,1.7,0.0,0,1,0,0,-59.0,0.0,,,,,,,0.0,8.77,8.77
2026-04-24,5324,士開,TPEX,20,11.1,11.8288,-6.16,6413.0,269.0,0.0,269.0,4.19,0.0,0,3,0,0,-15.0,0.0,,,,,,,0.0,8.74,8.74
2026-04-24,6642,富致,TPEX,20,56.9,56.2482,1.16,2953.0,50.0,0.0,50.0,1.69,0.0,0,1,0,0,-38.0,0.0,,,,,,,0.0,8.74,8.74
2026-04-24,7584,樂意,TPEX,20,32.4,32.6195,-0.67,775.0,13.0,0.0,13.0,1.68,0.0,0,1,0,0,-4.0,0.0,,,,,,,0.0,8.7,8.7
2026-04-24,8466,美吉吉-KY,TWSE,20,17.05,17.6883,-3.61,1884.17,65.27,0.0,65.27,3.46,0.0,0,2,0,0,-5.0,0.0,,,,,,,0.0,8.7,8.7
2026-04-24,3707,漢磊,TPEX,20,55.7,56.7192,-1.8,117110.0,1952.92,0.0,1952.92,1.67,0.0,0,1,0,0,-1205.09,0.0,,,,,,,0.0,8.67,8.67
2026-04-24,8442,威宏-KY,TWSE,20,49.95,51.7075,-3.4,979.39,29.06,4.0,33.06,2.97,0.41,0,2,0,0,-21.0,0.0,,,,,,,0.0,8.66,8.66
2026-04-24,2330,台積電,TWSE,20,2185.0,1960.8307,11.43,803964.93,11460.45,-864.08,10596.37,1.43,-0.11,2,0,2,0,8305.59,1168.16,,,,,,,0.0,8.64,8.64
2026-04-24,7770,君曜,TPEX,20,50.0,50.0541,-0.11,803.0,-4.0,0.0,-4.0,-0.5,0.0,5,0,0,0,6.0,0.0,,,,,,,0.0,8.61,8.61
2026-04-24,4977,眾達-KY,TWSE,20,215.5,212.9343,1.2,257114.42,-2145.61,332.0,-1813.62,-0.83,0.13,0,1,5,0,-836.76,122.0,,,,,,,0.0,8.59,8.59
2026-04-24,3652,精聯,TWSE,20,29.4,28.2229,4.17,1098.78,49.38,0.0,49.38,4.49,0.0,0,2,0,0,-3.0,0.0,,,,,,,0.0,8.58,8.58
2026-04-24,4120,友華,TPEX,20,46.75,47.1459,-0.84,480.0,0.95,0.0,0.95,0.2,0.0,1,0,0,0,2.0,0.0,,,,,,,0.0,8.55,8.55
2026-04-24,2941,米斯特,TPEX,20,31.5,34.9285,-9.82,202.0,4.0,0.0,4.0,1.98,0.0,0,0,0,0,0.0,0.0,,,,,,,0.0,8.54,8.54
2026-04-24,4402,郡都開發,TPEX,20,15.0,16.2777,-7.85,1113.0,22.0,0.0,22.0,1.98,0.0,0,0,0,0,0.0,0.0,,,,,,,0.0,8.53,8.53
2026-04-24,6506,雙邦,TPEX,20,17.5,17.4289,0.41,4755.0,43.0,0.0,43.0,0.9,0.0,0,0,0,0,0.0,0.0,,,,,,,0.0,8.53,8.53
2026-04-24,4116,明基醫,TPEX,20,39.7,40.0327,-0.83,562.0,1.0,0.0,1.0,0.18,0.0,1,0,0,0,5.0,0.0,,,,,,,0.0,8.5,8.5
2026-04-24,4560,強信-KY,TWSE,20,35.3,33.2927,6.03,5985.04,53.08,0.0,53.08,0.89,0.0,3,0,0,0,26.0,0.0,,,,,,,0.0,8.48,8.48
2026-04-24,2328,廣宇,TWSE,20,44.4,45.3456,-2.09,61459.37,1856.69,-2.25,1854.44,3.02,-0.0,0,3,0,0,-699.92,0.0,,,,,,,0.0,8.45,8.45
2026-04-24,3048,益登,TWSE,20,37.5,38.5386,-2.69,66493.34,1514.8,-0.04,1514.76,2.28,-0.0,0,2,0,0,-263.18,0.0,,,,,,,0.0,8.38,8.38
2026-04-24,6873,泓德能源,TWSE,20,87.2,86.7606,0.51,15862.48,472.88,0.0,472.88,2.98,0.0,0,3,0,0,-365.87,0.0,,,,,,,0.0,8.35,8.35
2026-04-24,6899,創為精密,TPEX,20,53.6,54.592,-1.82,808.0,1.0,0.0,1.0,0.12,0.0,1,0,0,0,1.0,0.0,,,,,,,0.0,8.35,8.35
2026-04-24,3380,明泰,TWSE,20,34.9,39.1555,-10.87,192104.38,2279.79,2.0,2281.79,1.19,0.0,1,0,0,0,1297.0,0.0,,,,,,,0.0,8.33,8.33
2026-04-24,5450,南良,TPEX,20,13.7,14.1818,-3.4,844.0,10.0,0.0,10.0,1.18,0.0,1,0,0,0,4.0,0.0,,,,,,,0.0,8.32,8.32
2026-04-24,2038,海光,TWSE,20,14.1,15.444,-8.7,10457.57,496.97,0.0,496.97,4.75,0.0,0,4,0,0,-82.0,0.0,,,,,,,0.0,8.31,8.31
2026-04-24,1735,日勝化,TWSE,20,28.1,28.6464,-1.91,41061.02,94.24,80.0,174.24,0.23,0.19,0,2,2,0,-162.0,15.0,,,,,,,0.0,8.29,8.29
2026-04-24,3122,笙泉,TPEX,20,33.0,29.4796,11.94,5550.0,164.03,0.0,164.03,2.96,0.0,2,0,0,0,2.0,0.0,,,,,,,0.0,8.28,8.28
2026-04-24,7721,微程式,TWSE,20,72.3,80.2871,-9.95,29309.31,761.99,0.0,761.99,2.6,0.0,0,1,0,0,-57.25,0.0,,,,,,,0.0,8.28,8.28
2026-04-24,6405,悅城,TWSE,20,36.15,36.2971,-0.41,33381.55,32.16,0.0,32.16,0.1,0.0,1,0,0,0,122.0,0.0,,,,,,,0.0,8.27,8.27
2026-04-24,5603,陸海,TPEX,20,16.45,16.7364,-1.71,1343.0,1.06,0.0,1.06,0.08,0.0,1,0,0,0,5.19,0.0,,,,,,,0.0,8.22,8.22
2026-04-24,3305,昇貿,TWSE,20,105.0,114.8949,-8.61,106791.05,3514.53,0.0,3514.53,3.29,0.0,0,2,0,0,-302.38,0.0,,,,,,,0.0,8.21,8.21
2026-04-24,6111,光聚晶電,TPEX,20,47.8,45.8117,4.34,10770.0,391.9,0.0,391.9,3.64,0.0,0,1,0,0,-152.0,0.0,,,,,,,0.0,8.19,8.19
2026-04-24,6134,萬旭,TPEX,20,31.15,31.5421,-1.24,24223.0,534.32,0.0,534.32,2.21,0.0,0,2,0,0,-310.9,0.0,,,,,,,0.0,8.18,8.18
2026-04-24,4198,欣大健康,TPEX,20,38.4,38.9149,-1.32,131.0,1.0,0.0,1.0,0.76,0.0,0,0,0,0,0.0,0.0,,,,,,,0.0,8.14,8.14
2026-04-24,4958,臻鼎-KY,TWSE,20,347.5,275.8491,25.97,917335.91,-30351.83,7992.76,-22359.07,-3.31,0.87,1,0,5,0,888.94,820.52,,,,,,,0.0,8.11,8.11
2026-04-24,6903,巨漢,TPEX,20,384.0,357.9767,7.27,30419.0,89.05,-65.0,24.05,0.29,-0.21,4,0,0,0,3.0,0.0,,,,,,,0.0,8.11,8.11
2026-04-24,6906,現觀科,TWSE,20,66.3,67.5901,-1.91,1376.53,30.0,0.0,30.0,2.18,0.0,0,2,0,0,-1.0,0.0,,,,,,,0.0,8.1,8.1
2026-04-24,1710,東聯,TWSE,20,13.35,14.4327,-7.5,198785.14,5674.75,-591.0,5083.75,2.85,-0.3,0,1,0,0,-13.4,0.0,,,,,,,0.0,8.01,8.01
2026-04-24,3373,熱映,TPEX,20,16.9,17.0562,-0.92,1267.0,27.2,0.0,27.2,2.15,0.0,0,2,0,0,-1.0,0.0,,,,,,,0.0,8.01,8.01
2026-04-24,1586,和勤,TPEX,20,22.3,22.6419,-1.51,6045.0,129.05,0.0,129.05,2.13,0.0,0,2,0,0,-48.0,0.0,,,,,,,0.0,7.98,7.98
2026-04-24,6830,汎銓,TWSE,20,723.0,548.2067,31.88,41921.5,416.68,150.0,566.68,0.99,0.36,4,0,0,0,12.09,0.0,,,,,,,0.0,7.96,7.96
2026-04-24,2444,兆勁,TWSE,20,13.7,13.3191,2.86,14827.84,209.25,0.0,209.25,1.41,0.0,0,1,0,0,-244.0,0.0,,,,,,,0.0,7.95,7.95
2026-04-24,3694,海華,TWSE,20,59.8,59.5723,0.38,20997.97,652.87,-49.0,603.87,3.11,-0.23,0,3,0,0,-77.0,0.0,,,,,,,0.0,7.94,7.94
2026-04-24,2540,愛山林,TWSE,20,58.5,53.845,8.65,24683.89,1754.41,0.0,1754.41,7.11,0.0,0,4,0,0,-537.93,0.0,,,,,,,0.0,7.9,7.9
2026-04-24,5272,笙科,TPEX,20,25.4,25.2312,0.67,15889.0,221.0,0.0,221.0,1.39,0.0,0,1,0,0,-34.0,0.0,,,,,,,0.0,7.89,7.89
2026-04-24,2364,倫飛,TWSE,20,63.7,64.4306,-1.13,4249.3,89.16,0.0,89.16,2.1,0.0,0,2,0,0,-73.0,0.0,,,,,,,0.0,7.88,7.88
2026-04-24,3556,禾瑞亞,TPEX,20,54.0,52.5685,2.72,14501.0,200.95,0.0,200.95,1.39,0.0,0,1,0,0,-134.0,0.0,,,,,,,0.0,7.88,7.88
2026-04-24,7714,創泓科技,TPEX,20,129.0,132.2357,-2.45,1710.0,23.7,0.0,23.7,1.39,0.0,0,1,0,0,-17.0,0.0,,,,,,,0.0,7.88,7.88
2026-04-24,3167,大量,TWSE,20,702.0,470.3376,49.25,58250.67,1310.62,2119.0,3429.62,2.25,3.64,3,0,0,6,692.01,-128.0,,,,,,,0.0,7.8,7.8
2026-04-24,3374,精材,TPEX,20,198.5,184.0579,7.85,147973.0,3498.12,-1041.39,2456.73,2.36,-0.7,3,0,0,1,2401.57,-418.77,,,,,,,0.0,7.8,7.8
2026-04-24,4906,正文,TWSE,20,34.25,38.7018,-11.5,1222894.82,-38522.21,420.22,-38101.99,-3.15,0.03,2,0,5,0,803.0,134.92,,,,,,,0.0,7.79,7.79
2026-04-24,6474,華豫寧,TPEX,20,36.55,36.5904,-0.11,628.0,3.98,0.0,3.98,0.63,0.0,0,0,0,0,0.0,0.0,,,,,,,0.0,7.77,7.77
2026-04-24,6887,寶綠特-KY,TWSE,20,38.1,46.8485,-18.67,2265.79,71.0,0.0,71.0,3.13,0.0,0,2,0,0,-1.0,0.0,,,,,,,0.0,7.77,7.77
2026-04-24,1590,亞德客-KY,TWSE,20,1360.0,1199.2275,13.41,26665.21,247.21,295.09,542.3,0.93,1.11,0,1,3,0,-99.39,100.0,,,,,,,0.0,7.75,7.75
2026-04-24,1467,南緯,TWSE,20,7.56,7.5445,0.21,10497.93,139.18,0.0,139.18,1.33,0.0,0,1,0,0,-298.0,0.0,,,,,,,0.0,7.71,7.71
2026-04-24,2719,燦星旅,TPEX,20,28.35,30.191,-6.1,840.0,20.0,0.0,20.0,2.38,0.0,0,1,0,0,-1.0,0.0,,,,,,,0.0,7.67,7.67
2026-04-24,6667,信紘科,TPEX,20,267.0,275.7645,-3.18,20435.0,486.12,0.0,486.12,2.38,0.0,0,1,0,0,-275.0,0.0,,,,,,,0.0,7.66,7.66
2026-04-24,6504,南六,TWSE,20,40.0,41.278,-3.1,1081.86,40.36,-6.0,34.36,3.73,-0.55,0,2,0,0,-3.0,0.0,,,,,,,0.0,7.62,7.62
2026-04-24,1813,寶利徠,TPEX,20,12.5,12.995,-3.81,685.0,21.02,0.0,21.02,3.07,0.0,0,2,0,0,-3.9,0.0,,,,,,,0.0,7.59,7.59
2026-04-24,6241,易通展,TPEX,20,10.5,10.5888,-0.84,1945.0,11.0,0.0,11.0,0.57,0.0,0,0,0,0,0.0,0.0,,,,,,,0.0,7.58,7.58
2026-04-24,9908,大台北,TWSE,20,29.5,29.8058,-1.03,10219.96,130.56,0.0,130.56,1.28,0.0,0,1,0,0,-76.0,0.0,,,,,,,0.0,7.58,7.58
2026-04-24,1259,安心,TPEX,20,59.3,59.3561,-0.09,187.0,1.01,0.0,1.01,0.54,0.0,0,0,0,0,0.0,0.0,,,,,,,0.0,7.51,7.51
2026-04-24,6272,驊陞,TWSE,20,32.0,32.007,-0.02,6500.6,80.54,0.0,80.54,1.24,0.0,0,1,0,0,-42.0,0.0,,,,,,,0.0,7.47,7.47
2026-04-24,2601,益航,TWSE,20,5.4,5.7442,-5.99,27927.43,641.89,0.0,641.89,2.3,0.0,0,1,0,0,-123.62,0.0,,,,,,,0.0,7.44,7.44
2026-04-24,9941,裕融,TWSE,20,78.0,77.2979,0.91,32198.17,6981.34,-3385.95,3595.39,21.68,-10.52,10,0,0,6,88.7,-1.0,,,,,,,0.0,7.43,7.43
2026-04-24,7780,大研生醫*,TWSE,20,18.85,21.1202,-10.75,90373.66,772.95,0.0,772.95,0.86,0.0,1,0,0,0,50.0,0.0,,,,,,,0.0,7.39,7.39
2026-04-24,2426,鼎元,TWSE,20,47.7,44.7822,6.52,289705.1,-2709.92,0.0,-2709.92,-0.94,0.0,8,0,0,0,585.0,0.0,,,,,,,0.0,7.38,7.38
2026-04-24,3632,研勤,TPEX,20,8.93,9.0828,-1.68,372.0,1.81,0.0,1.81,0.49,0.0,0,0,0,0,0.0,0.0,,,,,,,0.0,7.37,7.37
2026-04-24,7704,明遠精密,TPEX,20,61.4,58.571,4.83,5269.0,-12.0,0.0,-12.0,-0.23,0.0,4,0,0,0,18.0,0.0,,,,,,,0.0,7.36,7.36
2026-04-24,3062,建漢,TWSE,20,25.8,30.3518,-15.0,553474.01,4642.28,0.96,4643.25,0.84,0.0,1,0,0,0,2247.25,0.0,,,,,,,0.0,7.35,7.35
2026-04-24,2912,統一超,TWSE,20,228.0,229.7943,-0.78,54758.14,7286.59,-2129.14,5157.45,13.31,-3.89,0,2,0,9,-1728.96,-1.91,,,,,,,0.0,7.31,7.31
2026-04-24,4764,雙鍵,TWSE,20,199.0,162.8069,22.23,61533.92,4908.89,-100.0,4808.89,7.98,-0.16,1,0,0,7,3.5,-14.0,,,,,,,0.0,7.3,7.3
2026-04-24,1537,廣隆,TWSE,20,122.5,123.9433,-1.16,1235.65,24.5,-1.0,23.5,1.98,-0.08,0,2,0,0,-21.96,0.0,,,,,,,0.0,7.29,7.29
2026-04-24,3522,御嵿,TPEX,20,12.7,12.8426,-1.11,2347.0,10.0,0.0,10.0,0.43,0.0,0,0,0,0,0.0,0.0,,,,,,,0.0,7.19,7.19
2026-04-24,4166,友霖,TPEX,20,26.05,26.9805,-3.45,7876.0,5.0,0.0,5.0,0.06,0.0,2,0,0,0,14.0,0.0,,,,,,,0.0,7.18,7.18
2026-04-24,6796,晉弘,TWSE,20,71.0,73.3781,-3.24,1145.47,17.03,0.0,17.03,1.49,0.0,0,0,0,0,0.0,0.0,,,,,,,0.0,7.16,7.16
2026-04-24,7743,金利食安,TPEX,20,20.1,20.1731,-0.36,255.0,1.0,0.0,1.0,0.39,0.0,0,0,0,0,0.0,0.0,,,,,,,0.0,7.1,7.1
2026-04-24,2543,皇昌,TWSE,20,47.85,56.1095,-14.72,47280.78,864.26,67.0,931.26,1.83,0.14,0,2,1,0,-33.86,2.0,,,,,,,0.0,7.09,7.09
2026-04-24,4502,健信,TPEX,20,15.75,15.8095,-0.38,772.0,3.0,0.0,3.0,0.39,0.0,0,0,0,0,0.0,0.0,,,,,,,0.0,7.09,7.09
2026-04-24,2890,永豐金,TWSE,20,31.95,32.0647,-0.36,479492.16,122669.93,-71506.56,51163.37,25.58,-14.91,16,0,0,13,15450.63,-10403.6,,,,,,,0.0,7.04,7.04
2026-04-24,3498,陽程,TPEX,20,78.3,80.769,-3.06,91454.0,650.0,0.0,650.0,0.71,0.0,1,0,0,0,175.0,0.0,,,,,,,0.0,6.99,6.99
2026-04-24,6585,鼎基,TWSE,20,86.0,97.2547,-11.57,3886.52,138.34,0.0,138.34,3.56,0.0,0,3,0,0,-8.0,0.0,,,,,,,0.0,6.97,6.97
2026-04-24,1464,得力,TWSE,20,10.2,10.3652,-1.59,8395.67,327.58,0.0,327.58,3.9,0.0,0,6,0,0,-86.0,0.0,,,,,,,0.0,6.93,6.93
2026-04-24,2363,矽統,TWSE,20,55.0,54.5128,0.89,223956.93,4085.88,-118.02,3967.85,1.82,-0.05,0,2,0,0,-1767.0,0.0,,,,,,,0.0,6.93,6.93
2026-04-24,6933,AMAX-KY,TWSE,20,175.5,178.2974,-1.57,16085.19,-62.1,0.0,-62.1,-0.39,0.0,4,0,0,0,11.0,0.0,,,,,,,0.0,6.92,6.92
2026-04-24,3413,京鼎,TWSE,20,324.0,314.9932,2.86,43934.31,1481.54,-737.04,744.5,3.37,-1.68,1,0,0,2,448.94,-239.0,,,,,,,0.0,6.91,6.91
2026-04-24,6015,宏遠證,TPEX,20,13.65,13.4042,1.83,31183.0,-344.0,0.0,-344.0,-1.1,0.0,5,0,0,0,1809.0,0.0,,,,,,,0.0,6.91,6.91
2026-04-24,2340,台亞,TWSE,20,36.85,35.1268,4.91,232696.84,3984.07,0.0,3984.07,1.71,0.0,1,0,0,0,2521.0,0.0,,,,,,,0.0,6.79,6.79
2026-04-24,1268,漢來美食,TPEX,20,156.0,157.1907,-0.76,312.0,12.0,0.0,12.0,3.85,0.0,0,6,0,0,-2.0,0.0,,,,,,,0.0,6.77,6.77
2026-04-24,3684,榮昌,TPEX,20,58.2,58.8477,-1.1,2112.0,35.95,0.0,35.95,1.7,0.0,0,2,0,0,-4.13,0.0,,,,,,,0.0,6.77,6.77
2026-04-24,4747,強生,TPEX,20,53.0,53.4308,-0.81,679.0,-3.0,0.0,-3.0,-0.44,0.0,4,0,0,0,6.0,0.0,,,,,,,0.0,6.76,6.76
2026-04-24,6423,億而得,TPEX,20,113.5,113.5489,-0.04,10261.0,174.0,0.0,174.0,1.7,0.0,0,2,0,0,-3.0,0.0,,,,,,,0.0,6.75,6.75
2026-04-24,6167,久正,TPEX,20,12.65,13.8698,-8.79,18823.0,519.09,0.0,519.09,2.76,0.0,0,2,0,0,-135.0,0.0,,,,,,,0.0,6.72,6.72
2026-04-24,8905,裕國,TPEX,20,39.5,40.3232,-2.04,816.0,2.0,0.0,2.0,0.25,0.0,0,0,0,0,0.0,0.0,,,,,,,0.0,6.69,6.69
2026-04-24,1582,信錦,TWSE,20,88.8,102.7281,-13.56,243134.1,3141.71,415.67,3557.38,1.29,0.17,1,0,0,1,841.2,-548.0,,,,,,,0.0,6.68,6.68
2026-04-24,2751,王座,TPEX,20,55.9,58.0309,-3.67,346.0,7.0,0.0,7.0,2.02,0.0,0,1,0,0,-2.0,0.0,,,,,,,0.0,6.66,6.66
2026-04-24,2482,連宇,TWSE,20,17.35,17.3278,0.13,4418.67,73.37,0.0,73.37,1.66,0.0,0,2,0,0,-24.0,0.0,,,,,,,0.0,6.65,6.65
2026-04-24,3645,達邁,TWSE,20,106.0,96.8196,9.48,336090.39,2965.27,156.28,3121.55,0.88,0.05,0,1,4,0,-348.9,17.28,,,,,,,0.0,6.62,6.62
2026-04-24,6568,宏觀,TPEX,20,271.0,232.2633,16.68,29600.0,790.55,96.0,886.55,2.67,0.32,1,0,0,0,359.0,0.0,,,,,,,0.0,6.55,6.55
2026-04-24,2486,一詮,TWSE,20,224.0,179.7568,24.61,154587.26,5894.9,856.53,6751.44,3.81,0.55,0,1,0,0,-80.52,0.0,,,,,,,0.0,6.51,6.51
2026-04-24,6206,飛捷,TWSE,20,105.5,105.6436,-0.14,17918.5,1334.86,-317.82,1017.04,7.45,-1.77,0,1,0,12,-175.94,-4.87,,,,,,,0.0,6.51,6.51
2026-04-24,6613,朋億*,TPEX,20,233.0,230.0599,1.28,9320.0,280.38,16.57,296.95,3.01,0.18,2,0,0,9,16.0,-3.08,,,,,,,0.0,6.51,6.51
2026-04-24,3563,牧德,TWSE,20,909.0,868.4799,4.67,68690.2,-1633.39,760.53,-872.85,-2.38,1.11,1,0,3,0,12.6,16.0,,,,,,,0.0,6.5,6.5
2026-04-24,5302,太欣,TPEX,20,11.95,11.282,5.92,12584.0,202.0,0.0,202.0,1.61,0.0,1,0,0,0,582.0,0.0,,,,,,,0.0,6.49,6.49
2026-04-24,3646,艾恩特,TPEX,20,23.3,23.4597,-0.68,460.0,4.0,0.0,4.0,0.87,0.0,0,1,0,0,-1.0,0.0,,,,,,,0.0,6.44,6.44
2026-04-24,6435,大中,TPEX,20,182.5,171.5284,6.4,18631.0,292.32,0.0,292.32,1.57,0.0,1,0,0,0,54.0,0.0,,,,,,,0.0,6.39,6.39
2026-04-24,4566,時碩工業,TWSE,20,67.1,69.2452,-3.1,43382.85,825.87,0.0,825.87,1.9,0.0,0,1,0,0,-26.0,0.0,,,,,,,0.0,6.33,6.33
2026-04-24,6821,聯寶,TPEX,20,57.4,61.4732,-6.63,43715.0,204.02,0.0,204.02,0.47,0.0,1,0,0,0,114.0,0.0,,,,,,,0.0,6.31,6.31
2026-04-24,2231,為升,TWSE,20,130.0,128.9553,0.81,53722.15,458.3,-20.0,438.3,0.85,-0.04,0,1,0,0,-580.3,0.0,,,,,,,0.0,6.27,6.27
2026-04-24,6542,隆中,TPEX,20,50.6,53.6295,-5.65,278.0,7.21,0.0,7.21,2.59,0.0,0,2,0,0,-1.0,0.0,,,,,,,0.0,6.26,6.26
2026-04-24,1721,三晃,TWSE,20,27.3,23.8985,14.23,109731.37,4779.06,0.0,4779.06,4.36,0.0,0,1,0,0,-447.0,0.0,,,,,,,0.0,6.19,6.19
2026-04-24,4107,邦特,TPEX,20,117.5,118.8809,-1.16,1146.0,17.0,0.0,17.0,1.48,0.0,0,2,0,0,-20.0,0.0,,,,,,,0.0,6.15,6.15
2026-04-24,8083,瑞穎,TPEX,20,176.0,171.0347,2.9,1627.0,24.0,0.0,24.0,1.48,0.0,0,2,0,0,-11.0,0.0,,,,,,,0.0,6.13,6.13
2026-04-24,4767,誠泰科技,TPEX,20,26.65,26.2217,1.63,545.0,4.0,0.0,4.0,0.73,0.0,0,1,0,0,-1.0,0.0,,,,,,,0.0,6.06,6.06
2026-04-24,6971,惠民實業,TPEX,20,29.6,29.5305,0.24,820.0,6.0,0.0,6.0,0.73,0.0,0,1,0,0,-3.0,0.0,,,,,,,0.0,6.05,6.05
2026-04-24,6516,勤崴國際,TPEX,20,61.2,61.1052,0.16,970.0,14.0,0.0,14.0,1.44,0.0,0,2,0,0,-6.0,0.0,,,,,,,0.0,6.04,6.04
2026-04-24,4806,桂田文創,TPEX,20,10.35,10.3518,-0.02,439.0,0.0,0.0,0.0,0.0,0.0,0,0,0,0,0.0,0.0,,,,,,,0.0,6.0,6.0
2026-04-24,5701,劍湖山,TPEX,20,3.49,3.5071,-0.49,997.0,0.0,0.0,0.0,0.0,0.0,0,0,0,0,0.0,0.0,,,,,,,0.0,6.0,6.0
2026-04-24,3169,亞信,TPEX,20,111.5,105.296,5.89,11808.0,83.0,0.0,83.0,0.7,0.0,2,0,0,0,44.0,0.0,,,,,,,0.0,5.97,5.97
2026-04-24,6672,騰輝電子-KY,TWSE,20,210.5,164.7447,27.77,172472.8,-766.73,108.0,-658.73,-0.44,0.06,1,0,2,0,2953.55,1.0,,,,,,,0.0,5.96,5.96
2026-04-24,2207,和泰車,TWSE,20,493.5,500.6009,-1.42,7450.07,246.62,37.05,283.67,3.31,0.5,0,3,0,2,-121.93,-3.17,,,,,,,0.0,5.91,5.91
2026-04-24,3693,營邦,TPEX,20,655.0,618.2104,5.95,49582.0,-49.51,103.81,54.3,-0.1,0.21,0,1,3,0,-302.91,39.0,,,,,,,0.0,5.91,5.91
2026-04-24,2342,茂矽,TWSE,20,31.6,30.9521,2.09,30781.16,426.39,0.0,426.39,1.39,0.0,0,2,0,0,-318.0,0.0,,,,,,,0.0,5.88,5.88
2026-04-24,3583,辛耘,TWSE,20,815.0,615.5842,32.39,68760.49,3384.99,1057.18,4442.16,4.92,1.54,0,2,0,2,-627.88,-29.0,,,,,,,0.0,5.86,5.86
2026-04-24,3702,大聯大,TWSE,20,97.0,95.4959,1.58,363395.21,70957.55,-37680.67,33276.88,19.53,-10.37,15,0,0,11,7391.64,-9166.0,,,,,,,0.0,5.83,5.83
2026-04-24,9950,萬國通,TPEX,20,11.05,12.6185,-12.43,9118.0,26.0,0.0,26.0,0.29,0.0,1,0,0,0,44.0,0.0,,,,,,,0.0,5.8,5.8
2026-04-24,6588,東典光電,TPEX,20,122.5,136.8623,-10.49,127457.0,-1003.76,0.0,-1003.76,-0.79,0.0,4,0,0,0,365.1,0.0,,,,,,,0.0,5.79,5.79
2026-04-24,5340,建榮,TPEX,20,110.0,119.336,-7.82,173282.0,464.25,0.0,464.25,0.27,0.0,1,0,0,0,177.0,0.0,,,,,,,0.0,5.75,5.75
2026-04-24,4153,鈺緯,TPEX,20,31.8,32.3714,-1.77,1125.0,15.0,0.0,15.0,1.33,0.0,0,2,0,0,-2.0,0.0,,,,,,,0.0,5.73,5.73
2026-04-24,2498,宏達電,TWSE,20,40.0,40.7179,-1.76,127263.2,4077.15,-307.21,3769.94,3.2,-0.24,0,3,0,1,-493.44,-7.0,,,,,,,0.0,5.67,5.67
2026-04-24,2233,宇隆,TWSE,20,241.5,237.1423,1.84,21836.05,950.39,-134.0,816.39,4.35,-0.61,1,0,0,8,22.32,-19.0,,,,,,,0.0,5.66,5.66
2026-04-24,3224,三顧,TPEX,20,43.6,46.203,-5.63,4562.0,76.0,0.0,76.0,1.67,0.0,0,1,0,0,-3.0,0.0,,,,,,,0.0,5.66,5.66
2026-04-24,2402,毅嘉,TWSE,20,70.6,69.6172,1.41,584649.04,5676.84,6881.55,12558.39,0.97,1.18,0,1,0,2,-2903.2,-116.0,,,,,,,0.0,5.6,5.6
2026-04-24,3494,誠研,TWSE,20,7.96,8.0309,-0.88,2087.41,38.1,3.0,41.1,1.83,0.14,0,3,0,0,-8.0,0.0,,,,,,,0.0,5.58,5.58
2026-04-24,3010,華立,TWSE,20,136.0,133.2814,2.04,34095.29,2301.07,-507.05,1794.01,6.75,-1.49,0,1,0,12,-119.93,-7.5,,,,,,,0.0,5.49,5.49
2026-04-24,3221,台嘉碩,TPEX,20,43.5,41.476,4.88,276524.0,1466.06,0.0,1466.06,0.53,0.0,2,0,0,0,391.72,0.0,,,,,,,0.0,5.48,5.48
2026-04-24,6101,寬魚國際,TPEX,20,39.0,38.9101,0.23,2099.0,11.0,0.0,11.0,0.52,0.0,0,1,0,0,-5.0,0.0,,,,,,,0.0,5.47,5.47
2026-04-24,6691,洋基工程,TWSE,20,675.0,628.3753,7.42,15940.62,1189.42,-625.8,563.63,7.46,-3.93,5,0,0,12,345.82,-164.0,,,,,,,0.0,5.44,5.44
2026-04-24,6829,千附精密,TPEX,20,221.0,161.9133,36.49,40489.0,784.82,0.0,784.82,1.94,0.0,2,0,0,0,171.5,0.0,,,,,,,0.0,5.43,5.43
2026-04-24,6937,天虹,TWSE,20,293.5,299.882,-2.13,22819.06,713.87,-60.0,653.87,3.13,-0.26,2,0,0,6,58.59,-101.0,,,,,,,0.0,5.39,5.39
2026-04-24,7722,LINEPAY,TWSE,20,287.0,304.8582,-5.86,2549.89,118.76,-36.0,82.76,4.66,-1.41,0,3,0,0,-58.0,0.0,,,,,,,0.0,5.38,5.38
2026-04-24,3587,閎康,TPEX,20,347.5,322.1335,7.87,75497.0,2020.99,-31.0,1989.99,2.68,-0.04,0,1,0,0,-169.76,0.0,,,,,,,0.0,5.36,5.36
2026-04-24,3711,日月光投控,TWSE,20,496.0,412.3941,20.27,438232.63,-6700.89,3501.95,-3198.93,-1.53,0.8,1,0,2,0,38.85,1146.53,,,,,,,0.0,5.36,5.36
2026-04-24,8043,蜜望實,TPEX,20,83.7,89.7093,-6.7,103719.0,-1002.99,0.0,-1002.99,-0.97,0.0,4,0,0,0,4.0,0.0,,,,,,,0.0,5.29,5.29
2026-04-24,6213,聯茂,TWSE,20,276.0,221.601,24.55,732752.72,-28592.46,3708.01,-24884.45,-3.9,0.51,1,0,5,0,2195.89,105.0,,,,,,,0.0,5.24,5.24
2026-04-24,6426,統新,TWSE,20,216.0,212.0823,1.85,58020.23,252.91,0.0,252.91,0.44,0.0,0,1,0,0,-575.08,0.0,,,,,,,0.0,5.22,5.22
2026-04-24,6936,永鴻生技,TWSE,20,34.6,34.9478,-1.0,731.08,24.0,0.0,24.0,3.28,0.0,0,5,0,0,-2.0,0.0,,,,,,,0.0,5.19,5.19
2026-04-24,4749,新應材,TPEX,20,980.0,928.2517,5.57,44036.0,2390.47,-1405.85,984.62,5.43,-3.19,0,1,1,0,-304.84,0.11,,,,,,,0.0,5.16,5.16
2026-04-24,3232,昱捷,TPEX,20,21.8,22.1785,-1.71,1037.0,11.66,0.0,11.66,1.12,0.0,0,2,0,0,-4.0,0.0,,,,,,,0.0,5.15,5.15
2026-04-24,6462,神盾,TPEX,20,121.5,122.6431,-0.93,53952.0,227.87,-10.0,217.87,0.42,-0.02,0,1,0,0,-313.94,0.0,,,,,,,0.0,5.12,5.12
2026-04-24,1225,福懋油,TWSE,20,31.5,33.0765,-4.77,5894.73,212.81,0.0,212.81,3.61,0.0,0,4,0,0,-39.0,0.0,,,,,,,0.0,5.11,5.11
2026-04-24,4720,德淵,TWSE,20,27.35,21.9589,24.55,150436.01,2900.52,94.87,2995.39,1.93,0.06,3,0,0,1,1848.0,-1.5,,,,,,,0.0,5.11,5.11
2026-04-24,6530,創威,TPEX,20,110.0,107.1988,2.61,114416.0,446.56,0.0,446.56,0.39,0.0,0,1,0,0,-212.0,0.0,,,,,,,0.0,5.09,5.09
2026-04-24,2006,東和鋼鐵,TWSE,20,66.9,69.9369,-4.34,52820.9,4739.14,-886.37,3852.77,8.97,-1.68,0,5,0,3,-532.36,-177.15,,,,,,,0.0,5.08,5.08
2026-04-24,8478,東哥遊艇,TWSE,20,169.0,169.1538,-0.09,3922.23,43.15,0.0,43.15,1.1,0.0,0,2,0,0,-27.0,0.0,,,,,,,0.0,5.08,5.08
2026-04-24,4569,六方科-KY,TWSE,20,178.0,174.3121,2.12,5590.49,-29.85,1.0,-28.85,-0.53,0.02,2,0,1,0,3.0,1.0,,,,,,,0.0,5.06,5.06
2026-04-24,2636,台驊控股,TWSE,20,67.1,68.2217,-1.64,6070.01,16.71,42.0,58.71,0.28,0.69,0,2,0,0,-11.0,0.0,,,,,,,0.0,5.05,5.05
2026-04-24,3576,聯合再生,TWSE,20,15.1,19.2316,-21.48,681165.75,9716.77,1.0,9717.77,1.43,0.0,0,1,0,0,-301.69,0.0,,,,,,,0.0,4.99,4.99
2026-04-24,5306,桂盟,TWSE,20,82.5,84.931,-2.86,2857.67,30.38,0.0,30.38,1.06,0.0,0,2,0,0,-16.0,0.0,,,,,,,0.0,4.98,4.98
2026-04-24,5310,天剛,TPEX,20,23.9,25.6023,-6.65,283.0,2.0,0.0,2.0,0.71,0.0,0,0,0,0,0.0,0.0,,,,,,,0.0,4.98,4.98
2026-04-24,9906,欣巴巴,TWSE,20,39.1,41.8566,-6.59,2829.19,-30.58,0.0,-30.58,-1.08,0.0,4,0,0,0,10.0,0.0,,,,,,,0.0,4.97,4.97
2026-04-24,3675,德微,TPEX,20,224.0,215.7206,3.84,20447.0,502.36,0.0,502.36,2.46,0.0,0,1,0,0,-145.44,0.0,,,,,,,0.0,4.88,4.88
2026-04-24,6854,錼創科技-KY創,TWSE,20,169.5,163.2778,3.81,29340.53,720.5,0.0,720.5,2.46,0.0,0,1,0,0,-232.0,0.0,,,,,,,0.0,4.88,4.88
2026-04-24,7811,民盛,TPEX,20,85.2,88.7357,-3.98,1646.0,11.0,0.0,11.0,0.67,0.0,0,0,0,0,0.0,0.0,,,,,,,0.0,4.87,4.87
2026-04-24,2228,劍麟,TWSE,20,88.7,90.2727,-1.74,3831.98,192.56,-131.0,61.56,5.03,-3.42,0,2,0,0,-19.92,0.0,,,,,,,0.0,4.79,4.79
2026-04-24,6629,泰金-KY,TPEX,20,120.5,116.4802,3.45,1312.0,31.7,0.0,31.7,2.42,0.0,0,1,0,0,-12.0,0.0,,,,,,,0.0,4.77,4.77
2026-04-24,8403,盛弘,TPEX,20,22.1,22.315,-0.96,3097.0,30.57,0.0,30.57,0.99,0.0,0,2,0,0,-34.0,0.0,,,,,,,0.0,4.76,4.76
2026-04-24,6680,鑫創電子,TPEX,20,,55.7775,,178.0,3.0,0.0,3.0,1.69,0.0,0,0,0,0,0.0,0.0,,,,,,,0.0,4.72,4.72
2026-04-24,3714,富采,TWSE,20,66.6,63.8728,4.27,843310.96,-4807.52,728.83,-4078.69,-0.57,0.09,3,0,0,0,643.18,0.0,,,,,,,0.0,4.69,4.69
2026-04-24,6451,訊芯-KY,TWSE,20,402.0,401.5173,0.12,69284.25,-1649.17,175.16,-1474.01,-2.38,0.25,0,1,5,0,-84.48,15.0,,,,,,,0.0,4.67,4.67
2026-04-24,6469,大樹,TPEX,20,78.6,80.5706,-2.45,8765.0,82.97,0.0,82.97,0.95,0.0,0,2,0,0,-50.0,0.0,,,,,,,0.0,4.65,4.65
2026-04-24,3419,譁裕,TWSE,20,16.3,16.2193,0.5,16961.65,38.59,0.0,38.59,0.23,0.0,0,1,0,0,-340.0,0.0,,,,,,,0.0,4.64,4.64
2026-04-24,3090,日電貿,TWSE,20,96.4,103.6228,-6.97,111815.93,7262.02,-204.22,7057.8,6.49,-0.18,0,3,0,4,-3587.58,-90.45,,,,,,,0.0,4.58,4.58
2026-04-24,3691,碩禾,TPEX,20,107.5,118.0469,-8.93,21712.0,429.0,0.0,429.0,1.98,0.0,0,2,0,0,-165.0,0.0,,,,,,,0.0,4.53,4.53
2026-04-24,6207,雷科,TPEX,20,57.8,56.3048,2.66,40776.0,363.57,0.0,363.57,0.89,0.0,0,2,0,0,-1284.0,0.0,,,,,,,0.0,4.5,4.5
2026-04-24,7642,昶瑞機電,TPEX,20,69.5,72.4331,-4.05,516.0,10.0,0.0,10.0,1.94,0.0,0,2,0,0,-1.0,0.0,,,,,,,0.0,4.43,4.43
2026-04-24,1514,亞力,TWSE,20,112.5,109.3854,2.85,48968.36,-130.65,-50.0,-180.65,-0.27,-0.1,4,0,0,1,289.42,-50.0,,,,,,,0.0,4.42,4.42
2026-04-24,3508,位速,TPEX,20,25.7,33.1134,-22.39,23857.0,-475.9,0.0,-475.9,-1.99,0.0,5,0,0,0,12.0,0.0,,,,,,,0.0,4.41,4.41
2026-04-24,6225,天瀚,TWSE,20,18.35,19.2406,-4.63,399.41,2.0,0.0,2.0,0.5,0.0,0,0,0,0,0.0,0.0,,,,,,,0.0,4.4,4.4
2026-04-24,6240,松崗,TPEX,20,18.7,19.4213,-3.71,807.0,4.0,0.0,4.0,0.5,0.0,0,0,0,0,0.0,0.0,,,,,,,0.0,4.39,4.39
2026-04-24,1904,正隆,TWSE,20,18.25,19.571,-6.75,75989.02,1454.58,4.0,1458.58,1.91,0.01,0,2,0,0,-252.3,0.0,,,,,,,0.0,4.38,4.38
2026-04-24,3064,泰偉,TPEX,20,20.0,23.1498,-13.61,206.0,1.0,0.0,1.0,0.49,0.0,0,0,0,0,0.0,0.0,,,,,,,0.0,4.36,4.36
2026-04-24,1714,和桐,TWSE,20,9.63,9.9207,-2.93,123333.84,2011.15,293.0,2304.15,1.63,0.24,0,1,0,2,-2277.0,-3.0,,,,,,,0.0,4.35,4.35
2026-04-24,1540,喬福,TWSE,20,20.4,21.8081,-6.46,5457.29,103.43,0.0,103.43,1.9,0.0,0,2,0,0,-125.0,0.0,,,,,,,0.0,4.31,4.31
2026-04-24,3597,映興,TPEX,20,25.0,24.7202,1.13,971.0,8.0,0.0,8.0,0.82,0.0,0,2,0,0,-1.0,0.0,,,,,,,0.0,4.31,4.31
2026-04-24,6456,GIS-KY,TWSE,20,74.3,71.5073,3.91,271924.38,-3509.04,-62.06,-3571.1,-1.29,-0.02,4,0,0,0,24.13,0.0,,,,,,,0.0,4.31,4.31
2026-04-24,3324,雙鴻,TPEX,20,1215.0,1033.7673,17.53,110493.0,1528.4,-1196.75,331.65,1.38,-1.08,4,0,0,0,283.08,0.0,,,,,,,0.0,4.3,4.3
2026-04-24,3499,環天科,TPEX,20,16.45,17.4286,-5.61,4185.0,139.0,0.0,139.0,3.32,0.0,0,4,0,0,-31.0,0.0,,,,,,,0.0,4.3,4.3
2026-04-24,3594,磐儀,TPEX,20,51.0,51.1191,-0.23,20134.0,19.0,0.0,19.0,0.09,0.0,0,1,0,0,-43.0,0.0,,,,,,,0.0,4.26,4.26
2026-04-24,4989,榮科,TWSE,20,109.0,82.0969,32.77,425632.67,27760.29,0.0,27760.29,6.52,0.0,0,6,0,0,-333.97,0.0,,,,,,,0.0,4.26,4.26
2026-04-24,6924,榮惠-KY創,TWSE,20,88.5,84.5636,4.65,924.83,14.0,0.0,14.0,1.51,0.0,0,0,0,0,0.0,0.0,,,,,,,0.0,4.24,4.24
2026-04-24,7712,博盛半導體,TPEX,20,116.0,118.7672,-2.33,12508.0,9.0,0.0,9.0,0.07,0.0,0,1,0,0,-8.0,0.0,,,,,,,0.0,4.2,4.2
2026-04-24,1339,昭輝,TWSE,20,42.7,41.0969,3.9,1384.74,40.31,0.0,40.31,2.91,0.0,0,2,0,0,-15.0,0.0,,,,,,,0.0,4.15,4.15
2026-04-24,3211,順達,TPEX,20,381.5,375.272,1.66,243393.0,5653.06,-4714.88,938.18,2.32,-1.94,4,0,0,4,1500.72,-1378.0,,,,,,,0.0,4.11,4.11
2026-04-24,5228,鈺鎧,TPEX,20,31.6,32.2557,-2.03,19042.0,6.0,0.0,6.0,0.03,0.0,0,1,0,0,-7.0,0.0,,,,,,,0.0,4.09,4.09
2026-04-24,3050,鈺德,TWSE,20,12.2,13.2459,-7.9,16853.4,305.73,0.0,305.73,1.81,0.0,0,2,0,0,-202.0,0.0,,,,,,,0.0,4.08,4.08
2026-04-24,8472,夠麻吉,TPEX,20,68.5,76.6515,-10.63,522.0,2.0,0.0,2.0,0.38,0.0,0,0,0,0,0.0,0.0,,,,,,,0.0,4.07,4.07
2026-04-24,3306,鼎天,TPEX,20,47.35,47.9485,-1.25,3817.0,28.0,0.0,28.0,0.73,0.0,0,2,0,0,-44.0,0.0,,,,,,,0.0,4.05,4.05
2026-04-24,6432,今展科,TPEX,20,38.2,40.5893,-5.89,17994.0,190.0,0.0,190.0,1.06,0.0,0,1,0,0,-53.0,0.0,,,,,,,0.0,3.96,3.96
2026-04-24,8996,高力,TWSE,20,1125.0,985.8995,14.11,64288.04,829.39,937.5,1766.89,1.29,1.46,1,0,0,1,63.76,-260.0,,,,,,,0.0,3.92,3.92
2026-04-24,2344,華邦電,TWSE,20,88.2,92.0182,-4.15,3146586.59,64373.75,-50791.95,13581.8,2.05,-1.61,0,1,1,0,-704.14,2663.87,,,,,,,0.0,3.9,3.9
2026-04-24,6811,宏碁資訊,TPEX,20,195.0,189.812,2.73,1511.0,21.0,0.0,21.0,1.39,0.0,0,3,0,0,-1.0,0.0,,,,,,,0.0,3.89,3.89
2026-04-24,3490,單井,TPEX,20,29.85,28.6062,4.35,50830.0,-397.0,0.0,-397.0,-0.78,0.0,3,0,0,0,164.0,0.0,,,,,,,0.0,3.81,3.81
2026-04-24,1810,和成,TWSE,20,17.85,18.1082,-1.43,22348.66,679.34,-150.7,528.64,3.04,-0.67,0,3,0,1,-6.9,-31.18,,,,,,,0.0,3.79,3.79
2026-04-24,1784,訊聯,TPEX,20,75.5,79.2357,-4.71,3942.0,39.0,0.0,39.0,0.99,0.0,0,1,0,0,-11.0,0.0,,,,,,,0.0,3.77,3.77
2026-04-24,8931,大汽電,TPEX,20,41.85,42.3326,-1.14,634.0,4.0,0.0,4.0,0.63,0.0,0,2,0,0,-1.0,0.0,,,,,,,0.0,3.77,3.77
2026-04-24,6753,龍德造船,TWSE,20,143.0,138.2915,3.4,26415.03,872.44,-280.0,592.44,3.3,-1.06,0,1,0,0,-96.19,0.0,,,,,,,0.0,3.75,3.75
2026-04-24,6465,威潤,TPEX,20,46.0,49.4221,-6.92,12643.0,120.0,0.0,120.0,0.95,0.0,0,1,0,0,-136.0,0.0,,,,,,,0.0,3.66,3.66
2026-04-24,3264,欣銓,TPEX,20,210.0,183.8473,14.23,384104.0,-16275.8,10407.82,-5867.97,-4.24,2.71,2,0,1,0,156.28,265.33,,,,,,,0.0,3.58,3.58
2026-04-24,5007,三星,TWSE,20,58.0,57.2115,1.38,2008.67,315.47,-201.0,114.47,15.71,-10.01,0,1,0,0,-15.0,0.0,,,,,,,0.0,3.56,3.56
2026-04-24,4909,新復興,TPEX,20,56.3,61.9474,-9.12,46587.0,417.99,0.0,417.99,0.9,0.0,0,1,0,0,-173.0,0.0,,,,,,,0.0,3.51,3.51
2026-04-24,6218,豪勉,TPEX,20,33.15,34.5429,-4.03,42717.0,380.2,0.0,380.2,0.89,0.0,0,1,0,0,-8.0,0.0,,,,,,,0.0,3.49,3.49
2026-04-24,4148,全宇生技-KY,TWSE,20,38.6,40.8999,-5.62,1958.8,-9.75,2.0,-7.75,-0.5,0.1,1,0,1,0,4.0,2.0,,,,,,,0.0,3.44,3.44
2026-04-24,3252,海灣,TPEX,20,19.6,20.1871,-2.91,1307.0,16.0,0.0,16.0,1.22,0.0,0,3,0,0,-1.0,0.0,,,,,,,0.0,3.43,3.43
2026-04-24,6187,萬潤,TPEX,20,1170.0,1119.8233,4.48,71561.0,-2630.98,3192.75,561.77,-3.68,4.46,2,0,0,2,1309.05,-147.89,,,,,,,0.0,3.43,3.43
2026-04-24,3029,零壹,TWSE,20,95.5,96.1459,-0.67,28957.89,240.82,138.6,379.42,0.83,0.48,0,2,0,1,-483.95,-4.75,,,,,,,0.0,3.41,3.41
2026-04-24,4949,有成精密,TWSE,20,86.9,78.3743,10.88,110336.76,-2136.04,108.0,-2028.04,-1.94,0.1,0,2,5,0,-85.38,19.0,,,,,,,0.0,3.4,3.4
2026-04-24,4927,泰鼎-KY,TWSE,20,53.3,50.0553,6.48,368730.51,7079.39,0.0,7079.39,1.92,0.0,0,1,0,0,-6014.52,0.0,,,,,,,0.0,3.38,3.38
2026-04-24,5206,坤悅,TPEX,20,23.2,25.9833,-10.71,2624.0,-25.0,0.0,-25.0,-0.95,0.0,3,0,0,0,11.0,0.0,,,,,,,0.0,3.33,3.33
2026-04-24,2033,佳大,TWSE,20,16.2,16.2456,-0.28,2309.72,27.4,0.0,27.4,1.19,0.0,0,3,0,0,-23.0,0.0,,,,,,,0.0,3.32,3.32
2026-04-24,3236,千如,TPEX,20,29.55,33.7943,-12.56,91350.0,746.9,0.0,746.9,0.82,0.0,0,1,0,0,-381.0,0.0,,,,,,,0.0,3.29,3.29
2026-04-24,3388,崇越電,TPEX,20,112.0,102.0976,9.7,32466.0,-322.96,0.0,-322.96,-0.99,0.0,3,0,0,0,60.0,0.0,,,,,,,0.0,3.21,3.21
2026-04-24,6168,宏齊,TWSE,20,24.7,27.2882,-9.48,261710.53,2058.08,0.0,2058.08,0.79,0.0,0,1,0,0,-206.0,0.0,,,,,,,0.0,3.2,3.2
2026-04-24,2880,華南金,TWSE,20,35.0,34.7062,0.85,346334.47,81515.05,-61359.88,20155.17,23.54,-17.72,13,0,0,13,9184.54,-9400.61,,,,,,,0.0,3.16,3.16
2026-04-24,1219,福壽,TWSE,20,13.6,14.1014,-3.56,14759.65,514.99,16.0,530.99,3.49,0.11,0,5,0,0,-203.0,0.0,,,,,,,0.0,3.13,3.13
2026-04-24,3011,今皓,TWSE,20,13.95,13.5663,2.83,30916.03,107.08,0.0,107.08,0.35,0.0,0,2,0,0,-137.01,0.0,,,,,,,0.0,2.97,2.97
2026-04-24,8049,晶采,TPEX,20,25.25,25.3991,-0.59,2598.0,8.99,0.0,8.99,0.35,0.0,0,2,0,0,-2.0,0.0,,,,,,,0.0,2.97,2.97
2026-04-24,6791,虎門科技,TPEX,20,125.0,130.987,-4.57,3053.0,-11.91,0.0,-11.91,-0.39,0.0,2,0,0,0,1.0,0.0,,,,,,,0.0,2.91,2.91
2026-04-24,3541,西柏,TPEX,20,23.75,23.9587,-0.87,948.0,3.0,0.0,3.0,0.32,0.0,0,2,0,0,-1.0,0.0,,,,,,,0.0,2.89,2.89
2026-04-24,3516,亞帝歐,TPEX,20,20.0,21.0713,-5.08,3480.0,23.0,0.0,23.0,0.66,0.0,0,1,0,0,-143.0,0.0,,,,,,,0.0,2.85,2.85
2026-04-24,4513,福裕,TPEX,20,15.2,16.4058,-7.35,6384.0,87.0,0.0,87.0,1.36,0.0,0,2,0,0,-45.0,0.0,,,,,,,0.0,2.82,2.82
2026-04-24,2427,三商電,TWSE,20,21.75,22.5465,-3.53,10506.31,141.49,0.0,141.49,1.35,0.0,0,2,0,0,-31.0,0.0,,,,,,,0.0,2.77,2.77
2026-04-24,7709,榮田,TPEX,20,70.5,74.0996,-4.86,26661.0,353.08,0.0,353.08,1.32,0.0,0,2,0,0,-22.0,0.0,,,,,,,0.0,2.71,2.71
2026-04-24,2362,藍天,TWSE,20,38.2,38.4658,-0.69,10986.25,31.14,-3.04,28.11,0.28,-0.03,0,2,0,0,-179.0,0.0,,,,,,,0.0,2.7,2.7
2026-04-24,8054,安國,TPEX,20,105.5,107.194,-1.58,63324.0,178.29,-27.0,151.29,0.28,-0.04,0,2,0,0,-145.0,0.0,,,,,,,0.0,2.65,2.65
2026-04-24,3152,璟德,TPEX,20,167.5,161.7488,3.56,32661.0,73.5,0.0,73.5,0.23,0.0,1,0,0,0,307.0,0.0,,,,,,,0.0,2.63,2.63
2026-04-24,5398,慕康生醫,TPEX,20,20.1,21.9455,-8.41,3428.0,44.0,0.0,44.0,1.28,0.0,0,2,0,0,-15.0,0.0,,,,,,,0.0,2.59,2.59
2026-04-24,8104,錸寶,TWSE,20,34.75,37.0981,-6.33,39439.9,218.79,0.0,218.79,0.55,0.0,0,1,0,0,-107.0,0.0,,,,,,,0.0,2.55,2.55
2026-04-24,7631,聚賢研發-創,TWSE,20,132.5,125.6004,5.49,2247.09,36.0,0.0,36.0,1.6,0.0,0,1,0,0,-2.0,0.0,,,,,,,0.0,2.49,2.49
2026-04-24,5548,安倉,TPEX,20,23.85,24.777,-3.74,1907.0,10.0,0.0,10.0,0.52,0.0,0,1,0,0,-3.0,0.0,,,,,,,0.0,2.47,2.47
2026-04-24,6226,光鼎,TWSE,20,12.5,13.8018,-9.43,66034.56,343.59,0.0,343.59,0.52,0.0,0,1,0,0,-346.0,0.0,,,,,,,0.0,2.46,2.46
2026-04-24,3150,鈺寶-創,TWSE,20,21.1,20.358,3.64,2884.91,4.0,0.0,4.0,0.14,0.0,1,0,0,0,12.0,0.0,,,,,,,0.0,2.39,2.39
2026-04-24,3303,岱稜,TPEX,20,47.9,46.4373,3.15,4273.0,6.0,0.0,6.0,0.14,0.0,1,0,0,0,83.0,0.0,,,,,,,0.0,2.39,2.39
2026-04-24,5344,立衛,TPEX,20,18.1,17.1229,5.71,5778.0,8.0,0.0,8.0,0.14,0.0,1,0,0,0,21.0,0.0,,,,,,,0.0,2.39,2.39
2026-04-24,6862,三集瑞-KY,TWSE,20,174.0,187.0608,-6.98,14724.96,178.18,0.0,178.18,1.21,0.0,0,2,0,0,-52.0,0.0,,,,,,,0.0,2.39,2.39
2026-04-24,6174,安碁,TPEX,20,28.55,29.2358,-2.35,30207.0,-174.46,0.0,-174.46,-0.58,0.0,2,0,0,0,42.1,0.0,,,,,,,0.0,2.38,2.38
2026-04-24,4768,晶呈科技,TPEX,20,503.0,507.1002,-0.81,46430.0,61.03,0.0,61.03,0.13,0.0,0,2,0,0,-169.9,0.0,,,,,,,0.0,2.37,2.37
2026-04-24,3339,泰谷,TPEX,20,56.0,49.0732,14.12,175062.0,220.0,0.0,220.0,0.13,0.0,3,0,0,0,48.0,0.0,,,,,,,0.0,2.35,2.35
2026-04-24,6202,盛群,TWSE,20,57.8,55.4635,4.21,90695.58,-1320.84,-30.49,-1351.32,-1.46,-0.03,2,0,1,0,106.97,4.63,,,,,,,0.0,2.31,2.31
2026-04-24,1309,台達化,TWSE,20,20.5,23.2718,-11.91,564922.39,2597.5,0.0,2597.5,0.46,0.0,0,1,0,0,-2457.35,0.0,,,,,,,0.0,2.29,2.29
2026-04-24,2345,智邦,TWSE,20,2140.0,1865.7493,14.7,95359.4,-914.47,3452.23,2537.76,-0.96,3.62,1,0,0,2,825.07,-70.62,,,,,,,0.0,2.26,2.26
2026-04-24,2605,新興,TWSE,20,33.5,39.7393,-15.7,308879.1,12314.07,-3651.0,8663.07,3.99,-1.18,1,0,0,4,46.19,-1007.0,,,,,,,0.0,2.26,2.26
2026-04-24,4438,廣越,TWSE,20,56.4,57.1672,-1.34,1618.31,56.8,-47.0,9.8,3.51,-2.9,0,2,0,0,-42.17,0.0,,,,,,,0.0,2.24,2.24
2026-04-24,6574,霈方,TPEX,20,96.7,105.4289,-8.28,1112.0,4.9,0.0,4.9,0.44,0.0,0,1,0,0,-6.0,0.0,,,,,,,0.0,2.23,2.23
2026-04-24,6231,系微,TPEX,20,324.5,293.5959,10.53,40357.0,1079.21,88.0,1167.21,2.67,0.22,0,1,0,0,-456.0,0.0,,,,,,,0.0,2.21,2.21
2026-04-24,6671,三能-KY,TWSE,20,30.0,30.9463,-3.06,1036.72,19.3,0.0,19.3,1.86,0.0,0,3,0,0,-1.0,0.0,,,,,,,0.0,2.21,2.21
2026-04-24,4931,新盛力,TPEX,20,162.5,155.5067,4.5,192796.0,141.04,0.0,141.04,0.07,0.0,1,0,0,0,836.1,0.0,,,,,,,0.0,2.2,2.2
2026-04-24,6291,沛亨,TPEX,20,436.0,408.2585,6.8,47173.0,-1302.46,840.0,-462.46,-2.76,1.78,0,3,4,0,-99.18,269.0,,,,,,,0.0,2.15,2.15
2026-04-24,2884,玉山金,TWSE,20,32.55,32.5072,0.13,587411.21,97428.6,-71324.37,26104.23,16.59,-12.14,10,0,0,13,11577.05,-8816.94,,,,,,,0.0,2.06,2.06
2026-04-24,3372,典範,TPEX,20,18.8,19.8103,-5.1,14432.0,258.06,0.0,258.06,1.79,0.0,0,3,0,0,-60.0,0.0,,,,,,,0.0,2.01,2.01
2026-04-24,7799,禾榮科,TWSE,20,386.0,374.2909,3.13,9432.79,133.77,1.0,134.77,1.42,0.01,0,1,0,0,-51.31,0.0,,,,,,,0.0,2.01,2.01
2026-04-24,4550,長佳,TPEX,20,24.7,24.5277,0.7,357.0,0.0,0.0,0.0,0.0,0.0,1,0,0,0,1.0,0.0,,,,,,,0.0,2.0,2.0
2026-04-24,3138,耀登,TWSE,20,157.0,182.6645,-14.05,89528.75,-2.7,0.0,-2.7,-0.0,0.0,1,0,0,0,390.34,0.0,,,,,,,0.0,1.99,1.99
2026-04-24,1218,泰山,TWSE,20,18.8,19.2107,-2.14,16420.79,349.64,0.0,349.64,2.13,0.0,0,5,0,0,-133.0,0.0,,,,,,,0.0,1.96,1.96
2026-04-24,6235,華孚,TWSE,20,44.15,46.3038,-4.65,15127.18,267.92,0.0,267.92,1.77,0.0,0,3,0,0,-197.0,0.0,,,,,,,0.0,1.96,1.96
2026-04-24,2385,群光,TWSE,20,125.0,123.7362,1.02,76231.41,-5897.97,3483.07,-2414.9,-7.74,4.57,0,2,5,0,-1568.46,5.71,,,,,,,0.0,1.91,1.91
2026-04-24,1264,德麥,TPEX,20,275.5,276.9985,-0.54,648.0,-9.5,0.0,-9.5,-1.47,0.0,3,0,0,0,3.0,0.0,,,,,,,0.0,1.89,1.89
2026-04-24,3322,建舜電,TPEX,20,14.5,13.7797,5.23,23330.0,-16.13,0.0,-16.13,-0.07,0.0,1,0,0,0,378.0,0.0,,,,,,,0.0,1.81,1.81
2026-04-24,3163,波若威,TPEX,20,1155.0,1092.7146,5.7,54641.0,-3572.06,4564.34,992.28,-6.54,8.35,0,5,1,0,-1870.58,929.6,,,,,,,0.0,1.76,1.76
2026-04-24,7728,光焱科技,TPEX,20,705.0,788.7508,-10.62,8637.0,23.41,0.0,23.41,0.27,0.0,0,1,0,0,-66.0,0.0,,,,,,,0.0,1.76,1.76
2026-04-24,2010,春源,TWSE,20,24.25,25.017,-3.07,32845.18,-32.69,0.0,-32.69,-0.1,0.0,1,0,0,0,548.29,0.0,,,,,,,0.0,1.72,1.72
2026-04-24,6419,京晨科,TPEX,20,133.0,117.8368,12.87,12023.0,331.08,0.0,331.08,2.75,0.0,0,1,0,0,-7.0,0.0,,,,,,,0.0,1.71,1.71
2026-04-24,1595,川寶,TPEX,20,66.6,55.4465,20.12,34429.0,444.0,0.0,444.0,1.29,0.0,1,0,0,0,327.0,0.0,,,,,,,0.0,1.61,1.61
2026-04-24,6664,群翊,TPEX,20,415.0,386.6581,7.33,52746.0,646.78,28.0,674.78,1.23,0.05,0,1,0,0,-199.0,0.0,,,,,,,0.0,1.61,1.61
2026-04-24,8047,星雲,TPEX,20,56.9,56.3307,1.01,3551.0,-56.0,0.0,-56.0,-1.58,0.0,3,0,0,0,25.0,0.0,,,,,,,0.0,1.58,1.58
2026-04-24,3526,凡甲,TPEX,20,269.5,281.8984,-4.4,12679.0,-332.67,-43.0,-375.67,-2.62,-0.34,6,0,0,0,39.0,0.0,,,,,,,0.0,1.53,1.53
2026-04-24,7810,捷創科技,TPEX,20,213.5,254.8165,-16.21,7383.0,-12.96,0.0,-12.96,-0.18,0.0,1,0,0,0,13.01,0.0,,,,,,,0.0,1.51,1.51
2026-04-24,8354,冠好,TPEX,20,16.8,17.5468,-4.26,9524.0,16.43,0.0,16.43,0.17,0.0,0,1,0,0,-14.0,0.0,,,,,,,0.0,1.48,1.48
2026-04-24,6788,華景電,TPEX,20,459.0,419.103,9.52,54504.0,783.32,156.0,939.32,1.44,0.29,0,1,1,0,-100.09,91.0,,,,,,,0.0,1.47,1.47
2026-04-24,6113,亞矽,TPEX,20,22.95,22.7373,0.94,9747.0,-19.43,0.0,-19.43,-0.2,0.0,1,0,0,0,9.0,0.0,,,,,,,0.0,1.44,1.44
2026-04-24,8027,鈦昇,TPEX,20,156.5,145.3808,7.65,249220.0,-2280.82,0.0,-2280.82,-0.92,0.0,2,0,0,0,350.4,0.0,,,,,,,0.0,1.44,1.44
2026-04-24,6196,帆宣,TWSE,20,386.0,339.7075,13.63,65327.34,4057.09,-712.49,3344.59,6.21,-1.09,2,0,0,13,89.02,-52.0,,,,,,,0.0,1.29,1.29
2026-04-24,5547,久舜,TPEX,20,21.3,22.0121,-3.23,1155.0,-3.0,0.0,-3.0,-0.26,0.0,1,0,0,0,1.0,0.0,,,,,,,0.0,1.27,1.27
2026-04-24,6689,伊雲谷,TWSE,20,70.0,75.0517,-6.73,10977.24,87.54,0.0,87.54,0.8,0.0,0,2,0,0,-66.0,0.0,,,,,,,0.0,1.23,1.23
2026-04-24,4127,天良,TPEX,20,38.35,37.5904,2.02,1437.0,-4.0,0.0,-4.0,-0.28,0.0,1,0,0,0,11.0,0.0,,,,,,,0.0,1.22,1.22
2026-04-24,6881,潤德,TPEX,20,253.0,245.0939,3.23,229.0,1.0,0.0,1.0,0.44,0.0,0,0,0,0,0.0,0.0,,,,,,,0.0,1.22,1.22
2026-04-24,2380,虹光,TWSE,20,5.1,5.3827,-5.25,5999.18,4.12,0.0,4.12,0.07,0.0,0,1,0,0,-1.0,0.0,,,,,,,0.0,1.19,1.19
2026-04-24,5210,寶碩,TPEX,20,22.85,22.5902,1.15,3115.0,-9.0,0.0,-9.0,-0.29,0.0,1,0,0,0,2.0,0.0,,,,,,,0.0,1.19,1.19
2026-04-24,6692,進能服,TPEX,20,32.35,32.0664,0.88,1025.0,-3.0,0.0,-3.0,-0.29,0.0,1,0,0,0,1.0,0.0,,,,,,,0.0,1.18,1.18
2026-04-24,2468,華經,TWSE,20,34.05,34.7722,-2.08,6589.2,27.34,0.0,27.34,0.41,0.0,0,3,0,0,-39.0,0.0,,,,,,,0.0,1.16,1.16
2026-04-24,6517,保勝光學,TPEX,20,58.4,59.1376,-1.25,4178.0,-13.0,0.0,-13.0,-0.31,0.0,1,0,0,0,15.0,0.0,,,,,,,0.0,1.13,1.13
2026-04-24,8087,麗升能源,TPEX,20,34.1,35.4063,-3.69,940.0,-3.0,0.0,-3.0,-0.32,0.0,1,0,0,0,21.0,0.0,,,,,,,0.0,1.11,1.11
2026-04-24,5905,南仁湖,TPEX,20,7.89,8.2904,-4.83,18382.0,4.67,0.0,4.67,0.03,0.0,0,1,0,0,-1.0,0.0,,,,,,,0.0,1.07,1.07
2026-04-24,6550,北極星藥業-KY,TWSE,20,17.45,18.9028,-7.69,28193.89,408.25,0.0,408.25,1.45,0.0,0,3,0,0,-223.0,0.0,,,,,,,0.0,1.05,1.05
2026-04-24,5364,力麗店,TPEX,20,10.65,11.3349,-6.04,5543.0,-19.0,0.0,-19.0,-0.34,0.0,1,0,0,0,14.0,0.0,,,,,,,0.0,1.04,1.04
2026-04-24,3321,同泰,TWSE,20,16.1,16.377,-1.69,6439.79,67.92,0.0,67.92,1.05,0.0,0,4,0,0,-36.0,0.0,,,,,,,0.0,0.95,0.95
2026-04-24,4907,富宇,TPEX,20,39.0,40.2001,-2.99,1055.0,-4.0,0.0,-4.0,-0.38,0.0,1,0,0,0,1.0,0.0,,,,,,,0.0,0.94,0.94
2026-04-24,1623,大東電,TWSE,20,240.0,231.4137,3.71,7304.16,128.5,0.0,128.5,1.76,0.0,0,2,0,0,-11.0,0.0,,,,,,,0.0,0.93,0.93
2026-04-24,2353,宏碁,TWSE,20,27.65,27.8018,-0.55,434858.51,-2759.84,12094.06,9334.23,-0.63,2.78,0,5,0,1,-5510.2,-979.62,,,,,,,0.0,0.9,0.9
2026-04-24,3515,華擎,TWSE,20,226.5,220.1531,2.88,12922.6,149.16,-169.47,-20.31,1.15,-1.31,1,0,0,0,88.38,0.0,,,,,,,0.0,0.9,0.9
2026-04-24,4952,凌通,TWSE,20,50.3,49.5249,1.57,21017.4,60.34,6.0,66.34,0.29,0.03,0,3,0,0,-120.0,0.0,,,,,,,0.0,0.9,0.9
2026-04-24,6285,啟碁,TWSE,20,208.5,220.5469,-5.46,795162.61,11773.42,5357.9,17131.32,1.48,0.67,2,0,0,6,5098.95,-1716.0,,,,,,,0.0,0.87,0.87
2026-04-24,2886,兆豐金,TWSE,20,39.55,39.2805,0.69,531325.21,93094.27,-39715.92,53378.35,17.52,-7.47,0,1,0,11,-1230.77,-7511.7,,,,,,,0.0,0.85,0.85
2026-04-24,6259,百徽,TPEX,20,19.45,22.2864,-12.73,13260.0,-55.91,0.0,-55.91,-0.42,0.0,1,0,0,0,20.0,0.0,,,,,,,0.0,0.82,0.82
2026-04-24,8404,百和興業-KY,TWSE,20,16.6,17.8247,-6.87,10589.04,-140.95,1.47,-139.49,-1.33,0.01,1,0,1,0,80.0,1.47,,,,,,,0.0,0.82,0.82
2026-04-24,1725,元禎,TWSE,20,31.9,32.1707,-0.84,6661.6,18.91,0.0,18.91,0.28,0.0,0,3,0,0,-17.0,0.0,,,,,,,0.0,0.79,0.79
2026-04-24,6616,特昇-KY,TPEX,20,10.05,10.1494,-0.98,1319.0,-6.0,0.0,-6.0,-0.45,0.0,1,0,0,0,1.0,0.0,,,,,,,0.0,0.73,0.73
2026-04-24,6756,威鋒電子,TWSE,20,89.1,83.2517,7.02,6735.43,68.91,-13.02,55.89,1.02,-0.19,0,2,1,0,-15.62,2.01,,,,,,,0.0,0.73,0.73
2026-04-24,8906,花王,TPEX,20,27.25,28.1229,-3.1,1268.0,-15.0,0.0,-15.0,-1.18,0.0,2,0,0,0,1.0,0.0,,,,,,,0.0,0.69,0.69
2026-04-24,3272,東碩,TPEX,20,18.5,18.8823,-2.02,4922.0,-24.0,0.0,-24.0,-0.49,0.0,1,0,0,0,7.0,0.0,,,,,,,0.0,0.63,0.63
2026-04-24,4903,聯光通,TPEX,20,45.95,49.1524,-6.52,204199.0,-1018.6,0.0,-1018.6,-0.5,0.0,1,0,0,0,134.8,0.0,,,,,,,0.0,0.6,0.6
2026-04-24,2412,中華電,TWSE,20,135.5,135.0637,0.32,181412.95,15900.29,-10440.98,5459.31,8.76,-5.76,0,3,0,2,-1147.15,-290.11,,,,,,,0.0,0.55,0.55
2026-04-24,9931,欣高,TWSE,20,36.0,37.7997,-4.76,6569.93,35.6,0.0,35.6,0.54,0.0,0,2,0,0,-30.0,0.0,,,,,,,0.0,0.52,0.52
2026-04-24,8426,紅木-KY,TPEX,20,24.0,25.0424,-4.16,801.0,-10.0,0.0,-10.0,-1.25,0.0,2,0,0,0,11.0,0.0,,,,,,,0.0,0.5,0.5
2026-04-24,5493,三聯,TPEX,20,90.0,84.9021,6.0,5593.0,89.15,0.0,89.15,1.59,0.0,0,2,0,0,-201.0,0.0,,,,,,,0.0,0.46,0.46
2026-04-24,8107,大億金茂,TPEX,20,13.1,12.9882,0.86,2001.0,-11.0,0.0,-11.0,-0.55,0.0,1,0,0,0,23.0,0.0,,,,,,,0.0,0.46,0.46
2026-04-24,3115,富榮綱,TPEX,20,10.2,9.8344,3.72,721.0,-4.0,0.0,-4.0,-0.55,0.0,1,0,0,0,1.0,0.0,,,,,,,0.0,0.45,0.45
2026-04-24,1316,上曜,TWSE,20,11.1,11.8764,-6.54,37076.5,-1000.67,0.0,-1000.67,-2.7,0.0,4,0,0,0,345.1,0.0,,,,,,,0.0,0.44,0.44
2026-04-24,3015,全漢,TWSE,20,50.5,50.7113,-0.42,5358.22,352.93,-219.18,133.75,6.59,-4.09,1,0,0,16,22.0,-10.68,,,,,,,0.0,0.44,0.44
2026-04-24,2459,敦吉,TWSE,20,68.0,66.9383,1.59,2335.01,-11.15,-2.1,-13.26,-0.48,-0.09,1,0,0,0,27.0,0.0,,,,,,,0.0,0.37,0.37
2026-04-24,3095,及成,TPEX,20,43.5,37.3173,16.57,832.0,7.0,0.0,7.0,0.84,0.0,1,0,0,0,4.0,0.0,,,,,,,0.0,0.36,0.36
2026-04-24,6654,天正國際,TPEX,20,91.1,88.4335,3.02,507.0,-3.0,0.0,-3.0,-0.59,0.0,1,0,0,0,4.0,0.0,,,,,,,0.0,0.34,0.34
2026-04-24,2406,國碩,TWSE,20,28.7,33.8453,-15.2,272427.57,-1690.66,0.0,-1690.66,-0.62,0.0,1,0,0,0,800.77,0.0,,,,,,,0.0,0.26,0.26
2026-04-24,3265,台星科,TPEX,20,173.5,162.028,7.08,90925.0,-486.52,-622.41,-1108.93,-0.54,-0.68,2,0,0,0,869.0,0.0,,,,,,,0.0,0.24,0.24
2026-04-24,3042,晶技,TWSE,20,144.5,127.3004,13.51,207362.48,7378.66,-2666.66,4712.01,3.56,-1.29,3,0,0,3,896.4,-422.0,,,,,,,0.0,0.22,0.22
2026-04-24,2351,順德,TWSE,20,147.0,131.8346,11.5,196345.49,-2504.86,449.94,-2054.92,-1.28,0.23,0,1,2,0,-1251.15,55.0,,,,,,,0.0,0.18,0.18
2026-04-24,6124,業強,TPEX,20,31.1,30.9844,0.37,2140.0,-14.05,0.0,-14.05,-0.66,0.0,1,0,0,0,14.0,0.0,,,,,,,0.0,0.16,0.16
2026-04-24,4155,訊映,TWSE,20,13.1,13.2681,-1.27,4393.05,64.98,0.0,64.98,1.48,0.0,0,6,0,0,-33.0,0.0,,,,,,,0.0,0.14,0.14
2026-04-24,2070,精湛,TPEX,20,54.6,51.3584,6.31,15363.0,223.99,0.0,223.99,1.46,0.0,0,2,0,0,-230.0,0.0,,,,,,,0.0,0.08,0.08
2026-04-24,1210,大成,TWSE,20,53.1,54.3825,-2.36,48640.45,9800.17,-8844.0,956.17,20.15,-18.18,5,0,0,14,704.18,-965.0,,,,,,,0.0,0.07,0.07
2026-04-24,8081,致新,TWSE,20,260.5,243.9197,6.8,11839.7,-219.96,26.56,-193.41,-1.86,0.22,1,0,1,0,98.7,9.0,,,,,,,0.0,0.04,0.04
2026-04-24,1213,大飲,TWSE,20,9.03,9.1919,-1.76,403.48,0.0,0.0,0.0,0.0,0.0,0,0,0,0,0.0,0.0,,,,,,,0.0,0.0,0.0
2026-04-24,2073,雄順,TPEX,20,,26.5719,,57.0,0.0,0.0,0.0,0.0,0.0,0,0,0,0,0.0,0.0,,,,,,,0.0,0.0,0.0
2026-04-24,2235,謚源,TPEX,20,32.1,32.7801,-2.07,173.0,0.0,0.0,0.0,0.0,0.0,0,0,0,0,0.0,0.0,,,,,,,0.0,0.0,0.0
2026-04-24,2321,東訊,TWSE,20,12.95,13.353,-3.02,320.06,0.0,0.0,0.0,0.0,0.0,0,0,0,0,0.0,0.0,,,,,,,0.0,0.0,0.0
2026-04-24,2724,藝舍-KY,TPEX,20,16.1,17.1299,-6.01,211.0,0.0,0.0,0.0,0.0,0.0,0,0,0,0,0.0,0.0,,,,,,,0.0,0.0,0.0
2026-04-24,2924,宏太-KY,TPEX,20,,19.5656,,45.0,0.0,0.0,0.0,0.0,0.0,0,0,0,0,0.0,0.0,,,,,,,0.0,0.0,0.0
2026-04-24,2947,振宇五金,TPEX,20,77.8,78.2098,-0.52,316.0,0.0,0.0,0.0,0.0,0.0,0,0,0,0,0.0,0.0,,,,,,,0.0,0.0,0.0
2026-04-24,2949,欣新網,TPEX,20,58.6,59.0444,-0.75,90.0,0.0,0.0,0.0,0.0,0.0,0,0,0,0,0.0,0.0,,,,,,,0.0,0.0,0.0
2026-04-24,3086,華義*,TPEX,13,42.5,63.1275,-32.68,16213.0,-1719.09,0.0,-1719.09,-10.6,0.0,0,6,0,0,-219.0,0.0,,,,,,,0.0,0.0,0.0
2026-04-24,3288,點晶,TPEX,20,15.9,15.3598,3.52,302.0,0.0,0.0,0.0,0.0,0.0,0,0,0,0,0.0,0.0,,,,,,,0.0,0.0,0.0
2026-04-24,3426,台興,TPEX,20,47.65,47.6162,0.07,788.0,0.0,0.0,0.0,0.0,0.0,0,0,0,0,0.0,0.0,,,,,,,0.0,0.0,0.0
2026-04-24,3629,地心引力,TPEX,20,,17.4026,,116.0,0.0,0.0,0.0,0.0,0.0,0,0,0,0,0.0,0.0,,,,,,,0.0,0.0,0.0
2026-04-24,4169,泰宗,TWSE,13,167.0,159.3378,4.81,8921.63,118.24,0.0,118.24,1.33,0.0,0,1,0,0,-137.0,0.0,,,,,,,0.0,0.0,0.0
2026-04-24,4183,福永生技,TPEX,20,15.1,15.3768,-1.8,99.0,0.0,0.0,0.0,0.0,0.0,0,0,0,0,0.0,0.0,,,,,,,0.0,0.0,0.0
2026-04-24,4192,杏國,TPEX,20,19.85,19.9662,-0.58,170.0,-0.0,0.0,-0.0,-0.0,0.0,0,0,0,0,0.0,0.0,,,,,,,0.0,-0.0,0.0
2026-04-24,4529,淳紳,TPEX,20,4.98,3.902,27.63,2228.0,0.0,0.0,0.0,0.0,0.0,0,0,0,0,0.0,0.0,,,,,,,0.0,0.0,0.0
2026-04-24,4584,君帆,TPEX,20,,41.2783,,196.0,0.0,0.0,0.0,0.0,0.0,0,0,0,0,0.0,0.0,,,,,,,0.0,0.0,0.0
2026-04-24,4609,唐鋒,TPEX,20,4.55,4.2828,6.24,611.0,0.0,0.0,0.0,0.0,0.0,0,0,0,0,0.0,0.0,,,,,,,0.0,0.0,0.0
2026-04-24,5205,中茂,TPEX,20,23.95,26.48,-9.55,95.0,0.0,0.0,0.0,0.0,0.0,0,0,0,0,0.0,0.0,,,,,,,0.0,0.0,0.0
2026-04-24,5301,寶得利,TPEX,20,8.8,9.2787,-5.16,139.0,0.0,0.0,0.0,0.0,0.0,0,0,0,0,0.0,0.0,,,,,,,0.0,0.0,0.0
2026-04-24,5345,馥鴻,TPEX,20,22.7,23.0272,-1.42,292.0,0.0,0.0,0.0,0.0,0.0,0,0,0,0,0.0,0.0,,,,,,,0.0,0.0,0.0
2026-04-24,5703,亞都,TPEX,20,,14.7966,,363.0,0.0,0.0,0.0,0.0,0.0,0,0,0,0,0.0,0.0,,,,,,,0.0,0.0,0.0
2026-04-24,5704,老爺知,TPEX,20,21.6,22.4742,-3.89,1302.0,0.0,0.0,0.0,0.0,0.0,0,0,0,0,0.0,0.0,,,,,,,0.0,0.0,0.0
2026-04-24,5878,台名,TPEX,20,,41.093,,172.0,0.0,0.0,0.0,0.0,0.0,0,0,0,0,0.0,0.0,,,,,,,0.0,0.0,0.0
2026-04-24,6210,慶生,TPEX,20,20.15,20.3567,-1.02,815.0,0.0,0.0,0.0,0.0,0.0,0,0,0,0,0.0,0.0,,,,,,,0.0,0.0,0.0
2026-04-24,6236,中湛,TPEX,20,,18.6833,,3.0,0.0,0.0,0.0,0.0,0.0,0,0,0,0,0.0,0.0,,,,,,,0.0,0.0,0.0
2026-04-24,6556,勝品,TPEX,20,70.0,67.7193,3.37,166.0,0.0,0.0,0.0,0.0,0.0,0,0,0,0,0.0,0.0,,,,,,,0.0,0.0,0.0
2026-04-24,6721,信實,TPEX,20,,58.5243,,296.0,0.0,0.0,0.0,0.0,0.0,0,0,0,0,0.0,0.0,,,,,,,0.0,0.0,0.0
2026-04-24,6856,鑫傳,TPEX,20,50.5,51.1437,-1.26,32.0,0.0,0.0,0.0,0.0,0.0,0,0,0,0,0.0,0.0,,,,,,,0.0,0.0,0.0
2026-04-24,6904,伯鑫,TPEX,20,117.5,118.8623,-1.15,69.0,0.0,0.0,0.0,0.0,0.0,0,0,0,0,0.0,0.0,,,,,,,0.0,0.0,0.0
2026-04-24,7716,昱臺國際,TPEX,20,,25.6061,,33.0,0.0,0.0,0.0,0.0,0.0,0,0,0,0,0.0,0.0,,,,,,,0.0,0.0,0.0
2026-04-24,7794,宏碁智新,TPEX,6,34.7,39.0767,-11.2,2872.43,0.09,0.0,0.09,0.0,0.0,0,1,0,0,-0.01,0.0,,,,,,,0.0,0.0,0.0
2026-04-24,7821,神數,TWSE,6,43.9,49.5059,-11.32,8665.39,68.1,0.0,68.1,0.79,0.0,2,0,0,0,19.0,0.0,,,,,,,0.0,0.0,0.0
2026-04-24,7822,倍利科,TWSE,18,1305.0,1597.3383,-18.3,14833.2,10.03,0.0,10.03,0.07,0.0,0,1,0,0,-28.95,0.0,,,,,,,0.0,0.0,0.0
2026-04-24,7828,創新服務,TPEX,4,1260.0,1440.8,-12.55,3751.7,133.13,0.0,133.13,3.55,0.0,0,2,0,0,-34.9,0.0,,,,,,,0.0,0.0,0.0
2026-04-24,8067,志旭,TPEX,20,13.3,13.6954,-2.89,98.0,0.0,0.0,0.0,0.0,0.0,0,0,0,0,0.0,0.0,,,,,,,0.0,0.0,0.0
2026-04-24,8101,華冠,TWSE,20,13.55,13.8242,-1.98,160.18,0.0,0.0,0.0,0.0,0.0,0,0,0,0,0.0,0.0,,,,,,,0.0,0.0,0.0
2026-04-24,8291,尚茂,TPEX,20,15.1,13.7917,9.49,114.0,0.0,0.0,0.0,0.0,0.0,0,0,0,0,0.0,0.0,,,,,,,0.0,0.0,0.0
2026-04-24,8416,實威,TPEX,20,173.5,170.9515,1.49,165.0,0.0,0.0,0.0,0.0,0.0,0,0,0,0,0.0,0.0,,,,,,,0.0,0.0,0.0
2026-04-24,8921,沈氏,TPEX,20,18.95,17.8578,6.12,237.0,0.0,0.0,0.0,0.0,0.0,0,0,0,0,0.0,0.0,,,,,,,0.0,0.0,0.0
2026-04-24,9110,越南控-DR,TWSE,20,2.94,3.0146,-2.47,835.0,0.0,0.0,0.0,0.0,0.0,0,0,0,0,0.0,0.0,,,,,,,0.0,0.0,0.0
2026-04-24,9928,中視,TWSE,20,17.55,17.8416,-1.63,1146.68,0.0,0.0,0.0,0.0,0.0,0,0,0,0,0.0,0.0,,,,,,,0.0,0.0,0.0
2026-04-24,2493,揚博,TWSE,20,119.0,132.1284,-9.94,70784.48,15.83,-125.0,-109.17,0.02,-0.18,0,1,1,0,-1322.85,188.0,,,,,,,0.0,-0.02,-0.02
2026-04-24,3081,聯亞,TPEX,20,2820.0,2249.0759,25.38,71048.0,-628.14,312.81,-315.33,-0.88,0.44,0,2,2,0,-237.42,81.12,,,,,,,0.0,-0.02,-0.02
2026-04-24,5348,正能量智能,TPEX,20,17.0,16.9491,0.3,426.0,-0.03,0.0,-0.03,-0.01,0.0,0,0,0,0,0.0,0.0,,,,,,,0.0,-0.02,-0.02
2026-04-24,6661,威健生技,TPEX,20,18.5,18.4741,0.14,164.0,-0.01,0.0,-0.01,-0.01,0.0,0,0,0,0,0.0,0.0,,,,,,,0.0,-0.02,-0.02
2026-04-24,5244,弘凱,TWSE,20,40.25,43.7519,-8.0,57140.95,192.0,0.0,192.0,0.34,0.0,0,2,0,0,-237.0,0.0,,,,,,,0.0,-0.06,-0.06
2026-04-24,2414,精技,TWSE,20,46.0,44.6643,2.99,4634.82,-34.5,0.0,-34.5,-0.74,0.0,1,0,0,0,3.0,0.0,,,,,,,0.0,-0.08,-0.08
2026-04-24,8923,時報,TPEX,20,19.6,20.1547,-2.75,159.0,-0.04,0.0,-0.04,-0.03,0.0,0,0,0,0,0.0,0.0,,,,,,,0.0,-0.08,-0.08
2026-04-24,2236,百達-KY,TWSE,20,134.0,122.0309,9.81,11036.63,232.54,0.0,232.54,2.11,0.0,0,1,0,0,-82.75,0.0,,,,,,,0.0,-0.1,-0.1
2026-04-24,4174,浩鼎,TPEX,20,31.5,36.5991,-13.93,8481.0,-64.53,0.0,-64.53,-0.76,0.0,1,0,0,0,213.0,0.0,,,,,,,0.0,-0.13,-0.13
2026-04-24,6229,研通,TPEX,20,25.9,25.4113,1.92,7421.0,-57.0,0.0,-57.0,-0.77,0.0,1,0,0,0,10.0,0.0,,,,,,,0.0,-0.15,-0.15
2026-04-24,6512,啟發電,TPEX,20,19.1,19.5491,-2.3,164.0,-0.09,0.0,-0.09,-0.06,0.0,0,0,0,0,0.0,0.0,,,,,,,0.0,-0.16,-0.16
2026-04-24,6725,矽科宏晟,TPEX,20,355.0,342.0827,3.78,34405.0,223.26,0.0,223.26,0.65,0.0,0,1,0,0,-284.0,0.0,,,,,,,0.0,-0.18,-0.18
2026-04-24,4545,銘鈺,TWSE,20,29.65,30.8092,-3.76,2755.97,-21.61,0.0,-21.61,-0.78,0.0,1,0,0,0,3.0,0.0,,,,,,,0.0,-0.2,-0.2
2026-04-24,6217,中探針,TPEX,20,295.0,220.298,33.91,172487.0,-6429.44,126.0,-6303.44,-3.73,0.07,6,0,0,0,267.0,0.0,,,,,,,0.0,-0.2,-0.2
2026-04-24,8941,關中,TPEX,20,44.35,45.3508,-2.21,127.0,-1.0,0.0,-1.0,-0.79,0.0,1,0,0,0,1.0,0.0,,,,,,,0.0,-0.2,-0.2
2026-04-24,6569,醫揚,TPEX,20,96.3,100.6859,-4.36,1016.0,-8.07,0.0,-8.07,-0.79,0.0,1,0,0,0,3.93,0.0,,,,,,,0.0,-0.22,-0.22
2026-04-24,1558,伸興,TWSE,20,91.7,92.6154,-0.99,884.64,44.33,-10.16,34.17,5.01,-1.15,0,2,0,13,-38.0,-0.57,,,,,,,0.0,-0.26,-0.26
2026-04-24,1742,台蠟,TPEX,20,15.55,16.0869,-3.34,811.0,-1.0,0.0,-1.0,-0.12,0.0,0,0,0,0,0.0,0.0,,,,,,,0.0,-0.35,-0.35
2026-04-24,6508,惠光,TPEX,20,26.35,27.1657,-3.0,1907.0,-16.07,0.0,-16.07,-0.84,0.0,1,0,0,0,8.0,0.0,,,,,,,0.0,-0.36,-0.36
2026-04-24,5243,乙盛-KY,TWSE,20,119.0,99.0467,20.15,139275.6,5387.68,-521.0,4866.68,3.87,-0.37,0,3,0,0,-546.0,0.0,,,,,,,0.0,-0.4,-0.4
2026-04-24,3715,定穎投控,TWSE,20,183.0,188.5757,-2.96,731503.93,-9516.36,-2810.18,-12326.55,-1.3,-0.38,1,0,1,0,1598.05,79.0,,,,,,,0.0,-0.41,-0.41
2026-04-24,1436,華友聯,TWSE,20,50.8,52.5806,-3.39,4181.55,91.2,-13.0,78.2,2.18,-0.31,0,3,0,1,-16.0,-2.0,,,,,,,0.0,-0.42,-0.42
2026-04-24,3135,凌航,TWSE,20,132.5,120.5392,9.92,78960.05,1570.73,0.0,1570.73,1.99,0.0,0,1,0,0,-797.8,0.0,,,,,,,0.0,-0.43,-0.43
2026-04-24,6841,長佳智能,TPEX,20,58.5,59.7794,-2.14,5360.0,-47.1,0.0,-47.1,-0.88,0.0,1,0,0,0,9.0,0.0,,,,,,,0.0,-0.46,-0.46
2026-04-24,6221,晉泰,TPEX,20,26.25,26.9295,-2.52,4689.0,-108.87,0.0,-108.87,-2.32,0.0,3,0,0,0,9.0,0.0,,,,,,,0.0,-0.5,-0.5
2026-04-24,6961,旅天下,TPEX,20,58.0,57.533,0.81,1001.0,-9.0,0.0,-9.0,-0.9,0.0,1,0,0,0,1.0,0.0,,,,,,,0.0,-0.52,-0.52
2026-04-24,3609,三一東林,TPEX,20,23.7,26.2492,-9.71,3431.0,-31.0,0.0,-31.0,-0.9,0.0,1,0,0,0,6.0,0.0,,,,,,,0.0,-0.53,-0.53
2026-04-24,4707,磐亞,TPEX,20,15.15,14.0818,7.59,102907.0,538.1,0.0,538.1,0.52,0.0,0,1,0,0,-301.0,0.0,,,,,,,0.0,-0.54,-0.54
2026-04-24,3518,柏騰,TWSE,20,30.3,28.3138,7.02,28292.99,348.08,0.0,348.08,1.23,0.0,0,2,0,0,-22.28,0.0,,,,,,,0.0,-0.56,-0.56
2026-04-24,5880,合庫金,TWSE,20,23.0,23.5822,-2.47,307351.73,14478.66,-2119.98,12358.68,4.71,-0.69,0,5,0,3,-8975.56,-113.58,,,,,,,0.0,-0.59,-0.59
2026-04-24,6190,萬泰科,TPEX,20,74.5,62.7569,18.71,311221.0,6003.45,0.0,6003.45,1.93,0.0,0,1,0,0,-549.6,0.0,,,,,,,0.0,-0.6,-0.6
2026-04-24,2883,凱基金,TWSE,20,20.3,20.5417,-1.18,806416.06,19276.52,-7008.5,12268.02,2.39,-0.87,1,0,0,10,1026.05,-1064.06,,,,,,,0.0,-0.67,-0.67
2026-04-24,4562,穎漢,TWSE,20,31.5,35.4083,-11.04,14292.3,-443.56,0.0,-443.56,-3.1,0.0,4,0,0,0,69.7,0.0,,,,,,,0.0,-0.69,-0.69
2026-04-24,3531,先益,TPEX,20,23.4,23.0082,1.7,395.0,-1.0,0.0,-1.0,-0.25,0.0,0,0,0,0,0.0,0.0,,,,,,,0.0,-0.71,-0.71
2026-04-24,4743,合一,TPEX,20,50.6,53.4291,-5.3,34788.0,34.31,0.0,34.31,0.1,0.0,0,2,0,0,-188.0,0.0,,,,,,,0.0,-0.72,-0.72
2026-04-24,2640,大車隊,TPEX,20,170.0,184.232,-7.73,3463.0,-9.76,0.0,-9.76,-0.28,0.0,0,0,0,0,0.0,0.0,,,,,,,0.0,-0.79,-0.79
2026-04-24,1906,寶隆,TWSE,20,11.5,12.6229,-8.9,13909.55,-143.21,0.0,-143.21,-1.03,0.0,1,0,0,0,3.0,0.0,,,,,,,0.0,-0.88,-0.88
2026-04-24,1783,和康生,TWSE,20,39.45,41.6803,-5.35,2189.01,0.54,0.0,0.54,0.02,0.0,0,2,0,0,-12.0,0.0,,,,,,,0.0,-0.93,-0.93
2026-04-24,3085,新零售,TPEX,20,11.3,12.6419,-10.61,302.0,-1.0,0.0,-1.0,-0.33,0.0,0,0,0,0,0.0,0.0,,,,,,,0.0,-0.93,-0.93
2026-04-24,4414,如興,TWSE,20,10.25,11.4883,-10.78,10394.6,-109.05,0.0,-109.05,-1.05,0.0,1,0,0,0,25.0,0.0,,,,,,,0.0,-0.94,-0.94
2026-04-24,3191,雲嘉南,TPEX,20,13.8,13.5979,1.49,290.0,-1.0,0.0,-1.0,-0.34,0.0,0,0,0,0,0.0,0.0,,,,,,,0.0,-0.97,-0.97
2026-04-24,5236,凌陽創新,TPEX,20,165.5,156.0207,6.08,8894.0,164.03,-6.0,158.03,1.84,-0.07,0,3,0,0,-87.0,0.0,,,,,,,0.0,-1.06,-1.06
2026-04-24,6708,天擎,TPEX,20,43.75,41.4888,5.45,796.0,-3.0,0.0,-3.0,-0.38,0.0,0,0,0,0,0.0,0.0,,,,,,,0.0,-1.06,-1.06
2026-04-24,2032,新鋼,TWSE,20,15.25,16.893,-9.73,13804.74,191.65,0.0,191.65,1.39,0.0,0,4,0,0,-47.0,0.0,,,,,,,0.0,-1.11,-1.11
2026-04-24,2740,華軒,TPEX,20,42.0,37.724,11.33,248.0,-1.0,0.0,-1.0,-0.4,0.0,0,0,0,0,0.0,0.0,,,,,,,0.0,-1.13,-1.13
2026-04-24,9910,豐泰,TWSE,20,73.0,77.8771,-6.26,38686.78,-8035.2,3866.67,-4168.53,-20.77,9.99,0,6,5,0,-2404.9,710.73,,,,,,,0.0,-1.13,-1.13
2026-04-24,3092,鴻碩,TWSE,20,31.8,33.6676,-5.55,27576.62,-518.66,0.0,-518.66,-1.88,0.0,2,0,0,0,6.04,0.0,,,,,,,0.0,-1.27,-1.27
2026-04-24,8086,宏捷科,TPEX,20,138.0,141.9833,-2.81,196680.0,-2308.08,3.14,-2304.94,-1.17,0.0,1,0,0,0,1760.01,0.0,,,,,,,0.0,-1.28,-1.28
2026-04-24,6527,明達醫,TPEX,20,70.1,70.1913,-0.13,864.0,-4.0,0.0,-4.0,-0.46,0.0,0,0,0,0,0.0,0.0,,,,,,,0.0,-1.3,-1.3
2026-04-24,2316,楠梓電,TWSE,20,118.0,112.0018,5.36,168778.18,5341.21,-4183.0,1158.21,3.16,-2.48,0,1,0,0,-2132.9,0.0,,,,,,,0.0,-1.32,-1.32
2026-04-24,3443,創意,TWSE,20,4035.0,2879.3094,40.14,46350.84,-243.79,370.49,126.7,-0.53,0.8,2,0,0,1,158.94,-259.35,,,,,,,0.0,-1.33,-1.33
2026-04-24,8349,恒耀,TPEX,20,46.45,43.6988,6.3,5573.0,-67.11,0.0,-67.11,-1.2,0.0,1,0,0,0,279.0,0.0,,,,,,,0.0,-1.37,-1.37
2026-04-24,4131,浩泰,TPEX,20,35.7,35.3378,1.03,2043.0,-83.0,0.0,-83.0,-4.06,0.0,6,0,0,0,5.0,0.0,,,,,,,0.0,-1.38,-1.38
2026-04-24,6662,樂斯科,TPEX,20,29.5,29.6008,-0.34,198.0,-1.0,0.0,-1.0,-0.5,0.0,0,0,0,0,0.0,0.0,,,,,,,0.0,-1.41,-1.41
2026-04-24,6716,應廣,TPEX,20,84.0,77.45,8.46,9199.0,-113.0,0.0,-113.0,-1.23,0.0,1,0,0,0,157.0,0.0,,,,,,,0.0,-1.44,-1.44
2026-04-24,3285,微端,TPEX,20,28.05,28.1742,-0.44,387.0,-2.05,0.0,-2.05,-0.53,0.0,0,0,0,0,0.0,0.0,,,,,,,0.0,-1.48,-1.48
2026-04-24,4419,皇家美食,TPEX,20,45.3,51.0902,-11.33,554.0,-3.0,0.0,-3.0,-0.54,0.0,0,0,0,0,0.0,0.0,,,,,,,0.0,-1.52,-1.52
2026-04-24,6719,力智,TWSE,20,181.5,170.5311,6.43,9734.65,-110.12,-11.43,-121.56,-1.13,-0.12,1,0,0,0,264.0,0.0,,,,,,,0.0,-1.56,-1.56
2026-04-24,8215,明基材,TWSE,20,25.05,25.9637,-3.52,87648.82,720.04,-107.0,613.04,0.82,-0.12,0,2,0,1,-579.95,-8.0,,,,,,,0.0,-1.6,-1.6
2026-04-24,2495,普安,TWSE,20,39.85,40.5675,-1.77,242658.67,6933.22,-816.0,6117.22,2.86,-0.34,0,1,0,8,-1140.92,-114.0,,,,,,,0.0,-1.61,-1.61
2026-04-24,6290,良維,TPEX,20,317.0,251.1901,26.2,200211.0,3722.1,-501.56,3220.54,1.86,-0.25,0,1,0,0,-1461.95,0.0,,,,,,,0.0,-1.62,-1.62
2026-04-24,4706,大恭,TPEX,20,33.0,31.3027,5.42,512.0,-3.0,0.0,-3.0,-0.59,0.0,0,0,0,0,0.0,0.0,,,,,,,0.0,-1.64,-1.64
2026-04-24,8091,翔名,TPEX,20,182.0,176.1749,3.31,28262.0,-767.54,-2.84,-770.38,-2.72,-0.01,3,0,0,0,68.0,0.0,,,,,,,0.0,-1.64,-1.64
2026-04-24,6863,永道-KY,TWSE,20,99.8,96.3191,3.61,2114.01,32.87,0.0,32.87,1.55,0.0,0,3,0,0,-9.0,0.0,,,,,,,0.0,-1.65,-1.65
2026-04-24,3228,金麗科,TPEX,20,218.5,169.1314,29.19,19061.0,301.5,-5.0,296.5,1.58,-0.03,0,1,0,0,-315.08,0.0,,,,,,,0.0,-1.66,-1.66
2026-04-24,4163,鐿鈦,TPEX,20,104.0,107.3324,-3.1,531.0,-7.0,0.0,-7.0,-1.32,0.0,1,0,0,0,14.0,0.0,,,,,,,0.0,-1.69,-1.69
2026-04-24,7708,全家餐飲,TPEX,20,91.7,92.0994,-0.43,160.0,-1.0,0.0,-1.0,-0.62,0.0,0,0,0,0,0.0,0.0,,,,,,,0.0,-1.75,-1.75
2026-04-24,3313,斐成,TPEX,20,12.1,12.739,-5.02,2911.0,12.8,0.0,12.8,0.44,0.0,0,3,0,0,-8.0,0.0,,,,,,,0.0,-1.77,-1.77
2026-04-24,6169,昱泉,TPEX,20,16.5,16.6539,-0.92,467.0,-3.0,0.0,-3.0,-0.64,0.0,0,0,0,0,0.0,0.0,,,,,,,0.0,-1.8,-1.8
2026-04-24,5520,力泰,TPEX,20,,81.6201,,154.0,-1.0,0.0,-1.0,-0.65,0.0,0,0,0,0,0.0,0.0,,,,,,,0.0,-1.82,-1.82
2026-04-24,6590,普鴻,TPEX,20,70.0,70.9799,-1.38,308.0,-2.0,0.0,-2.0,-0.65,0.0,0,0,0,0,0.0,0.0,,,,,,,0.0,-1.82,-1.82
2026-04-24,6531,愛普*,TWSE,20,788.0,643.8184,22.39,156398.04,-1183.02,1312.61,129.59,-0.76,0.84,2,0,0,1,1216.47,-4.0,,,,,,,0.0,-1.85,-1.85
2026-04-24,8064,東捷,TPEX,20,84.2,77.2817,8.95,298788.0,-6255.14,0.0,-6255.14,-2.09,0.0,2,0,0,0,5358.7,0.0,,,,,,,0.0,-1.86,-1.86
2026-04-24,2302,麗正,TWSE,20,17.95,18.7494,-4.26,15635.4,-218.17,0.0,-218.17,-1.4,0.0,1,0,0,0,168.0,0.0,,,,,,,0.0,-1.91,-1.91
2026-04-24,8162,微矽電子-創,TWSE,20,53.6,48.6219,10.24,15789.47,227.0,0.0,227.0,1.44,0.0,0,1,0,0,-135.0,0.0,,,,,,,0.0,-1.97,-1.97
2026-04-24,6855,數泓科,TPEX,20,106.5,106.9524,-0.42,231.0,0.0,0.0,0.0,0.0,0.0,0,1,0,0,-1.0,0.0,,,,,,,0.0,-2.0,-2.0
2026-04-24,8176,智捷,TPEX,20,10.55,10.9514,-3.67,4991.0,17.82,0.0,17.82,0.36,0.0,0,3,0,0,-1.0,0.0,,,,,,,0.0,-2.0,-2.0
2026-04-24,5211,蒙恬,TPEX,20,21.45,22.272,-3.69,1364.0,-0.11,0.0,-0.11,-0.01,0.0,0,1,0,0,-1.0,0.0,,,,,,,0.0,-2.02,-2.02
2026-04-24,2338,光罩,TWSE,20,47.35,49.1349,-3.63,131496.79,-1896.1,1.99,-1894.12,-1.44,0.0,1,0,0,0,48.13,0.0,,,,,,,0.0,-2.03,-2.03
2026-04-24,4188,安克,TPEX,20,12.3,12.2138,0.71,688.0,-5.0,0.0,-5.0,-0.73,0.0,0,0,0,0,0.0,0.0,,,,,,,0.0,-2.03,-2.03
2026-04-24,8147,正淩,TPEX,20,164.0,154.8384,5.92,16841.0,-246.2,0.0,-246.2,-1.46,0.0,1,0,0,0,47.0,0.0,,,,,,,0.0,-2.09,-2.09
2026-04-24,3504,揚明光,TWSE,20,66.3,67.5741,-1.89,33256.85,-18.09,0.0,-18.09,-0.05,0.0,0,1,0,0,-96.28,0.0,,,,,,,0.0,-2.15,-2.15
2026-04-24,8342,益張,TPEX,20,,90.5402,,127.0,-1.0,0.0,-1.0,-0.79,0.0,0,0,0,0,0.0,0.0,,,,,,,0.0,-2.2,-2.2
2026-04-24,4413,飛寶企業,TPEX,20,19.2,18.4345,4.15,252.0,-2.0,0.0,-2.0,-0.79,0.0,0,0,0,0,0.0,0.0,,,,,,,0.0,-2.22,-2.22
2026-04-24,2061,風青,TPEX,20,16.95,16.23,4.44,3822.0,24.02,0.0,24.02,0.63,0.0,0,2,0,0,-49.0,0.0,,,,,,,0.0,-2.24,-2.24
2026-04-24,7547,碩網,TPEX,20,74.1,82.2102,-9.87,24161.0,-22.0,0.0,-22.0,-0.09,0.0,0,1,0,0,-40.0,0.0,,,,,,,0.0,-2.25,-2.25
2026-04-24,3093,港建*,TPEX,20,61.6,65.5813,-6.07,88446.0,-96.77,0.0,-96.77,-0.11,0.0,0,1,0,0,-644.0,0.0,,,,,,,0.0,-2.31,-2.31
2026-04-24,3067,全域,TPEX,20,18.4,19.415,-5.23,237.0,-2.0,0.0,-2.0,-0.84,0.0,0,0,0,0,0.0,0.0,,,,,,,0.0,-2.36,-2.36
2026-04-24,6278,台表科,TWSE,20,145.0,136.4211,6.29,181797.02,12886.27,-10860.78,2025.48,7.09,-5.97,6,0,0,13,527.15,-86.85,,,,,,,0.0,-2.37,-2.37
2026-04-24,3310,佳穎,TPEX,20,68.4,76.0808,-10.1,7423.0,16.0,0.0,16.0,0.22,0.0,0,3,0,0,-22.0,0.0,,,,,,,0.0,-2.4,-2.4
2026-04-24,3593,力銘,TWSE,20,19.2,17.4684,9.91,1910.96,-2.8,0.0,-2.8,-0.15,0.0,0,1,0,0,-1.0,0.0,,,,,,,0.0,-2.41,-2.41
2026-04-24,1472,三洋實業,TWSE,20,94.4,95.2981,-0.94,561.96,-8.93,0.0,-8.93,-1.59,0.0,1,0,0,0,1.0,0.0,,,,,,,0.0,-2.45,-2.45
2026-04-24,4558,寶緯,TPEX,20,19.3,20.3608,-5.21,2393.0,-4.0,0.0,-4.0,-0.17,0.0,0,1,0,0,-4.0,0.0,,,,,,,0.0,-2.47,-2.47
2026-04-24,2369,菱生,TWSE,20,29.05,30.8996,-5.99,334177.22,-5389.87,-5.31,-5395.19,-1.61,-0.0,1,0,0,0,941.15,0.0,,,,,,,0.0,-2.52,-2.52
2026-04-24,4205,中華食,TPEX,20,75.0,77.3577,-3.05,511.0,0.8,0.0,0.8,0.16,0.0,0,3,0,0,-12.0,0.0,,,,,,,0.0,-2.56,-2.56
2026-04-24,5902,德記,TPEX,20,38.55,38.3595,0.5,655.0,-6.0,0.0,-6.0,-0.92,0.0,0,0,0,0,0.0,0.0,,,,,,,0.0,-2.56,-2.56
2026-04-24,6730,常廣,TPEX,20,38.8,37.8308,2.56,940.0,-2.0,0.0,-2.0,-0.21,0.0,0,1,0,0,-1.0,0.0,,,,,,,0.0,-2.6,-2.6
2026-04-24,3701,大眾控,TWSE,20,65.4,66.8022,-2.1,191918.31,1697.17,-344.0,1353.17,0.88,-0.18,1,0,0,8,1527.35,-48.0,,,,,,,0.0,-2.62,-2.62
2026-04-24,1815,富喬,TPEX,20,108.5,113.9069,-4.75,1423338.0,1566.54,-14850.87,-13284.33,0.11,-1.04,0,1,1,0,-9783.98,0.72,,,,,,,0.0,-2.63,-2.63
2026-04-24,5355,佳總,TPEX,20,6.53,6.5676,-0.57,1489.0,-14.0,0.0,-14.0,-0.94,0.0,0,0,0,0,0.0,0.0,,,,,,,0.0,-2.63,-2.63
2026-04-24,6234,高僑,TPEX,20,43.85,37.2983,17.57,82581.0,1571.49,0.0,1571.49,1.9,0.0,0,2,0,0,-1080.56,0.0,,,,,,,0.0,-2.67,-2.67
2026-04-24,6270,倍微,TPEX,20,27.7,28.6562,-3.34,31797.0,-530.0,0.0,-530.0,-1.67,0.0,1,0,0,0,71.0,0.0,,,,,,,0.0,-2.67,-2.67
2026-04-24,6141,柏承,TWSE,20,30.9,28.4484,8.62,54822.36,-138.23,0.0,-138.23,-0.25,0.0,0,1,0,0,-8.02,0.0,,,,,,,0.0,-2.71,-2.71
2026-04-24,1476,儒鴻,TWSE,20,338.5,335.2942,0.96,30694.08,-2982.09,2043.32,-938.77,-9.72,6.66,0,6,5,0,-316.24,403.92,,,,,,,0.0,-2.74,-2.74
2026-04-24,4911,德英,TPEX,20,34.5,38.8573,-11.21,1477.0,-25.0,0.0,-25.0,-1.69,0.0,1,0,0,0,2.0,0.0,,,,,,,0.0,-2.74,-2.74
2026-04-24,6198,瑞築,TPEX,20,22.0,22.0898,-0.41,509.0,-5.0,0.0,-5.0,-0.98,0.0,0,0,0,0,0.0,0.0,,,,,,,0.0,-2.75,-2.75
2026-04-24,3580,友威科,TPEX,20,79.6,80.604,-1.25,29054.0,-496.41,0.0,-496.41,-1.71,0.0,1,0,0,0,193.0,0.0,,,,,,,0.0,-2.78,-2.78
2026-04-24,6743,安普新,TWSE,20,25.3,23.4145,8.05,5471.94,101.21,0.0,101.21,1.85,0.0,0,2,0,0,-0.1,0.0,,,,,,,0.0,-2.82,-2.82
2026-04-24,3710,連展投控,TPEX,20,7.23,7.468,-3.19,22647.0,-559.19,0.0,-559.19,-2.47,0.0,2,0,0,0,43.0,0.0,,,,,,,0.0,-2.91,-2.91
2026-04-24,8227,巨有科技,TPEX,20,164.5,153.4874,7.17,23183.0,-75.65,0.0,-75.65,-0.33,0.0,0,1,0,0,-151.0,0.0,,,,,,,0.0,-2.91,-2.91
2026-04-24,2497,怡利電,TWSE,20,58.4,54.3135,7.52,23321.72,1490.53,-306.0,1184.53,6.39,-1.31,0,2,0,8,-263.0,-48.0,,,,,,,0.0,-2.93,-2.93
2026-04-24,3434,哲固,TPEX,20,29.75,30.5425,-2.59,3277.0,-11.0,0.0,-11.0,-0.34,0.0,0,1,0,0,-10.0,0.0,,,,,,,0.0,-2.94,-2.94
2026-04-24,4416,三圓,TPEX,20,13.85,14.5074,-4.53,10227.0,-38.01,0.0,-38.01,-0.37,0.0,0,1,0,0,-24.0,0.0,,,,,,,0.0,-3.04,-3.04
2026-04-24,2031,新光鋼,TWSE,20,38.85,40.34,-3.69,15474.85,268.1,-20.0,248.1,1.73,-0.13,0,4,0,1,-262.0,-3.0,,,,,,,0.0,-3.08,-3.08
2026-04-24,7556,意德士,TPEX,20,303.0,266.4267,13.73,5226.0,-95.01,0.0,-95.01,-1.82,0.0,1,0,0,0,3.0,0.0,,,,,,,0.0,-3.09,-3.09
2026-04-24,3338,泰碩,TWSE,20,81.2,76.6702,5.91,83876.35,270.99,0.0,270.99,0.32,0.0,0,2,0,0,-866.27,0.0,,,,,,,0.0,-3.1,-3.1
2026-04-24,2103,台橡,TWSE,20,18.55,19.3764,-4.27,88048.96,-338.15,-9.0,-347.15,-0.38,-0.01,0,1,0,0,-777.74,0.0,,,,,,,0.0,-3.11,-3.11
2026-04-24,1503,士電,TWSE,20,191.0,190.9464,0.03,32416.6,-593.66,-2.0,-595.66,-1.83,-0.01,1,0,0,0,339.95,0.0,,,,,,,0.0,-3.15,-3.15
2026-04-24,3521,台鋼建設,TPEX,20,14.1,13.7231,2.75,2277.0,-42.0,0.0,-42.0,-1.84,0.0,1,0,0,0,2.0,0.0,,,,,,,0.0,-3.16,-3.16
2026-04-24,4971,IET-KY,TPEX,20,763.0,665.6722,14.62,60488.0,751.14,-120.0,631.14,1.24,-0.2,0,1,0,0,-451.15,0.0,,,,,,,0.0,-3.18,-3.18
2026-04-24,5291,邑昇,TPEX,20,57.7,75.224,-23.3,79277.0,-1466.0,0.0,-1466.0,-1.85,0.0,1,0,0,0,332.0,0.0,,,,,,,0.0,-3.18,-3.18
2026-04-24,3713,新晶投控,TPEX,20,15.25,15.3784,-0.84,4479.0,-83.0,0.0,-83.0,-1.85,0.0,1,0,0,0,22.0,0.0,,,,,,,0.0,-3.19,-3.19
2026-04-24,6994,富威電力,TWSE,20,64.4,68.5077,-6.0,14945.79,-65.5,0.0,-65.5,-0.44,0.0,0,1,0,0,-659.0,0.0,,,,,,,0.0,-3.23,-3.23
2026-04-24,8059,凱碩,TPEX,20,21.55,20.5544,4.84,15413.0,42.0,0.0,42.0,0.27,0.0,0,2,0,0,-196.0,0.0,,,,,,,0.0,-3.24,-3.24
2026-04-24,7402,邑錡,TPEX,20,123.0,125.389,-1.91,12877.0,-57.92,0.0,-57.92,-0.45,0.0,0,1,0,0,-145.0,0.0,,,,,,,0.0,-3.26,-3.26
2026-04-24,3013,晟銘電,TWSE,20,112.5,109.1844,3.04,100243.28,251.28,1.0,252.28,0.25,0.0,0,2,0,0,-409.95,0.0,,,,,,,0.0,-3.29,-3.29
2026-04-24,4741,泓瀚,TPEX,20,55.4,44.3626,24.88,36398.0,-175.2,0.0,-175.2,-0.48,0.0,0,1,0,0,-267.42,0.0,,,,,,,0.0,-3.35,-3.35
2026-04-24,4923,力士,TPEX,20,33.3,35.3405,-5.77,1409.0,-27.0,0.0,-27.0,-1.92,0.0,1,0,0,0,6.0,0.0,,,,,,,0.0,-3.37,-3.37
2026-04-24,4175,杏一,TPEX,20,55.3,55.6427,-0.62,363.0,-6.97,0.0,-6.97,-1.92,0.0,1,0,0,0,2.0,0.0,,,,,,,0.0,-3.38,-3.38
2026-04-24,8455,大拓-KY,TPEX,20,22.4,21.0081,6.63,197.0,-1.0,0.0,-1.0,-0.51,0.0,0,1,0,0,-2.0,0.0,,,,,,,0.0,-3.42,-3.42
2026-04-24,2752,豆府,TPEX,20,189.5,200.2951,-5.39,632.0,-12.33,0.0,-12.33,-1.95,0.0,1,0,0,0,1.0,0.0,,,,,,,0.0,-3.46,-3.46
2026-04-24,8042,金山電,TPEX,20,56.5,62.6874,-9.87,69918.0,-375.06,0.0,-375.06,-0.54,0.0,0,1,0,0,-66.0,0.0,,,,,,,0.0,-3.5,-3.5
2026-04-24,6265,方土昶,TPEX,20,35.85,39.3331,-8.86,88571.0,-1744.45,0.0,-1744.45,-1.97,0.0,1,0,0,0,116.05,0.0,,,,,,,0.0,-3.51,-3.51
2026-04-24,7610,聯友金屬-創,TWSE,20,587.0,480.0355,22.28,18922.3,-102.71,0.0,-102.71,-0.54,0.0,0,1,0,0,-15.7,0.0,,,,,,,0.0,-3.52,-3.52
2026-04-24,8182,加高,TPEX,20,37.25,37.6821,-1.15,42111.0,-231.0,0.0,-231.0,-0.55,0.0,0,1,0,0,-36.5,0.0,,,,,,,0.0,-3.54,-3.54
2026-04-24,2489,瑞軒,TWSE,20,38.5,40.1342,-4.07,1077993.07,-3593.1,4486.57,893.47,-0.33,0.42,0,1,0,2,-684.46,-2608.0,,,,,,,0.0,-3.56,-3.56
2026-04-24,2926,誠品生活,TPEX,20,36.4,36.9561,-1.5,353.0,-2.0,0.0,-2.0,-0.57,0.0,0,1,0,0,-4.0,0.0,,,,,,,0.0,-3.59,-3.59
2026-04-24,8940,新天地,TWSE,20,16.75,17.7687,-5.73,1174.45,5.89,0.0,5.89,0.5,0.0,0,4,0,0,-5.0,0.0,,,,,,,0.0,-3.6,-3.6
2026-04-24,6844,諾貝兒,TPEX,20,62.5,62.6584,-0.25,154.0,-2.0,0.0,-2.0,-1.3,0.0,0,0,0,0,0.0,0.0,,,,,,,0.0,-3.64,-3.64
2026-04-24,1568,倉佑,TWSE,20,27.8,27.3034,1.82,10335.46,-60.98,0.0,-60.98,-0.59,0.0,0,1,0,0,-252.0,0.0,,,,,,,0.0,-3.65,-3.65
2026-04-24,3437,榮創,TWSE,20,23.6,25.3041,-6.73,124744.98,-768.42,25.0,-743.42,-0.62,0.02,0,1,0,0,-523.3,0.0,,,,,,,0.0,-3.66,-3.66
2026-04-24,6222,立軒,TPEX,20,20.6,20.8449,-1.17,670.0,-4.0,0.0,-4.0,-0.6,0.0,0,1,0,0,-1.0,0.0,,,,,,,0.0,-3.67,-3.67
2026-04-24,5356,協益,TPEX,20,26.85,25.669,4.6,3809.0,4.0,0.0,4.0,0.11,0.0,0,2,0,0,-20.0,0.0,,,,,,,0.0,-3.71,-3.71
2026-04-24,4950,金耘國際,TPEX,20,16.45,15.9308,3.26,975.0,-13.0,0.0,-13.0,-1.33,0.0,0,0,0,0,0.0,0.0,,,,,,,0.0,-3.73,-3.73
2026-04-24,6228,全譜,TPEX,20,24.4,24.179,0.91,150.0,-2.0,0.0,-2.0,-1.33,0.0,0,0,0,0,0.0,0.0,,,,,,,0.0,-3.73,-3.73
2026-04-24,5607,遠雄港,TWSE,20,47.3,47.2784,0.05,7838.74,-162.4,1.0,-161.4,-2.07,0.01,1,0,0,0,18.07,0.0,,,,,,,0.0,-3.76,-3.76
2026-04-24,4554,橙的,TPEX,20,30.1,29.5348,1.91,1210.0,-25.0,0.0,-25.0,-2.07,0.0,1,0,0,0,8.0,0.0,,,,,,,0.0,-3.79,-3.79
2026-04-24,6275,元山,TPEX,20,54.8,55.6652,-1.55,31776.0,-668.71,0.0,-668.71,-2.1,0.0,1,0,0,0,71.0,0.0,,,,,,,0.0,-3.89,-3.89
2026-04-24,3672,康聯訊,TPEX,20,11.7,11.2846,3.68,641.0,-9.0,0.0,-9.0,-1.4,0.0,0,0,0,0,0.0,0.0,,,,,,,0.0,-3.93,-3.93
2026-04-24,3227,原相,TPEX,20,212.0,206.7246,2.55,37457.0,2432.25,-1547.37,884.87,6.49,-4.13,0,1,0,6,-280.44,-251.0,,,,,,,0.0,-3.95,-3.95
2026-04-24,5276,達輝-KY,TPEX,20,20.2,17.821,13.35,630.0,9.0,0.0,9.0,1.43,0.0,0,2,0,0,-14.0,0.0,,,,,,,0.0,-4.0,-4.0
2026-04-24,6865,偉康科技,TPEX,20,36.0,39.5598,-9.0,1384.0,-10.0,0.0,-10.0,-0.72,0.0,0,1,0,0,-1.0,0.0,,,,,,,0.0,-4.02,-4.02
2026-04-24,1323,永裕,TWSE,20,22.25,22.3726,-0.55,11085.38,-80.54,0.0,-80.54,-0.73,0.0,0,1,0,0,-57.0,0.0,,,,,,,0.0,-4.03,-4.03
2026-04-24,2726,雅茗-KY,TPEX,20,10.65,10.1724,4.7,1323.0,-29.3,0.0,-29.3,-2.21,0.0,1,0,0,0,22.0,0.0,,,,,,,0.0,-4.2,-4.2
2026-04-24,6242,立康,TPEX,20,38.4,37.9042,1.31,132.0,-2.0,0.0,-2.0,-1.52,0.0,0,0,0,0,0.0,0.0,,,,,,,0.0,-4.24,-4.24
2026-04-24,4109,加捷生醫,TPEX,20,11.8,12.4102,-4.92,3835.0,-86.0,0.0,-86.0,-2.24,0.0,1,0,0,0,1.0,0.0,,,,,,,0.0,-4.28,-4.28
2026-04-24,2409,友達,TWSE,20,17.2,18.3632,-6.33,7165407.49,106912.24,399.43,107311.67,1.49,0.01,0,2,0,3,-17788.94,-32.89,,,,,,,0.0,-4.3,-4.3
2026-04-24,8096,擎亞,TPEX,20,88.6,93.9434,-5.69,395041.0,-464.43,0.0,-464.43,-0.12,0.0,0,2,0,0,-302.0,0.0,,,,,,,0.0,-4.33,-4.33
2026-04-24,7788,松川精密,TWSE,20,170.0,156.3495,8.73,9467.94,55.33,0.0,55.33,0.58,0.0,0,1,0,0,-253.0,0.0,,,,,,,0.0,-4.36,-4.36
2026-04-24,5212,凌網,TPEX,20,47.8,52.5691,-9.07,1153.0,-18.0,0.0,-18.0,-1.56,0.0,0,0,0,0,0.0,0.0,,,,,,,0.0,-4.37,-4.37
2026-04-24,6264,富裔,TPEX,20,6.15,6.2411,-1.46,829.0,-13.0,0.0,-13.0,-1.57,0.0,0,0,0,0,0.0,0.0,,,,,,,0.0,-4.39,-4.39
2026-04-24,3071,協禧,TPEX,20,32.35,30.7615,5.16,35650.0,-52.0,0.0,-52.0,-0.15,0.0,0,2,0,0,-198.0,0.0,,,,,,,0.0,-4.41,-4.41
2026-04-24,6126,信音,TPEX,20,31.55,32.2843,-2.27,23618.0,-540.7,0.0,-540.7,-2.29,0.0,1,0,0,0,21.0,0.0,,,,,,,0.0,-4.41,-4.41
2026-04-24,6649,台生材,TPEX,20,40.65,42.0976,-3.44,2101.0,-48.5,0.0,-48.5,-2.31,0.0,1,0,0,0,8.0,0.0,,,,,,,0.0,-4.46,-4.46
2026-04-24,5514,三豐,TPEX,20,15.45,15.8723,-2.66,215.0,-5.0,0.0,-5.0,-2.33,0.0,1,0,0,0,8.0,0.0,,,,,,,0.0,-4.51,-4.51
2026-04-24,4530,宏易,TPEX,20,27.7,28.0101,-1.11,469.0,-7.57,0.0,-7.57,-1.61,0.0,0,0,0,0,0.0,0.0,,,,,,,0.0,-4.52,-4.52
2026-04-24,6020,大展證,TPEX,20,19.25,19.2538,-0.02,331.0,-3.0,0.0,-3.0,-0.91,0.0,0,1,0,0,-1.0,0.0,,,,,,,0.0,-4.54,-4.54
2026-04-24,6024,群益期,TWSE,20,55.1,55.9934,-1.6,7715.4,-266.77,272.0,5.22,-3.46,3.53,0,7,0,1,-35.0,-1.0,,,,,,,0.0,-4.55,-4.55
2026-04-24,6996,力領科技,TPEX,20,175.0,179.6683,-2.6,3393.0,-80.0,0.0,-80.0,-2.36,0.0,1,0,0,0,56.0,0.0,,,,,,,0.0,-4.6,-4.6
2026-04-24,5523,豐謙,TPEX,20,,29.9467,,485.0,-8.0,0.0,-8.0,-1.65,0.0,0,0,0,0,0.0,0.0,,,,,,,0.0,-4.62,-4.62
2026-04-24,8433,弘帆,TPEX,20,55.5,59.863,-7.29,4507.0,-10.0,0.0,-10.0,-0.22,0.0,0,2,0,0,-7.0,0.0,,,,,,,0.0,-4.62,-4.62
2026-04-24,3311,閎暉,TWSE,20,31.6,32.5583,-2.94,5140.64,-11.58,0.0,-11.58,-0.23,0.0,0,2,0,0,-107.0,0.0,,,,,,,0.0,-4.63,-4.63
2026-04-24,6953,家碩,TPEX,20,254.5,248.6275,2.36,3719.0,-35.0,0.0,-35.0,-0.94,0.0,0,1,0,0,-30.0,0.0,,,,,,,0.0,-4.64,-4.64
2026-04-24,5321,美而快,TPEX,20,23.9,24.3256,-1.75,2558.0,-60.92,0.0,-60.92,-2.38,0.0,1,0,0,0,3.0,0.0,,,,,,,0.0,-4.67,-4.67
2026-04-24,3230,錦明,TPEX,20,37.2,41.3317,-10.0,17362.0,-43.9,0.0,-43.9,-0.25,0.0,0,2,0,0,-67.0,0.0,,,,,,,0.0,-4.71,-4.71
2026-04-24,1799,易威,TPEX,20,40.3,41.5405,-2.99,5586.0,-15.0,0.0,-15.0,-0.27,0.0,0,2,0,0,-47.0,0.0,,,,,,,0.0,-4.75,-4.75
2026-04-24,3051,力特,TWSE,20,23.15,23.7701,-2.61,31491.49,-309.15,0.0,-309.15,-0.98,0.0,0,1,0,0,-150.0,0.0,,,,,,,0.0,-4.75,-4.75
2026-04-24,1905,華紙,TWSE,20,13.6,15.318,-11.22,256762.2,-6731.46,818.61,-5912.85,-2.62,0.32,0,3,3,0,-188.99,36.6,,,,,,,0.0,-4.79,-4.79
2026-04-24,2614,東森,TWSE,20,20.05,20.5071,-2.23,14475.71,-41.8,0.0,-41.8,-0.29,0.0,0,2,0,0,-187.0,0.0,,,,,,,0.0,-4.81,-4.81
2026-04-24,6884,海柏特,TPEX,20,35.15,34.6476,1.45,246.0,-6.0,0.0,-6.0,-2.44,0.0,1,0,0,0,1.0,0.0,,,,,,,0.0,-4.83,-4.83
2026-04-24,8102,傑霖科技,TPEX,20,69.7,70.4985,-1.13,1583.0,-16.0,0.0,-16.0,-1.01,0.0,0,1,0,0,-1.0,0.0,,,,,,,0.0,-4.83,-4.83
2026-04-24,2030,彰源,TWSE,20,15.6,16.1866,-3.62,15635.05,119.22,0.0,119.22,0.76,0.0,0,7,0,0,-347.0,0.0,,,,,,,0.0,-4.87,-4.87
2026-04-24,3664,安瑞-KY,TPEX,20,7.15,8.8869,-19.54,3738.0,-39.0,0.0,-39.0,-1.04,0.0,0,1,0,0,-1.0,0.0,,,,,,,0.0,-4.92,-4.92
2026-04-24,8039,台虹,TWSE,20,138.0,134.8096,2.37,406333.66,-6630.52,126.88,-6503.65,-1.63,0.03,1,0,0,1,1892.11,-4.0,,,,,,,0.0,-4.97,-4.97
2026-04-24,8929,富堡,TPEX,20,15.1,15.8228,-4.57,637.0,-2.25,0.0,-2.25,-0.35,0.0,0,2,0,0,-1.0,0.0,,,,,,,0.0,-4.99,-4.99
2026-04-24,5876,上海商銀,TWSE,20,39.8,39.5327,0.68,138428.43,-36268.99,13565.45,-22703.54,-26.2,9.8,0,5,5,0,-5632.19,4153.42,,,,,,,0.0,-5.0,-5.0
2026-04-24,4304,勝昱,TPEX,20,29.5,28.6025,3.14,865.0,3.0,0.0,3.0,0.35,0.0,0,3,0,0,-1.0,0.0,,,,,,,0.0,-5.03,-5.03
2026-04-24,6763,綠界科技*,TPEX,20,47.0,48.2592,-2.61,6732.0,-22.83,-2.0,-24.83,-0.34,-0.03,0,2,0,0,-60.0,0.0,,,,,,,0.0,-5.05,-5.05
2026-04-24,8390,金益鼎,TPEX,20,84.0,89.5165,-6.16,14880.0,-374.85,0.0,-374.85,-2.52,0.0,1,0,0,0,179.0,0.0,,,,,,,0.0,-5.05,-5.05
2026-04-24,3430,奇鈦科,TPEX,20,112.0,102.6729,9.08,40838.0,426.09,0.0,426.09,1.04,0.0,0,2,0,0,-491.91,0.0,,,,,,,0.0,-5.08,-5.08
2026-04-24,2064,晉椿,TPEX,20,11.5,11.9738,-3.96,1239.0,-5.0,0.0,-5.0,-0.4,0.0,0,2,0,0,-1.0,0.0,,,,,,,0.0,-5.13,-5.13
2026-04-24,4711,永純,TPEX,20,17.05,17.2665,-1.25,7910.0,-89.0,0.0,-89.0,-1.13,0.0,0,1,0,0,-245.0,0.0,,,,,,,0.0,-5.15,-5.15
2026-04-24,4939,亞電,TPEX,20,41.45,40.1008,3.36,122666.0,-1394.77,0.0,-1394.77,-1.14,0.0,0,1,0,0,-317.0,0.0,,,,,,,0.0,-5.18,-5.18
2026-04-24,6706,惠特,TWSE,20,125.0,139.0604,-10.11,187736.75,-2146.39,-0.54,-2146.93,-1.14,-0.0,0,1,0,0,-1348.4,0.0,,,,,,,0.0,-5.2,-5.2
2026-04-24,5381,光譜,TPEX,20,22.75,24.3155,-6.44,17507.13,-452.05,0.0,-452.05,-2.58,0.0,1,0,0,0,53.8,0.0,,,,,,,0.0,-5.23,-5.23
2026-04-24,8374,羅昇,TWSE,20,76.1,80.8799,-5.91,16994.42,-438.55,0.0,-438.55,-2.58,0.0,1,0,0,0,9.0,0.0,,,,,,,0.0,-5.23,-5.23
2026-04-24,6761,穩得,TPEX,20,213.0,196.0334,8.65,39973.0,-463.08,0.0,-463.08,-1.16,0.0,0,1,0,0,-408.0,0.0,,,,,,,0.0,-5.24,-5.24
2026-04-24,5426,振發,TPEX,20,18.4,19.1915,-4.12,7406.0,-34.17,0.0,-34.17,-0.46,0.0,0,2,0,0,-6.0,0.0,,,,,,,0.0,-5.29,-5.29
2026-04-24,6441,廣錠,TPEX,20,25.1,21.2462,18.14,5945.0,-70.0,0.0,-70.0,-1.18,0.0,0,1,0,0,-2.0,0.0,,,,,,,0.0,-5.3,-5.3
2026-04-24,3024,憶聲,TWSE,20,13.8,12.5075,10.33,61700.96,143.5,0.0,143.5,0.23,0.0,0,1,0,0,-858.0,0.0,,,,,,,0.0,-5.35,-5.35
2026-04-24,3213,茂訊,TPEX,20,105.0,104.3317,0.64,6973.0,-30.09,-3.38,-33.47,-0.43,-0.05,0,2,0,0,-115.0,0.0,,,,,,,0.0,-5.37,-5.37
2026-04-24,1229,聯華,TWSE,20,42.5,44.1339,-3.7,49402.35,-170.64,386.0,215.36,-0.35,0.78,0,5,0,0,-1109.84,0.0,,,,,,,0.0,-5.39,-5.39
2026-04-24,8066,來思達,TPEX,20,18.1,18.3166,-1.18,1037.0,-20.07,0.0,-20.07,-1.94,0.0,0,0,0,0,0.0,0.0,,,,,,,0.0,-5.42,-5.42
2026-04-24,6209,今國光,TWSE,20,60.9,61.3753,-0.77,105395.37,1756.23,-515.0,1241.23,1.67,-0.49,0,1,0,8,-594.0,-72.0,,,,,,,0.0,-5.45,-5.45
2026-04-24,5292,華懋,TWSE,20,247.0,239.7539,3.02,16392.94,574.21,-38.0,536.21,3.5,-0.23,0,1,0,8,-209.0,-3.0,,,,,,,0.0,-5.46,-5.46
2026-04-24,8093,保銳,TPEX,20,19.5,19.8893,-1.96,566.0,-7.0,0.0,-7.0,-1.24,0.0,0,1,0,0,-7.0,0.0,,,,,,,0.0,-5.46,-5.46
2026-04-24,3416,融程電,TWSE,20,155.5,155.7354,-0.15,7648.85,-40.26,0.0,-40.26,-0.53,0.0,0,2,0,0,-8.28,0.0,,,,,,,0.0,-5.47,-5.47
2026-04-24,3548,兆利,TPEX,20,104.5,107.0472,-2.38,29685.0,-367.44,0.0,-367.44,-1.24,0.0,0,1,0,0,-103.5,0.0,,,,,,,0.0,-5.47,-5.47
2026-04-24,4510,高鋒,TPEX,20,43.2,46.2298,-6.55,44329.0,-1197.03,0.0,-1197.03,-2.7,0.0,1,0,0,0,91.0,0.0,,,,,,,0.0,-5.56,-5.56
2026-04-24,8092,建暐,TPEX,20,17.6,15.6781,12.26,6615.0,-178.8,0.0,-178.8,-2.7,0.0,1,0,0,0,1.0,0.0,,,,,,,0.0,-5.57,-5.57
2026-04-24,2329,華泰,TWSE,20,55.3,57.6193,-4.03,368994.98,9485.13,-1427.41,8057.72,2.57,-0.39,0,1,0,8,-1083.88,-201.0,,,,,,,0.0,-5.58,-5.58
2026-04-24,3466,德晉,TPEX,20,39.8,40.1872,-0.96,19548.0,-249.99,0.0,-249.99,-1.28,0.0,0,1,0,0,-118.0,0.0,,,,,,,0.0,-5.58,-5.58
2026-04-24,8033,雷虎,TWSE,20,154.5,147.0211,5.09,88157.63,-1131.88,0.0,-1131.88,-1.28,0.0,0,1,0,0,-304.85,0.0,,,,,,,0.0,-5.59,-5.59
2026-04-24,2516,新建,TWSE,20,12.85,13.4242,-4.28,5668.66,-32.86,0.0,-32.86,-0.58,0.0,0,2,0,0,-20.0,0.0,,,,,,,0.0,-5.62,-5.62
2026-04-24,3268,海德威,TPEX,20,18.05,16.9468,6.51,3811.0,-22.0,0.0,-22.0,-0.58,0.0,0,2,0,0,-30.0,0.0,,,,,,,0.0,-5.62,-5.62
2026-04-24,4571,鈞興-KY,TWSE,20,171.5,164.4022,4.32,7561.08,-42.67,-1.0,-43.67,-0.56,-0.01,0,2,0,0,-53.0,0.0,,,,,,,0.0,-5.62,-5.62
2026-04-24,1727,中華化,TWSE,20,70.7,59.1737,19.48,190112.42,5064.01,-341.0,4723.01,2.66,-0.18,2,0,0,8,2505.62,-48.0,,,,,,,0.0,-5.63,-5.63
2026-04-24,6739,竹陞科技,TPEX,20,1480.0,1468.4247,0.79,17787.0,-478.24,210.0,-268.24,-2.69,1.18,0,1,0,0,-30.94,0.0,,,,,,,0.0,-5.63,-5.63
2026-04-24,3523,迎輝,TPEX,20,13.35,12.8447,3.93,347.0,-7.0,0.0,-7.0,-2.02,0.0,0,0,0,0,0.0,0.0,,,,,,,0.0,-5.65,-5.65
2026-04-24,4556,旭然,TPEX,20,39.5,35.7221,10.58,12007.0,14.0,0.0,14.0,0.12,0.0,0,1,0,0,-72.0,0.0,,,,,,,0.0,-5.67,-5.67
2026-04-24,6243,迅杰,TWSE,20,34.75,34.0938,1.92,9843.7,-270.8,0.0,-270.8,-2.75,0.0,1,0,0,0,106.0,0.0,,,,,,,0.0,-5.7,-5.7
2026-04-24,2059,川湖,TWSE,20,3795.0,3543.8018,7.09,14742.9,-1085.95,732.62,-353.34,-7.37,4.97,0,2,1,0,-179.02,213.95,,,,,,,0.0,-5.73,-5.73
2026-04-24,4161,聿新科,TPEX,20,23.75,24.1115,-1.5,2898.0,-80.0,0.0,-80.0,-2.76,0.0,1,0,0,0,12.0,0.0,,,,,,,0.0,-5.73,-5.73
2026-04-24,8424,惠普,TPEX,20,74.4,74.3258,0.1,194.0,-4.0,0.0,-4.0,-2.06,0.0,0,0,0,0,0.0,0.0,,,,,,,0.0,-5.77,-5.77
2026-04-24,8040,九暘,TPEX,20,68.6,63.5777,7.9,28256.0,-180.0,0.0,-180.0,-0.64,0.0,0,2,0,0,-30.0,0.0,,,,,,,0.0,-5.78,-5.78
2026-04-24,1304,台聚,TWSE,20,14.4,16.8316,-14.45,689098.74,-19167.52,0.0,-19167.52,-2.78,0.0,1,0,0,0,877.0,0.0,,,,,,,0.0,-5.79,-5.79
2026-04-24,7747,昕奇雲端,TPEX,20,131.0,122.4752,6.96,242.0,-5.0,0.0,-5.0,-2.07,0.0,0,0,0,0,0.0,0.0,,,,,,,0.0,-5.79,-5.79
2026-04-24,2367,燿華,TWSE,20,57.4,74.2835,-22.73,2136305.79,10351.9,1956.46,12308.36,0.48,0.09,1,0,0,8,25265.13,-316.0,,,,,,,0.0,-5.84,-5.84
2026-04-24,5392,能率,TPEX,20,36.15,38.186,-5.33,26675.0,-749.16,0.0,-749.16,-2.81,0.0,1,0,0,0,4.0,0.0,,,,,,,0.0,-5.86,-5.86
2026-04-24,8110,華東,TWSE,20,45.75,49.4842,-7.55,216821.81,2737.08,-1243.49,1493.6,1.26,-0.57,1,0,0,13,392.93,-150.0,,,,,,,0.0,-5.86,-5.86
2026-04-24,2221,大甲,TPEX,20,39.95,38.324,4.24,9701.0,-65.95,0.0,-65.95,-0.68,0.0,0,2,0,0,-7.95,0.0,,,,,,,0.0,-5.9,-5.9
2026-04-24,1809,中釉,TWSE,20,25.65,27.2973,-6.03,73731.31,-533.15,0.0,-533.15,-0.72,0.0,0,2,0,0,-63.0,0.0,,,,,,,0.0,-6.02,-6.02
2026-04-24,8942,森鉅,TPEX,20,41.65,42.7114,-2.49,15065.0,-217.18,0.0,-217.18,-1.44,0.0,0,1,0,0,-65.0,0.0,,,,,,,0.0,-6.04,-6.04
2026-04-24,3105,穩懋,TPEX,20,547.0,459.9517,18.93,870719.0,3361.08,16401.26,19762.34,0.39,1.88,0,1,0,3,-1967.31,-1003.45,,,,,,,0.0,-6.2,-6.2
2026-04-24,4401,東隆興,TPEX,20,14.8,14.8686,-0.46,1247.0,-18.84,0.0,-18.84,-1.51,0.0,0,1,0,0,-1.0,0.0,,,,,,,0.0,-6.23,-6.23
2026-04-24,6021,美好證,TPEX,20,31.15,30.0177,3.77,4710.0,-172.0,0.0,-172.0,-3.65,0.0,2,0,0,0,236.0,0.0,,,,,,,0.0,-6.23,-6.23
2026-04-24,6968,萬達寵物,TPEX,20,43.9,45.5227,-3.56,1241.0,-9.96,0.0,-9.96,-0.8,0.0,0,2,0,0,-10.0,0.0,,,,,,,0.0,-6.25,-6.25
2026-04-24,4588,玖鼎電力,TWSE,20,59.8,59.6613,0.23,2101.11,-62.0,0.0,-62.0,-2.95,0.0,1,0,0,0,7.0,0.0,,,,,,,0.0,-6.26,-6.26
2026-04-24,8937,合騏*,TPEX,20,36.3,42.2818,-14.15,12590.83,-14.0,0.0,-14.0,-0.11,0.0,0,3,0,0,-64.0,0.0,,,,,,,0.0,-6.31,-6.31
2026-04-24,6552,易華電,TWSE,20,30.35,29.5966,2.55,6006.6,-6.79,0.0,-6.79,-0.11,0.0,0,3,0,0,-25.0,0.0,,,,,,,0.0,-6.32,-6.32
2026-04-24,6907,雅特力-KY,TPEX,20,131.5,129.5515,1.5,30507.0,-473.7,0.0,-473.7,-1.55,0.0,0,1,0,0,-186.0,0.0,,,,,,,0.0,-6.35,-6.35
2026-04-24,8021,尖點,TWSE,20,451.0,304.9804,47.88,256009.82,8598.7,-1799.68,6799.03,3.36,-0.7,0,1,0,3,-370.01,-259.04,,,,,,,0.0,-6.42,-6.42
2026-04-24,6872,浩宇生醫,TPEX,20,18.9,18.0986,4.43,922.0,-8.0,0.0,-8.0,-0.87,0.0,0,2,0,0,-2.0,0.0,,,,,,,0.0,-6.43,-6.43
2026-04-24,2324,仁寶,TWSE,20,30.3,29.8457,1.52,1048586.27,134309.44,-102282.67,32026.77,12.81,-9.75,1,0,0,13,2118.53,-2734.25,,,,,,,0.0,-6.44,-6.44
2026-04-24,8097,常珵,TPEX,20,50.9,53.8785,-5.53,1839.0,-16.0,0.0,-16.0,-0.87,0.0,0,2,0,0,-25.0,0.0,,,,,,,0.0,-6.44,-6.44
2026-04-24,2734,易飛網,TPEX,20,16.95,17.3418,-2.26,3205.0,-97.0,0.0,-97.0,-3.03,0.0,1,0,0,0,7.0,0.0,,,,,,,0.0,-6.47,-6.47
2026-04-24,5516,雙喜,TPEX,20,12.05,12.3107,-2.12,804.0,-18.59,0.0,-18.59,-2.31,0.0,0,0,0,0,0.0,0.0,,,,,,,0.0,-6.47,-6.47
2026-04-24,3054,立萬利,TWSE,20,71.0,72.0086,-1.4,13090.15,-211.63,0.0,-211.63,-1.62,0.0,0,1,0,0,-50.0,0.0,,,,,,,0.0,-6.53,-6.53
2026-04-24,6929,佑全,TPEX,20,28.1,29.514,-4.79,171.0,-4.0,0.0,-4.0,-2.34,0.0,0,0,0,0,0.0,0.0,,,,,,,0.0,-6.55,-6.55
2026-04-24,1338,廣華-KY,TWSE,20,16.6,16.3024,1.83,5103.74,-46.59,0.0,-46.59,-0.91,0.0,0,2,0,0,-19.0,0.0,,,,,,,0.0,-6.56,-6.56
2026-04-24,3623,富晶通,TPEX,20,23.5,24.0672,-2.36,2517.0,-23.0,0.0,-23.0,-0.91,0.0,0,2,0,0,-17.0,0.0,,,,,,,0.0,-6.56,-6.56
2026-04-24,2337,旺宏,TWSE,20,132.0,139.0049,-5.04,2300975.75,-50964.3,-48047.65,-99011.95,-2.21,-2.09,2,0,1,0,6628.84,270.42,,,,,,,0.0,-6.59,-6.59
2026-04-24,1446,宏和,TWSE,20,16.0,16.4642,-2.82,3785.29,-116.32,0.0,-116.32,-3.07,0.0,1,0,0,0,69.0,0.0,,,,,,,0.0,-6.6,-6.6
2026-04-24,6546,正基,TPEX,20,64.1,69.4313,-7.68,15609.0,-147.0,0.0,-147.0,-0.94,0.0,0,2,0,0,-104.0,0.0,,,,,,,0.0,-6.64,-6.64
2026-04-24,7703,銳澤,TPEX,20,211.5,228.532,-7.45,7288.0,-121.12,0.0,-121.12,-1.66,0.0,0,1,0,0,-20.0,0.0,,,,,,,0.0,-6.65,-6.65
2026-04-24,4306,炎洲,TWSE,20,13.25,13.722,-3.44,29792.59,-70.09,0.0,-70.09,-0.24,0.0,0,3,0,0,-422.0,0.0,,,,,,,0.0,-6.66,-6.66
2026-04-24,5371,中光電,TPEX,20,75.1,76.6778,-2.06,83309.0,-2733.85,1645.53,-1088.32,-3.28,1.98,0,2,0,0,-1406.0,0.0,,,,,,,0.0,-6.67,-6.67
2026-04-24,3205,佰研,TPEX,20,59.4,60.1284,-1.21,22618.0,-378.0,0.0,-378.0,-1.67,0.0,0,1,0,0,-180.0,0.0,,,,,,,0.0,-6.68,-6.68
2026-04-24,6657,華安,TWSE,20,42.1,44.8778,-6.19,7200.19,-378.26,0.0,-378.26,-5.25,0.0,4,0,0,0,10.0,0.0,,,,,,,0.0,-6.71,-6.71
2026-04-24,6205,詮欣,TWSE,20,78.2,76.0707,2.8,86515.25,809.22,-225.0,584.22,0.94,-0.26,0,1,0,8,-1.0,-32.0,,,,,,,0.0,-6.74,-6.74
2026-04-24,2441,超豐,TWSE,20,88.3,92.3138,-4.35,207977.57,11906.31,-10894.1,1012.21,5.72,-5.24,2,0,0,6,473.09,-2.0,,,,,,,0.0,-6.76,-6.76
2026-04-24,6163,華電網,TPEX,20,61.0,66.058,-7.66,201791.0,-2036.56,0.0,-2036.56,-1.01,0.0,0,2,0,0,-49.13,0.0,,,,,,,0.0,-6.83,-6.83
2026-04-24,9962,有益,TPEX,20,10.0,10.2778,-2.7,1377.0,-14.0,0.0,-14.0,-1.02,0.0,0,2,0,0,-2.0,0.0,,,,,,,0.0,-6.85,-6.85
2026-04-24,3176,基亞,TPEX,20,31.9,31.7103,0.6,6908.0,-219.0,0.0,-219.0,-3.17,0.0,1,0,0,0,124.0,0.0,,,,,,,0.0,-6.88,-6.88
2026-04-24,8284,三竹,TPEX,20,63.7,63.8417,-0.22,228.0,-4.0,0.0,-4.0,-1.75,0.0,0,1,0,0,-1.0,0.0,,,,,,,0.0,-6.91,-6.91
2026-04-24,6215,和椿,TWSE,20,102.0,104.7708,-2.64,30234.77,-963.47,0.0,-963.47,-3.19,0.0,1,0,0,0,7.0,0.0,,,,,,,0.0,-6.92,-6.92
2026-04-24,6532,瑞耘,TPEX,20,106.0,88.7903,19.38,39619.0,150.71,0.0,150.71,0.38,0.0,0,2,0,0,-208.0,0.0,,,,,,,0.0,-6.93,-6.93
2026-04-24,2308,台達電,TWSE,20,2075.0,1713.5226,21.1,252142.77,-8805.75,2554.21,-6251.54,-3.49,1.01,1,0,0,1,534.71,-38.41,,,,,,,0.0,-6.94,-6.94
2026-04-24,4568,科際精密,TPEX,20,43.7,42.2326,3.47,242.0,-6.0,0.0,-6.0,-2.48,0.0,0,0,0,0,0.0,0.0,,,,,,,0.0,-6.94,-6.94
2026-04-24,6902,GOGOLOOK,TWSE,20,118.5,103.6562,14.32,8232.5,-86.55,0.0,-86.55,-1.05,0.0,0,2,0,0,-29.1,0.0,,,,,,,0.0,-6.94,-6.94
2026-04-24,6533,晶心科,TWSE,20,247.0,224.8663,9.84,25927.49,-270.98,-4.0,-274.98,-1.05,-0.02,0,2,0,0,-215.77,0.0,,,,,,,0.0,-6.98,-6.98
2026-04-24,1536,和大,TWSE,20,50.7,50.1662,1.06,29208.16,-1079.41,119.0,-960.41,-3.7,0.41,1,0,0,0,308.0,0.0,,,,,,,0.0,-7.0,-7.0
2026-04-24,5015,華祺,TPEX,20,24.0,24.6131,-2.49,880.0,-41.0,0.0,-41.0,-4.66,0.0,3,0,0,0,11.0,0.0,,,,,,,0.0,-7.04,-7.04
2026-04-24,6910,德鴻,TPEX,20,29.5,29.5508,-0.17,1712.0,-19.0,0.0,-19.0,-1.11,0.0,0,2,0,0,-7.0,0.0,,,,,,,0.0,-7.11,-7.11
2026-04-24,3147,大綜,TPEX,20,180.5,174.9692,3.16,7170.0,-131.79,0.0,-131.79,-1.84,0.0,0,1,0,0,-94.98,0.0,,,,,,,0.0,-7.15,-7.15
2026-04-24,8071,能率網通,TPEX,20,15.8,16.2324,-2.66,3009.0,-33.87,0.0,-33.87,-1.13,0.0,0,2,0,0,-19.0,0.0,,,,,,,0.0,-7.15,-7.15
2026-04-24,5388,中磊,TWSE,20,78.8,82.1421,-4.07,115505.9,-940.35,560.96,-379.39,-0.81,0.49,0,2,0,1,-746.93,-565.0,,,,,,,0.0,-7.18,-7.18
2026-04-24,7713,威力德生醫,TPEX,20,67.2,67.3966,-0.29,323.0,-6.0,0.0,-6.0,-1.86,0.0,0,1,0,0,-1.0,0.0,,,,,,,0.0,-7.2,-7.2
2026-04-24,8155,博智,TPEX,20,379.0,341.4509,11.0,68366.0,-1253.64,-20.0,-1273.64,-1.83,-0.03,0,1,0,0,-4.91,0.0,,,,,,,0.0,-7.23,-7.23
2026-04-24,3511,矽瑪,TPEX,20,21.25,20.5913,3.2,7080.0,-82.0,0.0,-82.0,-1.16,0.0,0,2,0,0,-14.0,0.0,,,,,,,0.0,-7.24,-7.24
2026-04-24,6155,鈞寶,TWSE,20,43.0,48.6672,-11.64,50762.13,-956.76,0.0,-956.76,-1.88,0.0,0,1,0,0,-58.0,0.0,,,,,,,0.0,-7.28,-7.28
2026-04-24,1796,金穎生技,TPEX,20,39.05,39.1647,-0.29,594.0,-7.0,0.0,-7.0,-1.18,0.0,0,2,0,0,-1.0,0.0,,,,,,,0.0,-7.3,-7.3
2026-04-24,2546,根基,TWSE,20,84.9,83.8834,1.21,4607.71,-173.35,17.0,-156.35,-3.76,0.37,1,0,0,0,4.0,0.0,,,,,,,0.0,-7.32,-7.32
2026-04-24,3171,炎洲流通,TPEX,20,70.1,67.6776,3.58,3584.0,-42.5,0.0,-42.5,-1.19,0.0,0,2,0,0,-35.0,0.0,,,,,,,0.0,-7.32,-7.32
2026-04-24,1305,華夏,TWSE,20,14.75,17.1587,-14.04,434854.43,-13450.38,-890.0,-14340.38,-3.09,-0.2,1,0,0,0,663.0,0.0,,,,,,,0.0,-7.34,-7.34
2026-04-24,4726,永昕,TPEX,20,29.35,30.3814,-3.39,5508.0,-184.0,0.0,-184.0,-3.34,0.0,1,0,0,0,28.0,0.0,,,,,,,0.0,-7.35,-7.35
2026-04-24,3066,李洲,TPEX,20,18.25,20.6899,-11.79,18976.0,-363.0,0.0,-363.0,-1.91,0.0,0,1,0,0,-63.0,0.0,,,,,,,0.0,-7.36,-7.36
2026-04-24,4951,精拓科,TPEX,20,81.9,75.361,8.68,5817.0,13.0,0.0,13.0,0.22,0.0,0,2,0,0,-53.0,0.0,,,,,,,0.0,-7.37,-7.37
2026-04-24,8077,洛碁,TPEX,20,,44.2461,,38.0,-1.0,0.0,-1.0,-2.63,0.0,0,0,0,0,0.0,0.0,,,,,,,0.0,-7.37,-7.37
2026-04-24,5274,信驊,TPEX,20,16370.0,13342.8484,22.69,6028.0,-416.78,227.21,-189.57,-6.91,3.77,1,0,0,1,105.95,-66.97,,,,,,,0.0,-7.42,-7.42
2026-04-24,6582,申豐,TWSE,20,31.25,34.0454,-8.21,4003.53,-49.46,0.0,-49.46,-1.24,0.0,0,2,0,0,-12.0,0.0,,,,,,,0.0,-7.46,-7.46
2026-04-24,1711,永光,TWSE,20,50.9,47.6831,6.75,838051.12,-29270.76,629.0,-28641.76,-3.49,0.08,1,0,0,0,621.93,0.0,,,,,,,0.0,-7.53,-7.53
2026-04-24,4994,傳奇,TWSE,20,100.0,98.3178,1.71,429.69,-3.92,-1.29,-5.21,-0.91,-0.3,0,2,0,0,-3.0,0.0,,,,,,,0.0,-7.54,-7.54
2026-04-24,6894,衛司特,TPEX,20,344.0,357.2094,-3.7,5493.0,-226.89,0.0,-226.89,-4.13,0.0,2,0,0,0,41.0,0.0,,,,,,,0.0,-7.57,-7.57
2026-04-24,1336,台翰,TPEX,20,13.9,14.0987,-1.41,2192.0,-28.0,0.0,-28.0,-1.28,0.0,0,2,0,0,-12.0,0.0,,,,,,,0.0,-7.58,-7.58
2026-04-24,8935,邦泰,TPEX,20,18.65,19.1353,-2.54,9789.0,-125.0,0.0,-125.0,-1.28,0.0,0,2,0,0,-42.0,0.0,,,,,,,0.0,-7.58,-7.58
2026-04-24,6576,逸達,TPEX,20,80.7,77.7283,3.82,3280.0,-42.0,0.0,-42.0,-1.28,0.0,0,2,0,0,-19.0,0.0,,,,,,,0.0,-7.59,-7.59
2026-04-24,8926,台汽電,TWSE,20,45.25,44.6487,1.35,29741.72,-944.02,519.0,-425.02,-3.17,1.75,0,1,0,1,-149.84,-2.0,,,,,,,0.0,-7.63,-7.63
2026-04-24,2491,吉祥全,TWSE,20,15.55,15.8248,-1.74,3357.2,-139.79,0.0,-139.79,-4.16,0.0,2,0,0,0,4.0,0.0,,,,,,,0.0,-7.66,-7.66
2026-04-24,6697,東捷資訊,TPEX,20,45.1,44.0919,2.29,1353.0,-18.0,0.0,-18.0,-1.33,0.0,0,2,0,0,-3.0,0.0,,,,,,,0.0,-7.73,-7.73
2026-04-24,2461,光群雷,TWSE,20,17.4,17.8072,-2.29,22865.04,-469.44,0.0,-469.44,-2.05,0.0,0,1,0,0,-382.0,0.0,,,,,,,0.0,-7.75,-7.75
2026-04-24,6846,綠茵,TPEX,20,70.3,70.6044,-0.43,344.0,-12.0,0.0,-12.0,-3.49,0.0,1,0,0,0,3.0,0.0,,,,,,,0.0,-7.77,-7.77
2026-04-24,7757,金色三麥,TPEX,20,106.0,108.6462,-2.44,513.0,-18.0,0.0,-18.0,-3.51,0.0,1,0,0,0,3.0,0.0,,,,,,,0.0,-7.82,-7.82
2026-04-24,5353,台林,TPEX,20,26.8,26.4845,1.19,3216.0,-67.0,0.0,-67.0,-2.08,0.0,0,1,0,0,-40.0,0.0,,,,,,,0.0,-7.83,-7.83
2026-04-24,3685,元創精密,TPEX,20,32.35,31.0592,4.16,9193.0,-127.0,0.0,-127.0,-1.38,0.0,0,2,0,0,-17.0,0.0,,,,,,,0.0,-7.87,-7.87
2026-04-24,3027,盛達,TWSE,20,18.4,19.4731,-5.51,7545.77,-106.34,0.0,-106.34,-1.41,0.0,0,2,0,0,-74.0,0.0,,,,,,,0.0,-7.95,-7.95
2026-04-24,3323,加百裕,TPEX,20,34.0,35.218,-3.46,30296.0,-428.35,0.0,-428.35,-1.41,0.0,0,2,0,0,-419.9,0.0,,,,,,,0.0,-7.96,-7.96
2026-04-24,6720,久昌,TPEX,20,165.0,166.9345,-1.16,2168.0,-31.0,0.0,-31.0,-1.43,0.0,0,2,0,0,-9.0,0.0,,,,,,,0.0,-8.0,-8.0
2026-04-24,6643,M31,TPEX,20,571.0,525.9013,8.58,35352.0,-665.27,127.48,-537.8,-1.88,0.36,0,2,0,0,-109.68,0.0,,,,,,,0.0,-8.08,-8.08
2026-04-24,6224,聚鼎,TWSE,20,60.4,51.7762,16.66,22319.5,-169.96,0.0,-169.96,-0.76,0.0,0,3,0,0,-15.0,0.0,,,,,,,0.0,-8.13,-8.13
2026-04-24,6751,智聯服務,TPEX,20,52.4,51.4455,1.86,943.0,-14.0,0.0,-14.0,-1.48,0.0,0,2,0,0,-2.0,0.0,,,,,,,0.0,-8.16,-8.16
2026-04-24,5227,立凱-KY,TPEX,20,21.2,22.3921,-5.32,3175.0,-115.82,0.0,-115.82,-3.65,0.0,1,0,0,0,3.0,0.0,,,,,,,0.0,-8.21,-8.21
2026-04-24,8277,商丞,TPEX,20,7.04,7.6505,-7.98,4584.0,-69.0,0.0,-69.0,-1.51,0.0,0,2,0,0,-47.0,0.0,,,,,,,0.0,-8.21,-8.21
2026-04-24,2948,寶陞,TPEX,20,39.3,39.0029,0.76,102.0,-3.0,0.0,-3.0,-2.94,0.0,0,0,0,0,0.0,0.0,,,,,,,0.0,-8.24,-8.24
2026-04-24,6208,日揚,TPEX,20,83.1,70.3783,18.08,25052.0,-201.9,0.0,-201.9,-0.81,0.0,0,3,0,0,-5.88,0.0,,,,,,,0.0,-8.26,-8.26
2026-04-24,8240,華宏,TPEX,20,68.0,65.608,3.65,113625.0,-1730.4,0.0,-1730.4,-1.52,0.0,0,2,0,0,-1068.73,0.0,,,,,,,0.0,-8.26,-8.26
2026-04-24,2732,六角,TPEX,20,65.9,66.7302,-1.24,1005.0,-1.0,0.0,-1.0,-0.1,0.0,0,4,0,0,-6.0,0.0,,,,,,,0.0,-8.28,-8.28
2026-04-24,2365,昆盈,TWSE,20,34.25,34.3055,-0.16,104657.58,-870.9,0.0,-870.9,-0.83,0.0,0,3,0,0,-381.0,0.0,,,,,,,0.0,-8.33,-8.33
2026-04-24,6727,亞泰金屬,TPEX,20,385.0,373.3651,3.12,20029.0,-740.18,0.0,-740.18,-3.7,0.0,1,0,0,0,187.0,0.0,,,,,,,0.0,-8.35,-8.35
2026-04-24,3492,長盛,TPEX,20,23.1,24.0302,-3.87,2339.0,-87.0,0.0,-87.0,-3.72,0.0,1,0,0,0,2.0,0.0,,,,,,,0.0,-8.41,-8.41
2026-04-24,9105,泰金寶-DR,TWSE,20,5.62,5.7338,-1.98,353708.79,-5692.44,0.0,-5692.44,-1.61,0.0,0,2,0,0,-3633.0,0.0,,,,,,,0.0,-8.51,-8.51
2026-04-24,2612,中航,TWSE,20,55.5,57.3029,-3.15,12587.62,-114.52,0.0,-114.52,-0.91,0.0,0,3,0,0,-49.94,0.0,,,,,,,0.0,-8.55,-8.55
2026-04-24,6138,茂達,TPEX,20,253.5,233.865,8.4,10377.0,32.19,-376.0,-343.81,0.31,-3.62,6,0,0,3,360.19,-36.0,,,,,,,0.0,-8.59,-8.59
2026-04-24,1760,寶齡富錦,TWSE,20,63.3,64.1212,-1.28,3614.15,-7.74,0.0,-7.74,-0.21,0.0,0,4,0,0,-73.0,0.0,,,,,,,0.0,-8.6,-8.6
2026-04-24,3605,宏致,TWSE,20,76.4,70.2605,8.74,91492.67,1146.92,-52.0,1094.92,1.25,-0.06,0,4,0,0,-165.0,0.0,,,,,,,0.0,-8.68,-8.68
2026-04-24,4577,達航科技,TPEX,20,179.0,121.9206,46.82,56362.0,-949.0,0.0,-949.0,-1.68,0.0,0,2,0,0,-47.0,0.0,,,,,,,0.0,-8.71,-8.71
2026-04-24,7782,光速火箭,TPEX,20,27.1,28.466,-4.8,1033.0,-10.0,0.0,-10.0,-0.97,0.0,0,3,0,0,-6.0,0.0,,,,,,,0.0,-8.71,-8.71
2026-04-24,6877,鏵友益,TPEX,20,186.0,151.3645,22.88,28317.0,-680.97,0.0,-680.97,-2.4,0.0,0,1,0,0,-251.0,0.0,,,,,,,0.0,-8.73,-8.73
2026-04-24,4439,冠星-KY,TWSE,20,101.0,95.7471,5.49,892.51,-8.81,0.0,-8.81,-0.99,0.0,0,3,0,0,-6.0,0.0,,,,,,,0.0,-8.76,-8.76
2026-04-24,3141,晶宏,TPEX,20,48.65,47.3823,2.68,14169.0,-345.8,0.0,-345.8,-2.44,0.0,0,1,0,0,-117.0,0.0,,,,,,,0.0,-8.83,-8.83
2026-04-24,6997,博弘,TPEX,20,81.4,81.9476,-0.67,63.0,-2.0,0.0,-2.0,-3.17,0.0,0,0,0,0,0.0,0.0,,,,,,,0.0,-8.89,-8.89
2026-04-24,3617,碩天,TWSE,20,192.5,182.266,5.61,5808.31,-8.6,-35.81,-44.41,-0.15,-0.62,0,2,0,1,-45.97,-1.0,,,,,,,0.0,-8.95,-8.95
2026-04-24,2314,台揚,TWSE,20,15.55,15.2002,2.3,12636.02,-169.79,-46.0,-215.79,-1.34,-0.36,0,2,0,0,-1.0,0.0,,,,,,,0.0,-8.96,-8.96
2026-04-24,6789,采鈺,TWSE,20,566.0,438.9779,28.94,156993.23,-978.78,-101.43,-1080.21,-0.62,-0.06,0,1,0,2,-470.75,-62.0,,,,,,,0.0,-8.96,-8.96
2026-04-24,2066,世德,TPEX,20,47.6,47.5577,0.09,1010.0,-18.0,0.0,-18.0,-1.78,0.0,0,2,0,0,-2.0,0.0,,,,,,,0.0,-8.99,-8.99
2026-04-24,3019,亞光,TWSE,20,139.5,130.8726,6.59,71828.17,-2816.45,-2.17,-2818.63,-3.92,-0.0,1,0,0,0,372.81,0.0,,,,,,,0.0,-8.99,-8.99
2026-04-24,4542,科嶠,TPEX,20,174.5,173.7317,0.44,19246.0,-491.45,0.0,-491.45,-2.55,0.0,0,1,0,0,-3.0,0.0,,,,,,,0.0,-9.15,-9.15
2026-04-24,4924,欣厚-KY,TPEX,20,10.8,10.211,5.77,1946.0,-8.0,0.0,-8.0,-0.41,0.0,0,4,0,0,-3.0,0.0,,,,,,,0.0,-9.15,-9.15
2026-04-24,3479,安勤,TPEX,20,91.6,90.4523,1.27,7710.0,-197.8,0.0,-197.8,-2.57,0.0,0,1,0,0,-9.0,0.0,,,,,,,0.0,-9.18,-9.18
2026-04-24,4930,燦星網,TWSE,20,18.9,19.2536,-1.84,1537.48,-17.44,0.0,-17.44,-1.13,0.0,0,3,0,0,-1.0,0.0,,,,,,,0.0,-9.18,-9.18
2026-04-24,2723,美食-KY,TWSE,20,63.9,67.5837,-5.45,6005.99,-208.82,128.0,-80.82,-3.48,2.13,0,2,0,1,-83.0,-1.0,,,,,,,0.0,-9.2,-9.2
2026-04-24,2838,聯邦銀,TWSE,20,20.05,20.7396,-3.33,35442.54,66.5,-34.0,32.5,0.19,-0.1,0,6,0,1,-544.54,-6.0,,,,,,,0.0,-9.29,-9.29
2026-04-24,7753,星亞,TPEX,20,48.3,46.382,4.14,1473.0,-28.0,0.0,-28.0,-1.9,0.0,0,2,0,0,-25.0,0.0,,,,,,,0.0,-9.32,-9.32
2026-04-24,1471,首利,TWSE,20,11.85,12.4705,-4.98,20367.28,-107.19,0.0,-107.19,-0.53,0.0,0,4,0,0,-24.0,0.0,,,,,,,0.0,-9.47,-9.47
2026-04-24,2460,建通,TWSE,20,39.45,35.4996,11.13,47130.54,-586.17,1.0,-585.17,-1.24,0.0,0,3,0,0,-181.0,0.0,,,,,,,0.0,-9.48,-9.48
2026-04-24,6509,聚和,TPEX,20,42.25,45.3407,-6.82,109199.0,-1864.86,-72.0,-1936.86,-1.71,-0.07,0,1,0,1,-141.9,-6.0,,,,,,,0.0,-9.5,-9.5
2026-04-24,6641,基士德-KY,TWSE,20,18.4,18.9671,-2.99,1030.22,-12.91,0.0,-12.91,-1.25,0.0,0,3,0,0,-8.0,0.0,,,,,,,0.0,-9.51,-9.51
2026-04-24,8038,長園科,TPEX,20,44.6,43.8755,1.65,11881.0,-319.09,0.0,-319.09,-2.69,0.0,0,1,0,0,-51.0,0.0,,,,,,,0.0,-9.52,-9.52
2026-04-24,5487,通泰,TPEX,20,29.1,28.2667,2.95,606.0,-12.0,0.0,-12.0,-1.98,0.0,0,2,0,0,-10.0,0.0,,,,,,,0.0,-9.54,-9.54
2026-04-24,2467,志聖,TWSE,20,538.0,459.2764,17.14,80437.81,-1437.92,2407.97,970.05,-1.79,2.99,1,0,0,5,398.02,-265.0,,,,,,,0.0,-9.63,-9.63
2026-04-24,4735,豪展,TPEX,20,30.05,30.8281,-2.52,397.0,-8.0,0.0,-8.0,-2.02,0.0,0,2,0,0,-4.0,0.0,,,,,,,0.0,-9.64,-9.64
2026-04-24,8034,榮群,TPEX,20,24.0,25.1959,-4.75,19222.0,-252.0,0.0,-252.0,-1.31,0.0,0,3,0,0,-327.0,0.0,,,,,,,0.0,-9.67,-9.67
2026-04-24,3044,健鼎,TWSE,20,480.5,408.6036,17.6,96514.07,4322.3,-3299.32,1022.97,4.48,-3.42,0,1,0,2,-623.59,-208.06,,,,,,,0.0,-9.74,-9.74
2026-04-24,8438,昶昕,TWSE,20,85.0,79.244,7.26,66008.85,1277.92,-138.0,1139.92,1.94,-0.21,0,1,0,7,-34.89,-19.0,,,,,,,0.0,-9.77,-9.77
2026-04-24,3219,倚強科,TPEX,20,64.1,67.3584,-4.84,6426.0,-132.85,0.0,-132.85,-2.07,0.0,0,2,0,0,-48.0,0.0,,,,,,,0.0,-9.79,-9.79
2026-04-24,3346,麗清,TWSE,20,17.8,18.2298,-2.36,6715.13,-140.93,0.0,-140.93,-2.1,0.0,0,2,0,0,-226.0,0.0,,,,,,,0.0,-9.88,-9.88
2026-04-24,8131,福懋科,TWSE,20,57.9,62.3802,-7.18,91974.56,-256.31,-307.07,-563.38,-0.28,-0.33,1,0,0,4,514.98,-80.0,,,,,,,0.0,-9.88,-9.88
2026-04-24,3631,晟楠,TPEX,20,37.7,36.038,4.61,7707.0,-162.0,0.0,-162.0,-2.1,0.0,0,2,0,0,-110.0,0.0,,,,,,,0.0,-9.89,-9.89
2026-04-24,3276,宇環,TPEX,20,14.65,14.3434,2.14,4834.0,-102.0,0.0,-102.0,-2.11,0.0,0,2,0,0,-2.0,0.0,,,,,,,0.0,-9.91,-9.91
2026-04-24,4557,永新-KY,TWSE,20,50.9,54.8093,-7.13,1969.03,-83.84,0.0,-83.84,-4.26,0.0,1,0,0,0,11.0,0.0,,,,,,,0.0,-9.92,-9.92
2026-04-24,4934,太極,TWSE,20,15.75,16.7675,-6.07,24411.96,-516.8,0.0,-516.8,-2.12,0.0,0,2,0,0,-97.0,0.0,,,,,,,0.0,-9.93,-9.93
2026-04-24,3588,通嘉,TWSE,20,64.7,63.4827,1.92,30652.94,-215.08,2.0,-213.08,-0.7,0.01,0,4,0,0,-760.9,0.0,,,,,,,0.0,-9.94,-9.94
2026-04-24,4580,捷流閥業,TPEX,20,80.3,79.7821,0.65,931.0,-20.0,0.0,-20.0,-2.15,0.0,0,2,0,0,-4.0,0.0,,,,,,,0.0,-10.01,-10.01
2026-04-24,4953,緯軟,TPEX,20,121.0,118.5918,2.03,7584.0,-217.27,0.0,-217.27,-2.86,0.0,0,1,0,0,-33.0,0.0,,,,,,,0.0,-10.02,-10.02
2026-04-24,6127,九豪,TPEX,20,44.65,46.6874,-4.36,408374.0,-5899.8,0.0,-5899.8,-1.44,0.0,0,3,0,0,-155.7,0.0,,,,,,,0.0,-10.05,-10.05
2026-04-24,5269,祥碩,TWSE,20,1295.0,1232.3461,5.08,27253.5,-358.7,4.38,-354.31,-1.32,0.02,0,2,0,1,-471.6,-10.0,,,,,,,0.0,-10.13,-10.13
2026-04-24,8421,旭源,TPEX,20,13.45,13.5865,-1.0,961.0,-21.05,0.0,-21.05,-2.19,0.0,0,2,0,0,-1.0,0.0,,,,,,,0.0,-10.13,-10.13
2026-04-24,2017,官田鋼,TWSE,20,8.79,9.5971,-8.41,16608.78,-246.15,0.0,-246.15,-1.48,0.0,0,3,0,0,-30.0,0.0,,,,,,,0.0,-10.15,-10.15
2026-04-24,6128,上福,TWSE,20,20.75,20.9843,-1.12,2518.24,-55.36,0.0,-55.36,-2.2,0.0,0,2,0,0,-1.0,0.0,,,,,,,0.0,-10.16,-10.16
2026-04-24,2065,世豐,TPEX,20,29.1,30.6965,-5.2,1680.0,-73.34,0.0,-73.34,-4.37,0.0,1,0,0,0,24.0,0.0,,,,,,,0.0,-10.22,-10.22
2026-04-24,4154,樂威科-KY,TPEX,20,14.3,14.4332,-0.92,640.0,-19.0,0.0,-19.0,-2.97,0.0,0,1,0,0,-19.0,0.0,,,,,,,0.0,-10.31,-10.31
2026-04-24,4406,新昕纖,TPEX,20,9.95,10.5288,-5.5,597.0,-22.0,0.0,-22.0,-3.69,0.0,0,0,0,0,0.0,0.0,,,,,,,0.0,-10.32,-10.32
2026-04-24,1414,東和,TWSE,20,16.5,16.7162,-1.29,5415.38,-291.91,4.0,-287.91,-5.39,0.07,1,0,1,0,0.7,4.0,,,,,,,0.0,-10.35,-10.35
2026-04-24,2618,長榮航,TWSE,20,33.75,34.7775,-2.95,433173.34,-34752.66,12622.2,-22130.46,-8.02,2.91,0,6,5,0,-7031.89,5684.27,,,,,,,0.0,-10.35,-10.35
2026-04-24,6735,美達科技,TPEX,20,121.5,97.866,24.15,11627.0,-513.11,0.0,-513.11,-4.41,0.0,1,0,0,0,43.0,0.0,,,,,,,0.0,-10.36,-10.36
2026-04-24,6158,禾昌,TPEX,20,20.35,19.2311,5.82,1952.0,-44.9,0.0,-44.9,-2.3,0.0,0,2,0,0,-4.0,0.0,,,,,,,0.0,-10.44,-10.44
2026-04-24,5452,佶優,TPEX,20,31.35,34.0872,-8.03,60474.0,-529.05,0.0,-529.05,-0.87,0.0,0,4,0,0,-383.0,0.0,,,,,,,0.0,-10.45,-10.45
2026-04-24,3687,歐買尬,TPEX,20,66.8,69.0006,-3.19,1886.0,-84.0,0.0,-84.0,-4.45,0.0,1,0,0,0,11.0,0.0,,,,,,,0.0,-10.47,-10.47
2026-04-24,5460,同協,TPEX,20,15.2,14.9064,1.97,1129.0,-26.08,0.0,-26.08,-2.31,0.0,0,2,0,0,-6.0,0.0,,,,,,,0.0,-10.47,-10.47
2026-04-24,3680,家登,TPEX,20,459.0,439.3121,4.48,60234.0,-2242.16,-1039.69,-3281.85,-3.72,-1.73,0,1,3,0,-677.13,0.11,,,,,,,0.0,-10.62,-10.62
2026-04-24,1528,恩德,TWSE,20,25.15,27.4402,-8.35,646338.3,-82.53,-190.0,-272.53,-0.01,-0.03,1,0,0,8,1418.9,-16.0,,,,,,,0.0,-10.63,-10.63
2026-04-24,2905,三商,TWSE,20,13.9,14.4628,-3.89,14375.94,-241.38,0.0,-241.38,-1.68,0.0,0,3,0,0,-104.0,0.0,,,,,,,0.0,-10.7,-10.7
2026-04-24,4533,協易機,TPEX,20,29.8,32.131,-7.25,56980.0,-955.59,0.0,-955.59,-1.68,0.0,0,3,0,0,-328.0,0.0,,,,,,,0.0,-10.7,-10.7
2026-04-24,1907,永豐餘,TWSE,20,24.2,26.2275,-7.73,39326.53,-205.81,-88.82,-294.63,-0.52,-0.23,0,3,0,1,-636.0,-19.82,,,,,,,0.0,-10.71,-10.71
2026-04-24,3615,安可,TPEX,20,30.15,33.7522,-10.67,51421.0,-1238.4,0.0,-1238.4,-2.41,0.0,0,2,0,0,-86.0,0.0,,,,,,,0.0,-10.74,-10.74
2026-04-24,1524,耿鼎,TWSE,20,27.8,29.9763,-7.26,22364.11,-543.59,2.11,-541.48,-2.43,0.01,0,2,0,0,-22.0,0.0,,,,,,,0.0,-10.77,-10.77
2026-04-24,2611,志信,TWSE,20,13.7,14.6821,-6.69,12620.95,-215.16,0.0,-215.16,-1.7,0.0,0,3,0,0,-229.0,0.0,,,,,,,0.0,-10.77,-10.77
2026-04-24,1231,聯華食,TWSE,20,86.9,90.5836,-4.07,6805.6,-165.96,1.0,-164.96,-2.44,0.01,0,2,0,0,-173.8,0.0,,,,,,,0.0,-10.78,-10.78
2026-04-24,4966,譜瑞-KY,TPEX,20,649.0,575.8658,12.7,33541.0,-708.86,-596.11,-1304.97,-2.11,-1.78,0,2,2,0,-297.79,210.0,,,,,,,0.0,-10.78,-10.78
2026-04-24,4972,湯石照明,TPEX,20,16.6,17.1643,-3.29,718.0,-33.07,0.0,-33.07,-4.61,0.0,1,0,0,0,1.0,0.0,,,,,,,0.0,-10.9,-10.9
2026-04-24,2104,國際中橡,TWSE,20,10.7,11.852,-9.72,72297.47,-3396.11,-393.0,-3789.11,-4.7,-0.54,2,0,0,0,89.0,0.0,,,,,,,0.0,-10.95,-10.95
2026-04-24,6449,鈺邦,TWSE,20,159.5,168.6932,-5.45,16813.37,-64.82,-172.37,-237.19,-0.39,-1.03,0,2,0,1,-23.0,-172.0,,,,,,,0.0,-10.96,-10.96
2026-04-24,1451,年興,TWSE,20,16.9,17.8727,-5.44,4191.75,-75.11,0.0,-75.11,-1.79,0.0,0,3,0,0,-19.0,0.0,,,,,,,0.0,-11.02,-11.02
2026-04-24,6861,睿生光電,TWSE,20,259.0,171.1453,51.33,41230.61,-1333.85,0.0,-1333.85,-3.24,0.0,0,1,0,0,-26.0,0.0,,,,,,,0.0,-11.06,-11.06
2026-04-24,7777,能率亞洲,TPEX,20,26.1,26.4274,-1.24,16832.0,-426.89,0.0,-426.89,-2.54,0.0,0,2,0,0,-58.0,0.0,,,,,,,0.0,-11.1,-11.1
2026-04-24,5468,凱鈺,TPEX,20,18.15,18.5273,-2.04,2047.0,-52.0,0.0,-52.0,-2.54,0.0,0,2,0,0,-3.0,0.0,,,,,,,0.0,-11.11,-11.11
2026-04-24,4526,東台,TWSE,20,33.0,34.531,-4.43,85121.57,-985.57,0.0,-985.57,-1.16,0.0,0,4,0,0,-2152.19,0.0,,,,,,,0.0,-11.24,-11.24
2026-04-24,8917,欣泰,TPEX,20,53.0,53.2776,-0.52,575.0,-15.0,0.0,-15.0,-2.61,0.0,0,2,0,0,-4.0,0.0,,,,,,,0.0,-11.3,-11.3
2026-04-24,5488,松普,TPEX,20,9.83,10.2278,-3.89,6010.0,-71.0,0.0,-71.0,-1.18,0.0,0,4,0,0,-11.0,0.0,,,,,,,0.0,-11.31,-11.31
2026-04-24,7805,威聯通,TPEX,20,717.0,705.8386,1.58,3339.0,-111.02,0.0,-111.02,-3.32,0.0,0,1,0,0,-19.0,0.0,,,,,,,0.0,-11.31,-11.31
2026-04-24,6752,叡揚,TPEX,20,104.5,106.5558,-1.93,1300.0,-61.98,0.0,-61.98,-4.77,0.0,1,0,0,0,3.0,0.0,,,,,,,0.0,-11.35,-11.35
2026-04-24,2357,華碩,TWSE,20,585.0,581.7637,0.56,77550.95,-8453.83,2082.5,-6371.33,-10.9,2.69,0,2,5,0,-2343.59,86.27,,,,,,,0.0,-11.36,-11.36
2026-04-24,3056,富華新,TWSE,20,14.2,14.6476,-3.06,25100.82,-300.14,-153.2,-453.34,-1.2,-0.61,0,3,0,0,-243.26,0.0,,,,,,,0.0,-11.36,-11.36
2026-04-24,3705,永信,TWSE,20,54.8,55.178,-0.69,5446.85,-21.08,-5.0,-26.08,-0.39,-0.09,0,6,0,0,-42.9,0.0,,,,,,,0.0,-11.39,-11.39
2026-04-24,4995,晶達,TPEX,20,41.85,41.9277,-0.19,642.0,-17.0,0.0,-17.0,-2.65,0.0,0,2,0,0,-2.0,0.0,,,,,,,0.0,-11.41,-11.41
2026-04-24,5907,大洋-KY,TWSE,20,5.55,5.7438,-3.37,4901.41,-94.75,0.0,-94.75,-1.93,0.0,0,3,0,0,-27.0,0.0,,,,,,,0.0,-11.41,-11.41
2026-04-24,7750,新代,TWSE,20,2120.0,1756.7347,20.68,11045.98,-352.67,50.0,-302.67,-3.19,0.45,0,2,0,0,-95.54,0.0,,,,,,,0.0,-11.45,-11.45
2026-04-24,4111,濟生,TPEX,20,29.3,29.2359,0.22,1745.0,-34.0,0.0,-34.0,-1.95,0.0,0,3,0,0,-1.0,0.0,,,,,,,0.0,-11.46,-11.46
2026-04-24,3708,上緯投控,TWSE,20,122.5,122.3412,0.13,28384.06,-730.42,12.0,-718.42,-2.57,0.04,0,1,0,1,-346.01,-1.0,,,,,,,0.0,-11.57,-11.57
2026-04-24,6133,金橋,TWSE,20,21.7,23.1835,-6.4,32176.04,-870.42,0.0,-870.42,-2.71,0.0,0,2,0,0,-81.0,0.0,,,,,,,0.0,-11.57,-11.57
2026-04-24,4729,熒茂,TPEX,20,20.0,20.3845,-1.89,4969.0,-170.0,0.0,-170.0,-3.42,0.0,0,1,0,0,-122.0,0.0,,,,,,,0.0,-11.58,-11.58
2026-04-24,6548,長科*,TPEX,20,54.5,53.5156,1.84,251569.0,-11250.45,-810.0,-12060.45,-4.47,-0.32,1,0,0,0,129.0,0.0,,,,,,,0.0,-11.58,-11.58
2026-04-24,2035,唐榮,TPEX,20,,28.2183,,145.0,-6.0,0.0,-6.0,-4.14,0.0,0,0,0,0,0.0,0.0,,,,,,,0.0,-11.59,-11.59
2026-04-24,8432,東生華,TPEX,20,51.1,51.2849,-0.36,516.0,-14.0,0.0,-14.0,-2.71,0.0,0,2,0,0,-2.0,0.0,,,,,,,0.0,-11.6,-11.6
2026-04-24,2399,映泰,TWSE,20,43.65,37.8057,15.46,368674.19,-3845.45,-234.0,-4079.45,-1.04,-0.06,2,0,0,8,2708.0,-19.0,,,,,,,0.0,-11.63,-11.63
2026-04-24,2887,台新新光金,TWSE,20,23.95,24.1701,-0.91,1403302.66,76973.45,-87143.28,-10169.83,5.49,-6.21,3,0,0,9,37141.36,-31109.12,,,,,,,0.0,-11.63,-11.63
2026-04-24,3483,力致,TPEX,20,99.1,94.501,4.87,31729.0,-859.91,-3.58,-863.49,-2.71,-0.01,0,2,0,0,-896.03,0.0,,,,,,,0.0,-11.63,-11.63
2026-04-24,3207,耀勝,TPEX,20,65.1,66.8737,-2.65,6145.0,-169.0,0.0,-169.0,-2.75,0.0,0,2,0,0,-56.0,0.0,,,,,,,0.0,-11.7,-11.7
2026-04-24,9919,康那香,TWSE,20,14.25,15.1995,-6.25,9488.41,-194.02,0.0,-194.02,-2.04,0.0,0,3,0,0,-61.0,0.0,,,,,,,0.0,-11.73,-11.73
2026-04-24,3049,精金,TWSE,20,12.15,12.7017,-4.34,325831.27,-11374.19,0.0,-11374.19,-3.49,0.0,0,1,0,0,-1079.14,0.0,,,,,,,0.0,-11.77,-11.77
2026-04-24,6257,矽格,TWSE,20,185.0,167.997,10.12,416326.79,14622.95,-11575.11,3047.84,3.51,-2.78,2,0,0,10,2952.16,-1658.0,,,,,,,0.0,-11.84,-11.84
2026-04-24,1449,佳和,TWSE,20,13.6,14.7089,-7.54,82120.05,-567.07,0.0,-567.07,-0.69,0.0,0,5,0,0,-433.0,0.0,,,,,,,0.0,-11.93,-11.93
2026-04-24,4739,康普,TWSE,20,90.5,90.1949,0.34,102005.13,-2932.58,-23.0,-2955.58,-2.87,-0.02,0,2,0,0,-4613.44,0.0,,,,,,,0.0,-12.12,-12.12
2026-04-24,8341,日友,TWSE,20,74.9,75.7517,-1.12,3957.6,-115.84,0.0,-115.84,-2.93,0.0,0,2,0,0,-80.0,0.0,,,,,,,0.0,-12.2,-12.2
2026-04-24,4535,至興,TPEX,20,28.0,28.0978,-0.35,228.0,-10.0,0.0,-10.0,-4.39,0.0,0,0,0,0,0.0,0.0,,,,,,,0.0,-12.28,-12.28
2026-04-24,4433,興采,TPEX,20,20.3,20.5308,-1.12,527.0,-11.99,0.0,-11.99,-2.28,0.0,0,3,0,0,-6.0,0.0,,,,,,,0.0,-12.37,-12.37
2026-04-24,4561,健椿,TPEX,20,32.8,35.2399,-6.92,4327.0,-129.27,0.0,-129.27,-2.99,0.0,0,2,0,0,-9.0,0.0,,,,,,,0.0,-12.37,-12.37
2026-04-24,3297,杭特,TPEX,20,32.7,35.2119,-7.13,3527.0,-257.04,0.0,-257.04,-7.29,0.0,4,0,0,0,8.0,0.0,,,,,,,0.0,-12.41,-12.41
2026-04-24,4130,健亞,TPEX,20,29.45,32.9268,-10.56,24910.0,-926.18,0.0,-926.18,-3.72,0.0,0,1,0,0,-174.0,0.0,,,,,,,0.0,-12.41,-12.41
2026-04-24,5016,松和,TPEX,20,26.2,30.4081,-13.84,13471.0,-116.0,0.0,-116.0,-0.86,0.0,0,7,0,0,-1.0,0.0,,,,,,,0.0,-12.41,-12.41
2026-04-24,3030,德律,TWSE,20,315.5,301.0738,4.79,160312.41,-9965.72,214.24,-9751.48,-6.22,0.13,1,0,1,0,1181.09,77.4,,,,,,,0.0,-12.47,-12.47
2026-04-24,6425,易發,TPEX,20,90.2,85.597,5.38,84623.0,-3164.29,0.0,-3164.29,-3.74,0.0,0,1,0,0,-519.0,0.0,,,,,,,0.0,-12.47,-12.47
2026-04-24,3545,敦泰,TWSE,20,53.0,50.605,4.73,55079.41,-1678.56,-20.06,-1698.62,-3.05,-0.04,0,2,0,0,-417.0,0.0,,,,,,,0.0,-12.65,-12.65
2026-04-24,6609,瀧澤科,TPEX,20,37.0,40.8058,-9.33,12436.0,-385.0,0.0,-385.0,-3.1,0.0,0,2,0,0,-60.0,0.0,,,,,,,0.0,-12.67,-12.67
2026-04-24,2705,六福,TWSE,20,17.2,16.2619,5.77,13740.58,-139.07,0.0,-139.07,-1.01,0.0,0,6,0,0,-104.0,0.0,,,,,,,0.0,-12.83,-12.83
2026-04-24,3094,聯傑,TWSE,20,27.15,26.198,3.63,20396.54,-500.59,0.0,-500.59,-2.45,0.0,0,3,0,0,-249.0,0.0,,,,,,,0.0,-12.87,-12.87
2026-04-24,6485,點序,TPEX,20,77.1,80.6278,-4.38,10906.0,-582.99,0.0,-582.99,-5.35,0.0,1,0,0,0,19.0,0.0,,,,,,,0.0,-12.97,-12.97
2026-04-24,1312,國喬,TWSE,20,12.7,13.8427,-8.26,382678.81,-4074.68,0.0,-4074.68,-1.06,0.0,0,8,0,0,-82.0,0.0,,,,,,,0.0,-12.98,-12.98
2026-04-24,6409,旭隼,TWSE,20,765.0,759.4571,0.73,16836.99,-1703.99,334.53,-1369.46,-10.12,1.99,0,2,5,0,-136.59,3.81,,,,,,,0.0,-13.04,-13.04
2026-04-24,3041,揚智,TWSE,20,24.8,24.2943,2.08,33356.27,-2073.3,233.0,-1840.3,-6.22,0.7,1,0,0,0,174.0,0.0,,,,,,,0.0,-13.1,-13.1
2026-04-24,6461,益得,TPEX,20,18.6,18.9986,-2.1,4589.0,-182.0,0.0,-182.0,-3.97,0.0,0,1,0,0,-53.0,0.0,,,,,,,0.0,-13.1,-13.1
2026-04-24,7740,熙特爾-創,TWSE,20,197.0,184.3294,6.87,5951.21,-236.0,0.0,-236.0,-3.97,0.0,0,1,0,0,-85.0,0.0,,,,,,,0.0,-13.1,-13.1
2026-04-24,6624,萬年清,TPEX,20,52.5,57.2728,-8.33,522.0,-17.0,0.0,-17.0,-3.26,0.0,0,2,0,0,-1.0,0.0,,,,,,,0.0,-13.12,-13.12
2026-04-24,8401,白紗科,TPEX,20,24.2,24.886,-2.76,1319.0,-43.0,0.0,-43.0,-3.26,0.0,0,2,0,0,-4.0,0.0,,,,,,,0.0,-13.13,-13.13
2026-04-24,2451,創見,TWSE,20,252.5,248.9837,1.41,130118.97,-9541.39,1131.08,-8410.32,-7.33,0.87,0,4,5,0,-358.89,408.61,,,,,,,0.0,-13.16,-13.16
2026-04-24,8924,大田,TPEX,20,68.7,68.0448,0.96,1662.0,-89.99,0.0,-89.99,-5.41,0.0,1,0,0,0,1.0,0.0,,,,,,,0.0,-13.16,-13.16
2026-04-24,9940,信義,TWSE,20,19.95,19.9743,-0.12,8676.11,-473.85,0.0,-473.85,-5.46,0.0,1,0,0,0,13.96,0.0,,,,,,,0.0,-13.29,-13.29
2026-04-24,2613,中櫃,TWSE,20,22.4,23.128,-3.15,7480.31,-198.36,0.0,-198.36,-2.65,0.0,0,3,0,0,-149.0,0.0,,,,,,,0.0,-13.42,-13.42
2026-04-24,6690,安碁資訊,TPEX,20,168.0,168.5519,-0.33,1194.0,-40.29,0.0,-40.29,-3.37,0.0,0,2,0,0,-6.0,0.0,,,,,,,0.0,-13.45,-13.45
2026-04-24,5471,松翰,TWSE,20,45.25,44.2834,2.18,26920.07,-908.61,-1.1,-909.72,-3.38,-0.0,0,2,0,0,-541.0,0.0,,,,,,,0.0,-13.46,-13.46
2026-04-24,1808,潤隆,TWSE,20,30.8,30.4361,1.2,25979.21,-1067.37,0.0,-1067.37,-4.11,0.0,0,1,0,0,-393.0,0.0,,,,,,,0.0,-13.5,-13.5
2026-04-24,4912,聯德控股-KY,TWSE,20,84.8,89.5534,-5.31,8583.81,201.32,-171.0,30.32,2.35,-1.99,0,2,0,8,-66.0,-24.0,,,,,,,0.0,-13.51,-13.51
2026-04-24,5347,世界,TPEX,20,140.5,132.9106,5.71,614652.0,9645.61,-23252.19,-13606.57,1.57,-3.78,1,0,0,3,10670.59,-5327.07,,,,,,,0.0,-13.59,-13.59
2026-04-24,5328,華容,TPEX,20,23.75,25.9978,-8.65,102369.0,-2788.25,0.0,-2788.25,-2.72,0.0,0,3,0,0,-452.0,0.0,,,,,,,0.0,-13.63,-13.63
2026-04-24,8234,新漢,TPEX,20,62.2,63.5998,-2.2,14013.0,-382.6,0.0,-382.6,-2.73,0.0,0,3,0,0,-180.6,0.0,,,,,,,0.0,-13.64,-13.64
2026-04-24,1605,華新,TWSE,20,30.1,31.7514,-5.2,527182.58,2202.42,-3062.47,-860.05,0.42,-0.58,0,4,0,2,-2888.61,-20.55,,,,,,,0.0,-13.75,-13.75
2026-04-24,3308,聯德,TWSE,20,21.35,21.7018,-1.62,4023.46,-111.71,0.0,-111.71,-2.78,0.0,0,3,0,0,-19.0,0.0,,,,,,,0.0,-13.77,-13.77
2026-04-24,2428,興勤,TWSE,20,174.5,171.873,1.53,27298.99,1763.67,-3053.93,-1290.25,6.46,-11.19,1,0,0,0,19.03,0.0,,,,,,,0.0,-13.86,-13.86
2026-04-24,3467,台灣精材,TPEX,20,60.0,54.8268,9.44,8007.0,4.0,0.0,4.0,0.05,0.0,0,5,0,0,-4.0,0.0,,,,,,,0.0,-13.86,-13.86
2026-04-24,8044,網家,TPEX,20,23.85,23.7285,0.51,11450.0,-403.13,0.0,-403.13,-3.52,0.0,0,2,0,0,-64.0,0.0,,,,,,,0.0,-13.86,-13.86
2026-04-24,3402,漢科,TPEX,20,136.5,131.1927,4.05,20267.0,-1297.15,0.0,-1297.15,-6.4,0.0,2,0,0,0,34.0,0.0,,,,,,,0.0,-13.92,-13.92
2026-04-24,6523,達爾膚,TPEX,20,101.0,106.9291,-5.54,1531.0,-87.9,0.0,-87.9,-5.74,0.0,1,0,0,0,9.0,0.0,,,,,,,0.0,-14.08,-14.08
2026-04-24,3712,永崴投控,TWSE,20,19.85,19.4657,1.97,24839.61,-364.57,0.0,-364.57,-1.47,0.0,0,8,0,0,-294.0,0.0,,,,,,,0.0,-14.11,-14.11
2026-04-24,1409,新纖,TWSE,20,16.7,16.8782,-1.06,201115.62,-10988.74,-510.0,-11498.74,-5.46,-0.25,1,0,0,0,512.13,0.0,,,,,,,0.0,-14.14,-14.14
2026-04-24,6781,AES-KY,TWSE,20,1115.0,1053.2798,5.86,30714.95,-130.0,-647.93,-777.93,-0.42,-2.11,0,3,0,0,-37.54,0.0,,,,,,,0.0,-14.15,-14.15
2026-04-24,5225,東科-KY,TWSE,20,75.7,80.098,-5.49,7113.51,-229.19,-25.0,-254.19,-3.22,-0.35,0,2,0,0,-138.9,0.0,,,,,,,0.0,-14.18,-14.18
2026-04-24,6695,芯鼎,TWSE,20,43.25,43.4335,-0.42,18261.35,-798.99,0.0,-798.99,-4.38,0.0,0,1,0,0,-133.0,0.0,,,,,,,0.0,-14.25,-14.25
2026-04-24,1519,華城,TWSE,20,886.0,862.8182,2.69,66706.86,-1997.18,-1087.1,-3084.28,-2.99,-1.63,1,0,0,1,312.41,-25.65,,,,,,,0.0,-14.26,-14.26
2026-04-24,6186,新潤,TPEX,20,41.3,40.7153,1.44,13124.0,-293.2,0.0,-293.2,-2.23,0.0,0,4,0,0,-9.0,0.0,,,,,,,0.0,-14.26,-14.26
2026-04-24,8011,台通,TWSE,20,20.0,20.9192,-4.39,45017.54,-1651.19,0.0,-1651.19,-3.67,0.0,0,2,0,0,-648.0,0.0,,,,,,,0.0,-14.27,-14.27
2026-04-24,3630,新鉅科,TPEX,20,28.4,29.5773,-3.98,17712.0,-653.55,0.0,-653.55,-3.69,0.0,0,2,0,0,-10.0,0.0,,,,,,,0.0,-14.33,-14.33
2026-04-24,4973,廣穎,TPEX,20,80.1,79.4318,0.84,108773.0,-6353.26,0.0,-6353.26,-5.84,0.0,1,0,0,0,162.0,0.0,,,,,,,0.0,-14.35,-14.35
2026-04-24,2313,華通,TWSE,20,214.5,260.5699,-17.68,1965045.42,-15144.91,-10147.6,-25292.51,-0.77,-0.52,1,0,0,11,20204.58,-6114.0,,,,,,,0.0,-14.36,-14.36
2026-04-24,1781,合世,TPEX,20,11.05,11.6691,-5.31,915.0,-47.0,0.0,-47.0,-5.14,0.0,0,0,0,0,0.0,0.0,,,,,,,0.0,-14.38,-14.38
2026-04-24,4503,金雨,TPEX,20,44.45,41.3341,7.54,4312.0,-252.8,0.0,-252.8,-5.86,0.0,1,0,0,0,37.0,0.0,,,,,,,0.0,-14.42,-14.42
2026-04-24,5014,建錩,TPEX,20,9.92,10.1945,-2.69,5155.0,-155.0,0.0,-155.0,-3.01,0.0,0,3,0,0,-22.0,0.0,,,,,,,0.0,-14.42,-14.42
2026-04-24,5481,新華,TPEX,20,21.5,22.2903,-3.55,3864.0,-61.0,0.0,-61.0,-1.58,0.0,0,5,0,0,-18.0,0.0,,,,,,,0.0,-14.42,-14.42
2026-04-24,5251,天鉞電,TPEX,20,29.6,29.8018,-0.68,2872.0,-106.96,0.0,-106.96,-3.72,0.0,0,2,0,0,-21.0,0.0,,,,,,,0.0,-14.43,-14.43
2026-04-24,8099,大世科,TPEX,20,64.8,67.0189,-3.31,2751.0,-63.74,0.0,-63.74,-2.32,0.0,0,4,0,0,-9.0,0.0,,,,,,,0.0,-14.49,-14.49
2026-04-24,4432,銘旺實,TPEX,20,14.65,15.1084,-3.03,627.0,-37.0,0.0,-37.0,-5.9,0.0,1,0,0,0,5.0,0.0,,,,,,,0.0,-14.52,-14.52
2026-04-24,1717,長興,TWSE,20,77.6,77.1281,0.61,1461282.35,-6159.17,-8624.98,-14784.15,-0.42,-0.59,0,2,0,3,-8708.72,-690.0,,,,,,,0.0,-14.63,-14.63
2026-04-24,6199,天品,TPEX,20,99.0,111.7614,-11.42,10174.0,-315.0,0.0,-315.0,-3.1,0.0,0,3,0,0,-50.0,0.0,,,,,,,0.0,-14.67,-14.67
2026-04-24,5009,榮剛,TPEX,20,31.35,32.3652,-3.14,40654.0,-724.21,-153.25,-877.46,-1.78,-0.38,0,3,0,1,-554.0,-14.0,,,,,,,0.0,-14.73,-14.73
2026-04-24,5474,聰泰,TPEX,20,135.5,140.5428,-3.59,3933.0,-151.1,0.0,-151.1,-3.84,0.0,0,2,0,0,-13.0,0.0,,,,,,,0.0,-14.76,-14.76
2026-04-24,2528,皇普,TWSE,20,22.5,23.8082,-5.49,12299.35,-697.67,-164.0,-861.67,-5.67,-1.33,4,0,0,1,23.0,-4.0,,,,,,,0.0,-14.78,-14.78
2026-04-24,9935,慶豐富,TWSE,20,18.35,18.8628,-2.72,4856.69,-233.18,2.0,-231.18,-4.8,0.04,0,2,1,0,-42.0,2.0,,,,,,,0.0,-14.81,-14.81
2026-04-24,5521,工信,TWSE,20,11.7,12.3406,-5.19,108224.74,-4185.38,0.0,-4185.38,-3.87,0.0,0,2,0,0,-2590.26,0.0,,,,,,,0.0,-14.83,-14.83
2026-04-24,8431,匯鑽科,TPEX,20,66.0,68.4591,-3.59,50809.0,-1610.39,0.0,-1610.39,-3.17,0.0,0,3,0,0,-335.0,0.0,,,,,,,0.0,-14.87,-14.87
2026-04-24,7723,築間,TPEX,20,33.35,34.4982,-3.33,2463.0,-167.0,0.0,-167.0,-6.78,0.0,2,0,0,0,2.0,0.0,,,,,,,0.0,-14.98,-14.98
2026-04-24,3047,訊舟,TWSE,20,14.75,15.8373,-6.87,25613.23,-822.57,0.0,-822.57,-3.21,0.0,0,3,0,0,-326.0,0.0,,,,,,,0.0,-14.99,-14.99
2026-04-24,4538,大詠城,TPEX,20,18.45,18.7808,-1.76,433.0,-17.0,0.0,-17.0,-3.93,0.0,0,2,0,0,-1.0,0.0,,,,,,,0.0,-14.99,-14.99
2026-04-24,2481,強茂,TWSE,20,100.0,103.1258,-3.03,619076.96,-2613.34,2205.74,-407.59,-0.42,0.36,0,6,0,2,-3279.53,-15.0,,,,,,,0.0,-15.01,-15.01
2026-04-24,6591,動力-KY,TWSE,20,57.2,58.685,-2.53,6783.66,-412.79,0.0,-412.79,-6.09,0.0,1,0,0,0,67.0,0.0,,,,,,,0.0,-15.04,-15.04
2026-04-24,1308,亞聚,TWSE,20,15.4,18.0432,-14.65,352611.1,-11454.01,0.0,-11454.01,-3.25,0.0,0,3,0,0,-22.0,0.0,,,,,,,0.0,-15.1,-15.1
2026-04-24,6140,訊達,TPEX,20,19.25,18.78,2.5,3192.0,-127.0,0.0,-127.0,-3.98,0.0,0,2,0,0,-7.0,0.0,,,,,,,0.0,-15.14,-15.14
2026-04-24,8183,精星,TPEX,20,35.6,35.6882,-0.25,10832.0,-742.0,0.0,-742.0,-6.85,0.0,2,0,0,0,10.0,0.0,,,,,,,0.0,-15.18,-15.18
2026-04-24,1598,岱宇,TWSE,20,19.9,19.6168,1.44,7990.11,-319.42,0.0,-319.42,-4.0,0.0,0,2,0,0,-30.0,0.0,,,,,,,0.0,-15.19,-15.19
2026-04-24,6684,安格,TPEX,20,48.55,49.6605,-2.24,8287.0,-511.0,0.0,-511.0,-6.17,0.0,1,0,0,0,33.0,0.0,,,,,,,0.0,-15.27,-15.27
2026-04-24,2745,五福,TPEX,20,101.5,107.5262,-5.6,5515.0,-222.18,0.0,-222.18,-4.03,0.0,0,2,0,0,-24.32,0.0,,,,,,,0.0,-15.28,-15.28
2026-04-24,6191,精成科,TWSE,20,109.0,105.0127,3.8,201326.95,-5288.16,-2099.23,-7387.39,-2.63,-1.04,0,1,0,1,-3659.14,-1.0,,,,,,,0.0,-15.3,-15.3
2026-04-24,6446,藥華藥,TWSE,20,620.0,640.6342,-3.22,31493.49,-661.49,-51.25,-712.74,-2.1,-0.16,0,2,0,2,-150.57,-1.0,,,,,,,0.0,-15.42,-15.42
2026-04-24,4946,辣椒,TPEX,20,113.0,112.7699,0.2,1545.0,-63.06,0.0,-63.06,-4.08,0.0,0,2,0,0,-16.0,0.0,,,,,,,0.0,-15.43,-15.43
2026-04-24,3577,泓格,TPEX,20,83.1,76.9221,8.03,5452.0,-223.0,0.0,-223.0,-4.09,0.0,0,2,0,0,-8.0,0.0,,,,,,,0.0,-15.45,-15.45
2026-04-24,3332,幸康,TPEX,20,64.3,60.6067,6.09,585.0,-24.0,0.0,-24.0,-4.1,0.0,0,2,0,0,-6.0,0.0,,,,,,,0.0,-15.49,-15.49
2026-04-24,2067,嘉鋼,TPEX,20,6.78,7.25,-6.48,972.0,-19.95,0.0,-19.95,-2.05,0.0,0,5,0,0,-2.0,0.0,,,,,,,0.0,-15.75,-15.75
2026-04-24,1437,勤益控,TWSE,20,30.15,30.4472,-0.98,1602.29,-55.99,0.0,-55.99,-3.49,0.0,0,3,0,0,-16.0,0.0,,,,,,,0.0,-15.78,-15.78
2026-04-24,4420,光明,TPEX,20,42.5,44.1093,-3.65,1274.0,-44.87,0.0,-44.87,-3.52,0.0,0,3,0,0,-5.0,0.0,,,,,,,0.0,-15.86,-15.86
2026-04-24,6547,高端疫苗,TPEX,20,48.0,53.8259,-10.82,72618.0,-2052.01,0.0,-2052.01,-2.83,0.0,0,4,0,0,-57.0,0.0,,,,,,,0.0,-15.91,-15.91
2026-04-24,8088,品安,TPEX,20,50.5,52.2027,-3.26,54880.0,-1986.0,0.0,-1986.0,-3.62,0.0,0,3,0,0,-75.0,0.0,,,,,,,0.0,-16.13,-16.13
2026-04-24,3484,崧騰,TPEX,20,45.2,45.524,-0.71,5126.0,-333.0,0.0,-333.0,-6.5,0.0,1,0,0,0,2.0,0.0,,,,,,,0.0,-16.19,-16.19
2026-04-24,2616,山隆,TWSE,20,14.65,16.6744,-12.14,22754.98,-991.88,0.0,-991.88,-4.36,0.0,0,2,0,0,-2.0,0.0,,,,,,,0.0,-16.21,-16.21
2026-04-24,5706,鳳凰,TWSE,20,50.8,53.3094,-4.71,9325.52,-341.06,0.0,-341.06,-3.66,0.0,0,3,0,0,-48.0,0.0,,,,,,,0.0,-16.24,-16.24
2026-04-24,4943,康控-KY,TWSE,20,10.3,10.6987,-3.73,591.63,-355.0,37.0,-318.0,-60.0,6.25,0,0,0,0,0.0,0.0,,,,,,,0.0,-16.37,-16.37
2026-04-24,5222,全訊,TWSE,20,138.0,136.6801,0.97,29080.82,-35.35,-141.0,-176.35,-0.12,-0.48,0,1,0,5,-123.0,-1.0,,,,,,,0.0,-16.44,-16.44
2026-04-24,9945,潤泰新,TWSE,20,24.2,25.0203,-3.28,105053.24,-4914.61,-107.0,-5021.61,-4.68,-0.1,1,0,0,2,159.95,-20.0,,,,,,,0.0,-16.44,-16.44
2026-04-24,2474,可成,TWSE,20,223.5,212.0018,5.42,95352.71,7395.67,-12754.88,-5359.21,7.76,-13.38,6,0,0,15,995.18,-1333.07,,,,,,,0.0,-16.48,-16.48
2026-04-24,6431,光麗-KY,TWSE,20,20.2,22.5751,-10.52,4133.51,-272.74,0.0,-272.74,-6.6,0.0,1,0,0,0,12.0,0.0,,,,,,,0.0,-16.48,-16.48
2026-04-24,9921,巨大,TWSE,20,67.3,69.5438,-3.23,32147.23,-1436.85,3.0,-1433.85,-4.47,0.01,0,2,0,0,-595.18,0.0,,,,,,,0.0,-16.48,-16.48
2026-04-24,3465,進泰電子,TPEX,20,32.7,35.1729,-7.03,614.0,-23.0,0.0,-23.0,-3.75,0.0,0,3,0,0,-10.0,0.0,,,,,,,0.0,-16.49,-16.49
2026-04-24,2397,友通,TWSE,20,57.1,57.9762,-1.51,4067.95,-180.4,-3.07,-183.47,-4.43,-0.08,0,2,0,0,-74.0,0.0,,,,,,,0.0,-16.67,-16.67
2026-04-24,2633,台灣高鐵,TWSE,20,26.7,26.5275,0.65,107313.61,-11534.4,-25.28,-11559.67,-10.75,-0.02,1,0,4,0,1298.94,18.5,,,,,,,0.0,-16.68,-16.68
2026-04-24,6104,創惟,TPEX,20,99.0,96.9474,2.12,35266.0,-1591.68,-13.0,-1604.68,-4.51,-0.04,0,2,0,0,-200.0,0.0,,,,,,,0.0,-16.76,-16.76
2026-04-24,4763,材料*-KY,TWSE,20,42.8,44.6072,-4.05,158036.52,13981.0,-27955.66,-13974.66,8.85,-17.69,6,0,0,15,1415.13,-4520.69,,,,,,,0.0,-16.88,-16.88
2026-04-24,5543,桓鼎-KY,TPEX,20,29.5,27.8559,5.9,390.0,-18.0,0.0,-18.0,-4.62,0.0,0,2,0,0,-5.0,0.0,,,,,,,0.0,-16.92,-16.92
2026-04-24,6139,亞翔,TWSE,20,706.0,635.9139,11.02,119191.21,3661.83,-4006.96,-345.13,3.07,-3.36,0,1,0,15,-243.84,-262.0,,,,,,,0.0,-16.99,-16.99
2026-04-24,6805,富世達,TWSE,20,1915.0,1881.3655,1.79,40183.57,-264.95,-1177.82,-1442.76,-0.66,-2.93,1,0,0,3,123.17,-653.0,,,,,,,0.0,-17.02,-17.02
2026-04-24,1516,川飛,TWSE,20,20.35,20.5555,-1.0,1058.6,-27.8,1.0,-26.8,-2.63,0.09,0,6,0,0,-7.0,0.0,,,,,,,0.0,-17.04,-17.04
2026-04-24,9960,邁達康,TPEX,20,27.9,26.165,6.63,2319.0,-108.0,0.0,-108.0,-4.66,0.0,0,2,0,0,-13.0,0.0,,,,,,,0.0,-17.04,-17.04
2026-04-24,3535,晶彩科,TWSE,20,114.0,124.3766,-8.34,132844.36,-7163.21,12.0,-7151.21,-5.39,0.01,0,1,0,0,-529.02,0.0,,,,,,,0.0,-17.07,-17.07
2026-04-24,8112,至上,TWSE,20,82.4,82.8325,-0.52,319666.99,-16265.65,-2268.87,-18534.52,-5.09,-0.71,1,0,0,1,1116.0,-2887.06,,,,,,,0.0,-17.09,-17.09
2026-04-24,2375,凱美,TWSE,20,79.2,85.7421,-7.63,66872.3,-3131.76,-1.79,-3133.55,-4.68,-0.0,0,2,0,0,-186.0,0.0,,,,,,,0.0,-17.12,-17.12
2026-04-24,6223,旺矽,TPEX,20,4650.0,4462.8887,4.19,23452.0,-1158.78,50.51,-1108.27,-4.94,0.22,3,0,0,4,197.38,-159.2,,,,,,,0.0,-17.12,-17.12
2026-04-24,5278,尚凡*,TPEX,20,23.5,24.7139,-4.91,13322.0,-913.65,0.0,-913.65,-6.86,0.0,1,0,0,0,20.0,0.0,,,,,,,0.0,-17.2,-17.2
2026-04-24,3032,偉訓,TWSE,20,64.2,62.8119,2.21,9792.13,-462.2,0.0,-462.2,-4.72,0.0,0,2,0,0,-128.0,0.0,,,,,,,0.0,-17.22,-17.22
2026-04-24,3025,星通,TWSE,20,59.2,62.7483,-5.65,14889.6,156.15,-171.0,-14.85,1.05,-1.15,0,2,0,8,-222.0,-24.0,,,,,,,0.0,-17.35,-17.35
2026-04-24,5213,亞昕,TPEX,20,26.3,26.6683,-1.38,10116.0,-699.01,0.0,-699.01,-6.91,0.0,1,0,0,0,20.0,0.0,,,,,,,0.0,-17.35,-17.35
2026-04-24,2603,長榮,TWSE,20,201.5,201.3022,0.1,195815.48,-16268.43,-363.52,-16631.96,-8.31,-0.19,0,3,5,0,-265.04,148.76,,,,,,,0.0,-17.38,-17.38
2026-04-24,6261,久元,TPEX,20,95.1,87.7654,8.36,69318.0,-2323.09,0.0,-2323.09,-3.35,0.0,0,4,0,0,-2685.0,0.0,,,,,,,0.0,-17.38,-17.38
2026-04-24,2404,漢唐,TWSE,20,989.0,940.4578,5.16,92677.45,-4047.59,-3842.25,-7889.84,-4.37,-4.15,3,0,1,0,183.59,70.72,,,,,,,0.0,-17.41,-17.41
2026-04-24,3217,優群,TPEX,20,177.0,173.0333,2.29,28814.0,-1294.16,359.99,-934.17,-4.49,1.25,0,2,0,2,-233.6,-3.0,,,,,,,0.0,-17.45,-17.45
2026-04-24,2466,冠西電,TWSE,20,54.2,60.6327,-10.61,25031.85,327.85,-504.0,-176.15,1.31,-2.01,0,1,0,8,-93.0,-71.0,,,,,,,0.0,-17.48,-17.48
2026-04-24,3083,網龍,TPEX,20,27.35,27.1737,0.65,2473.0,-190.0,0.0,-190.0,-7.68,0.0,2,0,0,0,1.0,0.0,,,,,,,0.0,-17.51,-17.51
2026-04-24,6192,巨路,TWSE,20,116.5,121.1326,-3.82,5885.78,-264.52,28.0,-236.52,-4.49,0.48,0,2,0,1,-54.0,-1.0,,,,,,,0.0,-17.51,-17.51
2026-04-24,9955,佳龍,TWSE,20,29.15,31.1692,-6.48,9542.24,-464.56,0.0,-464.56,-4.87,0.0,0,2,0,0,-119.0,0.0,,,,,,,0.0,-17.63,-17.63
2026-04-24,6282,康舒,TWSE,20,46.8,49.556,-5.56,552076.15,1149.19,-2880.46,-1731.27,0.21,-0.52,0,2,0,8,-362.75,-343.0,,,,,,,0.0,-17.64,-17.64
2026-04-24,3349,寶德,TPEX,20,27.35,27.3033,0.17,3860.0,-106.0,0.0,-106.0,-2.75,0.0,0,5,0,0,-6.0,0.0,,,,,,,0.0,-17.69,-17.69
2026-04-24,3663,鑫科,TPEX,20,68.3,72.6531,-5.99,75616.0,-2619.6,0.0,-2619.6,-3.46,0.0,0,4,0,0,-340.6,0.0,,,,,,,0.0,-17.7,-17.7
2026-04-24,6263,普萊德,TPEX,20,142.5,139.5395,2.12,3353.0,-164.09,0.0,-164.09,-4.89,0.0,0,2,0,0,-19.0,0.0,,,,,,,0.0,-17.7,-17.7
2026-04-24,4167,松瑞藥,TPEX,20,19.35,20.5145,-5.68,23545.0,-1154.0,0.0,-1154.0,-4.9,0.0,0,2,0,0,-64.0,0.0,,,,,,,0.0,-17.72,-17.72
2026-04-24,4999,鑫禾,TWSE,20,22.9,22.6878,0.94,3536.12,-173.32,0.0,-173.32,-4.9,0.0,0,2,0,0,-49.0,0.0,,,,,,,0.0,-17.72,-17.72
2026-04-24,2312,金寶,TWSE,20,26.1,26.4436,-1.3,789678.73,-33043.61,-4841.03,-37884.65,-4.18,-0.61,0,2,0,0,-5208.48,0.0,,,,,,,0.0,-17.74,-17.74
2026-04-24,1466,聚隆,TWSE,20,17.0,16.6985,1.81,4260.14,-300.46,0.0,-300.46,-7.05,0.0,1,0,0,0,1.0,0.0,,,,,,,0.0,-17.75,-17.75
2026-04-24,2413,環科,TWSE,20,43.55,52.7319,-17.41,89090.7,-2027.96,-236.0,-2263.96,-2.28,-0.26,1,0,0,8,362.7,-33.0,,,,,,,0.0,-17.75,-17.75
2026-04-24,2462,良得電,TWSE,20,22.55,22.5583,-0.04,7750.42,-551.2,2.0,-549.2,-7.11,0.03,1,0,0,0,84.0,0.0,,,,,,,0.0,-17.83,-17.83
2026-04-24,4987,科誠,TPEX,20,81.4,81.2627,0.17,528.0,-30.0,0.0,-30.0,-5.68,0.0,0,1,0,0,-1.0,0.0,,,,,,,0.0,-17.91,-17.91
2026-04-24,1789,神隆,TWSE,20,20.35,21.4302,-5.04,23148.42,-1152.07,0.0,-1152.07,-4.98,0.0,0,2,0,0,-216.7,0.0,,,,,,,0.0,-17.94,-17.94
2026-04-24,2374,佳能,TWSE,20,71.3,72.2671,-1.34,88683.45,-3839.86,12.09,-3827.77,-4.33,0.01,0,3,0,0,-495.0,0.0,,,,,,,0.0,-18.08,-18.08
2026-04-24,1314,中石化,TWSE,20,7.42,8.0038,-7.29,644756.32,-27888.84,40.0,-27848.84,-4.33,0.01,0,3,0,0,-4510.0,0.0,,,,,,,0.0,-18.09,-18.09
2026-04-24,1909,榮成,TWSE,20,9.13,10.1577,-10.12,143624.05,-4217.94,-1702.0,-5919.94,-2.94,-1.19,0,3,0,0,-1184.99,0.0,,,,,,,0.0,-18.13,-18.13
2026-04-24,1447,力鵬,TWSE,20,5.02,5.1839,-3.16,22381.23,-971.83,0.0,-971.83,-4.34,0.0,0,3,0,0,-684.12,0.0,,,,,,,0.0,-18.16,-18.16
2026-04-24,2348,海悅,TWSE,20,73.2,77.7723,-5.88,6425.69,-216.19,-5.0,-221.19,-3.36,-0.08,0,3,0,1,-32.0,-1.0,,,,,,,0.0,-18.18,-18.18
2026-04-24,4968,立積,TWSE,20,123.5,118.1587,4.52,40402.01,-1206.24,21.24,-1185.0,-2.99,0.05,0,6,0,0,-478.9,0.0,,,,,,,0.0,-18.19,-18.19
2026-04-24,1432,大魯閣,TWSE,20,16.75,17.2077,-2.66,6845.27,-300.64,0.0,-300.64,-4.39,0.0,0,3,0,0,-61.0,0.0,,,,,,,0.0,-18.3,-18.3
2026-04-24,8050,廣積,TPEX,20,42.05,41.3451,1.7,7575.0,-380.0,-7.46,-387.46,-5.02,-0.1,0,2,0,0,-74.0,0.0,,,,,,,0.0,-18.37,-18.37
2026-04-24,6118,建達,TPEX,20,18.35,18.6282,-1.49,11677.0,-683.0,0.0,-683.0,-5.85,0.0,0,1,0,0,-171.0,0.0,,,,,,,0.0,-18.38,-18.38
2026-04-24,9946,三發地產,TWSE,20,16.25,17.0381,-4.63,8517.34,-386.38,0.0,-386.38,-4.54,0.0,0,3,0,0,-50.0,0.0,,,,,,,0.0,-18.7,-18.7
2026-04-24,4102,永日,TPEX,20,18.9,19.0919,-1.01,932.0,-29.0,0.0,-29.0,-3.11,0.0,0,7,0,0,-6.0,0.0,,,,,,,0.0,-18.71,-18.71
2026-04-24,4583,台灣精銳,TWSE,20,723.0,709.5016,1.9,5255.44,-97.11,-188.0,-285.11,-1.85,-3.58,0,1,0,0,-6.35,0.0,,,,,,,0.0,-18.98,-18.98
2026-04-24,2377,微星,TWSE,20,95.1,94.2247,0.93,169678.82,-8036.54,1651.6,-6384.94,-4.74,0.97,0,2,0,2,-6003.95,-52.0,,,,,,,0.0,-19.05,-19.05
2026-04-24,6266,泰詠,TPEX,20,28.1,28.2535,-0.54,6159.0,-332.0,0.0,-332.0,-5.39,0.0,0,2,0,0,-102.0,0.0,,,,,,,0.0,-19.09,-19.09
2026-04-24,1529,樂事綠能,TWSE,20,22.3,23.742,-6.07,19121.8,-1443.73,1.57,-1442.16,-7.55,0.01,1,0,0,0,2.0,0.0,,,,,,,0.0,-19.11,-19.11
2026-04-24,4766,南寶,TWSE,20,347.5,346.858,0.19,18937.29,-364.05,-646.0,-1010.04,-1.92,-3.41,5,0,0,6,21.26,-1.0,,,,,,,0.0,-19.14,-19.14
2026-04-24,5283,禾聯碩,TWSE,20,53.7,54.6879,-1.81,1971.36,-93.16,0.0,-93.16,-4.73,0.0,0,3,0,0,-74.0,0.0,,,,,,,0.0,-19.23,-19.23
2026-04-24,3625,西勝,TPEX,20,17.9,17.8794,0.12,12419.0,-677.0,0.0,-677.0,-5.45,0.0,0,2,0,0,-469.0,0.0,,,,,,,0.0,-19.26,-19.26
2026-04-24,5309,系統電,TPEX,20,60.0,60.124,-0.21,95955.0,-3045.81,-562.0,-3607.81,-3.17,-0.59,0,3,0,1,-898.0,-3.0,,,,,,,0.0,-19.32,-19.32
2026-04-24,6578,達邦蛋白,TPEX,20,16.5,17.3592,-4.95,1713.0,-57.0,0.0,-57.0,-3.33,0.0,0,6,0,0,-4.0,0.0,,,,,,,0.0,-19.32,-19.32
2026-04-24,6114,久威,TPEX,20,32.3,30.8238,4.79,840.0,-40.0,0.0,-40.0,-4.76,0.0,0,3,0,0,-4.0,0.0,,,,,,,0.0,-19.33,-19.33
2026-04-24,5289,宜鼎,TPEX,20,1085.0,1084.7957,0.02,63849.0,-7261.94,1110.27,-6151.67,-11.37,1.74,0,3,4,0,-495.88,0.11,,,,,,,0.0,-19.36,-19.36
2026-04-24,5490,同亨,TPEX,20,26.25,26.9371,-2.55,9695.0,-740.99,0.0,-740.99,-7.64,0.0,1,0,0,0,69.0,0.0,,,,,,,0.0,-19.4,-19.4
2026-04-24,8928,鉅明,TPEX,20,22.4,22.9085,-2.22,392.0,-16.0,0.0,-16.0,-4.08,0.0,0,4,0,0,-2.0,0.0,,,,,,,0.0,-19.43,-19.43
2026-04-24,6668,中揚光,TWSE,20,35.45,37.9798,-6.66,10930.41,-370.0,0.0,-370.0,-3.39,0.0,0,5,0,0,-38.0,0.0,,,,,,,0.0,-19.48,-19.48
2026-04-24,1216,統一,TWSE,20,71.5,72.1468,-0.9,203100.67,25996.19,-36308.56,-10312.36,12.8,-17.88,1,0,0,13,1313.05,-3645.99,,,,,,,0.0,-19.56,-19.56
2026-04-24,1563,巧新,TWSE,20,41.45,42.8564,-3.28,18598.73,-904.0,0.0,-904.0,-4.86,0.0,0,3,0,0,-174.0,0.0,,,,,,,0.0,-19.61,-19.61
2026-04-24,3552,同致,TPEX,20,57.2,58.2245,-1.76,19975.0,-1257.64,0.0,-1257.64,-6.3,0.0,0,1,0,0,-176.0,0.0,,,,,,,0.0,-19.63,-19.63
2026-04-24,2436,偉詮電,TWSE,20,79.5,74.0535,7.35,271379.91,-11697.67,264.9,-11432.77,-4.31,0.1,0,4,0,0,-2018.78,0.0,,,,,,,0.0,-19.75,-19.75
2026-04-24,6412,群電,TWSE,20,78.4,78.0363,0.47,21403.86,-482.67,-214.65,-697.32,-2.26,-1.0,1,0,0,12,307.53,-4.2,,,,,,,0.0,-20.12,-20.12
2026-04-24,3002,歐格,TWSE,20,18.3,19.2169,-4.77,5615.45,-323.49,0.0,-323.49,-5.76,0.0,0,2,0,0,-55.0,0.0,,,,,,,0.0,-20.13,-20.13
2026-04-24,8121,越峰,TPEX,20,26.4,27.3625,-3.52,13638.0,-1402.9,0.0,-1402.9,-10.29,0.0,4,0,0,0,100.0,0.0,,,,,,,0.0,-20.23,-20.23
2026-04-24,5223,安力-KY,TPEX,20,25.6,26.254,-2.49,742.0,-59.0,0.0,-59.0,-7.95,0.0,1,0,0,0,3.0,0.0,,,,,,,0.0,-20.26,-20.26
2026-04-24,5230,雷笛克光學,TPEX,20,17.3,17.8215,-2.93,5665.0,-370.86,0.0,-370.86,-6.55,0.0,0,1,0,0,-11.0,0.0,,,,,,,0.0,-20.33,-20.33
2026-04-24,6197,佳必琪,TWSE,20,174.5,179.6637,-2.87,79449.43,-4462.52,-160.0,-4622.52,-5.62,-0.2,0,2,0,0,-1321.6,0.0,,,,,,,0.0,-20.39,-20.39
2026-04-24,6934,心誠鎂,TWSE,20,86.0,84.5401,1.73,5322.38,-198.0,0.0,-198.0,-3.72,0.0,0,7,0,0,-34.0,0.0,,,,,,,0.0,-20.42,-20.42
2026-04-24,2718,全心投控,TPEX,20,45.2,47.0157,-3.86,675.0,-35.0,0.0,-35.0,-5.19,0.0,0,3,0,0,-5.0,0.0,,,,,,,0.0,-20.52,-20.52
2026-04-24,2392,正崴,TWSE,20,36.4,36.6882,-0.79,53798.85,-2420.05,2.0,-2418.05,-4.5,0.0,0,4,0,0,-283.0,0.0,,,,,,,0.0,-20.58,-20.58
2026-04-24,1295,生合,TPEX,20,57.8,60.6431,-4.69,1333.0,-98.0,0.0,-98.0,-7.35,0.0,0,0,0,0,0.0,0.0,,,,,,,0.0,-20.59,-20.59
2026-04-24,1434,福懋,TWSE,20,15.75,16.5639,-4.91,37257.51,-1801.31,322.0,-1479.31,-4.83,0.86,0,5,0,0,-1239.0,0.0,,,,,,,0.0,-20.69,-20.69
2026-04-24,6470,宇智,TPEX,20,46.3,47.4801,-2.49,1795.0,-107.0,0.0,-107.0,-5.96,0.0,0,2,0,0,-13.0,0.0,,,,,,,0.0,-20.69,-20.69
2026-04-24,3188,鑫龍騰,TPEX,20,25.05,27.0488,-7.39,9612.0,-781.0,0.0,-781.0,-8.13,0.0,1,0,0,0,198.0,0.0,,,,,,,0.0,-20.75,-20.75
2026-04-24,3530,晶相光,TWSE,20,64.3,63.5785,1.13,6122.23,122.32,-147.0,-24.68,2.0,-2.4,0,3,0,8,-28.0,-21.0,,,,,,,0.0,-20.83,-20.83
2026-04-24,1513,中興電,TWSE,20,149.5,150.8032,-0.86,87757.14,-10296.03,544.59,-9751.44,-11.73,0.62,0,3,5,0,-2227.45,292.48,,,,,,,0.0,-20.84,-20.84
2026-04-24,4967,十銓,TWSE,20,258.5,232.9185,10.98,235239.65,-3236.04,-348.0,-3584.04,-1.38,-0.15,0,2,0,8,-1043.47,-40.0,,,,,,,0.0,-20.84,-20.84
2026-04-24,6136,富爾特,TWSE,20,27.9,26.9285,3.61,17089.59,-905.71,0.0,-905.71,-5.3,0.0,0,3,0,0,-377.0,0.0,,,,,,,0.0,-20.84,-20.84
2026-04-24,5425,台半,TPEX,20,58.2,60.125,-3.2,119992.0,-8111.23,-5.74,-8116.97,-6.76,-0.0,0,1,0,0,-1405.42,0.0,,,,,,,0.0,-20.94,-20.94
2026-04-24,8932,智通*,TPEX,20,92.6,91.2657,1.46,48237.0,-5443.81,13.48,-5430.33,-11.29,0.03,0,1,4,0,-400.96,0.48,,,,,,,0.0,-20.94,-20.94
2026-04-24,2816,旺旺保,TWSE,20,30.4,31.0397,-2.06,3214.15,-263.89,0.0,-263.89,-8.21,0.0,1,0,0,0,13.0,0.0,,,,,,,0.0,-20.99,-20.99
2026-04-24,3206,志豐,TPEX,20,35.15,39.0362,-9.96,6815.0,-366.0,0.0,-366.0,-5.37,0.0,0,3,0,0,-39.0,0.0,,,,,,,0.0,-21.04,-21.04
2026-04-24,6185,幃翔,TPEX,20,14.25,14.0735,1.25,3313.0,-205.17,0.0,-205.17,-6.19,0.0,0,2,0,0,-17.0,0.0,,,,,,,0.0,-21.34,-21.34
2026-04-24,9958,世紀鋼,TWSE,20,103.0,107.8255,-4.48,35498.74,-1969.1,66.0,-1903.1,-5.55,0.19,0,2,0,1,-279.48,-3.0,,,,,,,0.0,-21.42,-21.42
2026-04-24,2596,綠意,TPEX,20,30.0,31.4681,-4.67,2018.0,-198.0,0.0,-198.0,-9.81,0.0,3,0,0,0,42.0,0.0,,,,,,,0.0,-21.47,-21.47
2026-04-24,5608,四維航,TWSE,20,15.3,16.1645,-5.35,26593.35,-1474.97,0.0,-1474.97,-5.55,0.0,0,3,0,0,-232.0,0.0,,,,,,,0.0,-21.53,-21.53
2026-04-24,2471,資通,TWSE,20,52.1,52.7518,-1.24,4297.02,-240.76,0.0,-240.76,-5.6,0.0,0,3,0,0,-38.0,0.0,,,,,,,0.0,-21.69,-21.69
2026-04-24,2496,卓越,TWSE,20,64.4,66.019,-2.45,465.56,-22.91,0.0,-22.91,-4.92,0.0,0,4,0,0,-1.0,0.0,,,,,,,0.0,-21.78,-21.78
2026-04-24,9902,台火,TWSE,20,14.65,14.5511,0.68,3315.87,-210.5,0.0,-210.5,-6.35,0.0,0,2,0,0,-37.0,0.0,,,,,,,0.0,-21.78,-21.78
2026-04-24,3060,銘異,TWSE,20,27.0,30.0852,-10.25,55362.64,-3140.71,0.0,-3140.71,-5.67,0.0,0,3,0,0,-373.12,0.0,,,,,,,0.0,-21.88,-21.88
2026-04-24,6442,光聖,TWSE,20,1880.0,2157.7222,-12.87,68598.67,-925.02,-1787.97,-2712.99,-1.35,-2.61,0,1,0,3,-279.14,-542.0,,,,,,,0.0,-21.88,-21.88
2026-04-24,4303,信立,TPEX,20,53.8,55.001,-2.18,14863.0,-738.34,0.0,-738.34,-4.97,0.0,0,4,0,0,-3.0,0.0,,,,,,,0.0,-21.91,-21.91
2026-04-24,9927,泰銘,TWSE,20,68.8,69.1436,-0.5,2080.84,-109.92,-20.0,-129.92,-5.28,-0.96,0,2,0,0,-35.15,0.0,,,,,,,0.0,-21.96,-21.96
2026-04-24,4555,氣立,TWSE,20,40.45,39.3197,2.87,6308.12,-593.46,0.0,-593.46,-9.41,0.0,2,0,0,0,145.0,0.0,,,,,,,0.0,-22.34,-22.34
2026-04-24,5438,東友,TPEX,20,18.8,19.2549,-2.36,2034.0,-134.0,0.0,-134.0,-6.59,0.0,0,2,0,0,-13.0,0.0,,,,,,,0.0,-22.45,-22.45
2026-04-24,3567,逸昌,TPEX,20,27.2,27.2271,-0.1,2583.0,-189.0,0.0,-189.0,-7.32,0.0,0,1,0,0,-5.0,0.0,,,,,,,0.0,-22.49,-22.49
2026-04-24,2323,中環,TWSE,20,10.25,10.9991,-6.81,131442.7,-8719.5,0.0,-8719.5,-6.63,0.0,0,2,0,0,-1490.26,0.0,,,,,,,0.0,-22.57,-22.57
2026-04-24,6281,全國電,TWSE,20,51.6,53.8989,-4.27,2619.07,-174.85,-0.04,-174.89,-6.68,-0.0,0,2,0,0,-21.99,0.0,,,,,,,0.0,-22.7,-22.7
2026-04-24,2530,華建,TWSE,20,21.85,23.0321,-5.13,19840.15,-166.28,-354.0,-520.27,-0.84,-1.78,0,1,0,8,-33.77,-42.0,,,,,,,0.0,-22.73,-22.73
2026-04-24,4128,中天,TPEX,20,15.6,16.9575,-8.01,32685.0,-2890.85,0.0,-2890.85,-8.84,0.0,1,0,0,0,283.0,0.0,,,,,,,0.0,-22.76,-22.76
2026-04-24,8422,可寧衛*,TWSE,20,28.7,29.5059,-2.73,224969.9,-5662.34,-3289.0,-8951.34,-2.52,-1.46,0,3,0,2,-3323.78,-653.0,,,,,,,0.0,-22.87,-22.87
2026-04-24,3555,博士旺,TPEX,20,234.5,220.4448,6.38,9008.0,-740.77,0.0,-740.77,-8.22,0.0,0,0,0,0,0.0,0.0,,,,,,,0.0,-23.03,-23.03
2026-04-24,6005,群益證,TWSE,20,28.25,28.1217,0.46,236087.1,-60865.73,15556.58,-45309.14,-25.78,6.59,0,10,1,0,-5632.29,1791.61,,,,,,,0.0,-23.03,-23.03
2026-04-24,6180,橘子,TPEX,20,40.2,42.0229,-4.34,7407.0,-19.9,-45.94,-65.84,-0.27,-0.62,0,4,0,13,-83.0,-2.6,,,,,,,0.0,-23.3,-23.3
2026-04-24,6204,艾華,TPEX,20,63.2,65.8002,-3.95,2801.0,-195.0,0.0,-195.0,-6.96,0.0,0,2,0,0,-2.0,0.0,,,,,,,0.0,-23.49,-23.49
2026-04-24,6962,奕力-KY,TWSE,20,39.45,36.3333,8.58,126209.88,-3022.11,-108.0,-3130.11,-2.39,-0.09,0,2,0,14,-1328.88,-6.0,,,,,,,0.0,-23.49,-23.49
2026-04-24,2408,南亞科,TWSE,20,206.0,216.2796,-4.75,2163662.64,-72214.36,-34539.01,-106753.37,-3.34,-1.6,0,2,0,2,-13360.8,-1373.97,,,,,,,0.0,-23.61,-23.61
2026-04-24,3257,虹冠電,TWSE,20,54.4,54.2198,0.33,5625.76,-43.8,-187.0,-230.8,-0.78,-3.32,1,0,0,8,2.0,-26.0,,,,,,,0.0,-23.65,-23.65
2026-04-24,2331,精英,TWSE,20,20.3,21.6132,-6.08,40751.18,-1507.78,-356.04,-1863.82,-3.7,-0.87,1,0,0,8,27.0,-42.0,,,,,,,0.0,-23.74,-23.74
2026-04-24,2102,泰豐,TWSE,20,19.2,19.6303,-2.19,9792.97,-878.66,100.0,-778.66,-8.97,1.02,0,1,0,0,-494.0,0.0,,,,,,,0.0,-23.75,-23.75
2026-04-24,9103,美德醫療-DR,TWSE,20,4.71,5.0021,-5.84,17927.61,-1265.0,0.0,-1265.0,-7.06,0.0,0,2,0,0,-189.0,0.0,,,,,,,0.0,-23.76,-23.76
2026-04-24,2015,豐興,TWSE,20,60.9,62.3126,-2.27,9137.74,309.68,-760.0,-450.32,3.39,-8.32,0,3,0,0,-64.88,0.0,,,,,,,0.0,-23.96,-23.96
2026-04-24,6651,全宇昕,TPEX,20,95.2,91.0542,4.55,2065.0,-192.09,0.0,-192.09,-9.3,0.0,1,0,0,0,36.59,0.0,,,,,,,0.0,-24.05,-24.05
2026-04-24,1733,五鼎,TWSE,20,28.8,29.5952,-2.69,2860.98,-184.5,0.0,-184.5,-6.45,0.0,0,3,0,0,-40.0,0.0,,,,,,,0.0,-24.06,-24.06
2026-04-24,2421,建準,TWSE,20,145.5,139.0757,4.62,102811.05,-2117.91,-3522.56,-5640.48,-2.06,-3.43,0,1,0,2,-98.9,-1.0,,,,,,,0.0,-24.07,-24.07
2026-04-24,6768,志強-KY,TWSE,20,77.6,83.169,-6.7,14191.8,-42.08,-206.29,-248.37,-0.3,-1.45,0,3,0,12,-328.11,-3.51,,,,,,,0.0,-24.13,-24.13
2026-04-24,3540,曜越,TPEX,20,29.8,28.1962,5.69,7515.0,-541.0,0.0,-541.0,-7.2,0.0,0,2,0,0,-112.0,0.0,,,,,,,0.0,-24.16,-24.16
2026-04-24,6194,育富,TPEX,20,32.8,32.963,-0.49,1443.0,-104.0,0.0,-104.0,-7.21,0.0,0,2,0,0,-5.0,0.0,,,,,,,0.0,-24.18,-24.18
2026-04-24,6203,海韻電,TPEX,20,64.9,65.5667,-1.02,3358.0,-242.1,0.0,-242.1,-7.21,0.0,0,2,0,0,-13.0,0.0,,,,,,,0.0,-24.19,-24.19
2026-04-24,6625,必應,TWSE,20,74.1,78.3819,-5.46,5622.99,-407.41,0.0,-407.41,-7.25,0.0,0,2,0,0,-1.0,0.0,,,,,,,0.0,-24.29,-24.29
2026-04-24,5508,永信建,TPEX,20,50.4,50.752,-0.69,8887.0,-727.0,-24.0,-751.0,-8.18,-0.27,1,0,0,1,44.0,-5.0,,,,,,,0.0,-24.3,-24.3
2026-04-24,3686,達能,TWSE,20,17.5,17.8074,-1.73,5113.98,-371.63,0.0,-371.63,-7.27,0.0,0,2,0,0,-25.0,0.0,,,,,,,0.0,-24.35,-24.35
2026-04-24,6150,撼訊,TPEX,20,57.8,58.4946,-1.19,7760.0,-564.5,0.0,-564.5,-7.27,0.0,0,2,0,0,-175.0,0.0,,,,,,,0.0,-24.37,-24.37
2026-04-24,6248,沛波,TPEX,20,19.7,19.9596,-1.3,2623.0,-191.0,0.0,-191.0,-7.28,0.0,0,2,0,0,-18.0,0.0,,,,,,,0.0,-24.39,-24.39
2026-04-24,4961,天鈺,TWSE,20,160.0,156.5809,2.18,32301.42,-934.63,19.57,-915.06,-2.89,0.06,0,2,0,13,-92.95,-6.0,,,,,,,0.0,-24.4,-24.4
2026-04-24,6170,統振,TPEX,20,51.4,51.2814,0.23,4879.0,-460.0,0.0,-460.0,-9.43,0.0,1,0,0,0,6.0,0.0,,,,,,,0.0,-24.4,-24.4
2026-04-24,1504,東元,TWSE,20,61.0,61.744,-1.2,169269.1,-13761.59,-1653.49,-15415.09,-8.13,-0.98,0,3,3,0,-204.45,7.75,,,,,,,0.0,-24.49,-24.49
2026-04-24,5201,凱衛,TPEX,20,30.6,33.4724,-8.58,5881.0,-430.72,0.0,-430.72,-7.32,0.0,0,2,0,0,-46.0,0.0,,,,,,,0.0,-24.51,-24.51
2026-04-24,6160,欣技,TPEX,20,15.95,16.0823,-0.82,2068.0,-137.0,0.0,-137.0,-6.62,0.0,0,3,0,0,-8.0,0.0,,,,,,,0.0,-24.55,-24.55
2026-04-24,4722,國精化,TWSE,20,181.0,183.7178,-1.48,49503.43,-560.71,-1037.0,-1597.71,-1.13,-2.09,0,1,0,8,-239.4,-41.0,,,,,,,0.0,-24.58,-24.58
2026-04-24,6770,力積電,TWSE,20,52.9,56.3147,-6.06,2914523.22,-128632.67,-6348.84,-134981.52,-4.41,-0.22,0,2,0,3,-1419.13,-36.0,,,,,,,0.0,-24.58,-24.58
2026-04-24,6541,泰福-KY,TWSE,20,40.1,41.146,-2.54,8604.87,-623.55,-10.0,-633.55,-7.25,-0.12,0,2,0,0,-295.0,0.0,,,,,,,0.0,-24.67,-24.67
2026-04-24,2812,台中銀,TWSE,20,19.95,20.541,-2.88,257497.55,-27977.83,980.96,-26996.87,-10.87,0.38,0,10,5,0,-7531.69,7.2,,,,,,,0.0,-24.94,-24.94
2026-04-24,6919,康霈*,TWSE,20,99.7,99.882,-0.18,323186.22,-14480.54,-389.38,-14869.92,-4.48,-0.12,0,1,0,4,-257.27,-20.6,,,,,,,0.0,-24.94,-24.94
2026-04-24,8271,宇瞻,TWSE,20,200.0,183.9409,8.73,135272.17,-4884.91,-136.49,-5021.4,-3.61,-0.1,0,1,0,8,-181.0,-11.0,,,,,,,0.0,-24.94,-24.94
2026-04-24,9924,福興,TWSE,20,44.1,45.2606,-2.56,2382.4,-159.45,-21.08,-180.53,-6.69,-0.88,0,3,1,0,-39.0,1.0,,,,,,,0.0,-25.16,-25.16
2026-04-24,6418,詠昇,TPEX,20,36.0,30.8824,16.57,4259.0,-489.0,0.0,-489.0,-11.48,0.0,2,0,0,0,60.0,0.0,,,,,,,0.0,-25.19,-25.19
2026-04-24,4207,環泰,TPEX,20,17.45,18.6826,-6.6,7188.0,-494.0,0.0,-494.0,-6.87,0.0,0,3,0,0,-1.0,0.0,,,,,,,0.0,-25.24,-25.24
2026-04-24,5351,鈺創,TPEX,20,61.1,69.0362,-11.5,293299.0,-28660.07,-111.0,-28771.07,-9.77,-0.04,1,0,0,0,3596.03,0.0,,,,,,,0.0,-25.49,-25.49
2026-04-24,2913,農林,TWSE,20,11.35,12.0827,-6.06,41136.29,-3171.55,0.0,-3171.55,-7.71,0.0,0,2,0,0,-78.9,0.0,,,,,,,0.0,-25.59,-25.59
2026-04-24,5312,寶島科,TPEX,20,97.4,97.9361,-0.55,698.0,-53.99,0.0,-53.99,-7.73,0.0,0,2,0,0,-5.0,0.0,,,,,,,0.0,-25.66,-25.66
2026-04-24,6560,欣普羅,TPEX,20,38.3,39.2271,-2.36,1435.0,-142.0,0.0,-142.0,-9.9,0.0,1,0,0,0,3.0,0.0,,,,,,,0.0,-25.71,-25.71
2026-04-24,6741,91APP*-KY,TPEX,20,61.4,62.7168,-2.1,8205.0,-813.19,0.0,-813.19,-9.91,0.0,1,0,0,0,25.0,0.0,,,,,,,0.0,-25.75,-25.75
2026-04-24,8069,元太,TPEX,20,144.0,148.4463,-3.0,118308.0,-8293.98,1005.48,-7288.5,-7.01,0.85,0,2,0,2,-1333.33,-25.43,,,,,,,0.0,-25.82,-25.82
2026-04-24,4168,醣聯,TPEX,20,22.6,23.5281,-3.94,3470.0,-271.0,0.0,-271.0,-7.81,0.0,0,2,0,0,-4.0,0.0,,,,,,,0.0,-25.87,-25.87
2026-04-24,6477,安集,TWSE,20,33.75,34.1297,-1.11,12265.38,-959.2,0.0,-959.2,-7.82,0.0,0,2,0,0,-36.0,0.0,,,,,,,0.0,-25.9,-25.9
2026-04-24,1616,億泰,TWSE,20,22.65,23.3577,-3.03,9168.73,-525.05,0.0,-525.05,-5.73,0.0,0,7,0,0,-97.0,0.0,,,,,,,0.0,-26.03,-26.03
2026-04-24,4417,金洲,TPEX,20,47.35,48.6781,-2.73,3327.0,-338.07,0.0,-338.07,-10.16,0.0,1,0,0,0,8.0,0.0,,,,,,,0.0,-26.13,-26.13
2026-04-24,5202,力新,TPEX,20,13.5,13.8159,-2.29,5793.0,-606.0,0.0,-606.0,-10.46,0.0,1,0,0,0,9.0,0.0,,,,,,,0.0,-26.37,-26.37
2026-04-24,3520,華盈,TPEX,20,15.15,14.7357,2.81,3995.0,-291.0,0.0,-291.0,-7.28,0.0,0,3,0,0,-29.0,0.0,,,,,,,0.0,-26.4,-26.4
2026-04-24,3716,中化控股,TWSE,20,32.3,32.7298,-1.31,2763.92,-290.26,0.0,-290.26,-10.5,0.0,1,0,0,0,19.0,0.0,,,,,,,0.0,-26.4,-26.4
2026-04-24,8476,台境*,TWSE,20,18.0,18.6229,-3.35,9734.02,-1023.18,0.0,-1023.18,-10.51,0.0,1,0,0,0,144.0,0.0,,,,,,,0.0,-26.41,-26.41
2026-04-24,6121,新普,TPEX,20,370.5,355.3738,4.26,9629.0,545.32,-928.27,-382.95,5.66,-9.64,1,0,0,15,118.95,-100.89,,,,,,,0.0,-26.46,-26.46
2026-04-24,2646,星宇航空,TWSE,20,20.15,20.8765,-3.48,82344.04,-5110.55,213.0,-4897.55,-6.21,0.26,0,6,0,0,-121.44,0.0,,,,,,,0.0,-26.52,-26.52
2026-04-24,8415,大國鋼,TPEX,20,33.85,34.1362,-0.84,15077.0,-908.75,16.0,-892.75,-6.03,0.11,0,8,0,0,-232.0,0.0,,,,,,,0.0,-26.53,-26.53
2026-04-24,5522,遠雄,TWSE,20,69.5,71.0696,-2.21,20819.66,-3816.92,700.0,-3116.92,-18.33,3.36,1,0,0,2,58.0,-2.0,,,,,,,0.0,-26.57,-26.57
2026-04-24,1718,中纖,TWSE,20,6.64,7.2375,-8.26,119802.26,-7116.83,0.0,-7116.83,-5.94,0.0,0,9,0,0,-200.0,0.0,,,,,,,0.0,-26.63,-26.63
2026-04-24,3218,大學光,TPEX,20,125.5,130.712,-3.99,4524.0,-365.65,0.0,-365.65,-8.08,0.0,0,2,0,0,-156.0,0.0,,,,,,,0.0,-26.63,-26.63
2026-04-24,9904,寶成,TWSE,20,26.6,27.6821,-3.91,246878.03,-85068.47,5258.92,-79809.55,-34.46,2.13,0,12,4,0,-8443.0,3182.04,,,,,,,0.0,-26.67,-26.67
2026-04-24,6670,復盛應用,TWSE,20,252.0,261.596,-3.67,9434.56,486.46,-877.31,-390.85,5.16,-9.3,1,0,0,14,0.04,-159.93,,,,,,,0.0,-26.75,-26.75
2026-04-24,1227,佳格,TWSE,20,29.2,30.1974,-3.3,21399.22,-1433.18,127.0,-1306.18,-6.7,0.59,0,5,0,0,-450.85,0.0,,,,,,,0.0,-26.79,-26.79
2026-04-24,1294,漢田生技,TPEX,20,80.1,81.3121,-1.49,596.0,-40.0,0.0,-40.0,-6.71,0.0,0,4,0,0,-8.0,0.0,,,,,,,0.0,-26.79,-26.79
2026-04-24,1587,吉茂,TWSE,20,33.85,35.2865,-4.07,9477.61,-771.46,0.0,-771.46,-8.14,0.0,0,2,0,0,-160.05,0.0,,,,,,,0.0,-26.79,-26.79
2026-04-24,1720,生達,TWSE,20,60.9,62.805,-3.03,5867.63,-351.49,-4.0,-355.49,-5.99,-0.07,0,6,0,0,-152.0,0.0,,,,,,,0.0,-27.0,-27.0
2026-04-24,5512,力麒,TPEX,20,7.7,7.8277,-1.63,14949.0,-1766.98,0.0,-1766.98,-11.82,0.0,1,0,0,0,291.0,0.0,,,,,,,0.0,-27.46,-27.46
2026-04-24,8279,生展,TPEX,20,104.0,106.8596,-2.68,324.0,-32.0,0.0,-32.0,-9.88,0.0,0,0,0,0,0.0,0.0,,,,,,,0.0,-27.65,-27.65
2026-04-24,3481,群創,TWSE,20,23.4,26.0239,-10.08,6210976.24,-126526.42,-28189.03,-154715.45,-2.04,-0.45,0,4,0,8,-15386.66,-4133.27,,,,,,,0.0,-27.7,-27.7
2026-04-24,2423,固緯,TWSE,20,56.6,55.4443,2.08,5926.93,-491.35,-46.0,-537.35,-8.29,-0.78,0,1,0,0,-23.0,0.0,,,,,,,0.0,-27.77,-27.77
2026-04-24,8930,青鋼,TPEX,20,29.7,30.2713,-1.89,1327.0,-113.0,0.0,-113.0,-8.52,0.0,0,2,0,0,-13.0,0.0,,,,,,,0.0,-27.84,-27.84
2026-04-24,2201,裕隆,TWSE,20,27.1,27.3802,-1.02,78356.38,-5955.56,-22.0,-5977.56,-7.6,-0.03,0,2,0,1,-983.87,-2.0,,,,,,,0.0,-27.87,-27.87
2026-04-24,2442,新美齊,TWSE,20,18.8,19.6946,-4.54,50024.2,-3205.25,0.0,-3205.25,-6.41,0.0,0,6,0,0,-413.0,0.0,,,,,,,0.0,-27.94,-27.94
2026-04-24,2429,銘旺科,TWSE,20,60.9,47.9689,26.96,13990.43,-996.68,0.0,-996.68,-7.12,0.0,0,4,0,0,-1168.01,0.0,,,,,,,0.0,-27.95,-27.95
2026-04-24,2023,燁輝,TWSE,20,14.0,14.1168,-0.83,40041.53,-5108.59,6.0,-5102.59,-12.76,0.01,1,0,0,0,362.0,0.0,,,,,,,0.0,-28.16,-28.16
2026-04-24,3006,晶豪科,TWSE,20,154.5,159.9712,-3.42,259549.52,-17513.8,-996.43,-18510.23,-6.75,-0.38,1,0,0,4,389.74,-30.0,,,,,,,0.0,-28.16,-28.16
2026-04-24,5511,德昌,TPEX,20,70.0,72.1309,-2.95,3611.0,-460.98,0.0,-460.98,-12.77,0.0,1,0,0,0,5.0,0.0,,,,,,,0.0,-28.21,-28.21
2026-04-24,3149,正達,TWSE,20,43.1,44.537,-3.23,118255.63,-8671.33,0.0,-8671.33,-7.33,0.0,0,4,0,0,-379.0,0.0,,,,,,,0.0,-28.53,-28.53
2026-04-24,4129,聯合,TPEX,20,103.0,102.1298,0.85,5337.0,-467.5,-1.0,-468.5,-8.76,-0.02,0,2,0,0,-41.0,0.0,,,,,,,0.0,-28.59,-28.59
2026-04-24,6538,倉和,TPEX,20,70.1,73.2622,-4.32,3644.0,-149.11,-8.12,-157.24,-4.09,-0.22,0,2,0,13,-26.0,-0.46,,,,,,,0.0,-28.69,-28.69
2026-04-24,3360,尚立,TPEX,20,13.65,14.4304,-5.41,9311.0,-756.5,0.0,-756.5,-8.12,0.0,0,3,0,0,-9.0,0.0,,,,,,,0.0,-28.75,-28.75
2026-04-24,2641,正德,TPEX,20,17.15,17.9427,-4.42,28834.0,-2350.03,0.0,-2350.03,-8.15,0.0,0,3,0,0,-201.0,0.0,,,,,,,0.0,-28.82,-28.82
2026-04-24,6923,中台,TWSE,20,83.7,80.7408,3.67,4643.44,-635.71,0.0,-635.71,-13.69,0.0,1,0,0,0,11.0,0.0,,,,,,,0.0,-28.95,-28.95
2026-04-24,6499,益安,TPEX,20,82.2,87.9006,-6.49,11711.0,-1604.75,0.0,-1604.75,-13.7,0.0,1,0,0,0,19.0,0.0,,,,,,,0.0,-28.96,-28.96
2026-04-24,1722,台肥,TWSE,20,44.4,45.8124,-3.08,58411.68,-3999.11,-1.0,-4000.11,-6.85,-0.0,0,9,0,0,-1008.85,0.0,,,,,,,0.0,-29.18,-29.18
2026-04-24,4138,曜亞,TPEX,20,58.7,63.1484,-7.04,1204.0,-82.5,0.0,-82.5,-6.85,0.0,0,8,0,0,-1.0,0.0,,,,,,,0.0,-29.19,-29.19
2026-04-24,1515,力山,TWSE,20,22.55,23.2527,-3.02,5547.95,-502.1,0.0,-502.1,-9.05,0.0,0,2,0,0,-123.0,0.0,,,,,,,0.0,-29.34,-29.34
2026-04-24,2106,建大,TWSE,20,17.7,18.3159,-3.36,15980.46,-1337.37,4.0,-1333.37,-8.37,0.03,0,3,0,0,-198.0,0.0,,,,,,,0.0,-29.35,-29.35
2026-04-24,6807,峰源-KY,TWSE,20,36.9,40.3436,-8.54,478.23,-36.87,0.0,-36.87,-7.71,0.0,0,4,0,0,-2.0,0.0,,,,,,,0.0,-29.59,-29.59
2026-04-24,4770,上品,TWSE,20,228.0,233.1002,-2.19,9870.15,-769.58,0.0,-769.58,-7.8,0.0,0,4,0,0,-67.98,0.0,,,,,,,0.0,-29.83,-29.83
2026-04-24,2754,亞洲藏壽司,TPEX,20,67.3,68.82,-2.21,635.0,-98.0,0.0,-98.0,-15.43,0.0,1,0,0,0,2.0,0.0,,,,,,,0.0,-30.0,-30.0
2026-04-24,5287,數字,TPEX,20,157.0,163.4935,-3.97,1151.0,-330.42,0.0,-330.42,-28.71,0.0,1,0,0,0,3.0,0.0,,,,,,,0.0,-30.0,-30.0
2026-04-24,6598,ABC-KY,TWSE,20,21.95,22.6789,-3.21,3147.41,-612.5,0.0,-612.5,-19.46,0.0,1,0,0,0,18.0,0.0,,,,,,,0.0,-30.0,-30.0
2026-04-24,6785,昱展新藥,TPEX,20,152.0,166.8225,-8.89,2577.0,-410.55,0.0,-410.55,-15.93,0.0,1,0,0,0,49.0,0.0,,,,,,,0.0,-30.0,-30.0
2026-04-24,8936,國統,TPEX,20,49.95,51.0548,-2.16,46686.0,-10330.3,0.0,-10330.3,-22.13,0.0,1,0,0,0,354.0,0.0,,,,,,,0.0,-30.0,-30.0
2026-04-24,2013,中鋼構,TWSE,20,42.4,43.8929,-3.4,2499.62,-214.06,30.0,-184.06,-8.56,1.2,0,10,0,0,-36.0,0.0,,,,,,,0.0,-30.02,-30.02
2026-04-24,3628,盈正,TPEX,20,69.9,69.6074,0.42,5685.0,-571.84,0.0,-571.84,-10.06,0.0,0,1,0,0,-13.0,0.0,,,,,,,0.0,-30.05,-30.05
2026-04-24,2535,達欣工,TWSE,20,76.6,71.6481,6.91,18129.1,-2008.9,180.0,-1828.9,-11.08,0.99,0,1,0,1,-353.0,-1.0,,,,,,,0.0,-30.09,-30.09
2026-04-24,5519,隆大,TWSE,20,33.0,33.1242,-0.37,9701.53,-910.88,0.0,-910.88,-9.39,0.0,0,2,0,0,-89.0,0.0,,,,,,,0.0,-30.29,-30.29
2026-04-24,2542,興富發,TWSE,20,39.15,36.5155,7.21,156295.64,7059.71,-15654.5,-8594.79,4.52,-10.02,1,0,0,15,5676.01,-2374.0,,,,,,,0.0,-30.87,-30.87
2026-04-24,5484,慧友,TWSE,20,37.15,41.38,-10.22,14473.56,-684.67,-69.0,-753.67,-4.73,-0.48,0,2,0,8,-102.0,-5.0,,,,,,,0.0,-31.32,-31.32
2026-04-24,2405,輔信,TWSE,20,15.1,15.7143,-3.91,38796.35,-3856.29,0.0,-3856.29,-9.94,0.0,0,2,0,0,-245.0,0.0,,,,,,,0.0,-31.83,-31.83
2026-04-24,2882,國泰金,TWSE,20,74.9,72.971,2.64,525099.15,-64389.16,2050.02,-62339.14,-12.26,0.39,0,3,1,0,-14645.53,1440.47,,,,,,,0.0,-32.02,-32.02
2026-04-24,3611,鼎翰,TPEX,20,189.5,188.0814,0.75,823.0,-82.9,0.0,-82.9,-10.07,0.0,0,2,0,0,-1.0,0.0,,,,,,,0.0,-32.06,-32.06
2026-04-24,6596,寬宏藝術,TPEX,20,101.0,104.2519,-3.12,10607.0,-1075.37,0.0,-1075.37,-10.14,0.0,0,2,0,0,-65.0,0.0,,,,,,,0.0,-32.11,-32.11
2026-04-24,6143,振曜,TPEX,20,89.3,94.5752,-5.58,19373.0,-3791.27,298.0,-3493.27,-19.57,1.54,0,2,0,0,-273.62,0.0,,,,,,,0.0,-32.15,-32.15
2026-04-24,2332,友訊,TWSE,20,14.1,15.0463,-6.29,75485.93,-7717.71,0.0,-7717.71,-10.22,0.0,0,2,0,0,-3170.5,0.0,,,,,,,0.0,-32.18,-32.18
2026-04-24,2643,捷迅,TPEX,20,67.3,68.9599,-2.41,456.0,-47.0,0.0,-47.0,-10.31,0.0,0,2,0,0,-3.0,0.0,,,,,,,0.0,-32.25,-32.25
2026-04-24,6122,擎邦,TPEX,20,49.1,50.192,-2.18,6077.0,-629.0,0.0,-629.0,-10.35,0.0,0,2,0,0,-74.0,0.0,,,,,,,0.0,-32.28,-32.28
2026-04-24,5489,彩富,TPEX,20,40.5,40.799,-0.73,1141.0,-119.0,0.0,-119.0,-10.43,0.0,0,2,0,0,-15.0,0.0,,,,,,,0.0,-32.34,-32.34
2026-04-24,6620,漢達,TPEX,20,78.2,75.1357,4.08,10171.0,-812.83,0.0,-812.83,-7.99,0.0,0,5,0,0,-71.5,0.0,,,,,,,0.0,-32.38,-32.38
2026-04-24,2354,鴻準,TWSE,20,51.4,51.842,-0.85,120677.76,-9394.35,-50.48,-9444.83,-7.78,-0.04,0,4,0,1,-1768.77,-4.0,,,,,,,0.0,-32.44,-32.44
2026-04-24,6870,騰雲,TPEX,20,180.5,187.1197,-3.54,1316.0,-139.15,0.0,-139.15,-10.57,0.0,0,2,0,0,-15.0,0.0,,,,,,,0.0,-32.46,-32.46
2026-04-24,4536,拓凱,TWSE,20,151.5,152.72,-0.8,4016.49,-227.45,-148.0,-375.45,-5.66,-3.68,0,1,0,1,-1.98,-1.0,,,,,,,0.0,-32.52,-32.52
2026-04-24,6294,智基,TPEX,20,36.1,39.4317,-8.45,734.0,-59.06,0.0,-59.06,-8.05,0.0,0,9,0,0,-16.0,0.0,,,,,,,0.0,-32.53,-32.53
2026-04-24,6925,意藍,TPEX,20,67.8,72.3621,-6.3,1492.0,-159.0,0.0,-159.0,-10.66,0.0,0,2,0,0,-10.0,0.0,,,,,,,0.0,-32.53,-32.53
2026-04-24,4772,台特化,TPEX,20,305.5,308.5779,-1.0,44550.0,-4207.66,-229.79,-4437.45,-9.44,-0.52,0,1,0,1,-192.26,-79.86,,,,,,,0.0,-32.65,-32.65
2026-04-24,2247,汎德永業,TWSE,20,217.0,230.1021,-5.69,1626.56,-33.74,-103.0,-136.74,-2.07,-6.33,0,3,0,0,-23.0,0.0,,,,,,,0.0,-32.7,-32.7
2026-04-24,2241,艾姆勒,TWSE,20,32.2,31.7792,1.32,17060.35,-1883.38,0.0,-1883.38,-11.04,0.0,0,2,0,0,-392.0,0.0,,,,,,,0.0,-32.83,-32.83
2026-04-24,1201,味全,TWSE,20,12.9,13.2923,-2.95,8845.64,-850.04,0.0,-850.04,-9.61,0.0,0,3,0,0,-76.0,0.0,,,,,,,0.0,-32.91,-32.91
2026-04-24,6859,伯特光,TPEX,20,120.5,117.6985,2.38,990.0,-111.08,0.0,-111.08,-11.22,0.0,0,2,0,0,-1.0,0.0,,,,,,,0.0,-32.98,-32.98
2026-04-24,8072,陞泰,TWSE,20,29.2,28.7507,1.56,6621.1,-746.8,0.0,-746.8,-11.28,0.0,0,2,0,0,-154.0,0.0,,,,,,,0.0,-33.02,-33.02
2026-04-24,2739,寒舍,TWSE,20,34.2,35.9912,-4.98,5664.29,-642.55,0.0,-642.55,-11.34,0.0,0,2,0,0,-15.0,0.0,,,,,,,0.0,-33.08,-33.08
2026-04-24,2027,大成鋼,TWSE,20,36.35,37.6369,-3.42,607075.54,-21033.49,-2060.0,-23093.49,-3.46,-0.34,0,5,0,7,-3960.47,-219.0,,,,,,,0.0,-33.32,-33.32
2026-04-24,8473,山林水,TWSE,20,36.35,37.7542,-3.72,10367.9,-1210.25,0.0,-1210.25,-11.67,0.0,0,2,0,0,-12.0,0.0,,,,,,,0.0,-33.34,-33.34
2026-04-24,8114,振樺電,TWSE,20,185.5,179.0235,3.62,11836.65,-1137.45,-159.47,-1296.91,-9.61,-1.35,0,1,0,0,-476.38,0.0,,,,,,,0.0,-33.35,-33.35
2026-04-24,6220,岳豐,TPEX,20,29.65,33.2104,-10.72,10727.0,-1260.99,0.0,-1260.99,-11.76,0.0,0,2,0,0,-106.0,0.0,,,,,,,0.0,-33.4,-33.4
2026-04-24,8454,富邦媒,TWSE,20,170.0,178.1281,-4.56,8493.69,-315.18,-207.01,-522.19,-3.71,-2.44,0,6,0,2,-103.01,-214.38,,,,,,,0.0,-33.43,-33.43
2026-04-24,3058,立德,TWSE,20,8.97,9.4525,-5.1,24966.83,-3087.53,0.0,-3087.53,-12.37,0.0,0,2,0,0,-227.0,0.0,,,,,,,0.0,-33.89,-33.89
2026-04-24,6603,富強鑫,TPEX,20,27.15,25.5016,6.46,51433.0,-5130.91,0.0,-5130.91,-9.98,0.0,0,3,0,0,-2334.0,0.0,,,,,,,0.0,-33.93,-33.93
2026-04-24,8489,三貝德,TPEX,20,27.6,26.8962,2.62,5609.0,-913.99,0.0,-913.99,-16.3,0.0,0,1,0,0,-19.0,0.0,,,,,,,0.0,-34.0,-34.0
2026-04-24,6982,大井泵浦,TPEX,20,54.3,55.5091,-2.18,1312.0,-132.0,0.0,-132.0,-10.06,0.0,0,3,0,0,-8.0,0.0,,,,,,,0.0,-34.05,-34.05
2026-04-24,6757,台灣虎航,TWSE,20,47.65,49.6547,-4.04,19660.96,-1984.53,0.0,-1984.53,-10.09,0.0,0,3,0,0,-375.9,0.0,,,,,,,0.0,-34.07,-34.07
2026-04-24,2608,嘉里大榮,TWSE,20,30.25,30.8387,-1.91,4685.39,-473.68,0.0,-473.68,-10.11,0.0,0,3,0,0,-136.0,0.0,,,,,,,0.0,-34.09,-34.09
2026-04-24,2852,第一保,TWSE,20,26.05,26.0461,0.01,5737.74,-136.25,-155.7,-291.95,-2.37,-2.71,0,3,0,13,-20.0,-3.38,,,,,,,0.0,-34.1,-34.1
2026-04-24,1307,三芳,TWSE,20,31.7,32.7869,-3.32,20435.85,-2078.02,-127.0,-2205.02,-10.17,-0.62,0,2,0,0,-214.0,0.0,,,,,,,0.0,-34.19,-34.19
2026-04-24,1806,冠軍,TWSE,20,8.14,8.358,-2.61,6206.1,-536.76,0.0,-536.76,-8.65,0.0,0,5,0,0,-57.5,0.0,,,,,,,0.0,-34.22,-34.22
2026-04-24,2511,太子,TWSE,20,8.01,8.12,-1.36,19721.73,-2025.93,0.0,-2025.93,-10.27,0.0,0,3,0,0,-849.0,0.0,,,,,,,0.0,-34.22,-34.22
2026-04-24,9914,美利達,TWSE,20,57.5,61.7641,-6.9,44386.03,-4566.73,1.0,-4565.73,-10.29,0.0,0,3,0,0,-1188.99,0.0,,,,,,,0.0,-34.22,-34.22
2026-04-24,3441,聯一光,TPEX,20,33.8,33.7734,0.08,6339.0,-672.0,0.0,-672.0,-10.6,0.0,0,3,0,0,-35.0,0.0,,,,,,,0.0,-34.48,-34.48
2026-04-24,6188,廣明,TPEX,20,82.8,86.979,-4.8,36210.0,758.45,-4101.93,-3343.48,2.09,-11.33,0,2,0,1,-213.0,-133.0,,,,,,,0.0,-34.7,-34.7
2026-04-24,4746,台耀,TWSE,20,51.2,53.6899,-4.64,16745.13,-2245.76,0.0,-2245.76,-13.41,0.0,0,2,0,0,-202.0,0.0,,,,,,,0.0,-34.73,-34.73
2026-04-24,3260,威剛,TPEX,20,400.0,383.4902,4.31,461441.0,-30613.93,-7320.59,-37934.52,-6.63,-1.59,0,3,0,2,-4612.46,-1761.59,,,,,,,0.0,-34.81,-34.81
2026-04-24,4147,中裕,TPEX,20,48.3,53.7687,-10.17,25986.0,-3517.0,0.0,-3517.0,-13.53,0.0,0,2,0,0,-157.0,0.0,,,,,,,0.0,-34.83,-34.83
2026-04-24,2892,第一金,TWSE,20,28.3,28.5626,-0.92,375345.38,-7523.43,-12299.63,-19823.06,-2.0,-3.28,0,3,0,13,-4582.04,-412.14,,,,,,,0.0,-34.93,-34.93
2026-04-24,2891,中信金,TWSE,20,52.9,53.4881,-1.1,956723.34,-28114.11,-47298.95,-75413.06,-2.94,-4.94,1,0,0,10,9761.38,-6191.82,,,,,,,0.0,-35.04,-35.04
2026-04-24,5386,青雲,TPEX,20,340.0,350.94,-3.12,31555.0,-3599.3,0.0,-3599.3,-11.41,0.0,0,3,0,0,-185.12,0.0,,,,,,,0.0,-35.13,-35.13
2026-04-24,1611,中電,TWSE,20,11.95,12.2424,-2.39,11850.05,-1655.23,0.0,-1655.23,-13.97,0.0,0,2,0,0,-76.0,0.0,,,,,,,0.0,-35.17,-35.17
2026-04-24,4123,晟德,TPEX,20,39.3,40.6914,-3.42,52794.0,-8404.32,153.0,-8251.32,-15.92,0.29,0,2,0,0,-168.38,0.0,,,,,,,0.0,-35.28,-35.28
2026-04-24,1608,華榮,TWSE,20,33.05,33.4314,-1.14,61324.08,-4709.35,-264.21,-4973.56,-7.68,-0.43,0,7,0,1,-300.0,-13.7,,,,,,,0.0,-35.42,-35.42
2026-04-24,8938,明安,TPEX,20,60.1,62.6343,-4.05,7522.0,-897.34,0.0,-897.34,-11.93,0.0,0,3,0,0,-32.95,0.0,,,,,,,0.0,-35.54,-35.54
2026-04-24,8076,伍豐,TPEX,20,22.45,23.4874,-4.42,16596.0,-1999.6,0.0,-1999.6,-12.05,0.0,0,3,0,0,-241.0,0.0,,,,,,,0.0,-35.64,-35.64
2026-04-24,5209,新鼎,TPEX,20,164.5,165.808,-0.79,651.0,-95.09,0.0,-95.09,-14.61,0.0,0,2,0,0,-2.0,0.0,,,,,,,0.0,-35.69,-35.69
2026-04-24,2360,致茂,TWSE,20,1920.0,1847.8809,3.9,96014.54,-10385.71,2163.98,-8221.73,-10.82,2.25,0,1,0,5,-97.15,-21.25,,,,,,,0.0,-35.72,-35.72
2026-04-24,6534,正瀚-創,TWSE,20,96.7,95.9968,0.73,5626.42,-685.6,0.0,-685.6,-12.19,0.0,0,3,0,0,-101.0,0.0,,,,,,,0.0,-35.75,-35.75
2026-04-24,6803,崑鼎,TPEX,20,288.0,289.8227,-0.63,1328.0,-207.0,0.0,-207.0,-15.59,0.0,0,2,0,0,-11.0,0.0,,,,,,,0.0,-36.0,-36.0
2026-04-24,2743,山富,TPEX,20,69.9,74.1468,-5.73,3440.0,-349.5,0.0,-349.5,-10.16,0.0,0,4,0,0,-33.0,0.0,,,,,,,0.0,-36.13,-36.13
2026-04-24,1795,美時,TWSE,20,224.0,224.6228,-0.28,55473.33,-6202.11,-128.02,-6330.13,-11.18,-0.23,0,2,0,1,-162.97,-1.89,,,,,,,0.0,-36.21,-36.21
2026-04-24,4563,百德,TPEX,20,42.45,43.4247,-2.24,3893.0,-406.0,0.0,-406.0,-10.43,0.0,0,4,0,0,-27.0,0.0,,,,,,,0.0,-36.34,-36.34
2026-04-24,6179,亞通,TPEX,20,23.8,24.6473,-3.44,26688.0,-2808.13,0.0,-2808.13,-10.52,0.0,0,4,0,0,-153.0,0.0,,,,,,,0.0,-36.42,-36.42
2026-04-24,2449,京元電子,TWSE,20,286.0,282.2299,1.34,504118.32,-12138.49,-29514.66,-41653.15,-2.41,-5.85,1,0,0,9,6580.81,-5100.0,,,,,,,0.0,-36.56,-36.56
2026-04-24,2020,美亞,TWSE,20,22.25,24.3892,-8.77,17553.31,-2399.59,0.0,-2399.59,-13.67,0.0,0,3,0,0,-351.0,0.0,,,,,,,0.0,-36.94,-36.94
2026-04-24,2424,隴華,TWSE,20,22.9,25.0534,-8.6,3948.05,-543.0,0.0,-543.0,-13.75,0.0,0,3,0,0,-115.0,0.0,,,,,,,0.0,-37.0,-37.0
2026-04-24,6895,宏碩系統,TPEX,20,169.0,178.5621,-5.36,3508.0,-400.5,0.0,-400.5,-11.42,0.0,0,4,0,0,-43.0,0.0,,,,,,,0.0,-37.13,-37.13
2026-04-24,1580,新麥,TPEX,20,122.0,125.8556,-3.06,1264.0,-123.64,0.0,-123.64,-9.78,0.0,0,6,0,0,-11.0,0.0,,,,,,,0.0,-37.39,-37.39
2026-04-24,5534,長虹,TWSE,20,77.6,79.9569,-2.95,22734.08,-2228.04,0.0,-2228.04,-9.8,0.0,0,11,0,0,-129.49,0.0,,,,,,,0.0,-37.44,-37.44
2026-04-24,2371,大同,TWSE,20,30.3,31.8679,-4.92,337209.85,-27259.05,-498.43,-27757.48,-8.08,-0.15,0,1,0,13,-1904.88,-57.0,,,,,,,0.0,-37.62,-37.62
2026-04-24,5903,全家,TPEX,20,190.0,190.0586,-0.03,495.0,-59.89,0.0,-59.89,-12.1,0.0,0,4,0,0,-6.0,0.0,,,,,,,0.0,-37.68,-37.68
2026-04-24,2505,國揚,TWSE,20,18.85,19.0118,-0.85,7737.53,-766.05,0.0,-766.05,-9.9,0.0,0,10,0,0,-151.0,0.0,,,,,,,0.0,-37.72,-37.72
2026-04-24,4441,振大環球,TWSE,20,185.0,193.1376,-4.21,1646.73,-186.9,-4.0,-190.9,-11.35,-0.24,0,4,0,0,-31.16,0.0,,,,,,,0.0,-37.88,-37.88
2026-04-24,4119,旭富,TWSE,20,48.25,49.532,-2.59,3947.44,-587.64,0.0,-587.64,-14.89,0.0,0,3,0,0,-106.0,0.0,,,,,,,0.0,-37.91,-37.91
2026-04-24,1603,華電,TWSE,20,31.8,32.3814,-1.8,6090.02,-1503.88,0.0,-1503.88,-24.69,0.0,0,3,0,0,-35.95,0.0,,,,,,,0.0,-38.0,-38.0
2026-04-24,2534,宏盛,TWSE,20,19.4,19.712,-1.58,9876.06,-1643.16,0.0,-1643.16,-16.64,0.0,0,3,0,0,-137.42,0.0,,,,,,,0.0,-38.0,-38.0
2026-04-24,3130,一零四,TWSE,20,221.0,220.9815,0.01,586.19,-155.88,0.0,-155.88,-26.59,0.0,0,3,0,0,-12.22,0.0,,,,,,,0.0,-38.0,-38.0
2026-04-24,3296,勝德,TWSE,20,20.1,21.1878,-5.13,1661.58,-267.52,0.0,-267.52,-16.1,0.0,0,3,0,0,-4.0,0.0,,,,,,,0.0,-38.0,-38.0
2026-04-24,4126,太醫,TPEX,20,79.0,80.1267,-1.41,1168.0,-251.47,0.0,-251.47,-21.53,0.0,0,3,0,0,-14.0,0.0,,,,,,,0.0,-38.0,-38.0
2026-04-24,5609,中菲行,TPEX,20,78.8,79.189,-0.49,2254.0,-358.96,0.0,-358.96,-15.93,0.0,0,3,0,0,-24.43,0.0,,,,,,,0.0,-38.0,-38.0
2026-04-24,4114,健喬,TPEX,20,31.0,31.4185,-1.33,15725.0,-1586.41,0.0,-1586.41,-10.09,0.0,0,7,0,0,-339.0,0.0,,,,,,,0.0,-38.07,-38.07
2026-04-24,2762,世界健身-KY,TWSE,20,73.0,72.8779,0.17,637.95,-66.0,0.0,-66.0,-10.35,0.0,0,6,0,0,-6.0,0.0,,,,,,,0.0,-38.28,-38.28
2026-04-24,2753,八方雲集,TWSE,20,179.0,180.8622,-1.03,3599.64,-546.68,20.0,-526.68,-15.19,0.56,0,4,0,0,-91.0,0.0,,,,,,,0.0,-38.32,-38.32
2026-04-24,1712,興農,TWSE,20,42.0,43.0612,-2.46,11808.04,-1901.14,125.0,-1776.14,-16.1,1.06,0,2,0,2,-94.87,-1.0,,,,,,,0.0,-38.35,-38.35
2026-04-24,2607,榮運,TWSE,20,48.3,50.4398,-4.24,10656.0,-2611.78,-17.0,-2628.78,-24.51,-0.16,0,3,0,0,-233.54,0.0,,,,,,,0.0,-38.4,-38.4
2026-04-24,2477,美隆電,TWSE,20,22.25,23.8787,-6.82,5296.93,-752.21,7.0,-745.21,-14.2,0.13,0,5,1,0,-143.0,7.0,,,,,,,0.0,-38.42,-38.42
2026-04-24,4137,麗豐-KY,TWSE,20,106.0,107.5075,-1.4,3051.86,-526.48,24.0,-502.48,-17.25,0.79,0,3,0,1,-58.0,-1.0,,,,,,,0.0,-38.53,-38.53
2026-04-24,2520,冠德,TWSE,20,31.0,31.3058,-0.98,28917.67,-3477.24,-37.0,-3514.24,-12.02,-0.13,0,3,0,1,-65.34,-5.0,,,,,,,0.0,-38.54,-38.54
2026-04-24,5531,鄉林,TWSE,20,8.55,8.7874,-2.7,12143.77,-1337.15,0.0,-1337.15,-11.01,0.0,0,6,0,0,-293.0,0.0,,,,,,,0.0,-38.81,-38.81
2026-04-24,1340,勝悅-KY,TWSE,20,5.92,6.4853,-8.72,5638.95,-775.93,0.0,-775.93,-13.76,0.0,0,4,0,0,-20.0,0.0,,,,,,,0.0,-39.01,-39.01
2026-04-24,2539,櫻花建,TWSE,20,43.25,46.3555,-6.7,15976.28,-2025.45,-32.12,-2057.58,-12.68,-0.2,0,3,0,1,-400.72,-10.99,,,,,,,0.0,-39.31,-39.31
2026-04-24,1618,合機,TWSE,20,39.85,39.6364,0.54,15378.63,-1793.34,0.0,-1793.34,-11.66,0.0,0,6,0,0,-148.0,0.0,,,,,,,0.0,-39.33,-39.33
2026-04-24,2832,台產,TWSE,20,51.0,49.7461,2.52,4414.65,-505.34,-97.4,-602.74,-11.45,-2.21,1,0,0,2,25.3,-47.0,,,,,,,0.0,-39.44,-39.44
2026-04-24,2480,敦陽科,TWSE,20,139.5,139.8399,-0.24,4543.71,-631.18,-25.26,-656.44,-13.89,-0.56,0,2,0,1,-152.97,-1.0,,,,,,,0.0,-39.45,-39.45
2026-04-24,5315,光聯,TPEX,20,22.55,22.9018,-1.54,7427.0,-884.0,0.0,-884.0,-11.9,0.0,0,5,0,0,-102.0,0.0,,,,,,,0.0,-39.52,-39.52
2026-04-24,4744,皇將,TPEX,20,31.3,35.3894,-11.56,15371.0,-1850.0,0.0,-1850.0,-12.04,0.0,0,9,0,0,-152.0,0.0,,,,,,,0.0,-39.63,-39.63
2026-04-24,3325,旭品,TPEX,20,13.5,13.4858,0.11,7393.0,-911.0,0.0,-911.0,-12.32,0.0,0,5,0,0,-114.0,0.0,,,,,,,0.0,-39.86,-39.86
2026-04-24,4164,承業醫,TWSE,20,30.5,31.6578,-3.66,21879.58,-3324.13,0.0,-3324.13,-15.19,0.0,0,4,0,0,-486.0,0.0,,,,,,,0.0,-40.0,-40.0
2026-04-24,8444,綠河-KY,TPEX,20,5.0,6.4527,-22.51,958.0,-120.34,0.0,-120.34,-12.56,0.0,0,10,0,0,-14.0,0.0,,,,,,,0.0,-40.05,-40.05
2026-04-24,4173,久裕,TPEX,20,19.05,19.9486,-4.5,3127.0,-397.9,0.0,-397.9,-12.72,0.0,0,6,0,0,-67.9,0.0,,,,,,,0.0,-40.18,-40.18
2026-04-24,8908,欣雄,TPEX,20,39.95,40.5254,-1.42,3953.0,-504.98,0.0,-504.98,-12.77,0.0,0,5,0,0,-43.67,0.0,,,,,,,0.0,-40.22,-40.22
2026-04-24,2515,中工,TWSE,20,13.2,13.5699,-2.73,150372.43,-27561.36,2489.0,-25072.36,-18.33,1.66,0,9,0,1,-258.0,-2.0,,,,,,,0.0,-40.36,-40.36
2026-04-24,2022,聚亨,TWSE,20,8.12,8.9008,-8.77,18331.37,-2419.45,0.0,-2419.45,-13.2,0.0,0,10,0,0,-155.0,0.0,,,,,,,0.0,-40.56,-40.56
2026-04-24,3622,洋華,TWSE,20,54.8,56.1075,-2.33,6724.07,-857.73,-48.0,-905.73,-12.76,-0.71,0,4,0,0,-43.0,0.0,,,,,,,0.0,-40.56,-40.56
2026-04-24,4121,優盛,TPEX,20,14.35,15.4317,-7.01,3619.0,-484.0,0.0,-484.0,-13.37,0.0,0,6,0,0,-123.0,0.0,,,,,,,0.0,-40.7,-40.7
2026-04-24,3052,夆典,TWSE,20,10.75,10.9709,-2.01,12343.63,-1657.49,0.0,-1657.49,-13.43,0.0,0,6,0,0,-176.0,0.0,,,,,,,0.0,-40.74,-40.74
2026-04-24,4736,泰博,TWSE,20,125.5,124.9159,0.47,3669.63,-370.42,-30.0,-400.42,-10.09,-0.82,0,6,0,0,-67.0,0.0,,,,,,,0.0,-40.77,-40.77
2026-04-24,2634,漢翔,TWSE,20,48.8,48.9702,-0.35,104266.21,-7021.42,135.0,-6886.42,-6.73,0.13,0,5,0,5,-836.11,-17.0,,,,,,,0.0,-40.93,-40.93
2026-04-24,1612,宏泰,TWSE,20,35.0,35.1781,-0.51,10650.32,-1509.07,0.0,-1509.07,-14.17,0.0,0,6,0,0,-13.87,0.0,,,,,,,0.0,-41.34,-41.34
2026-04-24,2707,晶華,TWSE,20,174.0,184.9358,-5.91,6116.45,-862.0,-6.0,-868.0,-14.09,-0.1,0,5,0,0,-91.96,0.0,,,,,,,0.0,-41.6,-41.6
2026-04-24,8299,群聯,TPEX,20,1680.0,1662.5135,1.05,158641.0,-3565.86,-8092.31,-11658.17,-2.25,-5.1,0,3,0,8,-26.47,-242.27,,,,,,,0.0,-41.63,-41.63
2026-04-24,5530,龍巖,TPEX,20,44.05,45.3123,-2.79,8120.0,-1191.75,0.0,-1191.75,-14.68,0.0,0,6,0,0,-24.8,0.0,,,,,,,0.0,-41.74,-41.74
2026-04-24,9934,成霖,TWSE,20,9.42,9.4716,-0.54,10724.49,-1591.01,0.0,-1591.01,-14.84,0.0,0,5,0,0,-381.0,0.0,,,,,,,0.0,-41.87,-41.87
2026-04-24,1604,聲寶,TWSE,20,23.0,24.6644,-6.75,12724.6,-2244.0,5.0,-2239.0,-17.64,0.04,0,8,0,0,-201.0,0.0,,,,,,,0.0,-41.9,-41.9
2026-04-24,9911,櫻花,TWSE,20,82.0,85.1177,-3.66,10215.14,-1310.14,-21.0,-1331.14,-12.83,-0.21,0,3,0,2,-132.94,-2.0,,,,,,,0.0,-41.94,-41.94
2026-04-24,1104,環泥,TWSE,20,28.6,29.2789,-2.32,13652.89,-2191.72,3.0,-2188.72,-16.05,0.02,0,5,0,0,-354.83,0.0,,,,,,,0.0,-41.95,-41.95
2026-04-24,3703,欣陸,TWSE,20,20.95,21.9111,-4.39,22528.85,-5279.92,1.0,-5278.92,-23.44,0.0,0,8,0,0,-515.0,0.0,,,,,,,0.0,-41.99,-41.99
2026-04-24,1565,精華,TPEX,20,104.5,105.2032,-0.67,3376.0,-694.0,0.0,-694.0,-20.56,0.0,0,14,0,0,-22.0,0.0,,,,,,,0.0,-42.0,-42.0
2026-04-24,2836,高雄銀,TWSE,20,11.85,12.1094,-2.14,34182.51,-8465.04,0.0,-8465.04,-24.76,0.0,0,6,0,0,-1293.76,0.0,,,,,,,0.0,-42.0,-42.0
2026-04-24,3543,州巧,TWSE,20,40.95,45.0395,-9.08,27765.57,-7402.49,0.0,-7402.49,-26.66,0.0,0,9,0,0,-335.0,0.0,,,,,,,0.0,-42.0,-42.0
2026-04-24,4104,佳醫,TWSE,20,73.3,77.2795,-5.15,6775.33,-1026.51,0.0,-1026.51,-15.15,0.0,0,6,0,0,-125.0,0.0,,,,,,,0.0,-42.0,-42.0
2026-04-24,4745,合富-KY,TPEX,20,18.0,19.4628,-7.52,8272.0,-2146.0,0.0,-2146.0,-25.94,0.0,0,15,0,0,-22.0,0.0,,,,,,,0.0,-42.0,-42.0
2026-04-24,5203,訊連,TWSE,20,62.5,63.6686,-1.84,5440.76,-1178.37,0.0,-1178.37,-21.66,0.0,0,6,0,0,-92.0,0.0,,,,,,,0.0,-42.0,-42.0
2026-04-24,6712,長聖,TPEX,20,132.5,138.7908,-4.53,4273.0,-931.14,0.0,-931.14,-21.79,0.0,0,7,0,0,-62.99,0.0,,,,,,,0.0,-42.0,-42.0
2026-04-24,8446,華研,TPEX,20,84.7,94.1396,-10.03,5036.0,-1356.0,0.0,-1356.0,-26.93,0.0,0,13,0,0,-75.95,0.0,,,,,,,0.0,-42.0,-42.0
2026-04-24,9925,新保,TWSE,20,40.5,40.6769,-0.43,4254.29,-889.29,0.0,-889.29,-20.9,0.0,0,8,0,0,-76.96,0.0,,,,,,,0.0,-42.0,-42.0
2026-04-24,6605,帝寶,TWSE,20,127.0,131.7428,-3.6,6502.99,-1723.88,-2.0,-1725.88,-26.51,-0.03,0,10,0,0,-111.96,0.0,,,,,,,0.0,-42.08,-42.08
2026-04-24,4105,東洋,TPEX,20,72.1,73.8809,-2.41,19783.0,-5699.62,-10.0,-5709.62,-28.81,-0.05,0,6,0,0,-127.05,0.0,,,,,,,0.0,-42.13,-42.13
2026-04-24,2211,長榮鋼,TWSE,20,99.0,99.826,-0.83,12001.63,-956.33,-143.94,-1100.27,-7.97,-1.2,0,2,0,14,-221.0,-4.98,,,,,,,0.0,-42.77,-42.77
2026-04-24,2609,陽明,TWSE,20,50.1,51.3473,-2.43,322837.46,-63453.35,-2012.76,-65466.11,-19.65,-0.62,1,0,0,14,319.97,-106.38,,,,,,,0.0,-44.06,-44.06
2026-04-24,2009,第一銅,TWSE,20,38.0,40.3185,-5.75,33879.12,-3392.5,-604.0,-3996.5,-10.01,-1.78,1,0,0,8,58.1,-85.0,,,,,,,0.0,-44.39,-44.39
2026-04-24,2889,國票金,TWSE,20,14.6,15.3055,-4.61,68172.83,-20618.39,-38.0,-20656.39,-30.24,-0.06,0,6,0,1,-1730.45,-6.0,,,,,,,0.0,-44.64,-44.64
2026-04-24,1101,台泥,TWSE,20,24.45,24.3932,0.23,592436.19,-89096.18,-462.0,-89558.18,-15.04,-0.08,0,5,0,1,-12473.04,-47.0,,,,,,,0.0,-44.69,-44.69
2026-04-24,1442,名軒,TWSE,20,28.8,28.3105,1.73,17549.28,-5818.85,-17.0,-5835.85,-33.16,-0.1,0,7,0,1,-751.0,-6.0,,,,,,,0.0,-44.74,-44.74
2026-04-24,2547,日勝生,TWSE,20,10.45,10.69,-2.24,40869.96,-8913.5,-65.0,-8978.5,-21.81,-0.16,0,9,0,1,-687.0,-10.0,,,,,,,0.0,-44.9,-44.9
2026-04-24,8163,達方,TWSE,20,27.2,27.7782,-2.08,16695.75,-1539.81,-196.89,-1736.7,-9.22,-1.18,0,2,0,12,-214.0,-11.42,,,,,,,0.0,-46.22,-46.22
2026-04-24,6177,達麗,TWSE,20,45.8,46.2,-0.87,18686.33,-803.15,-1570.0,-2373.15,-4.3,-8.4,3,0,0,8,54.99,-220.0,,,,,,,0.0,-46.26,-46.26
2026-04-24,9938,百和,TWSE,20,43.25,45.52,-4.99,32383.74,-12582.97,-579.0,-13161.97,-38.86,-1.79,0,20,0,0,-822.35,0.0,,,,,,,0.0,-46.47,-46.47
2026-04-24,2731,雄獅,TWSE,20,157.5,161.8054,-2.66,18054.32,-6130.65,-460.0,-6590.65,-33.96,-2.55,0,13,0,0,-319.97,0.0,,,,,,,0.0,-48.37,-48.37
2026-04-24,2727,王品,TWSE,20,223.5,227.2817,-1.66,5717.7,-937.88,-126.01,-1063.88,-16.4,-2.2,0,7,0,1,-35.22,-7.48,,,,,,,0.0,-50.01,-50.01
2026-04-24,2881,富邦金,TWSE,20,87.8,87.6751,0.14,378375.64,-25321.2,-19488.47,-44809.67,-6.69,-5.15,0,1,0,10,-6698.6,-1492.28,,,,,,,0.0,-50.23,-50.23
2026-04-24,3078,僑威,TPEX,20,56.3,56.5123,-0.38,23621.0,-4625.28,-163.65,-4788.93,-19.58,-0.69,0,2,0,14,-254.0,-12.0,,,,,,,0.0,-50.23,-50.23
2026-04-24,8436,大江,TPEX,20,119.5,124.0902,-3.7,13302.0,-1433.83,-231.43,-1665.26,-10.78,-1.74,0,2,0,15,-192.0,-19.78,,,,,,,0.0,-50.86,-50.86
2026-04-24,1522,堤維西,TWSE,20,31.3,32.1688,-2.7,15014.25,-2006.44,-226.29,-2232.73,-13.36,-1.51,0,3,0,15,-274.0,-13.73,,,,,,,0.0,-54.16,-54.16
2026-04-24,1402,遠東新,TWSE,20,26.15,26.3418,-0.73,312651.66,-68023.0,-1321.17,-69344.18,-21.76,-0.42,0,11,0,8,-685.79,-232.62,,,,,,,0.0,-55.56,-55.56
2026-04-24,6239,力成,TWSE,20,210.0,210.3561,-0.17,239202.45,-38248.43,-12538.91,-50787.34,-15.99,-5.24,1,0,0,12,1000.83,-1304.0,,,,,,,0.0,-55.6,-55.6
2026-04-24,3005,神基,TWSE,20,96.6,100.4885,-3.87,117703.31,-7651.66,-6747.81,-14399.46,-6.5,-5.73,0,3,0,14,-343.86,-950.0,,,,,,,0.0,-55.62,-55.62
2026-04-24,2915,潤泰全,TWSE,20,44.25,46.0435,-3.9,44307.79,-1906.63,-5752.0,-7658.63,-4.3,-12.98,1,0,0,9,581.0,-253.0,,,,,,,0.0,-56.11,-56.11
2026-04-24,2439,美律,TWSE,20,86.7,87.5092,-0.92,36198.54,-1717.77,-4787.72,-6505.48,-4.75,-13.23,1,0,0,15,819.08,-1210.45,,,,,,,0.0,-56.99,-56.99
2026-04-24,1532,勤美,TWSE,20,21.1,21.8226,-3.31,12867.57,-2073.12,-337.34,-2410.47,-16.11,-2.62,0,3,0,15,-223.0,-19.4,,,,,,,0.0,-57.05,-57.05
2026-04-24,2617,台航,TWSE,20,29.4,30.3037,-2.98,13080.09,-1405.85,-802.0,-2207.85,-10.75,-6.13,0,6,0,0,-246.88,0.0,,,,,,,0.0,-57.33,-57.33
2026-04-24,6279,胡連,TPEX,20,106.0,107.0405,-0.97,8885.0,-825.92,-438.3,-1264.22,-9.3,-4.93,0,2,0,14,-69.0,-2.0,,,,,,,0.0,-58.81,-58.81
2026-04-24,4532,瑞智,TWSE,20,23.15,25.3247,-8.59,29039.59,-5562.25,-789.78,-6352.03,-19.15,-2.72,0,4,0,12,-187.81,-16.9,,,,,,,0.0,-59.3,-59.3
2026-04-24,2903,遠百,TWSE,20,22.2,22.7663,-2.49,37318.58,-10454.27,-2631.0,-13085.27,-28.01,-7.05,0,6,0,0,-892.7,0.0,,,,,,,0.0,-59.63,-59.63
2026-04-24,6176,瑞儀,TWSE,20,110.0,101.1276,8.77,154344.09,-17848.24,-7002.85,-24851.09,-11.56,-4.54,0,2,0,15,-5292.14,-92.73,,,,,,,0.0,-59.84,-59.84
2026-04-24,1319,東陽,TWSE,20,75.2,79.3652,-5.25,49601.79,-8066.35,-5267.65,-13334.01,-16.26,-10.62,0,3,1,0,-417.79,19.3,,,,,,,0.0,-60.5,-60.5
2026-04-24,2597,潤弘,TWSE,20,153.0,154.7363,-1.12,11915.38,-1898.42,-308.6,-2207.02,-15.93,-2.59,0,10,0,6,-132.75,-1.0,,,,,,,0.0,-60.97,-60.97
2026-04-24,2204,中華,TWSE,20,53.2,54.7722,-2.87,26397.66,-3365.03,-723.63,-4088.66,-12.75,-2.74,0,6,0,14,-697.0,-16.83,,,,,,,0.0,-61.35,-61.35
2026-04-24,2610,華航,TWSE,20,17.85,18.2492,-2.19,524194.96,-118363.13,-23091.06,-141454.2,-22.58,-4.41,0,3,0,8,-7858.42,-2167.72,,,,,,,0.0,-61.51,-61.51
2026-04-24,1215,卜蜂,TWSE,20,140.0,141.4134,-1.0,23136.43,-7850.63,-652.0,-8502.63,-33.93,-2.82,0,20,0,9,-693.95,-1.0,,,,,,,0.0,-61.55,-61.55
2026-04-24,1102,亞泥,TWSE,20,35.9,35.2805,1.76,210814.58,-11367.14,-21836.85,-33204.0,-5.39,-10.36,0,1,0,9,-489.17,-1415.31,,,,,,,0.0,-62.28,-62.28
2026-04-24,2504,國產,TWSE,20,35.7,36.2815,-1.6,51637.38,-15424.24,-2533.88,-17958.12,-29.87,-4.91,0,3,0,15,-1704.0,-115.12,,,,,,,0.0,-62.77,-62.77
2026-04-24,9907,統一實,TWSE,20,17.75,18.1202,-2.04,60283.56,-14093.11,-2614.57,-16707.68,-23.38,-4.34,0,13,0,8,-1546.65,-113.07,,,,,,,0.0,-65.34,-65.34
2026-04-24,2206,三陽工業,TWSE,20,56.6,57.74,-1.97,22265.98,-1258.89,-2035.56,-3294.45,-5.65,-9.14,0,5,0,12,-401.87,-8.6,,,,,,,0.0,-68.5,-68.5
2026-04-24,4915,致伸,TWSE,20,73.0,73.186,-0.25,46905.83,-4689.06,-7104.28,-11793.34,-10.0,-15.15,0,2,0,14,-780.89,-38.44,,,,,,,0.0,-73.49,-73.49
